file_name,period_id,year,month,period_type,period_order,period_start,period_end,percent_inundation,percent_inundation_ssd,percent_inundation_ceq,percent_inundation_eeq,percent_inundation_jon,percent_inundation_lak,percent_inundation_nbg,percent_inundation_uni,percent_inundation_upn,percent_inundation_war,percent_inundation_wbg,percent_inundation_weq,percent_inundation_aby
2012-02-01.tif,2012-02-mid,2012,2,Mid,0,2012-02-01,2012-02-15,0.008153562200073829,0.017012773123812,0.0007522396225124803,0.005609148059830912,0.04601650583227735,0.017031740971811104,0.007214224151690235,0.03521070871140975,0.02205703922244786,0.025940159209442766,0.00016224635486522735,0.00016259552487086164,0.0012091898428053204
2012-02-16.tif,2012-02-shm,2012,2,Shm,1,2012-02-16,2012-02-29,0.004144702842377261,0.00866504448613407,2.2795140076135767e-05,0.0007180793409928463,0.02327224875718881,0.004462862607586867,0.0073099881891020525,0.02457606941615301,0.010524030294902741,0.014740598407905573,0.00015142993120754553,0.00013758082873688293,0.0
2012-03-01.tif,2012-03-mid,2012,3,Mid,0,2012-03-01,2012-03-15,0.0030660760428202287,0.006428354725065166,0.0001367708404568146,0.00013548666811185779,0.014686291711342886,0.005305341773304795,0.0075015162639256875,0.026057511706039524,0.005006577518934314,0.01402690090584683,0.000497555488253364,2.5014696133978713e-05,0.0
2012-03-16.tif,2012-03-shm,2012,3,Shm,1,2012-03-16,2012-03-31,0.001400516795865633,0.0029363325098600095,0.0,8.129200086711468e-05,0.0072294245702960004,0.0025957466186984834,0.0043413030293357165,0.0110579085209386,0.0021456760795432774,0.005105682130112544,0.000183879202180591,3.752204420096807e-05,0.0
2012-04-01.tif,2012-04-mid,2012,4,Mid,0,2012-04-01,2012-04-15,0.00238390550018457,0.004998111583731139,0.0007294444824363446,0.0002845220030349014,0.01163206290411671,0.007263536590919441,0.0029048424681584577,0.021930636755641386,0.0017625196367676923,0.012434806478177327,9.734781291913641e-05,0.00013758082873688293,0.0
2012-04-16.tif,2012-04-shm,2012,4,Shm,1,2012-04-16,2012-04-30,0.0009117755629383537,0.0019085387372996267,0.002074357746928355,0.0018019726858877086,0.004768171036813204,0.001730497745798989,6.384269160787819e-05,0.005978677812756276,0.0007535410041253178,0.0019489431786988746,7.571496560377276e-05,0.00018761022100484035,0.0
2012-05-01.tif,2012-05-mid,2012,5,Mid,0,2012-05-01,2012-05-15,0.0013554817275747508,0.002841911696416962,0.006382639221318015,0.0064220680685020595,0.00663644929655262,0.0019581948176146456,0.00012768538321575638,0.0016930769027274411,0.0006641378341443478,0.001372495196266813,0.00010816423657681824,0.0002876690055407552,0.0
2012-05-16.tif,2012-05-shm,2012,5,Shm,1,2012-05-16,2012-05-31,0.0021469176818014026,0.004501241401514448,0.0063598440812418795,0.0058530240624322565,0.013662800142963902,0.006512136253927775,6.384269160787819e-05,0.0035184254384804637,0.0007024534784219064,0.0006038978863573978,5.408211828840912e-05,0.0006753967956174252,0.0
2012-06-01.tif,2012-06-mid,2012,6,Mid,0,2012-06-01,2012-06-15,0.0026511627906976743,0.005542966113763149,0.001276527844263603,0.0004064600043355734,0.02306917503330409,0.005009335579944442,0.0,0.0071162138567762755,0.0010089786326423745,0.0009058468295360966,0.00020551204949595465,0.0006503820994834466,0.0
2012-06-16.tif,2012-06-shm,2012,6,Shm,1,2012-06-16,2012-06-30,0.0029531192321889995,0.006191528750363752,0.0019375869064715402,0.0005419466724474311,0.02281736361568704,0.0039619290495924225,0.0013087751779615028,0.013491706568609296,0.0026182356922998325,0.0008234971177600879,0.0004110240989919093,0.0007629482320863507,0.001767277462561622
2012-07-01.tif,2012-07-mid,2012,7,Mid,0,2012-07-01,2012-07-15,0.005880398671096345,0.012328881624161821,0.0028038022293646993,0.0029942553652720573,0.04360398999252689,0.008447561364360855,0.0022025728604717974,0.029443665511494403,0.004751139890417257,0.002607740872906945,0.0007895989270107731,0.001963653646517329,0.004557715561343131
2012-07-16.tif,2012-07-shm,2012,7,Shm,1,2012-07-16,2012-07-31,0.007879660391288299,0.01649887623753181,0.002667031388907885,0.006625298070669846,0.056568216525327356,0.01129377476205656,0.002330258243687554,0.03613661014258882,0.010626205346309564,0.004529234147680483,0.0002920434387574092,0.0020512050829862545,0.0020463212724397732
2012-08-01.tif,2012-08-mid,2012,8,Mid,0,2012-08-01,2012-08-15,0.012122554448135843,0.025332639882113293,0.0021883334473090338,0.00853566009104704,0.08629820970205024,0.021972767430210847,0.00705461742267054,0.05478691039919579,0.012593075085890902,0.0168816909140818,0.0010924587894258642,0.0012382274586319462,0.0012091898428053204
2012-08-16.tif,2012-08-shm,2012,8,Shm,1,2012-08-16,2012-08-31,0.0190203026947213,0.03954993777513606,0.004239896054161253,0.008630500758725342,0.11264905611333138,0.05177831413088028,0.027739649503623072,0.11438850824052274,0.013883035109902039,0.0540488608289871,0.0013628693808679098,0.0029767488399434668,0.012091898428053204
2012-09-01.tif,2012-09-mid,2012,9,Mid,0,2012-09-01,2012-09-15,0.016679955703211517,0.03444192655608597,0.0023934897079942556,0.013657056145675266,0.09844201839035643,0.03278837834145453,0.025983975484406424,0.08682309991799159,0.011443605757564148,0.054652758715344495,0.002347163933716956,0.0012757495028329143,0.035252534647939725
2012-09-16.tif,2012-09-shm,2012,9,Shm,1,2012-09-16,2012-09-30,0.016583241048357327,0.034514677018902734,0.003328090451115822,0.019333947539562107,0.08588393930532541,0.04868163395418735,0.0417211989657484,0.0842570302372953,0.016348008225091637,0.05116662091682679,0.0031043135897546835,0.002213800607857116,0.010882708585247884
2012-10-01.tif,2012-10-mid,2012,10,Mid,0,2012-10-01,2012-10-15,0.015624953857511998,0.03246063735596956,0.001983177186623812,0.005473661391719055,0.05988237969912597,0.04360398925269821,0.03757142401123632,0.09520912145181344,0.03522484897250214,0.08767499313752401,0.0032881927919352744,0.002313859392393031,0.014882336526834712
2012-10-16.tif,2012-10-shm,2012,10,Shm,1,2012-10-16,2012-10-31,0.01072720561092654,0.022422621369442328,0.002074357746928355,0.006936917407327119,0.03232121389349189,0.020879821485495696,0.022791840904012515,0.05081876140842835,0.04055072352708278,0.07364809223167719,0.004359018734045775,0.0017635360774454992,0.008929401916100827
2012-11-01.tif,2012-11-mid,2012,11,Mid,0,2012-11-01,2012-11-15,0.009420450350682908,0.01968596566178155,0.002165538307232898,0.005771732061565142,0.02505117457841895,0.013616284894576256,0.01790787499600983,0.03449644189307161,0.03643817770795816,0.06167993412023058,0.01559728291437719,0.0019511462984503395,0.006324993023904753
2012-11-16.tif,2012-11-shm,2012,11,Shm,1,2012-11-16,2012-11-30,0.011924695459579181,0.024467373739249957,0.005881146139643028,0.0034413613700411878,0.019413848003379145,0.027483036568149734,0.02636703163405369,0.05140075659374091,0.06904479098816046,0.05742519901180346,0.013250118980660235,0.004039873425637562,0.002511394288903358
2012-12-01.tif,2012-12-mid,2012,12,Mid,0,2012-12-01,2012-12-15,0.010782576596530084,0.021956708830977455,0.009505573411748616,0.0031161933665727294,0.021728888455664945,0.036613689147957554,0.00951256104957385,0.03872913414989022,0.06797195294838883,0.045978589074938236,0.004953922035218276,0.0023638887846609883,0.0015812482559761883
2012-12-16.tif,2012-12-shm,2012,12,Shm,1,2012-12-16,2012-12-31,0.011878183831672204,0.02488530192989951,0.008434201828170234,0.003549750704530674,0.045480391201221694,0.03308438453481488,0.0042455389919239,0.04288246342689347,0.04912065596383003,0.053719461981883064,0.0029312508112317743,0.008204820331945018,0.005394846990977584
2013-01-01.tif,2013-01-mid,2013,1,Mid,0,2013-01-01,2013-01-15,0.01103875968992248,0.02311452470729548,0.012263785360961043,0.011435074788640798,0.05385515157422751,0.020469966756227514,0.0029048424681584577,0.04153329277003254,0.030460937200659028,0.029124348064781775,0.003753299009215593,0.008642577514289646,0.0029764673053669427
2013-01-16.tif,2013-01-shm,2013,1,Shm,1,2013-01-16,2013-01-31,0.008942783314876338,0.018669007064534303,0.002074357746928355,0.008400173422935184,0.05114208662312766,0.014413224645931054,0.0018833594024324067,0.03759159810587021,0.028289717358264046,0.02064232775185287,0.0005083719119110458,0.0003126837016747339,0.0010231606362198866
2013-02-01.tif,2013-02-mid,2013,2,Mid,0,2013-02-01,2013-02-15,0.005238833517903285,0.01097138894564457,0.00031913196106590075,0.007153696076306092,0.024303863274523184,0.007035839519103785,0.005809684936316915,0.027433136689505568,0.01845536866035736,0.016799341202305793,0.00023796132046900013,3.752204420096807e-05,0.0
2013-02-16.tif,2013-02-shm,2013,2,Shm,1,2013-02-16,2013-02-28,0.004724990771502399,0.009873940474642594,0.0006382639221318015,0.00018968133535660092,0.016928225623030185,0.01580217678400656,0.007852651067769017,0.03013147800322743,0.01811052786185933,0.02201482294811968,0.00020551204949595465,0.0005628306630145211,0.0
2013-03-01.tif,2013-03-mid,2013,3,Mid,0,2013-03-01,2013-03-15,0.0022030269472129937,0.004580183393081586,9.118056030454307e-05,2.709733362237156e-05,0.004825031679500926,0.0036203834418689377,0.008012257796788713,0.0242321631702865,0.006947903495663947,0.013532802635190777,0.000248777744126682,0.00010005878453591485,0.0
2013-03-16.tif,2013-03-shm,2013,3,Shm,1,2013-03-16,2013-03-31,0.001669250645994832,0.003499761626143111,0.0001367708404568146,0.00018968133535660092,0.003907138447541996,0.0030511407623297964,0.0013726178695693811,0.015978413269490226,0.008097372823990702,0.010074114740598408,0.0001297970838921819,1.2507348066989357e-05,0.00018602920658543392
2013-04-01.tif,2013-04-mid,2013,4,Mid,0,2013-04-01,2013-04-15,0.0020819490586932447,0.004363479886818854,0.00045590280152271533,0.0002574246694125298,0.0069126295610358384,0.005988432988751765,0.003319819963609666,0.017830216131848365,0.006053871795854248,0.01152895964864123,5.408211828840912e-05,0.0006003527072154891,0.00046507301646358477
2013-04-16.tif,2013-04-shm,2013,4,Shm,1,2013-04-16,2013-04-30,0.001385751199704688,0.002905374866108191,0.0004103125213704438,0.0006367873401257316,0.005239302076225753,0.0035065349059611095,0.0011172471031378683,0.010925636887913018,0.002669323218003244,0.010266264068075761,3.2449270973045475e-05,0.000175102872937851,0.0
2013-05-01.tif,2013-05-mid,2013,5,Mid,0,2013-05-01,2013-05-15,0.0010143964562569214,0.002126790125749949,0.001686840365634047,0.001043247344461305,0.005702310166682913,0.001343412723712373,0.00035113480384333,0.006507764344858602,0.0009195754626614047,0.0016469942355201758,0.00017306277852290918,0.0010756319337610846,0.0
2013-05-16.tif,2013-05-shm,2013,5,Shm,1,2013-05-16,2013-05-31,0.0010424510889627168,0.0021716787091900862,0.0012993229843397387,0.00024387600260134402,0.006165318257140072,0.0031649892982376247,9.576403741181728e-05,0.008597656146662786,0.00039592832420143814,0.0015920944276695032,9.734781291913641e-05,0.00046277187847860616,9.301460329271696e-05
2013-06-01.tif,2013-06-mid,2013,6,Mid,0,2013-06-01,2013-06-15,0.0013525286083425618,0.0028341722854790074,0.0017324306457863184,0.0006503360069369175,0.008910875004061474,0.002140352475067171,6.384269160787819e-05,0.003888786010952091,0.00242665747091204,0.001674444139445512,0.0002812270150997274,0.001338286243167861,0.0
2013-06-16.tif,2013-06-shm,2013,6,Shm,1,2013-06-16,2013-06-30,0.0021314138058324103,0.004467187993387447,0.00414871549385671,0.0014226100151745068,0.009609448614224908,0.006830912154469694,0.00070226960768666,0.011798629665881855,0.004048686411995351,0.0049958825144111995,0.0008220481979838186,0.001375808287368829,0.0
2013-07-01.tif,2013-07-mid,2013,7,Mid,0,2013-07-01,2013-07-15,0.003707641196013289,0.0077579855242057814,0.004262691194237388,0.0019510080208107522,0.023759625694512135,0.006944760690377522,0.00012768538321575638,0.015290600777757202,0.004891630586101639,0.007603623387318144,0.001168173755029637,0.0016384625967756057,0.00037205841317086783
2013-07-16.tif,2013-07-shm,2013,7,Shm,1,2013-07-16,2013-07-31,0.004103359173126615,0.00859693766988007,0.0011397570038067884,0.0013142206806850206,0.020591675601910518,0.005032105287126007,0.0018833594024324067,0.027168593423454405,0.007101166072774181,0.018803184188855338,0.0013304201098948644,0.002814153315072605,0.00018602920658543392
2013-08-01.tif,2013-08-mid,2013,8,Mid,0,2013-08-01,2013-08-15,0.010703580657069028,0.02232200902724892,0.003008958490049921,0.0015716453500975503,0.06256295285440426,0.013092581629400246,0.011395920452006257,0.057987883918414855,0.011085993077640266,0.05629975295086467,0.0040237096006576385,0.0009755731492251697,0.0024183796856106408
2013-08-16.tif,2013-08-shm,2013,8,Shm,1,2013-08-16,2013-08-31,0.015382059800664451,0.03200401211063023,0.005812760719414621,0.00391556470843269,0.062335510283653375,0.038822350744569425,0.03278322214064545,0.12121372450464274,0.013359387971442073,0.096898160856437,0.005051269848137412,0.003189373757082286,0.0033485257185378106
2013-09-01.tif,2013-09-mid,2013,9,Mid,0,2013-09-01,2013-09-15,0.019150978220745664,0.03982236504015206,0.003442066151496501,0.0016393886841534794,0.06737173863599441,0.03854911425839064,0.05982060203658186,0.1125367053781646,0.019030103324520736,0.19338457315399396,0.00711720676675464,0.003239403149350243,0.01497535113012743
2013-09-16.tif,2013-09-shm,2013,9,Shm,1,2013-09-16,2013-09-30,0.019654485049833886,0.04098637244522045,0.0015044792450249606,0.001043247344461305,0.054334405562595445,0.060112026959333306,0.07309988189102053,0.11235152509192879,0.015824361086631673,0.22443041449354928,0.008923549517587505,0.002639050442134754,0.027625337177936936
2013-10-01.tif,2013-10-mid,2013,10,Mid,0,2013-10-01,2013-10-15,0.021087486157253598,0.04416881822290742,0.0038979689530192164,0.0031703880338174724,0.06292848555739676,0.06407395600892572,0.07096115172215661,0.12393852014496971,0.01482815433541515,0.2315673895141367,0.009215592956344915,0.004702762873187998,0.01255697144451679
2013-10-16.tif,2013-10-shm,2013,10,Shm,1,2013-10-16,2013-10-31,0.01581469176818014,0.03313551398975921,0.002347899427841984,0.0012464773466290917,0.044156350521493325,0.04278427979416185,0.04797778274332046,0.0829343139070395,0.014789838691137591,0.206203678287126,0.00616536148487864,0.0026265430940677647,0.005115803181099433
2013-11-01.tif,2013-11-mid,2013,11,Mid,0,2013-11-01,2013-11-15,0.008609819121447029,0.018008061370432975,0.0015272743851010965,0.0024929546932581834,0.014052701692822562,0.013047042215037115,0.024228301465189773,0.04275019179386789,0.011418061994712441,0.1348888278891024,0.009269675074633324,0.0015759258564406588,0.007069109850246488
2013-11-16.tif,2013-11-shm,2013,11,Shm,1,2013-11-16,2013-11-30,0.010184569952011812,0.021306598312189264,0.00608630240032825,0.00391556470843269,0.021607044221334113,0.01673573477845075,0.02046158266032496,0.04827914605433719,0.027612807642693846,0.12346966785616251,0.006176177908536321,0.001863594861981414,0.01655659938610362
2013-12-01.tif,2013-12-mid,2013,12,Mid,0,2013-12-01,2013-12-15,0.009415282392026578,0.01943985239395459,0.011990243680047414,0.005365272057229568,0.027772362478474186,0.011840247734414135,0.008363392600632043,0.042247559588370676,0.03272156021303498,0.0800164699423552,0.004002076753342275,0.0012882568508999037,0.004371686354757697
2013-12-16.tif,2013-12-shm,2013,12,Shm,1,2013-12-16,2013-12-31,0.014696936138796603,0.030734748716805666,0.012719688162483759,0.018832646867548233,0.07762290021769504,0.021312445921945443,0.005554314169885402,0.059839686780773,0.027740526456952373,0.06870710952511666,0.0039155453640808205,0.001963653646517329,0.001953306669147056
2014-01-01.tif,2014-01-mid,2014,1,Mid,0,2014-01-01,2014-01-15,0.019877445551864156,0.04159623802713128,0.021359046251339213,0.03289616301755907,0.11247035123631283,0.044992941390773714,0.005554314169885402,0.06878124917330229,0.02874950508959475,0.04693933571232501,0.002833902998312638,0.012282215801783548,0.003906613338294112
2014-01-16.tif,2014-01-shm,2014,1,Shm,1,2014-01-16,2014-01-31,0.015620524178663714,0.03266031415816879,0.002553055688527206,0.03414264036418816,0.08246417779510673,0.034291179015437864,0.0060012130111405495,0.07473347265945346,0.02790656091548846,0.03392808125171562,0.0013196036862371825,0.005865946243418008,0.0040926425448795465
2014-02-01.tif,2014-02-mid,2014,2,Mid,0,2014-02-01,2014-02-15,0.009436692506459949,0.019675130486468413,0.0021199480270806263,0.008169846087145025,0.04314910485102512,0.01965025729769115,0.0075015162639256875,0.08055342451257903,0.023308683602181437,0.022865769969805105,0.00038939125167654565,0.0005128012707465636,0.006045949214026602
2014-02-16.tif,2014-02-shm,2014,2,Shm,1,2014-02-16,2014-02-28,0.006492432631967516,0.013590405607048436,0.0007066493423602088,0.0020593973553002386,0.030672255255547974,0.012796575436039893,0.0075015162639256875,0.0595222348615116,0.01518576701533903,0.02017567938512215,0.0003244927097304547,0.0002001175690718297,0.0010231606362198866
2014-03-01.tif,2014-03-mid,2014,3,Mid,0,2014-03-01,2014-03-15,0.002617940199335548,0.005482598708447103,0.0002735416809136292,0.00024387600260134402,0.008049842414790266,0.0065804453754724716,0.002426022281099371,0.03650697071506045,0.005415277724561605,0.012956354652758715,0.000183879202180591,0.0002501469613397871,0.00037205841317086783
2014-03-16.tif,2014-03-shm,2014,3,Shm,1,2014-03-16,2014-03-31,0.002747139165743817,0.005758121737838289,0.0002051562606852219,0.0005419466724474311,0.008399129219871982,0.007810009563277016,0.003351741309413605,0.030343112616068358,0.006104959321557659,0.016250343123799065,0.0004867390645956821,0.0009005290608232337,0.0006511022230490187
2014-04-01.tif,2014-04-mid,2014,4,Mid,0,2014-04-01,2014-04-15,0.0014337393872277593,0.00300289144392642,0.0005014930816749869,0.0011245393453284196,0.006506482113266401,0.003984698756773988,0.00019152807482363457,0.014549879632813947,0.00121332873545602,0.006450727422454021,0.00015142993120754553,0.00041274248621064874,0.0
2014-04-16.tif,2014-04-shm,2014,4,Shm,1,2014-04-16,2014-04-30,0.0011531930601698043,0.0024162440948294543,0.0010029861633499737,0.0005148493388250596,0.004792539883679371,0.0030966801766929277,6.384269160787819e-05,0.013491706568609296,0.0006769097155702006,0.002854790008234971,0.0003569419807035002,0.0012882568508999037,0.0
2014-05-01.tif,2014-05-mid,2014,5,Mid,0,2014-05-01,2014-05-15,0.0018058324104835732,0.0037861198308474344,0.0019375869064715402,0.0006503360069369175,0.009650063359001851,0.007491233662735098,0.00015960672901969546,0.015317055104362319,0.0006130503084409364,0.00337633818281636,0.0006165361484878639,0.0005628306630145211,0.0
2014-05-16.tif,2014-05-shm,2014,5,Shm,1,2014-05-16,2014-05-31,0.0036714654854189737,0.007697618118889735,0.0023023091476897127,0.0007587253414264037,0.026196510381128767,0.007650621613006056,0.00035113480384333,0.019258749768524642,0.0020562729095623075,0.006066428767499314,0.0007679660796954095,0.001475867071904744,0.00037205841317086783
2014-06-01.tif,2014-06-mid,2014,6,Mid,0,2014-06-01,2014-06-15,0.005021040974529347,0.01052714675780597,0.014315347967813263,0.010120854107955777,0.03211814016960717,0.0046222505578578255,0.0005107415328630255,0.019787836300626967,0.0031163390679080937,0.004501784243755147,0.0010383766711374552,0.0010631245856940954,0.0008371314296344527
2014-06-16.tif,2014-06-shm,2014,6,Shm,1,2014-06-16,2014-06-30,0.005118493909191584,0.010731467206567974,0.014452118808270078,0.009551810101885974,0.0275449199077233,0.007992167220729542,0.001021483065726051,0.02621623766567022,0.001864694688174515,0.017128740049409827,0.0006273525721455458,0.0011256613260290421,0.00027904380987815085
2014-07-01.tif,2014-07-mid,2014,7,Mid,0,2014-07-01,2014-07-15,0.008824658545588778,0.018425989561082528,0.0184184731815177,0.017342293518317797,0.041508269162036586,0.0111343868117856,0.0026175503559230056,0.05441654982672416,0.004457386617622642,0.0424650013724952,0.001903690563752001,0.001688491989043563,0.0007441168263417357
2014-07-16.tif,2014-07-shm,2014,7,Shm,1,2014-07-16,2014-07-31,0.008098929494278331,0.016779042913485767,0.01486243132964052,0.009768588770864946,0.02773987068265263,0.012045175099048226,0.0030006065055702747,0.06719398957699532,0.00790579460260291,0.057809497666758164,0.0012222558733180461,0.001225720110564957,0.005394846990977584
2014-08-01.tif,2014-08-mid,2014,8,Mid,0,2014-08-01,2014-08-15,0.010836471022517535,0.022554191355387557,0.009619549112129294,0.012491870799913289,0.030469181531663257,0.020811512363951,0.01059788680690778,0.07068596068887066,0.01648849892077602,0.09387867142465002,0.004380651581361139,0.003439520718422073,0.027625337177936936
2014-08-16.tif,2014-08-shm,2014,8,Shm,1,2014-08-16,2014-08-31,0.01330454042081949,0.027567781760994607,0.013312361804463288,0.011638304790808584,0.043465899860285276,0.03338039072817524,0.01838669518306892,0.07560646543742229,0.030665287303472673,0.07104035135877025,0.00611127936659023,0.0033644766300201367,0.037205841317086784
2014-09-01.tif,2014-09-mid,2014,9,Mid,0,2014-09-01,2014-09-15,0.023093392395717977,0.04797351264000595,0.007727552485810025,0.014226100151745068,0.07495045001137213,0.06580445375472471,0.044274906630063525,0.1815031348377027,0.033500644980012005,0.15536645621740325,0.005732704538571367,0.002388903480794967,0.04539112640684587
2014-09-16.tif,2014-09-shm,2014,9,Shm,1,2014-09-16,2014-09-30,0.014157253599114064,0.029389639095789143,0.00253026054845107,0.0020458486884890525,0.026009682555154824,0.04918256751218179,0.05401091710026495,0.11801275098542367,0.023972821436325786,0.12780675267636563,0.0042941201920996845,0.0016634772929095844,0.030787833689889313
2014-10-01.tif,2014-10-mid,2014,10,Mid,0,2014-10-01,2014-10-15,0.022264304171280915,0.04638693339772523,0.004832569696140783,0.00802081075222198,0.07127075413458102,0.052415865931964116,0.05241484981006799,0.19816936059892595,0.036157196316589396,0.1492176777381279,0.006673733396789686,0.002351381436593999,0.01497535113012743
2014-10-16.tif,2014-10-shm,2014,10,Shm,1,2014-10-16,2014-10-31,0.025763012181616834,0.053781166607847146,0.005106111377054412,0.008210492087578583,0.07628261364005588,0.06676078145635048,0.05899064704567945,0.2200470887013571,0.05403783031278338,0.1772714795498216,0.006911694717258686,0.004177454254374445,0.007813226676588224
2014-11-01.tif,2014-11-mid,2014,11,Mid,0,2014-11-01,2014-11-15,0.01718641565153193,0.035943372278049175,0.004194305774008982,0.0029129633644049426,0.04245865418981707,0.03925497518101917,0.05177642289398921,0.14742996217031296,0.04190454295822318,0.12344221795223717,0.008252931250811231,0.0033394619338861582,0.009115431122686262
2014-11-16.tif,2014-11-shm,2014,11,Shm,1,2014-11-16,2014-11-30,0.015526024363233665,0.032428131830030155,0.005425243338120313,0.0008671146759158899,0.028089157487734346,0.032241905369096956,0.04066779455421841,0.14708605592444643,0.040333601542843274,0.12972824595113916,0.011216631333016052,0.0025514990056658285,0.007069109850246488
2014-12-01.tif,2014-12-mid,2014,12,Mid,0,2014-12-01,2014-12-15,0.014795127353266888,0.03090656363962826,0.012628507602179215,0.0047826793843485805,0.027585534652500243,0.018876087253517918,0.021993807258914037,0.1265574984788762,0.05834195435329578,0.10881141916003294,0.00788517284645005,0.002676572486335722,0.011719840014882337
2014-12-16.tif,2014-12-shm,2014,12,Shm,1,2014-12-16,2014-12-31,0.017686969361387965,0.03699438428342342,0.023798126239485743,0.016068718838066334,0.06527601780550411,0.03488319140215857,0.006256583777572063,0.10669029919843391,0.04318173110080846,0.09165522920669777,0.004315753039415048,0.010906407514414719,0.014324248907078412
2015-01-01.tif,2015-01-mid,2015,1,Mid,0,2015-01-01,2015-01-15,0.02030343300110742,0.042503296989059566,0.020766372609359686,0.02536310427053978,0.11806706306657569,0.01826130515961565,0.003958246879688447,0.08520938599507949,0.04682171730717652,0.05640955256656602,0.0006165361484878639,0.003764711768163796,0.014324248907078412
2015-01-16.tif,2015-01-shm,2015,1,Shm,1,2015-01-16,2015-01-31,0.01838316722037652,0.03853143129570122,0.007659167065581618,0.022517884240190765,0.08779283230984176,0.03686415592695478,0.0052670220576499505,0.09732546758022274,0.0561707345109008,0.057370299203952785,0.0007463332323800458,0.002501469613397871,0.00827829969305181
2015-02-01.tif,2015-02-mid,2015,2,Mid,0,2015-02-01,2015-02-15,0.01433517903285345,0.029999504677699972,0.0031229341904306,0.018615868198569262,0.06129577281736361,0.03782048362858054,0.0034794266926293613,0.0941774027142139,0.04974647815369682,0.029975295086467197,0.0014602171937870463,0.00027516165747376586,0.004464700958050414
2015-02-16.tif,2015-02-shm,2015,2,Shm,1,2015-02-16,2015-02-28,0.009728313030638612,0.020348459238070472,0.0010029861633499737,0.005446564058096683,0.033905188939792705,0.030465868208934835,0.006192741085964184,0.0861881960794688,0.03625937136799622,0.02679110623112819,0.00019469562583827283,0.00023763961327279777,0.0013022044460980374
2015-03-01.tif,2015-03-mid,2015,3,Mid,0,2015-03-01,2015-03-15,0.0031148025101513472,0.0065196797741330316,0.00022795140076135767,0.0005148493388250596,0.005361146310556585,0.005874584452843936,0.004979729945414499,0.04484008359567207,0.01222269052454117,0.013670052154817458,6.489854194609095e-05,0.00012507348066989355,0.00037205841317086783
2015-03-16.tif,2015-03-shm,2015,3,Shm,1,2015-03-16,2015-03-31,0.0030623846437799924,0.006415971667564438,0.0004103125213704438,0.00017613266854541514,0.005945998635344576,0.009768204380891661,0.0035432693842372396,0.04642734319197905,0.007305516175587826,0.01534449629426297,0.0001297970838921819,0.0006003527072154891,0.0
2015-04-01.tif,2015-04-mid,2015,4,Mid,0,2015-04-01,2015-04-15,0.0012513842746400886,0.00262366030796664,0.00025074654083749343,0.001842618686321266,0.004378269486954544,0.0022086615966118678,0.0018833594024324067,0.01616359355572604,0.0011750130911784614,0.0037057370299203953,8.653138926145459e-05,0.0006128600552824785,0.0
2015-04-16.tif,2015-04-shm,2015,4,Shm,1,2015-04-16,2015-04-30,0.0028039867109634553,0.005878856548470383,0.00034192710114203654,0.004769130717537394,0.008171686649121096,0.006671524204198734,0.0012449324863536247,0.032009735192190684,0.005977240507299131,0.01232500686247598,6.489854194609095e-05,0.0004002351381436594,0.0
2015-05-01.tif,2015-05-mid,2015,5,Mid,0,2015-05-01,2015-05-15,0.004070136581764488,0.00851489991393775,0.0018464063461669973,0.0036581400390201606,0.02489683854826656,0.007263536590919441,0.00019152807482363457,0.027221502076664638,0.005287558910303076,0.004199835300576448,0.0008869467399299096,0.001538403812239691,0.00213933587573249
2015-05-16.tif,2015-05-shm,2015,5,Shm,1,2015-05-16,2015-05-31,0.004112218530823182,0.008617060138318752,0.002461875128222663,0.0014361586819856926,0.024612535334827955,0.006421057425201512,0.00019152807482363457,0.039734398560884635,0.004597877313307023,0.004282185012352457,0.000183879202180591,0.0006378747514164571,0.0009301460329271695
2015-06-01.tif,2015-06-mid,2015,6,Mid,0,2015-06-01,2015-06-15,0.00432484311554079,0.009067493854907715,0.002461875128222663,0.0009755040104053761,0.029559411248659715,0.00601120269593333,0.0005426628786669646,0.03163937461971905,0.004431842854770936,0.004831183090859182,0.0002595941677843638,0.0005878453591484997,0.0006511022230490187
2015-06-16.tif,2015-06-shm,2015,6,Shm,1,2015-06-16,2015-06-30,0.005102990033222591,0.010694318034065791,0.002256718867537441,0.0008535660091047041,0.032654254800662835,0.007696161027369188,0.0005745842244709037,0.04100420623793021,0.0063093094243713045,0.0059017293439472965,0.0006057197248301821,0.0012132127624979675,0.0006511022230490187
2015-07-01.tif,2015-07-mid,2015,7,Mid,0,2015-07-01,2015-07-15,0.0028438538205980066,0.0059624421866002935,0.002097152887004491,0.0003522653370908303,0.012111316892484647,0.008811876679265905,0.0007661122992945383,0.031401285680273006,0.004074230174847057,0.006450727422454021,0.0006489854194609094,0.0007129188398183933,0.0006511022230490187
2015-07-16.tif,2015-07-shm,2015,7,Shm,1,2015-07-16,2015-07-31,0.004609080841638981,0.009634018735565998,0.0022111285873851693,0.0014226100151745068,0.01761867628423823,0.01589325561273282,0.002298336897883615,0.04666543213142509,0.004904402467527491,0.016716991490529784,0.002520226712239865,0.0018010581216464673,0.0012091898428053204
2015-08-01.tif,2015-08-mid,2015,8,Mid,0,2015-08-01,2015-08-15,0.006092284976005906,0.01270501699574642,0.002051562606852219,0.0016122913505311077,0.020339864184293465,0.020834282071132564,0.006352347814983879,0.05261765561757625,0.012082199828856789,0.034888827889102386,0.002022671223986501,0.0011256613260290421,0.0005580876197563017
2015-08-16.tif,2015-08-shm,2015,8,Shm,1,2015-08-16,2015-08-31,0.007503875968992248,0.01556240751403929,0.002325104287765848,0.0014903533492304356,0.02590408421873477,0.014162757866933832,0.006958853385258723,0.06243221078807439,0.015620010983818025,0.05561350535273127,0.001535932159390819,0.0014633597238377547,0.0010231606362198866
2015-09-01.tif,2015-09-mid,2015,9,Mid,0,2015-09-01,2015-09-15,0.009419712070874862,0.01958380543740055,0.0028721876495931067,0.006760784738781704,0.03876271241511518,0.018010838380618427,0.009480639703769911,0.0767440014814423,0.009987611275016923,0.061789733735931926,0.0016873620905983645,0.0015008817680387228,0.0048367593712212815
2015-09-16.tif,2015-09-shm,2015,9,Shm,1,2015-09-16,2015-09-30,0.009703211517165005,0.02019521890149897,0.0021883334473090338,0.0021677866897897246,0.03126523052929135,0.013251969579671206,0.022791840904012515,0.08341049178593159,0.016373551987943345,0.07425199011803459,0.0028555358456280014,0.0026015283979337863,0.012929029857687657
2015-10-01.tif,2015-10-mid,2015,10,Mid,0,2015-10-01,2015-10-15,0.007215946843853821,0.015077920389323329,0.0019147917663954045,0.002221981357034468,0.023954576469441467,0.006830912154469694,0.020206211893893447,0.06325229491283299,0.009093579575207223,0.06203678287125995,0.002347163933716956,0.0009755731492251697,0.004464700958050414
2015-10-16.tif,2015-10-shm,2015,10,Shm,1,2015-10-16,2015-10-31,0.006260612772240679,0.01307031719201788,0.0008662153228931592,0.003509104704097117,0.02175325730253111,0.005965663281570199,0.013119673125418967,0.04904632152588556,0.01154578080897097,0.05166071918748284,0.0013628693808679098,0.0012882568508999037,0.0008371314296344527
2015-11-01.tif,2015-11-mid,2015,11,Mid,0,2015-11-01,2015-11-15,0.006905131044665928,0.01440459163772127,0.0018008160660147256,0.004877520052026881,0.018252266302758554,0.008834646386447471,0.02154690841765889,0.04933731911854184,0.01088164297482662,0.05468020861926983,0.006435772076320685,0.0025765137017998074,0.018509906055250675
2015-11-16.tif,2015-11-shm,2015,11,Shm,1,2015-11-16,2015-11-30,0.010831303063861203,0.022365349728501464,0.0025074654083749345,0.001666486017775851,0.03232933684244728,0.04629081470012296,0.014268841574360775,0.06462791989629904,0.03081854988058291,0.07018940433708482,0.001990221953013456,0.0023638887846609883,0.01739373081573807
2015-12-01.tif,2015-12-mid,2015,12,Mid,0,2015-12-01,2015-12-15,0.011286083425618309,0.02359282030326108,0.008844514349540677,0.003495556037285931,0.050581603145205836,0.03504257935242953,0.0063842691607878185,0.055580540197349274,0.02827694547683819,0.060170189404337084,0.0016332799723099555,0.0012882568508999037,0.005394846990977584
2015-12-16.tif,2015-12-shm,2015,12,Shm,1,2015-12-16,2015-12-31,0.017464008859357696,0.03640309328776368,0.01723312589755864,0.009036960763060915,0.09076583162751405,0.04802131244592195,0.004628595141571169,0.08502420570884368,0.025032887594671573,0.0833379083173209,0.0024228788993207284,0.003764711768163796,0.01562645335317645
2016-01-16.tif,2016-01-shm,2016,1,Shm,1,2016-01-16,2016-01-31,0.009060908084163898,0.018966200444551766,0.003442066151496501,0.02090559288965966,0.042158105078467685,0.01270549660731363,0.0021068088230599804,0.0717176794264702,0.009234070270891605,0.03799066703266538,0.00023796132046900013,0.0007754555801533401,0.0040926425448795465
2016-02-01.tif,2016-02-mid,2016,2,Mid,0,2016-02-01,2016-02-15,0.009888519748984866,0.020704472141216387,0.0015044792450249606,0.014713852156947756,0.046836923676771614,0.017168359214900498,0.005107415328630255,0.09542075606465437,0.010434627124921773,0.036096623661817186,0.0002920434387574092,0.0005753380110815104,0.0031624965119523766
2016-02-16.tif,2016-02-shm,2016,2,Shm,1,2016-02-16,2016-02-29,0.004233296419342931,0.008866269170520894,0.0004103125213704438,0.0011245393453284196,0.01604282418689281,0.004440092900405301,0.007820729721965078,0.05928414592206555,0.005581312183097692,0.018473785341751304,0.000183879202180591,0.0002501469613397871,0.0010231606362198866
2016-03-01.tif,2016-03-mid,2016,3,Mid,0,2016-03-01,2016-03-15,0.0030941306755260245,0.006482530601630849,0.00029633682098976496,0.0003522653370908303,0.013029210124443578,0.004189626121408079,0.007565358955533565,0.04216819660855533,0.005338646436006488,0.006121328575349986,4.3265694630727294e-05,0.00012507348066989355,0.00037205841317086783
2016-03-16.tif,2016-03-shm,2016,3,Shm,1,2016-03-16,2016-03-31,0.0017615356220007383,0.0036932468995919785,0.0004103125213704438,8.129200086711468e-05,0.009170809370633914,0.002481898082790655,0.0024898649727072494,0.023121081452871617,0.001468766363973077,0.0027724402964589626,4.3265694630727294e-05,6.253674033494677e-05,0.0
2016-04-01.tif,2016-04-mid,2016,4,Mid,0,2016-04-01,2016-04-15,0.0016005906238464379,0.0033542607005095627,0.0006154687820556658,0.00032516800346845873,0.008301653832407318,0.004736099093765654,0.0011491684489418074,0.015608052697018598,0.0006641378341443478,0.003266538567115015,3.2449270973045475e-05,0.001338286243167861,0.0
2016-04-16.tif,2016-04-shm,2016,4,Shm,1,2016-04-16,2016-04-30,0.0016648209671465486,0.0034904743330175653,0.0014816841049488248,0.0007180793409928463,0.010064333755726679,0.0036886925634136347,9.576403741181728e-05,0.013650432528239994,0.0010856099211974915,0.002113642602250892,0.00030285986241509105,0.0006253674033494678,0.0
2016-05-01.tif,2016-05-mid,2016,5,Mid,0,2016-05-01,2016-05-15,0.0018722775932078258,0.003925429227730619,0.0024846702682987986,0.001110990678517234,0.011721415342625987,0.005783505624117674,3.1921345803939094e-05,0.012063172931933017,0.0014943101268247827,0.000521548174581389,6.489854194609095e-05,0.000913036408890223,0.0
2016-05-16.tif,2016-05-shm,2016,5,Shm,1,2016-05-16,2016-05-31,0.004565522332964193,0.00957055556587477,0.002917777929745378,0.0006367873401257316,0.03706501608343893,0.007331845712464138,0.0003192134580393909,0.020211105526308826,0.002081816672414013,0.0023881416415042545,0.00047592264093800025,0.0010631245856940954,9.301460329271696e-05
2016-06-01.tif,2016-06-mid,2016,6,Mid,0,2016-06-01,2016-06-15,0.0041336286452565525,0.00866194872175889,0.0015500695251772323,0.0007451766746152178,0.02353218312376125,0.007650621613006056,9.576403741181728e-05,0.024337980476706964,0.0027587263879842137,0.030194894317869887,0.00010816423657681824,0.0005128012707465636,0.00018602920658543392
2016-06-16.tif,2016-06-shm,2016,6,Shm,1,2016-06-16,2016-06-30,0.004785529715762274,0.01001634563590096,0.004057534933552167,0.001354866681118578,0.026123403840530267,0.007627851905824491,0.0019152807482363456,0.02359725933176371,0.003333461052147592,0.03326928355750755,0.0016549128196253191,0.001263242154765925,0.0
2016-07-01.tif,2016-07-mid,2016,7,Mid,0,2016-07-01,2016-07-15,0.009997785160575859,0.02092736717622948,0.010075451913652009,0.004701387383481466,0.0688338694479644,0.015278473518830547,0.009927538545025058,0.035131345731594404,0.005619627827375251,0.03365358221246226,0.0016549128196253191,0.0020887271271872224,0.004185657148172263
2016-07-16.tif,2016-07-shm,2016,7,Shm,1,2016-07-16,2016-07-31,0.019046142488002953,0.03989821126734402,0.008001094166723654,0.004240732711901149,0.12170614419858986,0.06541736873263809,0.019950841127461934,0.0824581360281474,0.010140873852127157,0.06566017018940434,0.002952883658547138,0.001863594861981414,0.005487861594270301
2016-08-01.tif,2016-08-mid,2016,8,Mid,0,2016-08-01,2016-08-15,0.025709117755629382,0.053836890366600415,0.011055642936925847,0.010026013440277476,0.13654677194008513,0.07329568741745981,0.032208637916174544,0.12854157297425994,0.03337292616575348,0.12563821026626407,0.003980443906026912,0.0026015283979337863,0.016742628592689053
2016-08-16.tif,2016-08-shm,2016,8,Shm,1,2016-08-16,2016-08-31,0.02307419712070875,0.04834345648284018,0.004673003715607833,0.0041458920442228485,0.0975241251583975,0.08427068627897445,0.04516870431257382,0.12314489034681622,0.03968223559012478,0.14759813340653308,0.005419028252498594,0.0020887271271872224,0.00827829969305181
2016-09-01.tif,2016-09-mid,2016,9,Mid,0,2016-09-01,2016-09-15,0.01844001476559616,0.03864597457758295,0.0028949827896692427,0.001652937350964665,0.0646343048380284,0.05849537774944214,0.04223194049861142,0.12086981825877623,0.03127833761191361,0.14855888004391984,0.0042400380738112755,0.0026265430940677647,0.00883638731280811
2016-09-16.tif,2016-09-shm,2016,9,Shm,1,2016-09-16,2016-09-30,0.012671834625322998,0.026552371045934952,0.004718593995760104,0.0020593973553002386,0.031362705916756016,0.03246960244091261,0.03910364860982539,0.0910822465014153,0.024598643626192573,0.12783420258029096,0.0027473716090511834,0.0015509111603066801,0.005766905404148451
2016-10-01.tif,2016-10-mid,2016,10,Mid,0,2016-10-01,2016-10-15,0.013543004798818752,0.028389707202605394,0.004741389135836239,0.0025606980273141125,0.048745816681287975,0.02561592057926135,0.023494110511699175,0.09737837623343298,0.02435597787910137,0.10642327751852869,0.005300047592264094,0.0029767488399434668,0.007720212073295507
2016-10-16.tif,2016-10-shm,2016,10,Shm,1,2016-10-16,2016-10-31,0.008953119232189,0.01876033211360217,0.001960382046547676,0.00044710600476913074,0.027122526562043083,0.012568878364224236,0.021036166884795864,0.06227348482844369,0.016207517529407255,0.09311007411474059,0.00480249210401073,0.0016009405525746377,0.002232350479025207
2016-11-01.tif,2016-11-mid,2016,11,Mid,0,2016-11-01,2016-11-15,0.008899963086009597,0.018356334862640936,0.004331076614465796,0.0017071320182094083,0.02629398576859343,0.008333712828453027,0.019631627669422544,0.056956165180815324,0.026450566432941237,0.06242108152621466,0.006673733396789686,0.002701587182469701,0.013022044460980374
2016-11-16.tif,2016-11-shm,2016,11,Shm,1,2016-11-16,2016-11-30,0.010823920265780732,0.022422621369442328,0.003533246711801044,0.0024387600260134404,0.03735744224583293,0.010155289402978277,0.01197050467647716,0.04859659797359858,0.05982349259869471,0.046911885808399674,0.0028555358456280014,0.0033644766300201367,0.0073481536601246395
2016-12-01.tif,2016-12-mid,2016,12,Mid,0,2016-12-01,2016-12-15,0.013912882982650424,0.028980998198265134,0.01066812555563154,0.0064220680685020595,0.07787471163531208,0.022815246595928776,0.00740575222651387,0.044046453797518585,0.04098496749556177,0.03878671424650014,0.0024336953229784106,0.004702762873187998,0.02288159241000837
2016-12-16.tif,2016-12-shm,2016,12,Shm,1,2016-12-16,2016-12-31,0.011939461055740126,0.02494876509959074,0.0043766668946180675,0.011827986126165185,0.058200929265360496,0.04100824263399973,0.0036071120758451175,0.04468135763604138,0.03408815152560123,0.039747460883886906,0.0006165361484878639,0.0016009405525746377,0.014696307320249279
2017-01-01.tif,2017-01-mid,2017,1,Mid,0,2017-01-01,2017-01-15,0.01195717977113326,0.024766115001455008,0.004103125213704438,0.008969217429004986,0.058290281703869774,0.04351291042397195,0.0031282918887860314,0.053834554641411604,0.03328352299577251,0.03766126818556135,0.000497555488253364,0.0013007641989668931,0.0038135987350013953
2017-01-16.tif,2017-01-shm,2017,1,Shm,1,2017-01-16,2017-01-31,0.008371354743447766,0.017269721566952095,0.0017324306457863184,0.0014226100151745068,0.034888065763394746,0.0290313766564962,0.004692437833179046,0.05452236713314462,0.02692312604569779,0.03077134230030195,0.0004867390645956821,0.0006253674033494678,0.003534554925123244
2017-02-01.tif,2017-02-mid,2017,2,Mid,0,2017-02-01,2017-02-15,0.0052757475083056475,0.010996155060646023,0.0009118056030454307,0.0010026013440277476,0.018723397342171103,0.015824946491188124,0.008554920675455676,0.04245919420121161,0.015160223252487323,0.027422454021410924,0.00027041059144204563,0.0001500881768038723,0.0
2017-02-16.tif,2017-02-shm,2017,2,Shm,1,2017-02-16,2017-02-28,0.004964193429309708,0.010400220418423513,0.00025074654083749343,0.0005690440060698028,0.01768365987588134,0.016872353021540144,0.005490471478277525,0.05796142959180974,0.0083144948082302,0.02283832006587977,0.0002271448968113183,0.00021262491713881906,0.00037205841317086783
2017-03-01.tif,2017-03-mid,2017,3,Mid,0,2017-03-01,2017-03-15,0.004215577703949797,0.008830667880206302,0.00029633682098976496,0.00024387600260134402,0.015758520973454204,0.01616649209891161,0.005203179366042072,0.04883468691304463,0.006283765661519599,0.0171836398572605,0.000248777744126682,0.00027516165747376586,0.00018602920658543392
2017-03-16.tif,2017-03-shm,2017,3,Shm,1,2017-03-16,2017-03-31,0.0018095238095238095,0.003793859241785389,4.5590280152271535e-05,0.0003522653370908303,0.005816031452058355,0.0025274374971537865,0.0015641459443930157,0.02658659823814185,0.0033717766964251506,0.008783969256107603,2.1632847315363647e-05,2.5014696133978713e-05,0.0
2017-04-01.tif,2017-04-mid,2017,4,Mid,0,2017-04-01,2017-04-15,0.0019505352528608343,0.004089504739615259,4.5590280152271535e-05,0.0002574246694125298,0.006823277122526562,0.0035065349059611095,0.000670348261882721,0.030845744821565567,0.002745954506558361,0.007027175404886083,5.408211828840912e-05,0.0001500881768038723,0.0
2017-04-16.tif,2017-04-shm,2017,4,Shm,1,2017-04-16,2017-04-30,0.0010276854928017718,0.002151556240751404,0.00034192710114203654,0.0003522653370908303,0.0035984663872372226,0.0010018671159888885,0.0005426628786669646,0.017539218539192086,0.00039592832420143814,0.004529234147680483,4.3265694630727294e-05,0.00016259552487086164,0.0
2017-05-01.tif,2017-05-mid,2017,5,Mid,0,2017-05-01,2017-05-15,0.0014042081949058693,0.0029425240386103733,0.0005242882217511227,0.0008264686754823325,0.007603080222243884,0.0020265039391593426,9.576403741181728e-05,0.014549879632813947,0.0010983818026233444,0.0034312379906670325,0.00011898066023450006,0.0006879041436844146,0.0
2017-05-16.tif,2017-05-shm,2017,5,Shm,1,2017-05-16,2017-05-31,0.0026157253599114064,0.0054671198865711935,0.002667031388907885,0.002831671363537828,0.014369496702082724,0.004440092900405301,0.00070226960768666,0.01790957911166371,0.002937532727946154,0.004309634916277793,0.0007030675377493185,0.0015509111603066801,0.0005580876197563017
2017-06-01.tif,2017-06-mid,2017,6,Mid,0,2017-06-01,2017-06-15,0.002304171280915467,0.004827844543096136,0.0023023091476897127,0.0006096900065033601,0.013565324755499236,0.0033699166628717156,0.0030006065055702747,0.019100023808893946,0.0017497477553418395,0.0034312379906670325,0.0004110240989919093,0.0010756319337610846,0.0
2017-06-16.tif,2017-06-shm,2017,6,Shm,1,2017-06-16,2017-06-30,0.002800295311923219,0.0058711171375324285,0.009756319952586108,0.005893670062865814,0.013362251031614517,0.001730497745798989,0.001691831327608772,0.014761514245654877,0.0022861667752276586,0.006807576173483393,0.0010059274001644096,0.0013257788951008718,0.0008371314296344527
2017-07-01.tif,2017-07-mid,2017,7,Mid,0,2017-07-01,2017-07-15,0.00464968623108158,0.009705221316195181,0.020971528870044907,0.01460546282245827,0.013703414887740845,0.0037797713921398973,0.00280907843074664,0.03550170630406603,0.005198155740322107,0.015234696678561624,0.0008436810452991823,0.0008755143646892549,0.00046507301646358477
2017-07-16.tif,2017-07-shm,2017,7,Shm,1,2017-07-16,2017-07-31,0.0037593207825765964,0.007875624570462692,0.009573958831977022,0.007600802081075222,0.017123176397959516,0.0028689831048772712,0.0015322245985890765,0.023861802597814872,0.005415277724561605,0.012050507823222619,0.0006381689958032276,0.000525308618813553,0.0006511022230490187
2017-08-01.tif,2017-08-mid,2017,8,Mid,0,2017-08-01,2017-08-15,0.010111480251015135,0.021145618564679804,0.018350087761289293,0.015553869499241275,0.06866328751990122,0.0062616694749305524,0.0024898649727072494,0.03706251157376789,0.007509866278401472,0.02253637112270107,0.0008544974689568641,0.0011881980663639889,0.00213933587573249
2017-08-16.tif,2017-08-shm,2017,8,Shm,1,2017-08-16,2017-08-31,0.009686969361387967,0.02017974007962306,0.022544393535298274,0.014009321482766096,0.048672710140689475,0.008811876679265905,0.009959459890828998,0.0497605883442237,0.014406682248362007,0.033104584133955534,0.0008328646216415004,0.0010631245856940954,0.004371686354757697
2017-09-01.tif,2017-09-mid,2017,9,Mid,0,2017-09-01,2017-09-15,0.014968623108157992,0.03103813362557349,0.02115388999065399,0.013345436809017992,0.08048217824999188,0.022655858645657816,0.016950234621891658,0.07243194624480834,0.018353193608950536,0.06670326653856712,0.0014602171937870463,0.00045026453041161683,0.007255139056831923
2017-09-16.tif,2017-09-shm,2017,9,Shm,1,2017-09-16,2017-09-30,0.020922111480251016,0.04374934215007027,0.028995418176844697,0.059072187296769996,0.09335705234428307,0.040530078783186846,0.02646279567146551,0.09020925372344647,0.02070321979130746,0.08539665111172111,0.004359018734045775,0.0023638887846609883,0.007255139056831923
2017-10-01.tif,2017-10-mid,2017,10,Mid,0,2017-10-01,2017-10-15,0.01575562938353636,0.03297917788881253,0.021518612231872163,0.02911608497723824,0.06971114793514638,0.03376747575026185,0.01838669518306892,0.06883415782651253,0.02093311365697281,0.08320065879769421,0.00420758880283823,0.0013507935912348504,0.004929773974513998
2017-10-16.tif,2017-10-shm,2017,10,Shm,1,2017-10-16,2017-10-31,0.013995570321151717,0.029319984397347548,0.018190521780756343,0.029481898981140255,0.060580953309289406,0.029304613142674987,0.01793979634181377,0.05640062432210788,0.020613816621326487,0.06277793027724403,0.006370873534374594,0.0026890798344027115,0.005766905404148451
2017-11-01.tif,2017-11-mid,2017,11,Mid,0,2017-11-01,2017-11-15,0.01246142488002953,0.025663886670257752,0.005858350999566892,0.005419466724474312,0.04603275173018813,0.022177694794844938,0.022536470137581,0.06351683817888415,0.024011137080603345,0.07082075212736755,0.01512136027343919,0.003326954585819169,0.02130034415403218
2017-11-16.tif,2017-11-shm,2017,11,Shm,1,2017-11-16,2017-11-30,0.0069147286821705425,0.014429357752722725,0.002940573069821514,0.0018019726858877086,0.021144036130876953,0.018420693109886605,0.014173077536948958,0.038861405782915796,0.019873047498627023,0.05009607466373868,0.0012114394496603642,0.0016259552487086163,0.02148637336061762
2017-12-01.tif,2017-12-mid,2017,12,Mid,0,2017-12-01,2017-12-15,0.008610557401255076,0.017974007962305975,0.006838542022840731,0.006110448731844786,0.02319914221659031,0.025502072043353523,0.012417403517732307,0.04949604507817253,0.023985593317751637,0.057233049684326104,0.00219573400250941,0.00291421209960852,0.034136359408427124
2017-12-16.tif,2017-12-shm,2017,12,Shm,1,2017-12-16,2017-12-31,0.012092284976005906,0.02531561317804979,0.007226059404135039,0.011326685454151312,0.055967118302628585,0.03160435356801312,0.0049158872538066205,0.04896695854607021,0.02983511501079224,0.058083996706011526,0.0006381689958032276,0.004952909834527785,0.015440424146591015
2018-01-01.tif,2018-01-mid,2018,1,Mid,0,2018-01-01,2018-01-15,0.01286969361387966,0.026923862770956777,0.010371788734641774,0.006503360069369174,0.07111641810442863,0.03923220547383761,0.0032559772720017876,0.04939022777175207,0.0280853672554504,0.04910787812242657,0.0008653138926145459,0.0019386389503833503,0.0011161752395126034
2018-01-16.tif,2018-01-shm,2018,1,Shm,1,2018-01-16,2018-01-31,0.012166851236618679,0.025470401396808885,0.009163646310606578,0.012017667461521787,0.06549533742729961,0.02493282936381438,0.0029686851597663356,0.06938969868521996,0.01957929422583241,0.05053527312654406,0.0006381689958032276,0.00048778657461258487,0.00046507301646358477
2018-02-01.tif,2018-02-mid,2018,2,Mid,0,2018-02-01,2018-02-15,0.011740125507567367,0.02455250725956746,0.005174496797282819,0.011841534792976371,0.05637326575039803,0.028849218999043674,0.008363392600632043,0.0668236290045237,0.030231043334993678,0.041119956080153716,0.00046510621728031843,0.0008254849724212975,0.00046507301646358477
2018-02-16.tif,2018-02-shm,2018,2,Shm,1,2018-02-16,2018-02-28,0.004069398301956442,0.008517995678312932,0.0007522396225124803,0.0010838933448948623,0.010965981089774831,0.012887654264766155,0.004628595141571169,0.047326790296553,0.00844221362248873,0.02643425748009882,0.0001297970838921819,0.0005378159668805423,0.0
2018-03-01.tif,2018-03-mid,2018,3,Mid,0,2018-03-01,2018-03-15,0.00452639350313769,0.009387905467739039,0.0005242882217511227,0.00013548666811185779,0.014418234395815056,0.007992167220729542,0.005905448973728733,0.04486653792227719,0.014087385212715684,0.02871259950590173,0.000183879202180591,0.00013758082873688293,0.0
2018-03-16.tif,2018-03-shm,2018,3,Shm,1,2018-03-16,2018-03-31,0.004434108527131783,0.009287293125545628,0.0010485764435022454,0.000799371341859961,0.01591285700360659,0.008060476342274239,0.008618763367063555,0.04235337689479114,0.014444997892639564,0.018556135053527312,0.00010816423657681824,0.0007754555801533401,9.301460329271696e-05
2018-04-01.tif,2018-04-mid,2018,4,Mid,0,2018-04-01,2018-04-15,0.0015437430786267995,0.0032319780076898786,0.0007522396225124803,0.0007451766746152178,0.006100334665496962,0.003142219591056059,0.001659909981804833,0.016110684902515805,0.0036910737320714716,0.004309634916277793,0.0003136762860727729,0.00048778657461258487,0.0
2018-04-16.tif,2018-04-shm,2018,4,Shm,1,2018-04-16,2018-04-30,0.001961609449981543,0.0041127229724291225,0.001686840365634047,0.001341318014307392,0.00965818630795724,0.005897354160025502,9.576403741181728e-05,0.014576333959419064,0.0037677050206265886,0.003788086741696404,0.000248777744126682,0.0011506760221630208,9.301460329271696e-05
2018-05-01.tif,2018-05-mid,2018,5,Mid,0,2018-05-01,2018-05-15,0.0022731635289774824,0.0047643813734049075,0.001960382046547676,0.001354866681118578,0.012135685739350813,0.008083246049455805,0.0,0.015475781063993017,0.0030397077793529767,0.004748833379083173,0.00011898066023450006,0.001225720110564957,0.0
2018-05-16.tif,2018-05-shm,2018,5,Shm,1,2018-05-16,2018-05-31,0.006022148394241418,0.0126229792398041,0.00727164968428731,0.008427270756557555,0.04697501380901323,0.00899403433671843,9.576403741181728e-05,0.01304198301632232,0.004035914530569498,0.0022508921218775736,0.0006381689958032276,0.001538403812239691,0.0032555111152450934
2018-06-01.tif,2018-06-mid,2018,6,Mid,0,2018-06-01,2018-06-15,0.005969730527870063,0.012513079604485144,0.011671111718981513,0.013426728809885108,0.03794229457062092,0.008151555171000502,0.0005745842244709037,0.021666093489590223,0.005491909013116722,0.004144935492725776,0.0010167438238220916,0.0012882568508999037,0.0014882336526834713
2018-06-16.tif,2018-06-shm,2018,6,Shm,1,2018-06-16,2018-06-30,0.005117017349575489,0.01072527567781761,0.006610590622079373,0.0064898114025579885,0.03149267310004224,0.008083246049455805,0.003351741309413605,0.027538953995926034,0.004776683653268963,0.0046939335712325005,0.0011249080603989096,0.0018886095581153927,0.004464700958050414
2018-07-01.tif,2018-07-mid,2018,7,Mid,0,2018-07-01,2018-07-15,0.007176079734219269,0.015040771216821146,0.006473819781622558,0.005080750054194667,0.04597589108750041,0.010314677353249237,0.0028729211223545185,0.031057379434406496,0.0105623459391803,0.01490529783145759,0.0016440963959676372,0.0027641239228046476,0.002325365082317924
2018-07-16.tif,2018-07-shm,2018,7,Shm,1,2018-07-16,2018-07-31,0.00850498338870432,0.017777426924481924,0.0036928126923339946,0.004647192716236722,0.05337589758585957,0.011066077690240903,0.007661122992945382,0.04357027591862649,0.010000383156442775,0.019654131210540764,0.002347163933716956,0.003927307293034658,0.007906241279880941
2018-08-01.tif,2018-08-mid,2018,8,Mid,0,2018-08-01,2018-08-15,0.012077519379844961,0.025154633430540335,0.0037839932526385375,0.0021948840234120963,0.061230789225720506,0.018511771938612868,0.0204935040061289,0.0884632681675088,0.01491755750539612,0.04243755146856986,0.00687924544628564,0.0028641827073405627,0.01283601525439494
2018-08-16.tif,2018-08-shm,2018,8,Shm,1,2018-08-16,2018-08-31,0.011395348837209301,0.02369652840982967,0.005265677357587362,0.003007804032083243,0.04629268609676057,0.011749168905687873,0.04152967089092476,0.09015634507023623,0.017599652604825218,0.05267636563272029,0.00539739540518323,0.0014508523757707653,0.014882336526834712
2018-09-01.tif,2018-09-mid,2018,9,Mid,0,2018-09-01,2018-09-15,0.02001624215577704,0.04156528038337946,0.006656180902231644,0.0037936267071320183,0.09928680508171686,0.02545653262899039,0.05254253519328375,0.13819740218512738,0.03074191859202779,0.07238539665111172,0.008458443300307187,0.003539579502957988,0.01683564319598177
2018-09-16.tif,2018-09-shm,2018,9,Shm,1,2018-09-16,2018-09-30,0.01694204503506829,0.03509668072143693,0.005698785019033942,0.0041458920442228485,0.06345647723949703,0.02331618015392322,0.061193219906151244,0.10870082802042275,0.03433081727269244,0.08594564919022783,0.009875394799463505,0.004627718784786062,0.034694447028183424
2018-10-01.tif,2018-10-mid,2018,10,Mid,0,2018-10-01,2018-10-15,0.01237873754152824,0.02582331853557962,0.007226059404135039,0.003739432039887275,0.03514800012996718,0.017874220137529033,0.046285951415711686,0.09116160948123066,0.023960049554899932,0.08696129563546527,0.006468221347293731,0.005015446574862732,0.021114314947446748
2018-10-16.tif,2018-10-shm,2018,10,Shm,1,2018-10-16,2018-10-31,0.008882244370616464,0.018568394722340894,0.004559028015227153,0.0021135920225449816,0.02570913344380544,0.014026139623844438,0.02962300890605548,0.06264384540091532,0.019566522344406555,0.06736206423277519,0.003580236230692684,0.003914799944967668,0.00855734350292996
2018-11-01.tif,2018-11-mid,2018,11,Mid,0,2018-11-01,2018-11-15,0.011700996677740863,0.024004556965160267,0.006040712120175979,0.0015716453500975503,0.026082789095753324,0.016143722391730043,0.027707728157819134,0.06436337663024788,0.03743438445917468,0.06530332143837496,0.021784277246571195,0.0032268958012832537,0.0488326667286764
2018-11-16.tif,2018-11-shm,2018,11,Shm,1,2018-11-16,2018-11-30,0.016216315983757845,0.0337515711004204,0.01411019170712804,0.013142206806850206,0.04513110439613997,0.05667380117491689,0.015545695406518338,0.08216713843549113,0.04960598745801244,0.07762832830085095,0.01108683424912387,0.007929658674471252,0.04548414101013859
2018-12-01.tif,2018-12-mid,2018,12,Mid,0,2018-12-01,2018-12-15,0.0082015503875969,0.01716446557819591,9.118056030454307e-05,0.0,0.003801540111121942,0.036044446468418416,0.009097583554122641,0.0551308166450623,0.02093311365697281,0.08564370024704913,0.007387617358196686,0.014020737183095069,0.025206957492326296
2018-12-16.tif,2018-12-shm,2018,12,Shm,1,2018-12-16,2018-12-31,0.02422591362126246,0.05070862046547913,0.015386719551391643,0.022165618903099937,0.1479920070182279,0.06569060521881688,0.004405145720943595,0.07727308801354461,0.037753681494821,0.07905572330496843,0.0020659369186172283,0.00562830663014521,0.016370570179518186
2019-01-01.tif,2019-01-mid,2019,1,Mid,0,2019-01-01,2019-01-15,0.014866740494647472,0.03114803326089245,0.0035560418518771797,0.026040537611099066,0.07558404002989245,0.0364543011976866,0.004277460337727838,0.06248511944128462,0.03288759467157107,0.053362613230853694,0.0016765456669406828,0.001513389116105712,0.011254766998418752
2019-01-16.tif,2019-01-shm,2019,1,Shm,1,2019-01-16,2019-01-31,0.011302325581395349,0.023569602070447213,0.002165538307232898,0.007519510080208108,0.05041102121714267,0.02085705177831413,0.0031921345803939093,0.07782862887225206,0.03636154641940304,0.04150425473510843,0.0018279755981482283,0.0008755143646892549,0.004371686354757697
2019-02-01.tif,2019-02-mid,2019,2,Mid,0,2019-02-01,2019-02-15,0.006217054263565892,0.013008401904514244,0.0017324306457863184,0.001165185345761977,0.020396724826981186,0.01459538230338358,0.007788808376161139,0.06137403772386974,0.02116300752263816,0.026214658248696128,0.00043265694630727295,0.00046277187847860616,0.00027904380987815085
2019-02-16.tif,2019-02-shm,2019,2,Shm,1,2019-02-16,2019-02-28,0.005846437799926172,0.012248391750407093,0.0011853472839590598,0.0005961413396921742,0.02162329011924489,0.012363950999590145,0.008554920675455676,0.057855612285389275,0.018672490644596855,0.019791380730167445,0.0007463332323800458,0.0008379923204882869,0.0005580876197563017
2019-03-01.tif,2019-03-mid,2019,3,Mid,0,2019-03-01,2019-03-15,0.006188261351052049,0.012963513321074106,0.0005926736419795299,0.00043355733795794494,0.027829223121161907,0.013980600209481307,0.006511954544003575,0.06161212666331579,0.01293791588438893,0.02319516881690914,0.00046510621728031843,0.0002626543094067765,0.00037205841317086783
2019-03-16.tif,2019-03-shm,2019,3,Shm,1,2019-03-16,2019-03-31,0.0037142857142857142,0.007787395285770009,0.0012309375641113315,0.0012735746802514632,0.01638398804301914,0.006853681861651259,0.005330864749257829,0.03486680246554324,0.006998991021367358,0.016991490529783146,0.0001297970838921819,0.00011256613260290421,0.00027904380987815085
2019-04-01.tif,2019-04-mid,2019,4,Mid,0,2019-04-01,2019-04-15,0.003093392395717977,0.006484078483818439,0.0004786979415988511,0.0004064600043355734,0.016067193033758975,0.006056742110296462,0.004054010917100265,0.03161292029311394,0.003486723629257826,0.009662366181718365,5.408211828840912e-05,0.00045026453041161683,9.301460329271696e-05
2019-04-16.tif,2019-04-shm,2019,4,Shm,1,2019-04-16,2019-04-30,0.00217718715393134,0.004564704571205677,0.0023706945679181197,0.0014497073487968785,0.010332391071254509,0.0037114622705952003,0.00038305614964726913,0.02338562471892278,0.0015581695339540469,0.005764479824320615,0.00027041059144204563,0.0015634185083736696,0.00018602920658543392
2019-05-01.tif,2019-05-mid,2019,5,Mid,0,2019-05-01,2019-05-15,0.00197046880767811,0.004129749676492623,0.002667031388907885,0.002154238022978539,0.008642817688533646,0.004212395828589645,0.00012768538321575638,0.017274675273140923,0.002017957265284749,0.001894043370848202,0.000367758404361182,0.003577101547158956,0.0
2019-05-16.tif,2019-05-shm,2019,5,Shm,1,2019-05-16,2019-05-31,0.0026725729051310446,0.005598689872516423,0.009004080330073628,0.006327227400823759,0.011721415342625987,0.0040302381711371195,0.0012130111405496856,0.014470516652998597,0.003078023423630535,0.0018665934669228658,0.0015034828884177736,0.0019261316023163608,0.00046507301646358477
2019-06-01.tif,2019-06-mid,2019,6,Mid,0,2019-06-01,2019-06-15,0.008808416389811738,0.01846159085139712,0.01098725751669744,0.009348580099718187,0.05637326575039803,0.006830912154469694,0.028473840457113674,0.02259199492076929,0.011022133670511003,0.014960197639308262,0.0017738934798598191,0.0026515577902017436,0.002697423495488792
2019-06-16.tif,2019-06-shm,2019,6,Shm,1,2019-06-16,2019-06-30,0.01539608711701735,0.03226715208252069,0.016344115434589346,0.014307392152612184,0.11129252363778146,0.020583815292135342,0.024132537427777954,0.05142721092034602,0.011022133670511003,0.018693384573153993,0.0017414442088867737,0.0026515577902017436,0.001860292065854339
2019-07-01.tif,2019-07-mid,2019,7,Mid,0,2019-07-01,2019-07-15,0.016722775932078257,0.035006903554556656,0.015911007773142766,0.013955126815521354,0.11425740000649835,0.02210938567330024,0.032623615411625756,0.048623052300203695,0.020460554044216255,0.02569311007411474,0.0037965647038463203,0.0023013520443260415,0.005952934610733885
2019-07-16.tif,2019-07-shm,2019,7,Shm,1,2019-07-16,2019-07-31,0.010863787375415282,0.02270588380977147,0.009277622010987257,0.013982224149143725,0.06960554959872632,0.020606584999316908,0.02087656015577617,0.026163329012459987,0.015466748406707791,0.014054350809772166,0.00148185004110241,0.002776631270871637,0.011347781601711468
2019-08-01.tif,2019-08-mid,2019,8,Mid,0,2019-08-01,2019-08-15,0.027286821705426356,0.05694348991709543,0.01727871617771091,0.03303164968567093,0.16146797933521786,0.039368823716927,0.045232547004181695,0.0917171503399381,0.042389874452405586,0.07554213560252539,0.005970665859040367,0.003752204420096807,0.041949586085015346
2019-08-16.tif,2019-08-shm,2019,8,Shm,1,2019-08-16,2019-08-31,0.03022886674049465,0.06330064206153141,0.01782579953953817,0.02163722089746369,0.18121486824576793,0.0319458991757366,0.0535640182590098,0.1310811883283511,0.038047434767615615,0.11531704639033763,0.005559641760048458,0.0025765137017998074,0.04976281276160357
2019-09-01.tif,2019-09-mid,2019,9,Mid,0,2019-09-01,2019-09-15,0.029227759320782577,0.06109645782640192,0.01604777861359958,0.03517233904183828,0.14820320369106801,0.03577120998223963,0.05244677115587193,0.11954710192852042,0.05223699503173813,0.13864946472687345,0.005029637000822048,0.004602704088652083,0.04613524323318761
2019-09-16.tif,2019-09-shm,2019,9,Shm,1,2019-09-16,2019-09-30,0.029074935400516796,0.0608936852598275,0.01066812555563154,0.030769022328202906,0.13731032914189167,0.03866296279429846,0.05605388323171705,0.1507632073225576,0.0417895960253905,0.1715344496294263,0.0040777917189460475,0.004877865746125849,0.051809134034043344
2019-10-01.tif,2019-10-mid,2019,10,Mid,0,2019-10-01,2019-10-15,0.024229605020302695,0.05064980094235068,0.009186441450682715,0.03441361370041188,0.10658121324365598,0.014777539960836104,0.04216809780700354,0.13359434935583714,0.04107437066554274,0.15833104584133956,0.0035369705360619565,0.001538403812239691,0.05301832387684866
2019-10-16.tif,2019-10-shm,2019,10,Shm,1,2019-10-16,2019-10-31,0.02633813215208564,0.05498541894979289,0.01600218833344731,0.024577281595491003,0.11294960522468077,0.0156427888337356,0.04015705302135538,0.13131927726779716,0.06739721828422544,0.16519352182267363,0.005959849435382685,0.0031518517128813176,0.04734443307599293
2019-11-01.tif,2019-11-mid,2019,11,Mid,0,2019-11-01,2019-11-15,0.02314359542266519,0.04833726495408981,0.012719688162483759,0.01627194884023412,0.08615199662085324,0.02657224828088711,0.03840137900213873,0.11269543133779529,0.06918528168384484,0.13112819105133133,0.01697096871890278,0.0057033507185471465,0.03562459306111059
2019-11-16.tif,2019-11-shm,2019,11,Shm,1,2019-11-16,2019-11-30,0.020420819490586932,0.0423098117156107,0.007066493423602088,0.008522111424235855,0.06286350196575365,0.02714149096042625,0.04526446834998563,0.1088066453268432,0.07743591708494578,0.10387043645347241,0.020324060052784147,0.002939226795742499,0.025486001302204447
2019-12-01.tif,2019-12-mid,2019,12,Mid,0,2019-12-01,2019-12-15,0.018137320044296787,0.03747887140813938,0.00818345528733274,0.0059207673964881856,0.04712934983916561,0.027050412131699987,0.020365818622913142,0.10243115261501018,0.09746222716068303,0.08215756244853142,0.010805607234024142,0.004827836353857891,0.01804483303878709
2019-12-16.tif,2019-12-shm,2019,12,Shm,1,2019-12-16,2019-12-31,0.012025839793281654,0.025153085548352744,0.005675989878957806,0.0017613266854541512,0.02799980504922507,0.03488319140215857,0.006511954544003575,0.06714108092378508,0.07592883507669515,0.048064781773263794,0.0037100333145848657,0.0020136830387852862,0.013394102874151242
2020-01-01.tif,2020-01-mid,2020,1,Mid,0,2020-01-01,2020-01-15,0.014446659283868585,0.030248713709902113,0.013722674325833732,0.006137546065467158,0.03469311498846541,0.04569880231340225,0.00810802183420053,0.07965397740800507,0.08415392671494439,0.04202580290968982,0.0017738934798598191,0.009593135967380836,0.015068365733420148
2020-01-16.tif,2020-01-shm,2020,1,Shm,1,2020-01-16,2020-01-31,0.0175437430786268,0.0367080260787191,0.011990243680047414,0.012722198135703447,0.05922442083373948,0.04797577303155882,0.00705461742267054,0.0952884844316288,0.09212358072467655,0.04611583859456492,0.0008220481979838186,0.00388978524883369,0.005766905404148451
2020-02-01.tif,2020-02-mid,2020,2,Mid,0,2020-02-01,2020-02-15,0.01860391288298265,0.038978769247915004,0.01098725751669744,0.006069802731411229,0.07654254800662832,0.037729404799854274,0.00884221278769113,0.10235178963519484,0.09598068891528411,0.041970903101839145,0.0012006230260026825,0.0017009993371105525,0.006604036833782904
2020-02-16.tif,2020-02-shm,2020,2,Shm,1,2020-02-16,2020-02-29,0.012792912513842746,0.02681241525345023,0.0028265973694408353,0.004904617385649252,0.050687201481625886,0.014549842889020448,0.008746448750279311,0.08145287161715299,0.07163748291760859,0.026983255558605545,0.0007895989270107731,0.0007879629282203294,0.005022788577806716
2020-03-01.tif,2020-03-mid,2020,3,Mid,0,2020-03-01,2020-03-15,0.011945367294204503,0.025009132504906786,0.003328090451115822,0.0059207673964881856,0.047803554602462876,0.0192859419827861,0.012002426022281099,0.07243194624480834,0.06103682133415073,0.02709305517430689,0.000497555488253364,0.0006753967956174252,0.0020463212724397732
2020-03-16.tif,2020-03-shm,2020,3,Shm,1,2020-03-16,2020-03-31,0.0061439645625692135,0.012875284036381423,0.0010941667236545169,0.0004606546715803165,0.018430971179777107,0.009107882872626259,0.008171864525808408,0.04812042009470649,0.033002541604403746,0.026461707384024157,0.000248777744126682,0.00016259552487086164,0.00018602920658543392
2020-04-01.tif,2020-04-mid,2020,4,Mid,0,2020-04-01,2020-04-15,0.00435437430786268,0.009120121849285807,0.0014360938247965534,0.0011787340125731629,0.01730188127497807,0.00617059064620429,0.0036390334216490567,0.03153355731329859,0.017944493403323245,0.016332692835575074,0.00019469562583827283,0.0009505584530911911,9.301460329271696e-05
2020-04-16.tif,2020-04-shm,2020,4,Shm,1,2020-04-16,2020-04-30,0.003909191583610188,0.008196036183294017,0.004080330073628302,0.0008400173422935183,0.01663579946063619,0.005555808552302017,0.0035751907300411783,0.02301526414645115,0.013997982042734716,0.01542684600603898,0.0005083719119110458,0.001863594861981414,0.0
2020-05-01.tif,2020-05-mid,2020,5,Mid,0,2020-05-01,2020-05-15,0.00317312661498708,0.006651249760078261,0.002917777929745378,0.0007316280078040321,0.01544984891314943,0.0065804453754724716,0.00038305614964726913,0.0188619348694479,0.008518844911043846,0.010074114740598408,0.0006814346904339549,0.0020512050829862545,0.00027904380987815085
2020-05-16.tif,2020-05-shm,2020,5,Shm,1,2020-05-16,2020-05-31,0.004964193429309708,0.010401768300611104,0.01686840365634047,0.0048910687188380665,0.025213633557526725,0.009631586137802267,0.0004788201870590864,0.022009999735456733,0.0121332873545602,0.00293713972001098,0.0008220481979838186,0.0024014108288619566,9.301460329271696e-05
2020-06-01.tif,2020-06-mid,2020,6,Mid,0,2020-06-01,2020-06-15,0.0038914728682170542,0.008158887010791835,0.009414392851444072,0.005541404725774984,0.020153036358319526,0.011703629491324741,0.0003192134580393909,0.016057776249305575,0.007420463108420501,0.004639033763381828,0.0006165361484878639,0.001225720110564957,0.00027904380987815085
2020-06-16.tif,2020-06-shm,2020,6,Shm,1,2020-06-16,2020-06-30,0.008344776670358066,0.0174910687197776,0.00996147621327133,0.013941578148710167,0.03630145888163239,0.02839382485541236,0.0004788201870590864,0.057987883918414855,0.015313485829597557,0.016250343123799065,0.000995110976506728,0.0017260140332445312,0.00018602920658543392
2020-07-01.tif,2020-07-mid,2020,7,Mid,0,2020-07-01,2020-07-15,0.007077150239940938,0.014807041006494914,0.009573958831977022,0.010229243442445263,0.029892452155830654,0.030056013479666653,0.0006384269160787818,0.05121557630750509,0.012235462405967023,0.006395827614603349,0.00160083070133691,0.0021137418233212013,0.0013022044460980374
2020-07-16.tif,2020-07-shm,2020,7,Shm,1,2020-07-16,2020-07-31,0.012281284606866002,0.025515289980249024,0.009733524812509973,0.023059830912638198,0.05574779868083309,0.038799581037387856,0.0021706515146678582,0.08010370096029205,0.01509636384535806,0.0287674993137524,0.0029853329295201833,0.00388978524883369,0.0020463212724397732
2020-08-01.tif,2020-08-mid,2020,8,Mid,0,2020-08-01,2020-08-15,0.022744924326319676,0.04747819033997684,0.018304497481137022,0.02702959028831563,0.10702797543620236,0.0826540370690833,0.009129504899926581,0.16613317108013015,0.029630764907978595,0.03241833653582212,0.005505559641760048,0.006641401823571348,0.01897497907171426
2020-08-16.tif,2020-08-shm,2020,8,Shm,1,2020-08-16,2020-08-31,0.020557401255075675,0.04279739460470185,0.008639358088855456,0.01704422284847171,0.09191116743022387,0.07789516826813607,0.010534044115299901,0.14991666887119387,0.04079338927417398,0.04273950041174856,0.004175139531865184,0.0030392855802784135,0.009580504139149846
2020-09-01.tif,2020-09-mid,2020,9,Mid,0,2020-09-01,2020-09-15,0.03171280915466962,0.06586238708199442,0.01616175431398026,0.03213743767613267,0.11684049777431199,0.1144633180017305,0.04730743448143774,0.19062987751646782,0.054165549127041905,0.13672797145209992,0.018247306710509236,0.007141695746250922,0.025020928285740863
2020-09-16.tif,2020-09-shm,2020,9,Shm,1,2020-09-16,2020-09-30,0.03394019933554817,0.07062831633758691,0.01395062572659509,0.02259917624105788,0.1430694999512623,0.12427706179698529,0.059756759344973986,0.18480992566334223,0.05603024381521642,0.1473785341751304,0.015034828884177736,0.006841519392643178,0.015347409543298298
2020-10-01.tif,2020-10-mid,2020,10,Mid,0,2020-10-01,2020-10-15,0.039395348837209306,0.08215849075295181,0.011351979757915612,0.0119092781270323,0.16804756798908277,0.14490641650348376,0.0766750726210617,0.2081690960556599,0.06831679374688686,0.19327477353829262,0.016397698265045644,0.009955849061323527,0.013022044460980374
2020-10-16.tif,2020-10-shm,2020,10,Shm,1,2020-10-16,2020-10-31,0.031700996677740866,0.06640724161202642,0.010462969294946318,0.01270864946889226,0.12987783084771096,0.10751855731135297,0.06658792734701695,0.1784344329515092,0.05442098675555896,0.17828712599505903,0.010156621814563232,0.00757945292859555,0.009301460329271696
2020-11-01.tif,2020-11-mid,2020,11,Mid,0,2020-11-01,2020-11-15,0.03184717607973422,0.06669050405235556,0.013426337504843967,0.012464773466290918,0.11866003834031907,0.11400792385809919,0.059469467232738535,0.17422819502129575,0.06914696603956728,0.18223991216030744,0.013444814606498507,0.008304879116480932,0.005487861594270301
2020-11-16.tif,2020-11-shm,2020,11,Shm,1,2020-11-16,2020-11-30,0.030846806939830197,0.06451263381441512,0.011557136018600834,0.007641448081508779,0.10463170549436267,0.07773578031786511,0.06486417467360424,0.1695986878654004,0.0901056234593918,0.1782596760911337,0.025332064206290833,0.0046152114367190725,0.01069667937866245
2020-12-01.tif,2020-12-mid,2020,12,Mid,0,2020-12-01,2020-12-15,0.027794758213362865,0.058045582034660176,0.012104219380428093,0.0065304574029915454,0.09497351918640544,0.06343640420784188,0.03913556995562933,0.14835586360149203,0.10991481155088956,0.1583584957452649,0.009010080906848959,0.004202468950508424,0.015440424146591015
2020-12-16.tif,2020-12-shm,2020,12,Shm,1,2020-12-16,2020-12-31,0.025874492432631967,0.05413717951099306,0.017210330757482503,0.009551810101885974,0.10790525392338435,0.0461997358713967,0.014619976378204105,0.13391180127509855,0.0986372402518615,0.11811693659072194,0.0037208497382425474,0.007316798619188773,0.014696307320249279
2021-01-01.tif,2021-01-mid,2021,1,Mid,0,2021-01-01,2021-01-15,0.029128091546696197,0.060992749719833324,0.02945132097836741,0.0328690656839367,0.13402053481495924,0.04276151008698028,0.011332077760398379,0.12534059945504086,0.10829278260980625,0.09363162228932198,0.0026067581015013198,0.005040461270996711,0.013022044460980374
2021-01-16.tif,2021-01-shm,2021,1,Shm,1,2021-01-16,2021-01-31,0.028550018456995202,0.059821002903826984,0.023661355399028926,0.0410660091047041,0.1424196640348312,0.05669657088209846,0.005522392824081463,0.11094944578185763,0.09535486672541732,0.0690365083722207,0.0018712412927789556,0.004815329005790902,0.006883080643661055
2021-02-01.tif,2021-02-mid,2021,2,Mid,0,2021-02-01,2021-02-15,0.03158213362864526,0.06609611729232065,0.021564202512024438,0.05586115326251897,0.16430288852064853,0.059064620428981286,0.004149774954512082,0.13504933731911853,0.10250712032389492,0.048778479275322535,0.0009302124345606369,0.001050617237627106,0.004371686354757697
2021-02-16.tif,2021-02-shm,2021,2,Shm,1,2021-02-16,2021-02-28,0.01647471391657438,0.03439703797264582,0.006063507260252114,0.0089556687621938,0.08508789030769731,0.032879457170180794,0.003096370542982092,0.08965371286473903,0.0629398316666028,0.029536096623661818,0.0003244927097304547,0.0005878453591484997,0.0012091898428053204
2021-03-01.tif,2021-03-mid,2021,3,Mid,0,2021-03-01,2021-03-15,0.018615725359911406,0.03874194327321359,0.009642344252205429,0.009267288098851073,0.08621698021249634,0.04305751628034064,0.009959459890828998,0.11243088807174413,0.06692465867146889,0.04732363436727972,0.000551637606541773,0.0010130951934261378,0.0015812482559761883
2021-03-16.tif,2021-03-shm,2021,3,Shm,1,2021-03-16,2021-03-31,0.007937246216315984,0.016639733516602584,0.002575850828603342,0.0005283980056362454,0.03208564837378562,0.014754770253654539,0.001340696523765442,0.06579191026692416,0.03811129417474488,0.01666209168267911,3.2449270973045475e-05,0.00013758082873688293,0.00027904380987815085
2021-04-01.tif,2021-04-mid,2021,4,Mid,0,2021-04-01,2021-04-15,0.007873015873015874,0.016491136826593856,0.0031229341904306,0.0012058313461955344,0.036187737596256944,0.018625620474520696,0.0038624828422766304,0.05722070844686648,0.02804705161117284,0.021603074389239637,0.00027041059144204563,0.0003376983978087126,0.00018602920658543392
2021-04-16.tif,2021-04-shm,2021,4,Shm,1,2021-04-16,2021-04-30,0.00659579180509413,0.013825683699562259,0.006063507260252114,0.0029671580316496856,0.03359651687948793,0.015005237032651761,0.0017556740192166502,0.046189254252533,0.01738253062058572,0.013807301674444139,0.0004542897936226366,0.0012132127624979675,0.0
2021-05-01.tif,2021-05-mid,2021,5,Mid,0,2021-05-01,2021-05-15,0.0068475452196382425,0.014338032703654859,0.004946545396521462,0.002628441361370041,0.03405952496994509,0.019035475203788878,0.0007661122992945383,0.047459061929578585,0.02089479801269525,0.00947021685424101,0.0003785748280188638,0.0013883156354358185,0.00018602920658543392
2021-05-16.tif,2021-05-shm,2021,5,Shm,1,2021-05-16,2021-05-31,0.008049464747139166,0.016842506083176997,0.00786432332626684,0.0014226100151745068,0.04226370341488774,0.022519240402568422,0.00070226960768666,0.0642311049972223,0.01707600546636525,0.012023057919297283,0.0007463332323800458,0.0010756319337610846,0.0
2021-06-01.tif,2021-06-mid,2021,6,Mid,0,2021-06-01,2021-06-15,0.006571428571428572,0.013765316294246212,0.007454010804896396,0.0003116193366572729,0.03620398349416772,0.02085705177831413,0.0005426628786669646,0.046242162905743234,0.01222269052454117,0.011391710129014548,0.0009085795872452732,0.0008504996685552762,9.301460329271696e-05
2021-06-16.tif,2021-06-shm,2021,6,Shm,1,2021-06-16,2021-06-30,0.005429309708379476,0.011376934078793395,0.005151701657206684,0.0008806633427270756,0.0262452480748611,0.017509904822623983,0.002713314393334823,0.04248564852781672,0.01083055544912321,0.013999451001921494,0.0003136762860727729,0.0009380511050242018,0.0
2021-07-01.tif,2021-07-mid,2021,7,Mid,0,2021-07-01,2021-07-15,0.012232558139534883,0.025499811158373114,0.007203264264058902,0.0008942120095382615,0.06647821425090164,0.02850767339132019,0.014300762920164713,0.08811936192164228,0.017957265284749096,0.03063409278067527,0.002769004456366547,0.0033144472377521794,0.00046507301646358477
2021-07-16.tif,2021-07-shm,2021,7,Shm,1,2021-07-16,2021-07-31,0.015384274640088593,0.03217582703345283,0.0069297225831452735,0.0015851940169087362,0.07270851609968483,0.03547520378887928,0.030580649280173653,0.1281712124017883,0.015939308019464346,0.07087565193521822,0.0029204343875740926,0.0016009405525746377,0.0033485257185378106
2021-08-01.tif,2021-08-mid,2021,8,Mid,0,2021-08-01,2021-08-15,0.028616463639719453,0.059570245989437255,0.007727552485810025,0.0015716453500975503,0.12433797966013582,0.06341363450066032,0.061320905289367,0.20959762969233617,0.05207096057320204,0.15717814987647544,0.004975554882533639,0.001400822983502808,0.006883080643661055
2021-08-16.tif,2021-08-shm,2021,8,Shm,1,2021-08-16,2021-08-31,0.031738648947951274,0.06619982539888924,0.008479792108322505,0.0012193800130067202,0.1312099944763947,0.061660367047679764,0.0936572285887573,0.2452316076294278,0.05716694126211732,0.17038155366456217,0.007506598018431186,0.002288844696259052,0.007720212073295507
2021-09-01.tif,2021-09-mid,2021,9,Mid,0,2021-09-01,2021-09-15,0.027872277593207827,0.058231327897171094,0.009118056030454307,0.008115651419900281,0.12214478344218085,0.05763012887654265,0.07271682574137325,0.20121160815851433,0.04708992681711943,0.14251990118034588,0.00551637606541773,0.0014633597238377547,0.005301832387684866
2021-09-16.tif,2021-09-shm,2021,9,Shm,1,2021-09-16,2021-09-30,0.036165374677002586,0.0755505816941261,0.01114682349723039,0.005785280728376327,0.13545829678006305,0.06293547064984745,0.09359338589714943,0.26139520118515386,0.08128025339412749,0.24493549272577547,0.006835979751654913,0.0011756907182969994,0.010045577155613432
2021-10-01.tif,2021-10-mid,2021,10,Mid,0,2021-10-01,2021-10-15,0.03981985972683647,0.08336429097708516,0.0077731427659622964,0.004931714719271623,0.1484144003639081,0.08581902636732092,0.08960321767165703,0.3133514986376022,0.08907110106389772,0.2595388416140543,0.003147579284385411,0.002238815303991095,0.007534182866710074
2021-10-16.tif,2021-10-shm,2021,10,Shm,1,2021-10-16,2021-10-31,0.0340265780730897,0.07127997473856269,0.008821719209464542,0.0026148926945588555,0.11322578548916398,0.05671934058928002,0.06725827560889967,0.28319356630776965,0.10493377779480695,0.20914081800713696,0.00687924544628564,0.002063712431053244,0.006604036833782904
2021-11-01.tif,2021-11-mid,2021,11,Mid,0,2021-11-01,2021-11-15,0.030388335179032853,0.06356378203342188,0.010212222754108824,0.0021135920225449816,0.09057900380154012,0.04408215310351109,0.04871197369681106,0.27904023703076636,0.10432072748636602,0.1503431237990667,0.01837710379440142,0.002989256188010456,0.016463584782810903
2021-11-16.tif,2021-11-shm,2021,11,Shm,1,2021-11-16,2021-11-30,0.031191583610188263,0.06498628576381794,0.012810868722788301,0.005053652720572296,0.10069207525099912,0.036021676761236854,0.043508794330768985,0.2798867754821301,0.12070705135573521,0.11874828438100467,0.010827240081339506,0.003026778232211424,0.052925309273555945
2021-12-01.tif,2021-12-mid,2021,12,Mid,0,2021-12-01,2021-12-15,0.03294204503506829,0.06885134758623251,0.02553055688527206,0.040104053761109905,0.13554764921857232,0.03294776629172549,0.018482459220480734,0.23689849474881616,0.11355479775725762,0.09017293439472962,0.0034179898758274563,0.001375808287368829,0.05357641149660497
2021-12-16.tif,2021-12-shm,2021,12,Shm,1,2021-12-16,2021-12-31,0.03243706164636397,0.06797679415024363,0.026943855569992476,0.024184370257966617,0.16532638008902753,0.044788014026139626,0.009448718357965971,0.21684611518213803,0.08858576956971531,0.07534998627504803,0.002022671223986501,0.003164359060948307,0.036275695284159616
2022-01-01.tif,2022-01-mid,2022,1,Mid,0,2022-01-01,2022-01-15,0.03609745293466224,0.07566048132944506,0.010257813034261095,0.017382939518751354,0.18408226922702017,0.0713147228926636,0.007565358955533565,0.24970238882569243,0.1118816812904709,0.07359319242382652,0.0012763379916064552,0.003989844033369605,0.018137847642079808
2022-01-16.tif,2022-01-shm,2022,1,Shm,1,2022-01-16,2022-01-31,0.03222369878183832,0.06754957866646853,0.009528368551824751,0.008644049425536527,0.1677876336225103,0.043011976865977505,0.005681999553101159,0.24967593449908732,0.10824169508410283,0.057727147954982155,0.0008112317743261368,0.0012757495028329143,0.005022788577806716
2022-02-01.tif,2022-02-mid,2022,2,Mid,0,2022-02-01,2022-02-15,0.027604282022886673,0.05783197429277263,0.007522396225124803,0.008251138088012139,0.13502778048542743,0.034951500523703265,0.006607718581415393,0.2515541916880506,0.08571209624889843,0.05492725775459786,0.0006598018431185912,0.0008254849724212975,0.0030694819086596594
2022-02-16.tif,2022-02-shm,2022,2,Shm,1,2022-02-16,2022-02-28,0.024525655223329643,0.05131848604738996,0.00727164968428731,0.0035903967049642316,0.11009032719238393,0.03404071223644064,0.013151594471222907,0.25039020131742545,0.07236548015888221,0.05811144660993686,0.0007787825033530913,0.000700411491751404,0.0027904380987815087
2022-03-01.tif,2022-03-mid,2022,3,Mid,0,2022-03-01,2022-03-15,0.019172388335179032,0.04016599488579725,0.0022795140076135767,0.00016258400173422936,0.07715989212723787,0.02231431303793433,0.01158744852682989,0.21618475701701012,0.0685211438497005,0.04422179522371672,0.0005732704538571366,0.0001500881768038723,0.0014882336526834713
2022-03-16.tif,2022-03-shm,2022,3,Shm,1,2022-03-16,2022-03-31,0.016143226282761165,0.03382896520979995,0.0022795140076135767,0.0008264686754823325,0.06692497644344803,0.020561045584953776,0.009352954320554155,0.18777281024311526,0.05428049605987458,0.029618446335437826,0.00038939125167654565,6.253674033494677e-05,0.0
2022-04-01.tif,2022-04-mid,2022,4,Mid,0,2022-04-01,2022-04-15,0.010402362495385752,0.02180966002315632,0.0038751738129430805,0.00032516800346845873,0.04313285895311434,0.009973131745525752,0.0036390334216490567,0.14401735403825294,0.025709797310241773,0.01828163601427395,8.653138926145459e-05,0.000525308618813553,0.0
2022-04-16.tif,2022-04-shm,2022,4,Shm,1,2022-04-16,2022-04-30,0.008954595791805095,0.01877426305329049,0.004331076614465796,0.0013955126815521353,0.039875556422003446,0.008743567557721208,6.384269160787819e-05,0.12795957778894737,0.017867862114768127,0.009552566566017018,0.0002812270150997274,0.0005002939226795742,0.0
2022-05-01.tif,2022-05-mid,2022,5,Mid,0,2022-05-01,2022-05-15,0.00965374677002584,0.020223080780875605,0.006770156602612323,0.001978105354433124,0.04733242356305033,0.011863017441595701,0.000670348261882721,0.11877992645697204,0.018749121933151973,0.00859181992863025,0.0004434733699649548,0.0008004702762873188,0.0
2022-05-16.tif,2022-05-shm,2022,5,Shm,1,2022-05-16,2022-05-31,0.009224067921742341,0.019336144287386,0.006747361462536188,0.002763928029481899,0.044261948857913375,0.01024636823170454,0.00025537076643151275,0.1286473902806804,0.013078406580073311,0.006807576173483393,0.00030285986241509105,0.0004252498342776381,0.0
2022-06-01.tif,2022-06-mid,2022,6,Mid,0,2022-06-01,2022-06-15,0.009741602067183462,0.020419661818699655,0.0070209031434498165,0.0015445480164751788,0.047096858043344056,0.013320278701215903,0.00025537076643151275,0.128779661913706,0.016118114359426287,0.008015371946198188,0.0005949033011725003,0.00045026453041161683,0.00046507301646358477
2022-06-16.tif,2022-06-shm,2022,6,Shm,1,2022-06-16,2022-06-30,0.009971207087486157,0.020822111187473298,0.007294444824363445,0.0009348580099718187,0.048997628098905024,0.014094448745389135,0.0005426628786669646,0.12311843602021111,0.01814884350613689,0.0061762283832006585,0.000670618266776273,0.0015634185083736696,0.0016742628592689053
2022-07-01.tif,2022-07-mid,2022,7,Mid,0,2022-07-01,2022-07-15,0.01275673680324843,0.026601903275937862,0.007317239964439582,0.0015174506828528073,0.06816778763362251,0.017646523065713376,0.0011172471031378683,0.1372715007539483,0.023832330740641405,0.00881141916003294,0.0014494007701293644,0.0019011169061823822,0.0015812482559761883
2022-07-16.tif,2022-07-shm,2022,7,Shm,1,2022-07-16,2022-07-31,0.01530970837947582,0.03190339976843683,0.005949531559871436,0.000677433340559289,0.07610390876303734,0.019468099640238625,0.007661122992945382,0.16319674082696226,0.032581069517350604,0.029179247872632447,0.00160083070133691,0.0003752204420096807,0.0027904380987815087
2022-08-01.tif,2022-08-mid,2022,8,Mid,0,2022-08-01,2022-08-15,0.01762643041712809,0.03670183454996873,0.005470833618272585,0.010391827444179493,0.07039347564739903,0.020948130607040392,0.025217863185111884,0.1918996851935134,0.035275936498205554,0.0515509195717815,0.0045104486652533205,0.001438345027703776,0.007813226676588224
2022-08-16.tif,2022-08-shm,2022,8,Shm,1,2022-08-16,2022-08-31,0.03694868955334071,0.0764220393657398,0.005425243338120313,0.007505961413396922,0.11226727751242811,0.049569652534268406,0.13221821431991573,0.2931933017645036,0.10034867236292579,0.22917924787263244,0.01055682948989746,0.0027891386189386265,0.02809041019440052
2022-09-01.tif,2022-09-mid,2022,9,Mid,0,2022-09-01,2022-09-15,0.0493968253968254,0.10273139290822297,0.012810868722788301,0.008061456752655538,0.15466094811060208,0.08802768796393279,0.14211383151913684,0.3666040580937012,0.1516150044062991,0.2722755970354104,0.014623804785185827,0.005915975635685965,0.08650358106222678
2022-09-16.tif,2022-09-shm,2022,9,Shm,1,2022-09-16,2022-09-30,0.0512203765227021,0.10470029905083865,0.009551163691900887,0.0051755907218729675,0.14467784384442928,0.12243271551527847,0.16538449261020843,0.37284727917250865,0.15037613190799137,0.27027175404886083,0.016224635486522736,0.0034895501106900306,0.1421263138312715
2022-10-01.tif,2022-10-mid,2022,10,Mid,0,2022-10-01,2022-10-15,0.052960502030269474,0.10853440322950139,0.008137865007180469,0.0018155213526988945,0.1407707053968873,0.11938157475294868,0.16356497589938393,0.3850956323906775,0.17248425865614264,0.28638484765303324,0.015056461731493099,0.0029642414918764773,0.22230490186959354
2022-10-16.tif,2022-10-shm,2022,10,Shm,1,2022-10-16,2022-10-31,0.04523145071982281,0.09263920104513006,0.0044678474549226105,0.001774875352265337,0.10672742632485298,0.08880185800810601,0.1264723720752067,0.3538795269966403,0.15674930073949195,0.2695031567389514,0.009940293341409596,0.002939226795742499,0.22853688029020555
2022-11-01.tif,2022-11-mid,2022,11,Mid,0,2022-11-01,2022-11-15,0.038116648209671464,0.07848227055742334,0.005197291937358955,0.001110990678517234,0.09702050232316341,0.05328111480486361,0.08079292622976984,0.33107589746303007,0.14410513812789763,0.19980785067252266,0.008901916670272141,0.0008254849724212975,0.19440052088177845
2022-11-16.tif,2022-11-shm,2022,11,Shm,1,2022-11-16,2022-11-30,0.03823403469915098,0.07931038752778448,0.005425243338120313,0.0018697160199436375,0.09363323260876628,0.050207204335352244,0.05876719762505187,0.35152509192878495,0.1481410526584671,0.1996157013450453,0.017544239172759917,0.0012507348066989356,0.1772858338759185
2022-12-01.tif,2022-12-mid,2022,12,Mid,0,2022-12-01,2022-12-15,0.029356958287190846,0.06121409687265883,0.004513437735074882,0.0013142206806850206,0.08242356305032979,0.03023817113711918,0.024004852044562198,0.30761090976429195,0.12275055238387167,0.1410376063683777,0.0029204343875740926,0.0012882568508999037,0.061296623569900476
2022-12-16.tif,2022-12-shm,2022,12,Shm,1,2022-12-16,2022-12-31,0.03383167220376523,0.07053234764195628,0.013449132644920102,0.004552352048558422,0.11100822042434286,0.03731955007058609,0.013949628116321383,0.31573238803206266,0.14105265846711879,0.13546527587153445,0.003861463245792411,0.0075169161882606035,0.04325179053111339
2023-01-01.tif,2023-01-mid,2023,1,Mid,0,2023-01-01,2023-01-15,0.041458840900701364,0.0868067809622874,0.02224805671430851,0.02747669629308476,0.19203463625434578,0.05289402978277699,0.00529894340345389,0.322187243723711,0.13708060334367855,0.10153719461981883,0.0019577726820404102,0.00485285104999187,0.020928285740861315
2023-01-16.tif,2023-01-shm,2023,1,Shm,1,2023-01-16,2023-01-31,0.04511701734957549,0.094493563905864,0.034876564316487724,0.05919412529807067,0.20115670793124735,0.06901498246732547,0.003734797459060874,0.3236422316869924,0.15298159571886535,0.08594564919022783,0.0014385843464716826,0.0014508523757707653,0.016649613989396336
2023-02-01.tif,2023-02-mid,2023,2,Mid,0,2023-02-01,2023-02-15,0.026273163528977482,0.05508293552761112,0.008388611548017963,0.019469434207673966,0.10645124606036975,0.028894758413406805,0.002138730168863919,0.2694902251263194,0.09912257174604391,0.04408454570409004,0.0002812270150997274,0.00010005878453591485,0.0040926425448795465
2023-02-16.tif,2023-02-shm,2023,2,Shm,1,2023-02-16,2023-02-28,0.023706902916205242,0.04970404492573261,0.004695798855683968,0.011922826793843485,0.08423498066738148,0.027164260667607815,0.00740575222651387,0.26531044152271105,0.10006769097155702,0.04188855339006314,0.0005840868775148184,3.752204420096807e-05,0.0030694819086596594
2023-03-01.tif,2023-03-mid,2023,3,Mid,0,2023-03-01,2023-03-15,0.010959763750461425,0.022978311074787476,0.0013221181244158745,0.0019239106871883807,0.0297868538194106,0.0034382257844164125,0.002777157084942701,0.1827729425147483,0.041546930278299296,0.016936590721932474,0.0002812270150997274,0.0003752204420096807,0.00018602920658543392
2023-03-16.tif,2023-03-shm,2023,3,Shm,1,2023-03-16,2023-03-31,0.03259283868586194,0.06833435493557714,0.022635574095602816,0.035104595707782356,0.12947980634889691,0.040165763468281795,0.0029686851597663356,0.2822941192031957,0.125151666091932,0.06758166346417788,0.0006922511140916367,0.00021262491713881906,0.01283601525439494
2023-04-01.tif,2023-04-mid,2023,4,Mid,0,2023-04-01,2023-04-15,0.0109125138427464,0.022879246614781655,0.0009346007431215665,0.00018968133535660092,0.031703869772882344,0.008971264629536865,0.0011810897947457464,0.18168831512393852,0.03730666564491615,0.01959923140269009,3.2449270973045475e-05,8.75514364689255e-05,9.301460329271696e-05
2023-04-16.tif,2023-04-shm,2023,4,Shm,1,2023-04-16,2023-04-30,0.010275378368401623,0.021543424286890676,0.0012537327041874673,0.0006638846737481032,0.03386457419501576,0.010314677353249237,0.0005745842244709037,0.16623898838655063,0.03163595029183749,0.014054350809772166,4.3265694630727294e-05,0.000350205745875702,0.0
2023-05-01.tif,2023-05-mid,2023,5,Mid,0,2023-05-01,2023-05-15,0.008253229974160206,0.017283652506640414,0.0033052953110396864,0.0024252113592022543,0.025156772914839004,0.009995901452707318,6.384269160787819e-05,0.14483743816301156,0.02176328594965324,0.005105682130112544,2.1632847315363647e-05,0.00043775718234462745,0.00018602920658543392
2023-05-16.tif,2023-05-shm,2023,5,Shm,1,2023-05-16,2023-05-31,0.00828719084533038,0.01737342967352069,0.0021427431671567623,0.001530999349663993,0.02695194463397992,0.009176191994170954,0.0,0.15049866405650644,0.01689719912640331,0.009552566566017018,8.653138926145459e-05,0.0005628306630145211,0.0
2023-06-01.tif,2023-06-mid,2023,6,Mid,0,2023-06-01,2023-06-15,0.008688815060908085,0.01821702546575775,0.0026898265289840204,0.0002845220030349014,0.03133833706988985,0.009904822623981055,0.0005426628786669646,0.13359434935583714,0.02389619014777067,0.009580016469942354,0.0008761303162722277,0.0004002351381436594,0.0052088177843921495
2023-06-16.tif,2023-06-shm,2023,6,Shm,1,2023-06-16,2023-06-30,0.008662975267626431,0.01816284958919207,0.0029861633499737856,0.00023032733579015824,0.030322968450466257,0.010587913839428024,0.0005426628786669646,0.13086955371551018,0.025914147413055418,0.009552566566017018,0.000735516808722364,0.0004252498342776381,0.0052088177843921495
2023-07-01.tif,2023-07-mid,2023,7,Mid,0,2023-07-01,2023-07-15,0.011677371723883351,0.024478208914563093,0.0029861633499737856,0.0004064600043355734,0.037844819183156256,0.0200145726125962,0.003351741309413605,0.17893706515700644,0.028072595374024546,0.025885259401592094,0.0013736858045255917,0.0016134479006416269,0.0009301460329271695
2023-07-16.tif,2023-07-shm,2023,7,Shm,1,2023-07-16,2023-07-31,0.015055740125507568,0.031558222040604045,0.005926736419795299,0.0008129200086711468,0.0550898398154466,0.034222869893893164,0.0038944041880805695,0.20285177640803154,0.035237620853927995,0.03513587702443041,0.0007463332323800458,0.0011756907182969994,0.0012091898428053204
2023-08-01.tif,2023-08-mid,2023,8,Mid,0,2023-08-01,2023-08-15,0.02346327057954965,0.04884497031161964,0.006838542022840731,0.0011245393453284196,0.08504727556292037,0.04360398925269821,0.013279279854438664,0.26599825401444405,0.06274825344521502,0.0869063958276146,0.004099424566261411,0.0015634185083736696,0.0031624965119523766
2023-08-16.tif,2023-08-shm,2023,8,Shm,1,2023-08-16,2023-08-31,0.024155038759689922,0.05039440038139817,0.007362830244591853,0.004525254714936051,0.09060337264840627,0.04180518238535452,0.025632840680563092,0.2541202613687469,0.06434473862344663,0.08910238814164151,0.004066975295288366,0.0016259552487086163,0.0031624965119523766
2023-09-01.tif,2023-09-mid,2023,9,Mid,0,2023-09-01,2023-09-15,0.022419342930970837,0.04690237816619301,0.006906927443069138,0.005216236722306525,0.07564902362153557,0.04132701853454165,0.027037379895936412,0.2529033623449115,0.05204541681035033,0.10581937963217129,0.002714922338078138,0.002351381436593999,0.0028834527020742255
2023-09-16.tif,2023-09-shm,2023,9,Shm,1,2023-09-16,2023-09-30,0.024188999630860096,0.05060800812328572,0.005425243338120313,0.005026555386949924,0.08875134028657763,0.04558495377749442,0.026973537204328536,0.24941139123303616,0.06129225896266779,0.10944276695031567,0.002942067234889456,0.0018135654697134566,0.004464700958050414
2023-10-01.tif,2023-10-mid,2023,10,Mid,0,2023-10-01,2023-10-15,0.020704318936877075,0.04337630254286086,0.0038979689530192164,0.008359527422501626,0.06885011534587517,0.03529304613142675,0.020748874772560412,0.23644877119652918,0.05290113286588247,0.09643151248970629,0.002141651884221001,0.0007129188398183933,0.0013022044460980374
2023-10-16.tif,2023-10-shm,2023,10,Shm,1,2023-10-16,2023-10-31,0.020437061646363972,0.04284073530595439,0.004490642594998746,0.009443420767396488,0.06852519738765962,0.029987704358121956,0.01899320075334376,0.23700431205523664,0.04866086823249933,0.0940159209442767,0.003980443906026912,0.0019386389503833503,0.0009301460329271695
2023-11-01.tif,2023-11-mid,2023,11,Mid,0,2023-11-01,2023-11-15,0.02208859357696567,0.04628786893771941,0.009551163691900887,0.003278777368306959,0.07889820320369106,0.04071223644063937,0.019918919781657995,0.22740139149757943,0.05494463389401893,0.09228657699698051,0.010448665253320642,0.0026515577902017436,0.0014882336526834713
2023-11-16.tif,2023-11-shm,2023,11,Shm,1,2023-11-16,2023-11-30,0.02170764119601329,0.04528329339797289,0.005151701657206684,0.0016800346845870365,0.07123013938980408,0.05145953823033836,0.01516263925687107,0.22599931218750827,0.05797156979194605,0.09912160307438923,0.009442737853156233,0.0018510875139144246,0.0026044088921960747
2023-12-01.tif,2023-12-mid,2023,12,Mid,0,2023-12-01,2023-12-15,0.024490217792543373,0.051346347926766595,0.010850486676240625,0.010730544114459136,0.07594144978392955,0.05576301288765426,0.01302390908800715,0.23274516547181293,0.07904517414460324,0.1184737853417513,0.006381689958032276,0.0016634772929095844,0.004185657148172263
2023-12-16.tif,2023-12-shm,2023,12,Shm,1,2023-12-16,2023-12-31,0.025774086378737543,0.05403811505098724,0.02956529667874809,0.02616247561239974,0.07824836728725997,0.06801311535133658,0.013119673125418967,0.23364461257638686,0.06389772277354178,0.13326928355750756,0.002585125254185956,0.0012507348066989356,0.004743744767928565
2024-01-01.tif,2024-01-mid,2024,1,Mid,0,2024-01-01,2024-01-15,0.04158730158730159,0.08714421927918223,0.052109690214046364,0.06511489269455885,0.1611430613770023,0.12040621157611914,0.013279279854438664,0.26888177561440174,0.09451192255131104,0.14122975569585505,0.005592091031021503,0.012895075857066026,0.010231606362198865
2024-01-16.tif,2024-01-shm,2024,1,Shm,1,2024-01-16,2024-01-31,0.03527870062753784,0.0739284011615308,0.02160979279217671,0.06254064600043356,0.16349059362510965,0.06949314631813835,0.00845915663804386,0.24435861485145896,0.07720602321928043,0.087510293713972,0.0029204343875740926,0.006103585856690806,0.00855734350292996
2024-02-01.tif,2024-02-mid,2024,2,Mid,0,2024-02-01,2024-02-15,0.02077297895902547,0.043537282290370315,0.006838542022840731,0.00808855408627791,0.10832764726906456,0.036408761783323466,0.009991381236632936,0.19700537022830084,0.03315580418151398,0.057589898435355474,0.0009518452818760005,0.0005628306630145211,0.002232350479025207
2024-02-16.tif,2024-02-shm,2024,2,Shm,1,2024-02-16,2024-02-29,0.015442598744924327,0.03236466866033892,0.0023706945679181197,0.0006232386733145459,0.061612567826623776,0.02343002868983105,0.010757493535927474,0.19282558662469246,0.043334993677918696,0.03494372769695306,0.0006273525721455458,0.00023763961327279777,0.0007441168263417357
2024-03-01.tif,2024-03-mid,2024,3,Mid,0,2024-03-01,2024-03-15,0.013746031746031746,0.028818470568568084,0.0009118056030454307,0.00010838933448948623,0.05138577509178932,0.015483400883464638,0.007980336450984773,0.177931800746012,0.04850760565538909,0.026571506999725502,0.00017306277852290918,0.00010005878453591485,0.0009301460329271695
2024-03-16.tif,2024-03-shm,2024,3,Shm,1,2024-03-16,2024-03-31,0.012369139904023625,0.025931670288710986,0.001960382046547676,0.0005419466724474311,0.04414822757253793,0.01480030966801767,0.008554920675455676,0.1736991084891934,0.03152100335900482,0.03659072193247324,0.00030285986241509105,0.0007879629282203294,0.0013952190493907544
2024-04-01.tif,2024-04-mid,2024,4,Mid,0,2024-04-01,2024-04-15,0.010143964562569214,0.02126790125749949,0.002347899427841984,0.0012058313461955344,0.0426536049647464,0.011043307983059338,0.0022025728604717974,0.14631888045289806,0.01816161538756274,0.024622563821026625,0.0001297970838921819,0.0003627130939426913,9.301460329271696e-05
2024-04-16.tif,2024-04-shm,2024,4,Shm,1,2024-04-16,2024-04-30,0.008503506829088224,0.017828507036672426,0.00414871549385671,0.001978105354433124,0.03504240179354713,0.012751036021676761,0.0019472020940402848,0.1261871379064046,0.01154578080897097,0.018226736206423278,0.0001297970838921819,0.0005378159668805423,0.0
2024-05-01.tif,2024-05-mid,2024,5,Mid,0,2024-05-01,2024-05-15,0.008234034699150978,0.017263530038201733,0.0043766668946180675,0.0023574680251463257,0.0334015661045586,0.015187394690104286,0.00022344942062757365,0.11822438559826459,0.01181399031891388,0.017348339280812516,0.0002595941677843638,0.0011256613260290421,0.0
2024-05-16.tif,2024-05-shm,2024,5,Shm,1,2024-05-16,2024-05-31,0.0005987449243263197,0.0012553324541362508,0.0005242882217511227,6.774333405592889e-05,0.00493063001592098,0.002436358668427524,0.0,0.0006613581651279067,0.000561962782737525,0.0,0.0,3.752204420096807e-05,0.0
2024-06-01.tif,2024-06-mid,2024,6,Mid,0,2024-06-01,2024-06-15,0.0038840900701365816,0.008140312424540743,0.0009118056030454307,0.00027097333622371557,0.03098092731585275,0.011908556855958832,0.0,0.019946562260257664,0.0018136071624711037,0.0,0.0,1.2507348066989357e-05,0.0
2024-06-16.tif,2024-06-shm,2024,6,Shm,1,2024-06-16,2024-06-30,0.012453303802141012,0.026108128858096352,0.006131892680480522,0.0007180793409928463,0.06131201871527439,0.023612186347283574,0.00035113480384333,0.14422898865109388,0.011533008927545116,0.04397474608838869,0.00027041059144204563,0.0018886095581153927,0.0
2024-07-01.tif,2024-07-mid,2024,7,Mid,0,2024-07-01,2024-07-15,0.012538205980066445,0.0262876831918569,0.0030773439102783286,0.0007045306741816606,0.05647074113786269,0.029372922264219684,0.0018514380566284675,0.16240311102880875,0.006705237748572742,0.05039802360691738,0.0007030675377493185,0.0009380511050242018,0.0016742628592689053
2024-07-16.tif,2024-07-shm,2024,7,Shm,1,2024-07-16,2024-07-31,0.010834256183093392,0.022715171102897017,0.0018464063461669973,0.0003387166702796445,0.04897325925203886,0.027642424518420694,0.001340696523765442,0.1457104309409804,0.004891630586101639,0.04015920944276695,0.000183879202180591,0.0003627130939426913,0.0016742628592689053
2024-08-01.tif,2024-08-mid,2024,8,Mid,0,2024-08-01,2024-08-15,0.02807751937984496,0.05885202865439506,0.006428229501470287,0.010662800780403209,0.13312701042986647,0.05578578259483583,0.03690107574935359,0.2470305018385757,0.02614404127872077,0.14930002744990392,0.002336347510059274,0.0024639475691969033,0.00855734350292996
2024-08-16.tif,2024-08-shm,2024,8,Shm,1,2024-08-16,2024-08-31,0.01188187523071244,0.024902328633963012,0.004125920353780574,0.0071672447431172775,0.02919387854566722,0.02866706134159115,0.0247390429980528,0.1068490251580646,0.007497094396975618,0.13175953884161407,0.003450439146800502,0.0011506760221630208,0.012743000651102223
2024-09-01.tif,2024-09-mid,2024,9,Mid,0,2024-09-01,2024-09-15,0.04135105204872647,0.08667675885852975,0.008411406688094099,0.007953067418166053,0.1378708126198135,0.10483173186392823,0.1359530117789766,0.3224517869897622,0.07387256216713284,0.2592917924787263,0.01547830225414269,0.00544069640914037,0.047251418472700216
2024-09-16.tif,2024-09-shm,2024,9,Shm,1,2024-09-16,2024-09-30,0.03911111111111111,0.08196810124387813,0.006565000341927101,0.002763928029481899,0.11677551418266888,0.10635730224509313,0.14284802247262746,0.3038808497129706,0.06692465867146889,0.2819928630249794,0.0160083070133691,0.005678336022413168,0.050041856571481726
2024-10-01.tif,2024-10-mid,2024,10,Mid,0,2024-10-01,2024-10-15,0.03824141749723145,0.08015553120220914,0.006656180902231644,0.0021271406893561672,0.10448549241316568,0.09101051960471788,0.14275225843521563,0.29737308536811197,0.07627367587519318,0.3050782322261872,0.015326872322935144,0.0038397558565657322,0.05041391498465259
2024-10-16.tif,2024-10-shm,2024,10,Shm,1,2024-10-16,2024-10-31,0.03805906238464378,0.07978558735937491,0.009482778271672479,0.0024252113592022543,0.0989700100724567,0.09417550890295551,0.1324416637405433,0.3187481812650459,0.07170134232473786,0.29179247872632447,0.017587504867390646,0.009280452265706103,0.04297274672123524
2024-11-01.tif,2024-11-mid,2024,11,Mid,0,2024-11-01,2024-11-15,0.03502325581395349,0.0734299830971265,0.010485764435022454,0.0013955126815521353,0.08897065990837313,0.09993624481989162,0.10262712675966419,0.29107695563609426,0.07555845051534542,0.2679659621191326,0.01275256349240687,0.009468062486710943,0.0312529067063529
2024-11-16.tif,2024-11-shm,2024,11,Shm,1,2024-11-16,2024-11-30,0.027480251015134734,0.057615270786509895,0.008274635847637284,0.002831671363537828,0.07365077817850993,0.07133749259984516,0.05113799597791043,0.23602550197084735,0.06749939333563228,0.21781498764754323,0.007712110067927141,0.003964829337235626,0.01376616128732211
2024-12-01.tif,2024-12-mid,2024,12,Mid,0,2024-12-01,2024-12-15,0.03256626061277224,0.06827863117682387,0.01869201486243133,0.008427270756557555,0.09338142119114924,0.06969807368277244,0.04587097392026048,0.25083992486971246,0.10263483913815344,0.20743892396376612,0.017381992817894692,0.003927307293034658,0.019067993675006976
2024-12-16.tif,2024-12-shm,2024,12,Shm,1,2024-12-16,2024-12-31,0.038388335179032854,0.08048523010816601,0.03268823086917869,0.04374864513331888,0.17081749358287032,0.057243043854456034,0.018865515370128004,0.23314198037088965,0.09548258553967585,0.1684326104858633,0.005386578981525549,0.00797968806673921,0.015068365733420148
2025-01-01.tif,2025-01-mid,2025,1,Mid,0,2025-01-01,2025-01-15,0.05083499446290144,0.106553114029385,0.04923750256445326,0.1067092998048992,0.25944698963511714,0.0668746299922583,0.01094902161075111,0.24105182402581943,0.09880327471039758,0.15446060938786715,0.002887985116601047,0.01709754480757445,0.012929029857687657
2025-01-16.tif,2025-01-shm,2025,1,Shm,1,2025-01-16,2025-01-31,0.034167589516426726,0.07163134399514584,0.014930816749868929,0.031907110340342514,0.16538324073171523,0.06286716152830274,0.00494780859961056,0.2409989153726092,0.08724472202000076,0.10861926983255558,0.0020118548003288193,0.0026140357460007753,0.009394474932564413
2025-02-01.tif,2025-02-mid,2025,2,Mid,0,2025-02-01,2025-02-15,0.032714654854189736,0.06858356396777929,0.008251840707561148,0.024590830262302188,0.14505149949637716,0.0736372330251833,0.008044179142592651,0.2607073886934208,0.09600623267813582,0.09475706835026078,0.002714922338078138,0.0019386389503833503,0.005859920007441169
2025-02-16.tif,2025-02-shm,2025,2,Shm,1,2025-02-16,2025-02-28,0.01667626430417128,0.03496356285330411,0.0037839932526385375,0.003576848038153046,0.0647805179192254,0.02971446787194317,0.006256583777572063,0.20660829078595805,0.04588936996308926,0.03886906395827615,0.0008544974689568641,0.000175102872937851,0.001860292065854339
2025-03-01.tif,2025-03-mid,2025,3,Mid,0,2025-03-01,2025-03-15,0.020656330749354006,0.043305099962231676,0.004764184275912376,0.003929113375243876,0.07776099034993664,0.045744341727765384,0.013853864078909567,0.23541705245892966,0.0597468613101396,0.05454295909964315,0.00148185004110241,0.0008004702762873188,0.004650730164635848
2025-03-16.tif,2025-03-shm,2025,3,Shm,1,2025-03-16,2025-03-31,0.01408342561830934,0.029527400610484734,0.003008958490049921,0.0006367873401257316,0.057526724502063226,0.019877954369506807,0.010182909311456571,0.18957170445226318,0.025990778701610533,0.042766950315673895,0.0002595941677843638,0.0008254849724212975,0.00046507301646358477
2025-04-01.tif,2025-04-mid,2025,4,Mid,0,2025-04-01,2025-04-15,0.012812846068660021,0.02686349536564073,0.005311267637739634,0.0008264686754823325,0.05599148714949475,0.019377020811512363,0.009097583554122641,0.1718737599534404,0.018097755980433478,0.03469667856162503,0.000183879202180591,0.0007879629282203294,0.0
2025-04-16.tif,2025-04-shm,2025,4,Shm,1,2025-04-16,2025-04-30,0.009923957179771133,0.02080663236559739,0.003350885591191958,0.0010296986776501193,0.0481528414075446,0.014390454938749488,0.0017875953650205892,0.13571069548424644,0.011303115061879766,0.019626681306615427,8.653138926145459e-05,0.00012507348066989355,0.00018602920658543392
2025-05-01.tif,2025-05-mid,2025,5,Mid,0,2025-05-01,2025-05-15,0.009449243263196752,0.019808248354601234,0.003601632132029451,0.0004742033383915023,0.04535854696689086,0.015210164397285852,0.00012768538321575638,0.132880082537499,0.011584096453248528,0.014136700521548175,9.734781291913641e-05,0.00047527922654559554,0.00046507301646358477
2025-05-16.tif,2025-05-shm,2025,5,Shm,1,2025-05-16,2025-05-31,0.008157253599114064,0.017102550290692273,0.0027126216690601564,0.00014903533492304356,0.040801572602917766,0.012910423971947721,0.0,0.12052591201290971,0.005338646436006488,0.012132857534998627,3.2449270973045475e-05,0.000350205745875702,0.0
2025-06-01.tif,2025-06-mid,2025,6,Mid,0,2025-06-01,2025-06-15,0.01131782945736434,0.02372903393576908,0.004331076614465796,0.0002845220030349014,0.05343275822854729,0.027118721253244684,0.00038305614964726913,0.1518742890399725,0.013461563022848896,0.016909140818007137,0.0004218405226495911,0.0008129776243543082,9.301460329271696e-05
2025-06-16.tif,2025-06-shm,2025,6,Shm,1,2025-06-16,2025-06-30,0.01235732742709487,0.025908452055897122,0.0038751738129430805,0.0002845220030349014,0.059395002761802644,0.03688692563413634,0.0005426628786669646,0.1643871855241925,0.011047677433362709,0.016360142739500413,0.0004867390645956821,0.0010005878453591484,9.301460329271696e-05
2025-07-01.tif,2025-07-mid,2025,7,Mid,0,2025-07-01,2025-07-15,0.011638981173864894,0.02440236268737114,0.0018008160660147256,0.0004742033383915023,0.05777853591968028,0.022655858645657816,0.004500909758355412,0.1479855030290204,0.007893022721177057,0.03348888278891024,0.0005840868775148184,0.0006378747514164571,0.0
2025-07-16.tif,2025-07-shm,2025,7,Shm,1,2025-07-16,2025-07-31,0.026086378737541528,0.05467893827664989,0.01028060817433723,0.0049588120528939955,0.11216167917600806,0.06450658044537547,0.016343729051616816,0.3121345996137668,0.03139328454474628,0.07806752676365633,0.0028663522692856836,0.0038272485084987432,0.0033485257185378106
2025-08-01.tif,2025-08-mid,2025,8,Mid,0,2025-08-01,2025-08-15,0.025832410483573275,0.05415420621505656,0.007887118466342975,0.005378820724040755,0.1095298437144621,0.06400564688738103,0.0204935040061289,0.3120287823073464,0.0323384037702594,0.0797145209991765,0.002574308830528274,0.0025389916575988395,0.0024183796856106408
2025-08-16.tif,2025-08-shm,2025,8,Shm,1,2025-08-16,2025-08-31,0.03147582133628645,0.06597073883512578,0.011648316578905377,0.011922826793843485,0.1296341423790493,0.08916617332301106,0.03999744629233568,0.3118171476945054,0.05362913010715609,0.10903101839143563,0.003861463245792411,0.002388903480794967,0.0032555111152450934
2025-09-01.tif,2025-09-mid,2025,9,Mid,0,2025-09-01,2025-09-15,0.026640088593576965,0.05585068509265623,0.008753333789236135,0.0073433774116626925,0.10148812424862722,0.08219864292545198,0.024770964343856738,0.29335202772413427,0.034816148766874846,0.12198737304419434,0.0033314584865660017,0.0016009405525746377,0.0013022044460980374
2025-09-16.tif,2025-09-shm,2025,9,Shm,1,2025-09-16,2025-09-30,0.039097083794758215,0.08195726606856499,0.012560122181950809,0.009524712768263603,0.14800012996718329,0.11908556855958832,0.05180834423979315,0.37263564455966774,0.07918566484028762,0.16118583584957452,0.005462293947129321,0.0029642414918764773,0.032183052739280064
2025-10-01.tif,2025-10-mid,2025,10,Mid,0,2025-10-01,2025-10-15,0.03328386858619417,0.06976769384128635,0.007659167065581618,0.005541404725774984,0.11225103161451734,0.08622888109658909,0.058575669550228235,0.3437739742334859,0.07725711074498384,0.1372495196266813,0.00747414874745814,0.004490137956049179,0.03153195051623105
2025-10-16.tif,2025-10-shm,2025,10,Shm,1,2025-10-16,2025-10-31,0.03549206349206349,0.07440979252187158,0.010850486676240625,0.003075547366139172,0.10883939305325405,0.09301425383669566,0.07983528585565168,0.3682971349964287,0.08453708315771996,0.1603348888278891,0.007247003850646822,0.008029717459007166,0.026323132731838898
2025-11-01.tif,2025-11-mid,2025,11,Mid,0,2025-11-01,2025-11-15,0.027362126245847176,0.05736451387212017,0.007134878843830495,0.0027368306958595275,0.08453552977873087,0.06298101006421057,0.04114661474127749,0.29639427528372264,0.07088394191348328,0.14408454570409004,0.003753299009215593,0.002664065138268733,0.0008371314296344527
2025-11-16.tif,2025-11-shm,2025,11,Shm,1,2025-11-16,2025-11-30,0.02596013289036545,0.05442818136226016,0.013699879185757597,0.0008129200086711468,0.08470611170679404,0.05772120770526891,0.026526638363073386,0.2735377370969022,0.06493224516903585,0.14894317869887455,0.0028988015402587287,0.0013257788951008718,0.00018602920658543392
2025-12-01.tif,2025-12-mid,2025,12,Mid,0,2025-12-01,2025-12-15,0.028175710594315246,0.05907182792503297,0.029314550137910598,0.014646108822891827,0.10009909997725575,0.05924677808643381,0.021004245538991925,0.2531149969577524,0.06443414179342759,0.13560252539116113,0.006089646519274867,0.005740872762748115,0.011812854618175054
2025-12-16.tif,2025-12-shm,2025,12,Shm,1,2025-12-16,2025-12-31,0.04578811369509044,0.09597488715938852,0.031115366203925323,0.02693474962063733,0.21192773824609287,0.09916207477571838,0.013438886583458359,0.28999232824528454,0.1143721981685122,0.1704090035684875,0.00616536148487864,0.02059960226633147,0.013394102874151242
2026-01-01.tif,2026-01-mid,2026,1,Mid,0,2026-01-01,2026-01-15,0.05133850129198966,0.1076118654456972,0.03592514075998997,0.06130771732061565,0.2626393085745849,0.1087708912063391,0.009704089124397484,0.29343139070394963,0.11125585910060411,0.1522371671699149,0.004467182970622594,0.011306642652558378,0.008464328899637243
2026-01-16.tif,2026-01-shm,2026,1,Shm,1,2026-01-16,2026-01-31,0.04099298634182355,0.08594615846598684,0.020925938589892636,0.0660226533709083,0.19594989765084317,0.08137893346691562,0.011427841797810196,0.2794635062564482,0.09877773094754588,0.10285479000823497,0.0020551204949595466,0.001400822983502808,0.00213933587573249
2026-02-01.tif,2026-02-mid,2026,2,Mid,0,2026-02-01,2026-02-15,0.02859579180509413,0.0599541207719598,0.006838542022840731,0.004159440711034034,0.11079702375150274,0.07174734732911335,0.020972324193187983,0.2765799846564906,0.09936523749313511,0.07581663464177875,0.0020659369186172283,0.0013883156354358185,0.0006511022230490187
2026-02-16.tif,2026-02-shm,2026,2,Shm,1,2026-02-16,2026-02-28,0.021515688445921003,0.045108382710775115,0.004239896054161253,0.0026419900281812268,0.08691555382265978,0.040598387904731546,0.019184728828167394,0.24885585037432872,0.057767219689132406,0.05388416140543508,0.001352052957210228,0.000700411491751404,0.0
2026-03-01.tif,2026-03-mid,2026,3,Mid,0,2026-03-01,2026-03-15,0.021901808785529716,0.04591637721269759,0.004285486334313525,0.001341318014307392,0.09363323260876628,0.044309850175326744,0.013566571966674115,0.2367662231157906,0.06120285579268682,0.053417513038704366,0.0008977631635875914,0.0005878453591484997,0.0015812482559761883
2026-03-16.tif,2026-03-shm,2026,3,Shm,1,2026-03-16,2026-03-31,0.013342930970837948,0.027974874776331024,0.002849392509516971,0.0008129200086711468,0.06261169054813659,0.021676761236850493,0.0005107415328630255,0.18676754583212085,0.01688442724497746,0.027147954982157562,0.0003244927097304547,0.0006879041436844146,0.0
2026-04-01.tif,2026-04-mid,2026,4,Mid,0,2026-04-01,2026-04-15,0.011672203765227021,0.02447201738581273,0.002325104287765848,0.00042000867114675913,0.057071839360561455,0.01741882599389772,0.0003192134580393909,0.16917541863971852,0.009872664342184248,0.02459511391710129,0.00016224635486522735,5.002939226795743e-05,0.0
2026-04-16.tif,2026-04-shm,2026,4,Shm,1,2026-04-16,2026-04-30,0.014882244370616464,0.03120220913745813,0.005675989878957806,0.0006096900065033601,0.0703447379536667,0.024113119905278018,0.0007341909534905992,0.19510065871273247,0.019745328684368495,0.03593192423826517,0.0005408211828840913,0.001963653646517329,9.301460329271696e-05
2026-05-01.tif,2026-05-mid,2026,5,Mid,0,2026-05-01,2026-05-15,0.01540125507567368,0.032290370315334556,0.006884132302993002,0.0029536093648385,0.07149007375637652,0.0259802358941664,0.00038305614964726913,0.19200550249993387,0.021993179815318595,0.03442217952237167,0.0019253234110673647,0.0033644766300201367,0.0
2026-05-16.tif,2026-05-shm,2026,5,Shm,1,2026-05-16,2026-05-31,0.014675526024363233,0.030768802124932666,0.0062686635209373365,0.0013277693474962064,0.06949182831335088,0.027232569789152512,0.0009895617199221119,0.19473029814026083,0.013321072327164514,0.03244578643974746,0.001352052957210228,0.0035020574587570196,0.00046507301646358477
2026-06-01.tif,2026-06-mid,2026,6,Mid,0,2026-06-01,2026-06-15,0.014802510151347361,0.03103503786119831,0.005265677357587362,0.00036581400390201603,0.07276537674237255,0.02912245548522246,0.002649471701726945,0.180656596386339,0.015786045442354114,0.030743892396376614,0.0020551204949595466,0.0024639475691969033,0.0159054971630546
2026-06-16.tif,2026-06-shm,2026,6,Shm,1,2026-06-16,2026-06-30,0.017700258397932815,0.03711047544749274,0.008844514349540677,0.0024252113592022543,0.08158689930792475,0.031126189717200235,0.0010853257573339291,0.2136715959895241,0.024279346590546255,0.04499039253362613,0.0019794055293557737,0.003627130939426913,0.017765789228908938
2026-07-01.tif,2026-07-mid,2026,7,Mid,0,2026-07-01,2026-07-15,0.017885566629752676,0.037494350230015294,0.007978299026647519,0.0030484500325168003,0.08311401371153784,0.0297600072863063,0.0019472020940402848,0.22047035792703898,0.020971429301250368,0.056437002470491354,0.0013736858045255917,0.002238815303991095,0.004371686354757697
2026-07-16.tif,2026-07-shm,2026,7,Shm,1,2026-07-16,2026-07-31,0.021321520856404576,0.04469664604887593,0.009733524812509973,0.0028452200303490135,0.09655749423270624,0.03515642788833736,0.010565965461103841,0.2318986270204492,0.02951581797514592,0.07847927532253637,0.004715960714749275,0.005878453591484998,0.002511394288903358
2026-08-01.tif,2026-08-mid,2026,8,Mid,0,2026-08-01,2026-08-15,0.023955703211517167,0.050214846047637623,0.013927830586518954,0.006679492737914589,0.10074081294473146,0.036681998269502254,0.018929358061735884,0.23708367503505198,0.04267085584377435,0.09028273401043097,0.007971704235711504,0.009217915525371155,0.0048367593712212815
