date,oniTOTAL,oniANOM,ninoNINO1+2,ninoANOM,ninoNINO3,ninoANOM.1,ninoNINO4,ninoANOM.2,ninoNINO3.4,ninoANOM.3,mjo20E,mjo70E,mjo80E,mjo100E,mjo120E,mjo140E,mjo160E,mjo120W,mjo40W,mjo10W,soi_anom,soi_sd,wtio,setio,dmi
2012-02-01,29.312666666666665,2.0313333333333334,24.64266666666667,4.514333333333333,28.26033333333334,3.4030000000000005,29.599666666666664,0.9109999999999998,29.514666666666674,2.7806666666666664,-1.4133333333333333,-0.7766666666666667,0.47000000000000003,1.4366666666666668,1.4866666666666666,1.4633333333333332,1.0466666666666666,0.16333333333333333,-1.0433333333333332,-1.57,-2.8633333333333333,-1.7466666666666668,0.5193333333333333,0.8786666666666665,-0.3593333333333334
2012-02-16,26.22,-0.56,25.95,-0.15,26.13,-0.25,27.47,-0.63,26.18,-0.55,0.3866666666666667,-0.5333333333333333,-1.4433333333333334,-1.4333333333333333,-1.3133333333333332,-0.6366666666666667,0.15666666666666665,1.0466666666666666,1.5666666666666667,1.1433333333333333,0.8,0.5,-0.22,-0.14,-0.08
2012-03-01,26.505,-0.5,26.235,-0.11499999999999999,26.585,-0.185,27.509999999999998,-0.655,26.485,-0.495,2.233333333333333,1.9066666666666665,0.4666666666666666,-1.3333333333333333,-1.7366666666666666,-2.236666666666667,-2.1366666666666667,-1.3033333333333335,0.47333333333333333,1.8333333333333333,1.0,0.6,-0.34,-0.395,0.05500000000000001
2012-03-16,26.79,-0.44,26.52,-0.08,27.04,-0.12,27.55,-0.68,26.79,-0.44,-0.23666666666666666,0.6,1.3733333333333333,1.2833333333333334,1.1066666666666667,0.43333333333333335,-0.3,-1.09,-1.4566666666666668,-0.9733333333333333,1.2,0.7,-0.46,-0.65,0.19
2012-04-01,27.04,-0.395,26.535,0.36999999999999994,27.265,-0.105,27.765,-0.605,27.04,-0.475,-1.1933333333333334,-0.8333333333333334,0.09999999999999994,0.9900000000000001,1.03,1.1866666666666668,1.0066666666666666,0.4266666666666667,-0.5533333333333333,-1.1466666666666667,0.3999999999999999,0.19999999999999996,-0.36,-0.235,-0.125
2012-04-16,27.29,-0.35,26.55,0.82,27.49,-0.09,27.98,-0.53,27.29,-0.51,0.7033333333333335,0.6766666666666667,0.2866666666666667,-0.31,-0.4533333333333333,-0.6866666666666666,-0.7233333333333333,-0.5266666666666667,0.016666666666666646,0.5033333333333333,-0.4,-0.3,-0.26,0.18,-0.44
2012-05-01,27.455,-0.265,25.985,0.815,27.375,-0.01999999999999999,28.175,-0.475,27.490000000000002,-0.35,0.2966666666666667,0.8766666666666666,1.1733333333333333,0.7066666666666667,0.49666666666666665,-0.14333333333333334,-0.7000000000000001,-1.1366666666666667,-1.04,-0.36666666666666664,-0.15000000000000002,-0.15,-0.175,0.39,-0.565
2012-05-16,27.62,-0.18,25.42,0.81,27.26,0.05,28.37,-0.42,27.69,-0.19,0.15333333333333332,0.4533333333333333,0.5933333333333334,0.35000000000000003,0.3166666666666667,-0.06,-0.37333333333333335,-0.6166666666666667,-0.5633333333333334,-0.19999999999999998,0.1,0.0,-0.09,0.6,-0.69
2012-06-01,27.64,-0.075,24.955,1.06,27.225,0.3,28.435000000000002,-0.38,27.82,0.024999999999999994,0.6166666666666666,1.0766666666666664,1.0833333333333333,0.38666666666666666,0.18000000000000002,-0.48333333333333334,-0.9633333333333334,-1.22,-0.8433333333333333,-0.030000000000000027,-0.29999999999999993,-0.2,0.015,0.36,-0.345
2012-06-16,27.66,0.03,24.49,1.31,27.19,0.55,28.5,-0.34,27.95,0.24,-0.69,-0.7533333333333333,-0.45999999999999996,0.16666666666666666,0.45999999999999996,0.6699999999999999,0.7266666666666667,0.5833333333333334,0.08,-0.43333333333333335,-0.7,-0.4,0.12,0.12,0.0
2012-07-01,27.615000000000002,0.155,23.31,0.805,26.83,0.575,28.52,-0.29500000000000004,27.759999999999998,0.255,0.5766666666666667,0.3,-0.24666666666666667,-0.6433333333333333,-0.5433333333333333,-0.5766666666666667,-0.43333333333333335,-0.08333333333333336,0.41,0.6333333333333334,-0.39999999999999997,-0.2,0.15,-0.11000000000000001,0.255
2012-07-16,27.57,0.28,22.13,0.3,26.47,0.6,28.54,-0.25,27.57,0.27,0.575,1.0075,1.0075,0.365,0.25,-0.43000000000000005,-0.9175,-1.1724999999999999,-0.825,-0.04250000000000004,-0.1,0.0,0.18,-0.34,0.51
2012-08-01,27.46,0.335,21.54,0.195,26.195,0.6499999999999999,28.66,-0.08000000000000002,27.575,0.47500000000000003,-1.01,-0.5633333333333334,0.3133333333333333,1.0033333333333332,1.11,1.0633333333333332,0.75,0.11666666666666665,-0.7466666666666667,-1.1233333333333333,-0.2,-0.1,0.32499999999999996,-0.34,0.665
2012-08-16,27.35,0.39,20.95,0.09,25.92,0.7,28.78,0.09,27.58,0.68,0.9233333333333333,0.6,-0.1633333333333333,-0.8266666666666667,-0.77,-0.9,-0.7533333333333333,-0.29,0.4766666666666666,0.9199999999999999,-0.3,-0.2,0.47,-0.34,0.82
2012-09-01,27.240000000000002,0.38,21.04,0.32000000000000006,25.665,0.55,28.79,0.105,27.39,0.56,0.9766666666666667,0.9933333333333333,0.44,-0.3966666666666667,-0.41,-0.8733333333333334,-1.0433333333333332,-0.85,-0.11666666666666668,0.6266666666666666,0.04999999999999999,0.0,0.425,-0.24000000000000002,0.6699999999999999
2012-09-16,27.13,0.37,21.13,0.55,25.41,0.4,28.8,0.12,27.2,0.44,0.7733333333333334,1.0633333333333332,0.8500000000000001,0.09333333333333334,0.003333333333333336,-0.6166666666666667,-1.0066666666666666,-1.0999999999999999,-0.5833333333333334,0.2233333333333333,0.4,0.2,0.38,-0.14,0.52
2012-10-01,27.06,0.325,20.775,0.04500000000000004,25.259999999999998,0.21000000000000002,28.915,0.23,27.165,0.4,-0.54,-0.23000000000000007,0.2866666666666667,0.64,0.7266666666666667,0.6233333333333334,0.3766666666666667,-0.03999999999999996,-0.5266666666666666,-0.6666666666666666,0.45,0.25,0.345,-0.065,0.41000000000000003
2012-10-16,26.99,0.28,20.42,-0.46,25.11,0.02,29.03,0.34,27.13,0.36,-0.09333333333333331,-0.87,-1.4533333333333331,-1.0999999999999999,-0.7399999999999999,-0.06666666666666665,0.6,1.2366666666666666,1.3366666666666667,0.6733333333333333,0.5,0.3,0.31,0.01,0.3
2012-11-01,26.884999999999998,0.20500000000000002,20.97,-0.28,25.275,0.13,29.035,0.355,27.225,0.43,1.14,0.9033333333333333,0.08333333333333333,-0.8066666666666666,-0.8866666666666666,-1.1199999999999999,-1.04,-0.5733333333333334,0.34333333333333327,0.9933333333333333,0.45,0.3,0.27,0.09499999999999999,0.175
2012-11-16,26.78,0.13,21.52,-0.1,25.44,0.24,29.04,0.37,27.32,0.5,0.17333333333333334,0.13666666666666671,0.0,-0.13666666666666666,-0.10666666666666669,-0.15333333333333332,-0.15,-0.08333333333333333,0.053333333333333344,0.15333333333333332,0.4,0.3,0.23,0.18,0.05
2012-12-01,26.655,0.05,21.955,-0.275,25.025,-0.20500000000000002,28.744999999999997,0.19,26.75,0.015000000000000013,0.27,-0.016666666666666646,-0.39999999999999997,-0.53,-0.49,-0.34,-0.11000000000000003,0.2066666666666667,0.49,0.45999999999999996,-0.29999999999999993,-0.14999999999999997,0.315,0.25,0.07
2012-12-16,26.53,-0.03,22.39,-0.45,24.61,-0.65,28.45,0.01,26.18,-0.47,0.93,0.6466666666666667,-0.06333333333333334,-0.7600000000000001,-0.8466666666666667,-0.9400000000000001,-0.7799999999999999,-0.31,0.4566666666666667,0.9033333333333333,-1.0,-0.6,0.4,0.32,0.09
2013-01-01,26.415,-0.135,23.380000000000003,-0.29500000000000004,24.805,-0.66,28.295,-0.034999999999999996,26.134999999999998,-0.475,1.03,1.49,1.2699999999999998,0.22,-0.04333333333333337,-0.8766666666666666,-1.4100000000000001,-1.5633333333333335,-0.8733333333333334,0.2466666666666666,-0.55,-0.35,0.315,0.24,0.075
2013-01-16,26.3,-0.24,24.37,-0.14,25.0,-0.67,28.14,-0.08,26.09,-0.48,-0.25333333333333335,0.2333333333333333,0.6833333333333335,0.7133333333333334,0.8566666666666668,0.41333333333333333,-0.06999999999999999,-0.58,-0.8933333333333334,-0.6699999999999999,-0.1,-0.1,0.23,0.16,0.06
2013-02-01,26.4,-0.26,25.175,-0.125,25.415,-0.6100000000000001,28.165,0.0049999999999999906,26.17,-0.48,-0.20666666666666667,-0.45999999999999996,-0.5466666666666667,-0.27999999999999997,-0.22666666666666666,0.08333333333333333,0.3466666666666667,0.5366666666666666,0.46,0.11333333333333334,-0.25,-0.15000000000000002,0.17,0.18,-0.015
2013-02-16,26.5,-0.28,25.98,-0.11,25.83,-0.55,28.19,0.09,26.25,-0.48,1.0599999999999998,1.2433333333333334,0.8066666666666666,-0.1633333333333334,-0.38666666666666666,-0.9733333333333333,-1.2566666666666666,-1.1633333333333333,-0.38999999999999996,0.5366666666666666,-0.4,-0.2,0.11,0.2,-0.09
2013-03-01,26.75,-0.255,26.045,-0.3,26.515,-0.255,27.965,-0.19999999999999998,26.634999999999998,-0.35,-0.43,0.20333333333333334,0.9066666666666666,1.0566666666666666,1.0933333333333335,0.62,0.04666666666666666,-0.6333333333333333,-1.1166666666666667,-0.9233333333333333,1.0499999999999998,0.6499999999999999,0.17,0.23,-0.06
2013-03-16,27.0,-0.23,26.11,-0.49,27.2,0.04,27.74,-0.49,27.02,-0.22,-0.25333333333333335,-0.3933333333333333,-0.35999999999999993,-0.07666666666666666,0.016666666666666646,0.21999999999999997,0.36000000000000004,0.4166666666666667,0.25666666666666665,-0.03666666666666666,2.5,1.5,0.23,0.26,-0.03
2013-04-01,27.215,-0.21500000000000002,25.38,-0.785,27.395,0.03,28.049999999999997,-0.32,27.47,-0.05499999999999999,1.33,1.1933333333333334,0.3833333333333333,-0.7133333333333334,-0.9633333333333334,-1.32,-1.32,-0.8799999999999999,0.17333333333333334,1.0333333333333334,1.45,0.85,0.14500000000000002,0.24,-0.09
2013-04-16,27.43,-0.2,24.65,-1.08,27.59,0.02,28.36,-0.15,27.92,0.11,-0.19000000000000003,0.25666666666666665,0.6900000000000001,0.69,0.6066666666666667,0.26999999999999996,-0.10666666666666667,-0.5333333333333333,-0.7666666666666666,-0.5533333333333333,0.4,0.2,0.06,0.22,-0.15
2013-05-01,27.46,-0.25,23.945,-1.225,27.055,-0.33499999999999996,28.465,-0.185,27.75,-0.09499999999999999,0.49333333333333335,-0.06999999999999999,-0.7633333333333333,-0.9900000000000001,-0.9733333333333333,-0.64,-0.17333333333333326,0.4466666666666666,0.9633333333333334,0.8866666666666667,0.8500000000000001,0.5,-0.13,0.26,-0.385
2013-05-16,27.49,-0.3,23.24,-1.37,26.52,-0.69,28.57,-0.22,27.58,-0.3,-0.30666666666666664,-0.16333333333333333,0.11333333333333333,0.32,0.30333333333333334,0.3,0.21666666666666667,0.023333333333333317,-0.22999999999999998,-0.3433333333333333,1.3,0.8,-0.32,0.3,-0.62
2013-06-01,27.365,-0.33999999999999997,22.255,-1.635,26.18,-0.745,28.57,-0.245,27.475,-0.32,1.1233333333333333,0.9066666666666667,0.12,-0.75,-0.8766666666666666,-1.1233333333333333,-1.05,-0.5966666666666667,0.31666666666666665,0.9700000000000001,1.65,1.0,-0.35,0.215,-0.565
2013-06-16,27.24,-0.38,21.27,-1.9,25.84,-0.8,28.57,-0.27,27.37,-0.34,-0.2033333333333334,0.24000000000000007,0.6866666666666666,0.6933333333333334,0.6133333333333333,0.27666666666666667,-0.11000000000000003,-0.5433333333333333,-0.7833333333333333,-0.5733333333333334,2.0,1.2,-0.38,0.13,-0.51
2013-07-01,27.04,-0.41500000000000004,20.645,-1.855,25.57,-0.685,28.59,-0.22000000000000003,27.205,-0.30000000000000004,0.25666666666666665,-0.3999999999999999,-1.0733333333333335,-1.0599999999999998,-0.8066666666666666,-0.3833333333333333,0.13666666666666663,0.7400000000000001,1.0866666666666667,0.79,1.65,1.0,-0.27,0.16,-0.435
2013-07-16,26.84,-0.45,20.02,-1.81,25.3,-0.57,28.61,-0.17,27.04,-0.26,0.8,0.755,0.2675,-0.41000000000000003,-0.48249999999999993,-0.775,-0.8325,-0.605,0.01999999999999999,0.5800000000000001,1.3,0.8,-0.16,0.19,-0.36
2013-08-01,26.725,-0.395,19.924999999999997,-1.42,24.9,-0.645,28.555,-0.18,26.735,-0.365,0.03000000000000001,0.07333333333333335,0.08333333333333333,0.04,0.04333333333333334,-0.02,-0.08,-0.11666666666666665,-0.09666666666666668,-0.03333333333333333,0.8,0.5,-0.15000000000000002,0.13,-0.29
2013-08-16,26.61,-0.34,19.83,-1.03,24.5,-0.72,28.5,-0.19,26.43,-0.47,-0.7733333333333333,-0.65,-0.13999999999999999,0.4466666666666667,0.5233333333333333,0.73,0.7066666666666667,0.43333333333333335,-0.17333333333333334,-0.64,0.3,0.2,-0.14,0.07,-0.22
2013-09-01,26.53,-0.33,19.82,-0.9,24.73,-0.385,28.619999999999997,-0.065,26.625,-0.20999999999999996,0.8333333333333334,0.35333333333333333,-0.4666666666666666,-1.0066666666666666,-1.03,-0.9133333333333334,-0.57,0.0433333333333333,0.7933333333333333,1.0266666666666666,0.4,0.25,-0.135,0.14,-0.28
2013-09-16,26.45,-0.32,19.81,-0.77,24.96,-0.05,28.74,0.06,26.82,0.05,0.7833333333333333,1.4166666666666667,1.4800000000000002,0.5933333333333333,0.28,-0.59,-1.2366666666666666,-1.5966666666666667,-1.14,-0.07666666666666666,0.5,0.3,-0.13,0.21,-0.34
2013-10-01,26.509999999999998,-0.23,20.005,-0.72,25.0,-0.05,28.77,0.09,26.72,-0.05,0.043333333333333335,0.5933333333333334,0.9766666666666666,0.7433333333333333,0.6566666666666666,0.11,-0.41,-0.89,-0.98,-0.51,0.2,0.09999999999999998,0.020000000000000018,0.3,-0.28
2013-10-16,26.57,-0.14,20.2,-0.67,25.04,-0.05,28.8,0.12,26.62,-0.15,-0.27666666666666667,-0.04,0.27,0.41333333333333333,0.46,0.3433333333333333,0.15000000000000002,-0.12999999999999998,-0.39999999999999997,-0.42,-0.1,-0.1,0.17,0.39,-0.22
2013-11-01,26.55,-0.13,20.59,-0.655,25.005,-0.14,28.805,0.13,26.675,-0.12,0.6466666666666666,0.19999999999999998,-0.5,-0.89,-0.84,-0.7033333333333335,-0.37999999999999995,0.1466666666666667,0.7399999999999999,0.8666666666666667,0.55,0.29999999999999993,0.28,0.42000000000000004,-0.14
2013-11-16,26.53,-0.12,20.98,-0.64,24.97,-0.23,28.81,0.14,26.73,-0.09,0.41333333333333333,0.48,0.30666666666666664,-0.07,-0.15333333333333332,-0.3833333333333333,-0.49666666666666665,-0.4566666666666667,-0.15666666666666668,0.20666666666666667,1.2,0.7,0.39,0.45,-0.06
2013-12-01,26.490000000000002,-0.11499999999999999,21.905,-0.325,25.13,-0.1,28.479999999999997,-0.07999999999999999,26.6,-0.135,0.91,0.25666666666666665,-0.7466666666666666,-1.2966666666666666,-1.2733333333333332,-1.0266666666666666,-0.5333333333333333,0.25333333333333335,1.0966666666666667,1.25,0.65,0.39999999999999997,0.21000000000000002,0.365,-0.155
2013-12-16,26.45,-0.11,22.83,-0.01,25.29,0.03,28.15,-0.3,26.47,-0.18,0.7666666666666666,1.0,0.7633333333333333,0.013333333333333336,-0.18666666666666668,-0.6766666666666667,-0.96,-0.9766666666666666,-0.44333333333333336,0.29333333333333333,0.1,0.1,0.03,0.28,-0.25
2014-01-01,26.38,-0.175,23.77,0.09000000000000001,25.38,-0.085,28.03,-0.31,26.27,-0.33499999999999996,0.66,1.0566666666666666,1.0066666666666666,0.2866666666666667,0.046666666666666655,-0.5366666666666666,-0.9499999999999998,-1.12,-0.7066666666666667,0.06999999999999999,1.25,0.7499999999999999,-0.015,0.185,-0.2
2014-01-16,26.31,-0.24,24.71,0.19,25.47,-0.2,27.91,-0.32,26.07,-0.49,0.003333333333333327,0.4266666666666667,0.7333333333333334,0.5733333333333334,0.5466666666666667,0.12666666666666668,-0.27666666666666667,-0.66,-0.7599999999999999,-0.4166666666666667,2.4,1.4,-0.06,0.09,-0.15
2014-02-01,26.439999999999998,-0.22499999999999998,24.945,-0.36500000000000005,25.549999999999997,-0.47500000000000003,27.92,-0.24,25.98,-0.6699999999999999,0.5366666666666666,0.5599999999999999,0.3,-0.17,-0.32999999999999996,-0.5133333333333333,-0.5666666666666667,-0.4433333333333333,-0.03666666666666668,0.3499999999999999,1.25,0.75,-0.08499999999999999,0.024999999999999994,-0.11
2014-02-16,26.57,-0.21,25.18,-0.92,25.63,-0.75,27.93,-0.16,25.89,-0.85,-0.48666666666666664,0.3633333333333333,1.2766666666666666,1.3833333333333335,1.2766666666666666,0.6966666666666667,-0.01999999999999998,-0.8733333333333334,-1.4466666666666665,-1.1500000000000001,0.1,0.1,-0.11,-0.04,-0.07
2014-03-01,26.89,-0.11499999999999999,25.494999999999997,-0.855,26.369999999999997,-0.4,28.105,-0.05499999999999999,26.39,-0.595,-0.7766666666666667,-0.68,-0.21666666666666667,0.4033333333333333,0.64,0.7999999999999999,0.7633333333333333,0.48666666666666664,-0.13666666666666666,-0.6233333333333334,-0.7000000000000001,-0.4,-0.10500000000000001,0.15,-0.255
2014-03-16,27.21,-0.02,25.81,-0.79,27.11,-0.05,28.28,0.05,26.89,-0.34,0.21666666666666667,0.4666666666666666,0.5399999999999999,0.25333333333333335,0.1533333333333333,-0.13333333333333333,-0.37333333333333335,-0.53,-0.4266666666666667,-0.08333333333333333,-1.5,-0.9,-0.1,0.34,-0.44
2014-04-01,27.545,0.115,25.595,-0.5700000000000001,27.424999999999997,0.06000000000000001,28.555,0.185,27.439999999999998,-0.08000000000000002,1.2633333333333334,1.9033333333333333,1.7,0.4033333333333334,0.09000000000000001,-1.0066666666666666,-1.74,-2.0100000000000002,-1.2,0.22666666666666668,-0.10000000000000009,-0.04999999999999993,-0.05,0.26,-0.315
2014-04-16,27.88,0.25,25.38,-0.35,27.74,0.17,28.83,0.32,27.99,0.18,-0.5499999999999999,0.3166666666666667,1.27,1.43,1.343333333333333,0.7599999999999999,0.023333333333333355,-0.8633333333333333,-1.4833333333333334,-1.2133333333333332,1.3,0.8,0.0,0.18,-0.19
2014-05-01,28.009999999999998,0.3,25.28,0.10999999999999999,27.77,0.38,29.049999999999997,0.4,28.159999999999997,0.315,-0.5766666666666667,-0.6866666666666666,-0.46,0.06333333333333334,0.18666666666666665,0.49666666666666665,0.6466666666666666,0.6033333333333334,0.20333333333333334,-0.2933333333333333,1.1,0.65,0.1,0.23,-0.135
2014-05-16,28.14,0.35,25.18,0.57,27.8,0.59,29.27,0.48,28.33,0.45,-0.35000000000000003,-0.2966666666666667,-0.07333333333333332,0.19999999999999998,0.30000000000000004,0.3666666666666667,0.33666666666666667,0.19333333333333333,-0.09333333333333334,-0.3,0.9,0.5,0.2,0.28,-0.08
2014-06-01,27.990000000000002,0.285,24.785,0.895,27.689999999999998,0.76,29.17,0.35,28.255,0.45999999999999996,0.7033333333333333,0.7400000000000001,0.3733333333333333,-0.25333333333333335,-0.2966666666666667,-0.6233333333333334,-0.75,-0.6233333333333334,-0.10666666666666665,0.44,0.6,0.35,0.175,0.335,-0.15999999999999998
2014-06-16,27.84,0.22,24.39,1.22,27.58,0.93,29.07,0.22,28.18,0.47,-0.11000000000000003,0.8266666666666667,1.6066666666666667,1.343333333333333,1.0599999999999998,0.3033333333333333,-0.5033333333333333,-1.3166666666666667,-1.61,-0.9700000000000001,0.3,0.2,0.15,0.39,-0.24
2014-07-01,27.6,0.14500000000000002,23.79,1.29,26.965,0.7050000000000001,28.95,0.13,27.725,0.21999999999999997,0.010000000000000009,0.4633333333333334,0.7966666666666667,0.61,0.4966666666666666,0.09666666666666664,-0.31,-0.6966666666666667,-0.79,-0.43,0.0,0.0,0.08499999999999999,0.405,-0.32
2014-07-16,27.36,0.07,23.19,1.36,26.35,0.48,28.83,0.04,27.27,-0.03,-0.625,0.255,1.2575,1.47,1.3325,0.7825,0.06250000000000003,-0.8375,-1.5050000000000001,-1.2675,-0.3,-0.2,0.02,0.42,-0.4
2014-08-01,27.195,0.07,22.535,1.19,25.945,0.4,28.9,0.16,27.08,-0.02,-0.71,-0.6833333333333332,-0.2966666666666667,0.28,0.45999999999999996,0.6933333333333334,0.73,0.5333333333333333,-0.01333333333333333,-0.5099999999999999,-0.75,-0.44999999999999996,-0.005000000000000001,0.48,-0.485
2014-08-16,27.03,0.07,21.88,1.02,25.54,0.32,28.97,0.28,26.89,-0.01,-0.10666666666666665,-0.44333333333333336,-0.6533333333333333,-0.4633333333333334,-0.3233333333333333,0.020000000000000018,0.3333333333333333,0.5933333333333334,0.59,0.25,-1.2,-0.7,-0.03,0.54,-0.57
2014-09-01,27.015,0.155,21.6,0.88,25.445,0.33,29.09,0.405,26.98,0.15,0.4466666666666666,0.7166666666666668,0.6833333333333332,0.17666666666666664,0.01,-0.38000000000000006,-0.6533333333333333,-0.7633333333333333,-0.47666666666666674,0.04999999999999999,-1.2,-0.7,0.015,0.55,-0.54
2014-09-16,27.0,0.24,21.32,0.74,25.35,0.34,29.21,0.53,27.07,0.31,0.31,0.48666666666666664,0.43,0.10333333333333333,0.16666666666666666,-0.17333333333333334,-0.41,-0.5266666666666667,-0.35333333333333333,0.02666666666666666,-1.2,-0.7,0.06,0.56,-0.51
2014-10-01,27.11,0.375,21.29,0.565,25.53,0.485,29.18,0.5,27.134999999999998,0.37,-0.32666666666666666,0.07333333333333332,0.55,0.67,0.6233333333333334,0.41,0.09000000000000001,-0.3233333333333333,-0.67,-0.6033333333333334,-1.1,-0.6499999999999999,0.185,0.44000000000000006,-0.265
2014-10-16,27.22,0.51,21.26,0.39,25.71,0.63,29.15,0.47,27.2,0.43,0.07333333333333332,-0.22,-0.5,-0.4666666666666666,-0.3433333333333333,-0.12666666666666665,0.11333333333333334,0.3833333333333333,0.5033333333333333,0.33,-1.0,-0.6,0.31,0.32,-0.02
2014-11-01,27.285,0.605,21.810000000000002,0.565,25.895,0.755,29.275,0.6,27.384999999999998,0.59,-0.41,-0.4533333333333333,-0.27,0.08666666666666666,0.1733333333333333,0.36999999999999994,0.45,0.39666666666666667,0.09666666666666668,-0.23333333333333336,-1.25,-0.75,0.32,0.28,0.035
2014-11-16,27.35,0.7,22.36,0.74,26.08,0.88,29.4,0.73,27.57,0.75,1.5366666666666668,1.06,-0.15,-1.29,-1.3866666666666667,-1.5566666666666666,-1.3,-0.5199999999999999,0.7533333333333334,1.4966666666666668,-1.5,-0.9,0.33,0.24,0.09
2014-12-01,27.355,0.75,22.545,0.315,26.055,0.825,29.299999999999997,0.74,27.425,0.69,-0.05333333333333332,0.35333333333333333,0.7000000000000001,0.5933333333333333,0.49666666666666665,0.15666666666666668,-0.2066666666666667,-0.5766666666666667,-0.71,-0.43,-1.2,-0.75,0.23,0.29000000000000004,-0.06
2014-12-16,27.36,0.8,22.73,-0.11,26.03,0.77,29.2,0.75,27.28,0.63,1.4133333333333333,1.1500000000000001,0.16666666666666666,-0.9566666666666667,-1.1266666666666667,-1.43,-1.3333333333333333,-0.7533333333333334,0.38999999999999996,1.2133333333333334,-0.9,-0.6,0.13,0.34,-0.21
2015-01-01,27.32,0.765,23.655,-0.02500000000000001,26.12,0.655,29.060000000000002,0.725,27.175,0.5700000000000001,0.5433333333333333,1.4666666666666666,1.8766666666666667,1.0566666666666666,0.7666666666666666,-0.26333333333333336,-1.1566666666666667,-1.8433333333333335,-1.6433333333333333,-0.5333333333333333,-1.15,-0.7,-0.1,0.185,-0.285
2015-01-16,27.28,0.73,24.58,0.06,26.21,0.54,28.92,0.7,27.07,0.51,-0.24333333333333332,0.3633333333333333,0.9500000000000001,0.92,0.8033333333333333,0.37666666666666665,-0.13,-0.7066666666666667,-1.03,-0.7466666666666667,-1.4,-0.8,-0.33,0.03,-0.36
2015-02-01,27.355,0.69,25.055,-0.25499999999999995,26.48,0.455,28.990000000000002,0.83,27.275,0.63,-0.6866666666666666,-0.46,0.08,0.5866666666666667,0.68,0.71,0.5666666666666667,0.18666666666666668,-0.3833333333333333,-0.69,-0.5,-0.30000000000000004,-0.23,0.095,-0.32499999999999996
2015-02-16,27.43,0.65,25.53,-0.57,26.75,0.37,29.06,0.96,27.48,0.75,-0.26,0.09666666666666666,0.5166666666666667,0.6033333333333334,0.58,0.35333333333333333,0.053333333333333344,-0.33,-0.62,-0.5299999999999999,0.4,0.2,-0.13,0.16,-0.29
2015-03-01,27.689999999999998,0.685,26.130000000000003,-0.21999999999999997,27.02,0.245,29.115000000000002,0.95,27.58,0.595,0.5633333333333334,1.62,2.1133333333333333,1.2533333333333334,0.9833333333333333,-0.20999999999999996,-1.2433333333333332,-2.04,-1.873333333333333,-0.6433333333333333,-0.4,-0.24999999999999994,0.024999999999999994,0.195,-0.16999999999999998
2015-03-16,27.95,0.72,26.73,0.13,27.29,0.12,29.17,0.94,27.68,0.44,-1.3933333333333333,-1.2833333333333334,-0.47,0.6833333333333332,0.98,1.3766666666666667,1.3966666666666667,0.9633333333333334,-0.13,-1.0566666666666666,-1.2,-0.7,0.18,0.23,-0.05
2015-04-01,28.22,0.79,26.71,0.5449999999999999,27.81,0.44,29.395000000000003,1.02,28.155,0.63,0.6433333333333333,0.9633333333333334,0.88,0.20000000000000004,-0.05000000000000001,-0.5333333333333333,-0.8666666666666667,-0.9699999999999999,-0.56,0.14,-0.65,-0.35,0.27,0.21500000000000002,0.05500000000000001
2015-04-16,28.49,0.86,26.69,0.96,28.33,0.76,29.62,1.1,28.63,0.82,0.22666666666666666,0.7566666666666667,1.05,0.6433333333333333,0.43999999999999995,-0.09000000000000001,-0.5633333333333334,-0.9533333333333333,-0.9033333333333333,-0.3433333333333333,-0.1,0.0,0.36,0.2,0.16
2015-05-01,28.659999999999997,0.95,26.32,1.15,28.2,0.81,29.65,0.9950000000000001,28.67,0.825,-0.2966666666666667,0.6233333333333334,1.4766666666666666,1.3733333333333333,1.2366666666666666,0.5266666666666667,-0.26666666666666666,-1.12,-1.5666666666666667,-1.08,-0.6499999999999999,-0.35,0.36,0.19,0.165
2015-05-16,28.83,1.04,25.95,1.34,28.07,0.86,29.68,0.89,28.71,0.83,-0.9933333333333333,-0.34,0.6866666666666666,1.2666666666666666,1.2766666666666666,1.0933333333333335,0.6233333333333334,-0.15666666666666665,-1.0633333333333332,-1.2933333333333332,-1.2,-0.7,0.36,0.18,0.17
2015-06-01,28.825,1.115,25.52,1.625,27.985,1.06,29.71,0.895,28.72,0.925,-0.006666666666666672,-0.3666666666666667,-0.65,-0.5333333333333333,-0.4200000000000001,-0.06999999999999999,0.2666666666666668,0.58,0.6466666666666666,0.3499999999999999,-1.05,-0.6499999999999999,0.42,0.16999999999999998,0.24
2015-06-16,28.82,1.19,25.09,1.91,27.9,1.26,29.74,0.9,28.73,1.02,0.9933333333333333,2.016666666666667,2.2600000000000002,1.01,0.5666666666666667,-0.7066666666666667,-1.7133333333333336,-2.3333333333333335,-1.8066666666666666,-0.3033333333333333,-0.9,-0.6,0.48,0.16,0.31
2015-07-01,28.775,1.315,24.7,2.195,27.74,1.4849999999999999,29.71,0.895,28.645,1.1400000000000001,-2.4033333333333338,-0.9133333333333334,1.5266666666666666,3.0100000000000002,2.9633333333333334,2.5866666666666664,1.5233333333333334,-0.3033333333333333,-2.4533333333333336,-3.0533333333333332,-1.4,-0.8500000000000001,0.585,0.195,0.385
2015-07-16,28.73,1.44,24.31,2.48,27.58,1.71,29.68,0.89,28.56,1.26,-0.885,-0.5875,0.09,0.7175,0.8725,0.925,0.735,0.2725,-0.47250000000000003,-0.885,-1.9,-1.1,0.69,0.23,0.46
2015-08-01,28.71,1.585,23.485,2.14,27.32,1.775,29.55,0.81,28.555,1.455,-0.7633333333333333,-0.17,0.6733333333333333,1.0999999999999999,1.1633333333333333,0.8966666666666666,0.42333333333333334,-0.26999999999999996,-0.9966666666666667,-1.0866666666666667,-2.15,-1.25,0.78,0.295,0.485
2015-08-16,28.69,1.73,22.66,1.8,27.06,1.84,29.42,0.73,28.55,1.65,-1.1566666666666667,-0.7166666666666667,0.22333333333333336,1.0333333333333334,1.1966666666666665,1.22,0.93,0.27999999999999997,-0.7066666666666667,-1.21,-2.4,-1.4,0.87,0.36,0.51
2015-09-01,28.740000000000002,1.875,22.75,2.03,27.08,1.9649999999999999,29.44,0.76,28.55,1.72,-0.7666666666666666,-0.4366666666666667,0.21666666666666667,0.7366666666666667,0.8466666666666667,0.8300000000000001,0.5966666666666667,0.13333333333333336,-0.5366666666666666,-0.8366666666666668,-2.55,-1.5,0.9099999999999999,0.295,0.615
2015-09-16,28.79,2.02,22.84,2.26,27.1,2.09,29.46,0.79,28.55,1.79,-1.0066666666666666,-0.15333333333333332,1.0266666666666666,1.5666666666666664,1.61,1.2066666666666668,0.53,-0.44333333333333336,-1.42,-1.4933333333333334,-2.7,-1.6,0.95,0.23,0.72
2015-10-01,28.89,2.15,22.955,2.23,27.28,2.235,29.545,0.87,28.765,2.0,-1.41,-0.3,1.2933333333333332,2.0866666666666664,2.15,1.6600000000000001,0.7800000000000001,-0.5166666666666667,-1.8566666666666667,-2.0233333333333334,-2.75,-1.65,0.9299999999999999,0.315,0.615
2015-10-16,28.99,2.28,23.07,2.2,27.46,2.38,29.63,0.95,28.98,2.21,-1.04,-1.1933333333333334,-0.7633333333333333,0.13999999999999999,0.39000000000000007,0.9533333333333333,1.2066666666666668,1.1066666666666667,0.3466666666666666,-0.5433333333333333,-2.8,-1.7,0.91,0.4,0.51
2015-11-01,29.045,2.365,23.37,2.12,27.68,2.54,29.924999999999997,1.25,29.259999999999998,2.465,0.3866666666666667,0.09000000000000001,-0.35666666666666663,-0.6033333333333334,-0.57,-0.43999999999999995,-0.20333333333333337,0.16666666666666666,0.5266666666666667,0.5633333333333334,-1.7999999999999998,-1.1,0.885,0.41000000000000003,0.475
2015-11-16,29.1,2.45,23.67,2.04,27.9,2.7,30.22,1.55,29.54,2.72,0.5099999999999999,0.6066666666666667,0.3933333333333333,-0.09666666666666666,-0.16,-0.4366666666666667,-0.5733333333333334,-0.5233333333333333,-0.16666666666666666,0.26333333333333336,-0.8,-0.5,0.86,0.42,0.44
2015-12-01,29.125,2.52,24.305,2.0700000000000003,27.869999999999997,2.635,30.03,1.475,29.285,2.555,0.4633333333333333,0.7333333333333334,0.71,0.19333333333333333,-0.023333333333333334,-0.3833333333333333,-0.64,-0.73,-0.4466666666666666,0.06999999999999999,-0.8500000000000001,-0.55,0.88,0.64,0.24
2015-12-16,29.15,2.59,24.94,2.1,27.84,2.57,29.84,1.4,29.03,2.39,0.3466666666666667,1.4900000000000002,2.1466666666666665,1.4233333333333331,1.24,0.0433333333333333,-1.06,-1.9833333333333334,-2.013333333333333,-0.8733333333333334,-0.9,-0.6,0.9,0.86,0.04
2016-01-01,29.1,2.545,25.33,1.655,28.0,2.5300000000000002,29.665,1.33,29.035,2.43,-1.1933333333333331,-0.7200000000000001,0.26666666666666666,1.1066666666666667,1.2266666666666668,1.2566666666666668,0.9633333333333333,0.29,-0.73,-1.25,-2.25,-1.4,0.88,0.97,-0.09
2016-01-16,29.05,2.5,25.72,1.21,28.16,2.49,29.49,1.26,29.04,2.47,0.2866666666666667,0.6166666666666667,0.71,0.33,0.18999999999999997,-0.19999999999999998,-0.5166666666666667,-0.7200000000000001,-0.5733333333333334,-0.11666666666666668,-3.6,-2.2,0.86,1.08,-0.22
2016-02-01,29.02,2.355,26.41,1.1099999999999999,28.235,2.21,29.479999999999997,1.315,29.005,2.35,0.48666666666666664,0.9233333333333333,0.9900000000000001,0.4066666666666667,0.22666666666666666,-0.33,-0.7633333333333333,-1.0133333333333334,-0.7566666666666667,-0.08333333333333333,-3.4000000000000004,-2.1,0.71,1.02,-0.31
2016-02-16,28.99,2.21,27.1,1.01,28.31,1.93,29.47,1.37,28.97,2.23,-1.4566666666666668,-0.39666666666666667,1.1666666666666667,2.02,2.0866666666666664,1.66,0.8466666666666667,-0.39999999999999997,-1.7533333333333332,-1.9966666666666668,-3.2,-2.0,0.56,0.96,-0.4
2016-03-01,28.955,1.95,27.41,1.06,28.5,1.73,29.445,1.2850000000000001,28.91,1.92,-0.5533333333333333,-0.7933333333333333,-0.7133333333333333,-0.15666666666666665,0.11333333333333336,0.47333333333333333,0.71,0.7833333333333333,0.43,-0.1466666666666667,-1.6500000000000001,-1.05,0.74,1.06,-0.32
2016-03-16,28.92,1.69,27.72,1.11,28.69,1.53,29.42,1.2,28.85,1.61,0.010000000000000009,0.7799999999999999,1.3499999999999999,1.04,0.93,0.2233333333333333,-0.49000000000000005,-1.16,-1.34,-0.7466666666666666,-0.1,-0.1,0.92,1.16,-0.24
2016-04-01,28.83,1.4,26.95,0.78,28.48,1.115,29.340000000000003,0.975,28.82,1.295,-0.22999999999999998,0.15,0.5499999999999999,0.6,0.59,0.3233333333333333,-0.01,-0.38999999999999996,-0.65,-0.5233333333333333,-1.05,-0.6499999999999999,0.885,1.1099999999999999,-0.22499999999999998
2016-04-16,28.74,1.11,26.18,0.45,28.27,0.7,29.26,0.75,28.79,0.98,-0.6533333333333333,-0.29000000000000004,0.3466666666666667,0.7533333333333333,0.7366666666666667,0.6966666666666667,0.4566666666666666,0.01666666666666668,-0.5633333333333334,-0.7799999999999999,-2.0,-1.2,0.85,1.06,-0.21
2016-05-01,28.555,0.8400000000000001,25.619999999999997,0.445,27.725,0.33499999999999996,29.305,0.655,28.47,0.625,0.2166666666666667,-0.43333333333333335,-1.0666666666666667,-1.03,-0.8399999999999999,-0.35333333333333333,0.19666666666666666,0.8066666666666666,1.1233333333333333,0.7733333333333333,-0.6499999999999999,-0.3999999999999999,0.62,0.99,-0.37
2016-05-16,28.37,0.57,25.06,0.44,27.18,-0.03,29.35,0.56,28.15,0.27,0.36333333333333334,0.5466666666666667,0.5,0.10000000000000002,-0.12333333333333335,-0.35333333333333333,-0.51,-0.5433333333333333,-0.2866666666666667,0.09666666666666668,0.7,0.4,0.39,0.92,-0.53
2016-06-01,28.045,0.32999999999999996,24.299999999999997,0.405,26.9,-0.025,29.305,0.485,27.939999999999998,0.14500000000000002,-0.49666666666666665,-0.39999999999999997,-0.05666666666666664,0.3166666666666667,0.35000000000000003,0.47333333333333333,0.4566666666666667,0.26999999999999996,-0.1233333333333333,-0.4166666666666667,0.9,0.5,0.17,0.8200000000000001,-0.645
2016-06-16,27.72,0.09,23.54,0.37,26.62,-0.02,29.26,0.41,27.73,0.02,1.2433333333333334,1.07,0.25333333333333335,-0.7633333333333333,-0.9,-1.24,-1.22,-0.77,0.2266666666666667,1.0,1.1,0.6,-0.05,0.72,-0.76
2016-07-01,27.41,-0.05000000000000002,22.88,0.38,26.015,-0.24499999999999997,29.1,0.27999999999999997,27.305,-0.2,-0.5433333333333333,-0.26333333333333336,0.2333333333333333,0.5733333333333334,0.62,0.5633333333333334,0.36000000000000004,-0.00999999999999999,-0.48,-0.6433333333333334,0.9,0.5,-0.16500000000000004,0.76,-0.92
2016-07-16,27.1,-0.19,22.22,0.39,25.41,-0.47,28.94,0.15,26.88,-0.42,0.0175,-0.42500000000000004,-0.7999999999999999,-0.66,-0.4425,-0.10500000000000002,0.25749999999999995,0.625,0.735,0.4225,0.7,0.4,-0.28,0.8,-1.08
2016-08-01,26.86,-0.265,21.740000000000002,0.395,25.1,-0.44999999999999996,28.815,0.06999999999999999,26.645,-0.45499999999999996,0.04,0.32,0.5166666666666667,0.39999999999999997,0.32666666666666666,0.03333333333333333,-0.23666666666666666,-0.49,-0.5133333333333333,-0.25,0.95,0.55,-0.06,0.77,-0.8300000000000001
2016-08-16,26.62,-0.34,21.26,0.4,24.79,-0.43,28.69,-0.01,26.41,-0.49,-0.44999999999999996,-0.033333333333333326,0.5166666666666667,0.7400000000000001,0.7600000000000001,0.5466666666666666,0.21000000000000005,-0.26999999999999996,-0.7133333333333334,-0.7133333333333334,1.2,0.7,0.16,0.74,-0.58
2016-09-01,26.48,-0.38,21.215000000000003,0.495,24.85,-0.265,28.6,-0.08499999999999999,26.375,-0.45999999999999996,0.46,0.16666666666666666,-0.32,-0.5933333333333333,-0.54,-0.51,-0.32333333333333336,0.016666666666666646,0.4466666666666666,0.5766666666666667,1.6,0.95,0.045,0.81,-0.77
2016-09-16,26.34,-0.42,21.17,0.59,24.91,-0.1,28.51,-0.16,26.34,-0.43,0.8500000000000001,1.1133333333333333,0.8466666666666667,0.01666666666666668,-0.21,-0.7666666666666666,-1.0866666666666667,-1.0999999999999999,-0.5066666666666667,0.32,2.0,1.2,-0.07,0.88,-0.96
2016-10-01,26.27,-0.46499999999999997,21.26,0.5349999999999999,24.759999999999998,-0.29000000000000004,28.395000000000003,-0.28,26.205,-0.565,0.3866666666666667,0.7533333333333334,0.8433333333333333,0.38666666666666666,0.14,-0.32,-0.6733333333333333,-0.8933333333333334,-0.6666666666666666,-0.09000000000000001,0.8,0.44999999999999996,-0.07,0.825,-0.8999999999999999
2016-10-16,26.2,-0.51,21.35,0.48,24.61,-0.48,28.28,-0.4,26.07,-0.7,0.29000000000000004,0.18000000000000002,-0.07333333333333335,-0.27999999999999997,-0.27999999999999997,-0.3133333333333333,-0.26,-0.09999999999999999,0.15333333333333335,0.29333333333333333,-0.4,-0.3,-0.07,0.77,-0.84
2016-11-01,26.18,-0.5,21.615000000000002,0.37,24.65,-0.495,28.275,-0.405,26.125,-0.6699999999999999,-0.4466666666666667,-0.3,0.04999999999999997,0.38000000000000006,0.4366666666666667,0.45999999999999996,0.36333333333333334,0.12000000000000004,-0.24999999999999997,-0.45333333333333337,-0.30000000000000004,-0.2,0.009999999999999995,0.66,-0.65
2016-11-16,26.16,-0.49,21.88,0.26,24.69,-0.51,28.27,-0.41,26.18,-0.64,0.8666666666666667,0.45999999999999996,-0.3333333333333333,-0.9233333333333333,-0.9,-0.9133333333333332,-0.6666666666666666,-0.12333333333333334,0.6333333333333333,0.9633333333333334,-0.2,-0.1,0.09,0.55,-0.46
2016-12-01,26.175,-0.43,22.57,0.33999999999999997,24.835,-0.395,28.325,-0.235,26.244999999999997,-0.485,0.6466666666666666,0.62,0.25333333333333335,-0.2866666666666667,-0.39999999999999997,-0.6566666666666666,-0.7200000000000001,-0.5499999999999999,-0.023333333333333355,0.45,0.14999999999999997,0.1,0.095,0.465,-0.37
2016-12-16,26.19,-0.37,23.26,0.42,24.98,-0.28,28.38,-0.06,26.31,-0.33,-0.06333333333333334,0.57,1.0833333333333333,0.9066666666666666,0.7366666666666667,0.19000000000000003,-0.36999999999999994,-0.93,-1.11,-0.6566666666666666,0.5,0.3,0.1,0.38,-0.28
2017-01-01,26.33,-0.225,24.42,0.7450000000000001,25.310000000000002,-0.15500000000000003,28.265,-0.065,26.305,-0.29500000000000004,0.10666666666666669,0.41333333333333333,0.6033333333333334,0.41333333333333333,0.25333333333333335,-0.06333333333333331,-0.3466666666666667,-0.5766666666666667,-0.5499999999999999,-0.2233333333333333,0.4,0.25,0.05,0.19,-0.135
2017-01-16,26.47,-0.08,25.58,1.07,25.64,-0.03,28.15,-0.07,26.3,-0.26,7.401486830834377e-17,-0.3733333333333333,-0.6833333333333332,-0.54,-0.4066666666666667,-0.1333333333333334,0.17666666666666667,0.49000000000000005,0.6066666666666667,0.3466666666666667,0.3,0.2,0.0,0.0,0.01
2017-02-01,26.665,0.0,26.409999999999997,1.105,26.275,0.25,28.08,-0.08,26.564999999999998,-0.08000000000000002,-0.9666666666666667,-0.24333333333333332,0.8066666666666666,1.376666666666667,1.45,1.1133333333333333,0.5233333333333333,-0.3566666666666667,-1.2566666666666666,-1.3733333333333333,0.09999999999999998,0.04999999999999999,0.025,0.0,0.03
2017-02-16,26.86,0.08,27.24,1.14,26.91,0.53,28.01,-0.09,26.83,0.1,-0.27,-1.0633333333333332,-1.5366666666666668,-1.0033333333333332,-0.7066666666666667,0.06000000000000005,0.7766666666666667,1.3833333333333335,1.3666666666666665,0.57,-0.1,-0.1,0.05,0.0,0.05
2017-03-01,27.18,0.175,27.835,1.4849999999999999,27.285,0.515,28.090000000000003,-0.075,27.134999999999998,0.155,0.9166666666666666,1.0466666666666666,0.68,-0.15333333333333332,-0.44,-0.86,-1.0466666666666666,-0.93,-0.25666666666666665,0.5033333333333333,0.7000000000000001,0.4,0.09,-0.09,0.18
2017-03-16,27.5,0.27,28.43,1.83,27.66,0.5,28.17,-0.06,27.44,0.21,0.18333333333333335,0.5533333333333333,0.7433333333333333,0.45,0.32666666666666666,-0.08,-0.4366666666666667,-0.7200000000000001,-0.6633333333333333,-0.23666666666666666,1.5,0.9,0.13,-0.18,0.31
2017-04-01,27.725,0.29500000000000004,27.465,1.3,27.895,0.53,28.395000000000003,0.024999999999999994,27.805,0.285,-0.12,0.3466666666666667,0.7566666666666667,0.6866666666666666,0.6366666666666666,0.22666666666666666,-0.20000000000000004,-0.6466666666666666,-0.8366666666666666,-0.54,0.6,0.35,0.15000000000000002,-0.22,0.37
2017-04-16,27.95,0.32,26.5,0.77,28.13,0.56,28.62,0.11,28.17,0.36,-0.5733333333333334,-0.05333333333333334,0.64,0.9466666666666667,0.9333333333333332,0.6566666666666667,0.22999999999999998,-0.36999999999999994,-0.91,-0.9,-0.3,-0.2,0.17,-0.26,0.43
2017-05-01,28.049999999999997,0.33499999999999996,25.73,0.56,27.86,0.47000000000000003,28.8,0.15,28.235,0.39,-1.2433333333333334,-1.3366666666666667,-0.75,0.35666666666666663,0.6166666666666667,1.1433333333333333,1.3433333333333335,1.1199999999999999,0.21,-0.7533333333333334,0.04999999999999999,0.04999999999999999,0.265,-0.255,0.52
2017-05-16,28.15,0.35,24.96,0.35,27.59,0.38,28.98,0.19,28.3,0.42,0.8666666666666667,0.5866666666666667,-0.10999999999999999,-0.7533333333333333,-0.7933333333333333,-0.8933333333333334,-0.7366666666666667,-0.29,0.44333333333333336,0.8566666666666668,0.4,0.3,0.36,-0.25,0.61
2017-06-01,28.045,0.33499999999999996,24.055,0.15999999999999998,27.15,0.225,29.130000000000003,0.315,28.200000000000003,0.405,-0.006666666666666636,0.21333333333333335,0.37666666666666665,0.31,0.2733333333333334,0.040000000000000015,-0.17666666666666667,-0.37333333333333335,-0.41333333333333333,-0.22666666666666666,-0.15000000000000002,-0.04999999999999999,0.32499999999999996,-0.16,0.485
2017-06-16,27.94,0.32,23.15,-0.03,26.71,0.07,29.28,0.44,28.1,0.39,0.46666666666666673,0.22999999999999998,-0.21666666666666667,-0.53,-0.4766666666666666,-0.49333333333333335,-0.36000000000000004,-0.06,0.3566666666666667,0.5333333333333333,-0.7,-0.4,0.29,-0.07,0.36
2017-07-01,27.685000000000002,0.23,22.335,-0.17500000000000002,26.365000000000002,0.11,29.15,0.335,27.84,0.335,0.9966666666666667,0.9433333333333334,0.3566666666666667,-0.49333333333333335,-0.6766666666666667,-0.9899999999999999,-1.03,-0.7233333333333333,0.06333333333333334,0.7366666666666667,0.30000000000000004,0.20000000000000007,0.41500000000000004,0.05,0.365
2017-07-16,27.43,0.14,21.52,-0.32,26.02,0.15,29.02,0.23,27.58,0.28,0.6675,0.7825000000000001,0.505,-0.10750000000000001,-0.21750000000000003,-0.5974999999999999,-0.78,-0.73,-0.25,0.335,1.3,0.8,0.54,0.17,0.37
2017-08-01,27.16,0.035,21.049999999999997,-0.30000000000000004,25.625,0.08499999999999999,28.9,0.16,27.215,0.11000000000000001,-0.5033333333333333,-0.47666666666666674,-0.19333333333333336,0.22,0.3233333333333333,0.49,0.5133333333333333,0.36999999999999994,-0.026666666666666672,-0.3666666666666667,1.1,0.65,0.53,-0.014999999999999986,0.5449999999999999
2017-08-16,26.89,-0.07,20.58,-0.28,25.23,0.02,28.78,0.09,26.85,-0.06,0.7000000000000001,0.27999999999999997,-0.4366666666666667,-0.8766666666666666,-0.7999999999999999,-0.7533333333333333,-0.48333333333333334,0.026666666666666655,0.6633333333333333,0.8666666666666666,0.9,0.5,0.52,-0.2,0.72
2017-09-01,26.715,-0.15000000000000002,20.225,-0.495,24.865000000000002,-0.24500000000000002,28.685000000000002,0.0,26.645000000000003,-0.19,0.6766666666666667,0.4033333333333333,-0.17666666666666667,-0.6633333333333333,-0.68,-0.6933333333333334,-0.5266666666666667,-0.13,0.44333333333333336,0.7200000000000001,0.95,0.55,0.42000000000000004,-0.035,0.45499999999999996
2017-09-16,26.54,-0.23,19.87,-0.71,24.5,-0.51,28.59,-0.09,26.44,-0.32,-0.056666666666666664,0.10666666666666669,0.2833333333333334,0.26666666666666666,0.13666666666666666,0.040000000000000015,-0.07333333333333333,-0.21,-0.2733333333333334,-0.18999999999999997,1.0,0.6,0.32,0.13,0.19
2017-10-01,26.405,-0.335,19.835,-0.89,24.595,-0.45,28.575,-0.11,26.42,-0.345,1.8633333333333333,1.7,0.5666666666666667,-0.9633333333333334,-1.2266666666666666,-1.8099999999999998,-1.8633333333333333,-1.2866666666666668,0.17333333333333334,1.4133333333333333,1.25,0.75,0.355,0.15000000000000002,0.20500000000000002
2017-10-16,26.27,-0.44,19.8,-1.07,24.69,-0.39,28.56,-0.13,26.4,-0.37,-0.4166666666666667,0.4300000000000001,1.3133333333333332,1.36,1.1666666666666667,0.58,-0.1266666666666666,-0.9500000000000001,-1.4533333333333334,-1.0966666666666667,1.5,0.9,0.39,0.17,0.22
2017-11-01,26.155,-0.525,20.15,-1.0950000000000002,24.47,-0.6699999999999999,28.439999999999998,-0.24,26.155,-0.64,0.3166666666666667,0.020000000000000018,-0.4000000000000001,-0.5633333333333334,-0.47000000000000003,-0.37000000000000005,-0.16000000000000003,0.15666666666666662,0.47,0.48666666666666664,1.5,0.9,0.405,0.19,0.215
2017-11-16,26.04,-0.61,20.5,-1.12,24.25,-0.95,28.32,-0.35,25.91,-0.91,1.02,0.8133333333333334,0.08333333333333331,-0.7166666666666667,-0.7699999999999999,-1.0,-0.9433333333333334,-0.5299999999999999,0.29,0.88,1.5,0.9,0.42,0.21,0.21
2017-12-01,25.92,-0.685,21.060000000000002,-1.17,24.185000000000002,-1.045,28.189999999999998,-0.37,25.814999999999998,-0.92,0.07333333333333335,0.6266666666666667,0.9899999999999999,0.7333333333333334,0.6833333333333332,0.07333333333333333,-0.4833333333333334,-0.9833333333333333,-1.04,-0.51,0.65,0.4,0.22,0.185,0.035
2017-12-16,25.8,-0.76,21.62,-1.22,24.12,-1.14,28.06,-0.39,25.72,-0.93,-0.58,-0.45,-0.046666666666666634,0.39666666666666667,0.5,0.5566666666666666,0.4766666666666666,0.22000000000000006,-0.2366666666666667,-0.53,-0.2,-0.1,0.02,0.16,-0.14
2018-01-01,25.814999999999998,-0.735,22.700000000000003,-0.98,24.355,-1.115,28.04,-0.29500000000000004,25.795,-0.815,0.8733333333333334,0.44333333333333336,-0.3133333333333333,-0.9033333333333333,-1.17,-1.0033333333333332,-0.63,-0.010000000000000009,0.7633333333333333,1.0366666666666668,0.8,0.5000000000000001,-0.06,-0.06999999999999998,0.015000000000000013
2018-01-16,25.83,-0.71,23.78,-0.74,24.59,-1.09,28.02,-0.2,25.87,-0.7,0.9899999999999999,1.5666666666666667,1.4766666666666666,0.4266666666666666,0.08,-0.8033333333333333,-1.42,-1.6866666666666668,-1.06,0.11333333333333336,1.8,1.1,-0.14,-0.3,0.17
2018-02-01,25.97,-0.69,24.695,-0.615,25.09,-0.9400000000000001,27.93,-0.23,25.965,-0.685,-1.1533333333333333,-0.3233333333333333,0.9033333333333333,1.59,1.75,1.3266666666666667,0.63,-0.39999999999999997,-1.4633333333333332,-1.6133333333333333,0.5,0.30000000000000004,0.03,-0.3,0.32999999999999996
2018-02-16,26.11,-0.67,25.61,-0.49,25.59,-0.79,27.84,-0.26,26.06,-0.67,0.003333333333333336,-0.5633333333333334,-1.06,-0.8266666666666667,-0.4066666666666667,-0.08000000000000007,0.3166666666666667,0.7466666666666667,0.8833333333333332,0.51,-0.8,-0.5,0.2,-0.3,0.49
2018-03-01,26.395,-0.6100000000000001,25.73,-0.62,26.009999999999998,-0.76,27.939999999999998,-0.22,26.28,-0.7,1.7733333333333334,1.1833333333333333,-0.24,-1.5266666666666666,-1.5566666666666666,-1.75,-1.4400000000000002,-0.5333333333333333,0.9266666666666667,1.7566666666666666,0.8,0.5,0.14500000000000002,-0.145,0.28500000000000003
2018-03-16,26.68,-0.55,25.85,-0.75,26.43,-0.73,28.04,-0.18,26.5,-0.73,0.5833333333333334,0.9466666666666667,0.9,0.28,0.20000000000000004,-0.4133333333333334,-0.8466666666666667,-1.0533333333333335,-0.6999999999999998,0.023333333333333355,2.4,1.5,0.09,0.01,0.08
2018-04-01,26.98,-0.45,25.37,-0.7949999999999999,26.755,-0.61,28.299999999999997,-0.065,26.905,-0.61,-1.01,-1.42,-1.2166666666666666,-0.20333333333333337,0.2233333333333333,0.9033333333333333,1.3333333333333333,1.4166666666666667,0.7333333333333334,-0.3033333333333333,1.6,1.0,0.12,0.05500000000000001,0.065
2018-04-16,27.28,-0.35,24.89,-0.84,27.08,-0.49,28.56,0.05,27.31,-0.49,0.8766666666666666,0.8533333333333334,0.35666666666666663,-0.39666666666666667,-0.5133333333333333,-0.83,-0.9033333333333333,-0.6699999999999999,0.006666666666666672,0.62,0.8,0.5,0.15,0.1,0.05
2018-05-01,27.5,-0.21,24.48,-0.69,27.075,-0.32,28.740000000000002,0.09,27.54,-0.3,-0.5066666666666667,-0.86,-0.88,-0.3133333333333333,0.016666666666666646,0.43999999999999995,0.7533333333333334,0.9033333333333333,0.59,-0.023333333333333317,0.7,0.45,0.09,-0.0050000000000000044,0.095
2018-05-16,27.72,-0.07,24.07,-0.54,27.07,-0.15,28.92,0.13,27.77,-0.11,0.7466666666666667,-0.17,-1.2933333333333332,-1.5933333333333335,-1.4166666666666667,-0.9133333333333332,-0.18666666666666668,0.7666666666666666,1.54,1.3833333333333335,0.6,0.4,0.03,-0.11,0.14
2018-06-01,27.740000000000002,0.03,23.275,-0.615,26.945,0.014999999999999986,29.0,0.185,27.814999999999998,0.020000000000000004,0.4033333333333333,0.6233333333333334,0.59,0.17333333333333334,0.003333333333333336,-0.3666666666666667,-0.6066666666666667,-0.6966666666666667,-0.4166666666666667,0.05999999999999998,0.19999999999999996,0.15000000000000002,-0.025,-0.125,0.1
2018-06-16,27.76,0.13,22.48,-0.69,26.82,0.18,29.08,0.24,27.86,0.15,-0.2866666666666667,-0.6333333333333333,-0.7600000000000001,-0.39999999999999997,-0.19333333333333336,0.18666666666666668,0.5033333333333333,0.7233333333333333,0.59,0.12666666666666668,-0.2,-0.1,-0.08,-0.14,0.06
2018-07-01,27.625,0.165,22.009999999999998,-0.49,26.48,0.225,29.045,0.22999999999999998,27.689999999999998,0.185,0.8333333333333334,0.8366666666666666,0.38000000000000006,-0.31666666666666665,-0.38999999999999996,-0.7799999999999999,-0.9066666666666667,-0.7333333333333334,-0.09666666666666668,0.5433333333333333,0.10000000000000003,0.05000000000000002,-0.035,-0.225,0.195
2018-07-16,27.49,0.2,21.54,-0.29,26.14,0.27,29.01,0.22,27.52,0.22,-0.255,0.4425,1.105,1.07,0.9325,0.39,-0.20749999999999996,-0.8674999999999999,-1.2125,-0.8425,0.4,0.2,0.01,-0.31,0.33
2018-08-01,27.369999999999997,0.25,21.105,-0.235,25.75,0.20500000000000002,29.085,0.345,27.35,0.25,-0.7933333333333333,-0.18666666666666668,0.7033333333333333,1.1766666666666665,1.17,0.8766666666666666,0.3933333333333333,-0.32666666666666666,-1.0466666666666666,-1.1266666666666667,-0.04999999999999999,-0.04999999999999999,0.07999999999999999,-0.26,0.345
2018-08-16,27.25,0.3,20.67,-0.18,25.36,0.14,29.16,0.47,27.18,0.28,0.2333333333333333,0.6766666666666666,0.8733333333333334,0.5233333333333333,0.4366666666666667,-0.11666666666666668,-0.5766666666666667,-0.9166666666666666,-0.8266666666666667,-0.27999999999999997,-0.5,-0.3,0.15,-0.21,0.36
2018-09-01,27.265,0.41000000000000003,20.635,-0.08,25.325,0.21000000000000002,29.145,0.46499999999999997,27.14,0.30500000000000005,-0.35333333333333333,-0.4166666666666667,-0.2866666666666667,0.043333333333333314,0.19000000000000003,0.3266666666666666,0.38999999999999996,0.33666666666666667,0.08666666666666663,-0.19333333333333333,-1.0,-0.6000000000000001,0.235,-0.27999999999999997,0.515
2018-09-16,27.28,0.52,20.6,0.02,25.29,0.28,29.13,0.46,27.1,0.33,-1.1233333333333333,-0.8866666666666667,-0.12666666666666665,0.7466666666666666,0.9766666666666666,1.1500000000000001,1.0233333333333332,0.5333333333333333,-0.3833333333333333,-1.0,-1.5,-0.9,0.32,-0.35,0.67
2018-10-01,27.405,0.6699999999999999,20.875,0.145,25.57,0.52,29.345,0.67,27.365000000000002,0.595,-0.17,-0.9566666666666667,-1.4966666666666668,-1.07,-0.7233333333333333,-0.0033333333333332993,0.6866666666666666,1.3066666666666666,1.3499999999999999,0.6333333333333333,-0.44999999999999996,-0.25,0.27,-0.245,0.515
2018-10-16,27.53,0.82,21.15,0.27,25.85,0.76,29.56,0.88,27.63,0.86,-0.5566666666666666,-0.5299999999999999,-0.25666666666666665,0.21999999999999997,0.5133333333333333,0.6033333333333334,0.5666666666666667,0.37000000000000005,-0.07666666666666666,-0.4266666666666667,0.6,0.4,0.22,-0.14,0.36
2018-11-01,27.61,0.9299999999999999,21.775,0.525,25.985,0.8400000000000001,29.509999999999998,0.835,27.66,0.86,0.6666666666666666,0.20666666666666667,-0.5433333333333333,-0.94,-0.7733333333333333,-0.6933333333333334,-0.4033333333333333,0.11666666666666665,0.7233333333333333,0.8733333333333334,0.25,0.15000000000000002,0.35,-0.065,0.41000000000000003
2018-11-16,27.69,1.04,22.4,0.78,26.12,0.92,29.46,0.79,27.69,0.86,-0.9,-0.54,0.19333333333333333,0.8300000000000001,1.0566666666666666,0.9966666666666667,0.7066666666666667,0.14000000000000004,-0.6333333333333334,-0.98,-0.1,-0.1,0.48,0.01,0.46
2018-12-01,27.65,1.045,23.035,0.81,26.165,0.9299999999999999,29.435000000000002,0.88,27.615000000000002,0.88,0.56,0.03999999999999996,-0.7033333333333333,-0.9966666666666667,-0.8366666666666666,-0.6233333333333334,-0.24333333333333332,0.33666666666666667,0.87,0.8766666666666666,0.8,0.45000000000000007,0.47,0.03,0.435
2018-12-16,27.61,1.05,23.67,0.84,26.21,0.94,29.41,0.97,27.54,0.9,1.3266666666666667,1.9466666666666665,1.67,0.3133333333333333,0.06666666666666667,-1.0733333333333333,-1.8166666666666667,-2.066666666666667,-1.1966666666666665,0.27999999999999997,1.7,1.0,0.46,0.05,0.41
2019-01-01,27.575,1.02,24.495,0.8200000000000001,26.310000000000002,0.835,29.235,0.8999999999999999,27.39,0.785,-0.25666666666666665,0.4033333333333333,0.7066666666666667,0.8233333333333333,0.7533333333333333,0.44999999999999996,-0.17999999999999994,-0.6466666666666666,-0.7999999999999999,-0.7133333333333334,0.7999999999999999,0.5,0.445,0.16500000000000004,0.27999999999999997
2019-01-16,27.54,0.99,25.32,0.8,26.41,0.73,29.06,0.83,27.24,0.67,0.3466666666666667,-0.23666666666666666,-0.28,-0.6166666666666667,-0.7466666666666666,-0.63,-0.13,0.4000000000000001,0.6633333333333333,0.7033333333333333,-0.1,0.0,0.43,0.28,0.15
2019-02-01,27.63,0.965,26.045,0.7350000000000001,26.75,0.72,29.0,0.84,27.34,0.69,1.17,0.8700000000000001,0.7599999999999999,0.12000000000000001,-0.5,-1.0533333333333335,-1.1566666666666665,-0.5766666666666667,0.08666666666666667,0.73,-1.2,-0.7,0.33999999999999997,0.29500000000000004,0.045
2019-02-16,27.72,0.94,26.77,0.67,27.09,0.71,28.94,0.85,27.44,0.71,-0.64,-0.26666666666666666,0.10999999999999999,0.36333333333333334,0.5533333333333333,0.6466666666666666,0.4166666666666667,-0.003333333333333336,-0.33,-0.58,-2.3,-1.4,0.25,0.31,-0.06
2019-03-01,27.91,0.905,26.939999999999998,0.585,27.52,0.75,29.015,0.86,27.825000000000003,0.84,0.02666666666666669,-1.1233333333333333,-1.1866666666666668,-1.5133333333333334,-1.3766666666666667,-0.7133333333333333,0.5366666666666666,1.3800000000000001,1.53,1.1566666666666665,-1.4,-0.85,0.22999999999999998,0.245,-0.015
2019-03-16,28.1,0.87,27.11,0.5,27.95,0.79,29.09,0.87,28.21,0.97,1.2666666666666666,0.6333333333333334,0.5499999999999999,-0.28,-0.9333333333333332,-1.3733333333333333,-1.1266666666666667,-0.25666666666666665,0.5133333333333333,1.1133333333333333,-0.5,-0.3,0.21,0.18,0.03
2019-04-01,28.275,0.845,26.655,0.485,28.08,0.7150000000000001,29.11,0.74,28.37,0.845,0.29,0.4466666666666667,0.61,0.36000000000000004,0.08999999999999998,-0.24,-0.49666666666666665,-0.44333333333333336,-0.25,-0.01,-0.15000000000000002,-0.09999999999999998,0.33499999999999996,0.16999999999999998,0.165
2019-04-16,28.45,0.82,26.2,0.47,28.21,0.64,29.13,0.61,28.53,0.72,-0.5499999999999999,-0.86,-0.8033333333333333,-0.63,-0.29666666666666663,0.2266666666666667,0.7533333333333333,0.8133333333333334,0.5599999999999999,0.10666666666666665,0.2,0.1,0.46,0.16,0.3
2019-05-01,28.475,0.7649999999999999,25.48,0.31,28.04,0.65,29.27,0.615,28.58,0.735,0.9899999999999999,0.9666666666666667,1.02,0.41333333333333333,-0.20666666666666664,-0.8566666666666668,-1.1766666666666667,-0.8066666666666666,-0.22666666666666666,0.4166666666666667,-0.24999999999999994,-0.15,0.5700000000000001,0.0050000000000000044,0.565
2019-05-16,28.5,0.71,24.76,0.15,27.87,0.66,29.41,0.62,28.63,0.75,-0.58,0.6666666666666666,1.0766666666666667,1.4733333333333334,1.4933333333333332,1.04,-0.1166666666666667,-1.11,-1.4900000000000002,-1.4100000000000001,-0.7,-0.4,0.68,-0.15,0.83
2019-06-01,28.355,0.6499999999999999,23.955,0.06,27.47,0.54,29.47,0.655,28.47,0.675,-1.5566666666666666,-1.8533333333333335,-1.5833333333333333,-0.9866666666666667,-0.1466666666666667,0.9533333333333333,1.8,1.5599999999999998,0.8033333333333333,-0.27666666666666667,-0.7,-0.45,0.615,-0.24,0.855
2019-06-16,28.21,0.59,23.15,-0.03,27.07,0.42,29.53,0.69,28.31,0.6,1.36,0.68,0.54,-0.29000000000000004,-0.9633333333333334,-1.4133333333333333,-1.17,-0.27,0.5366666666666666,1.18,-0.7,-0.5,0.55,-0.33,0.88
2019-07-01,27.94,0.485,22.195,-0.30999999999999994,26.5,0.24,29.520000000000003,0.71,28.015,0.51,0.26,1.0066666666666666,1.14,1.1166666666666667,0.8133333333333334,0.1733333333333333,-0.7366666666666667,-1.1566666666666665,-1.07,-0.63,-0.6499999999999999,-0.45,0.535,-0.30500000000000005,0.8400000000000001
2019-07-16,27.67,0.38,21.24,-0.59,25.93,0.06,29.51,0.73,27.72,0.42,0.33749999999999997,0.44249999999999995,0.5175,0.3375,0.08999999999999997,-0.225,-0.49,-0.4575,-0.26,0.017500000000000043,-0.6,-0.4,0.52,-0.28,0.8
2019-08-01,27.415,0.29000000000000004,20.814999999999998,-0.53,25.52,-0.024999999999999994,29.41,0.675,27.384999999999998,0.285,0.49,0.08333333333333333,0.040000000000000036,-0.2766666666666666,-0.49000000000000005,-0.56,-0.3233333333333333,0.09666666666666661,0.4033333333333333,0.58,-0.4,-0.25,0.615,-0.49,1.1099999999999999
2019-08-16,27.16,0.2,20.39,-0.47,25.11,-0.11,29.31,0.62,27.05,0.15,-0.6499999999999999,-0.5833333333333334,-0.34,-0.12,0.15333333333333332,0.4633333333333333,0.5966666666666667,0.39333333333333337,0.0833333333333333,-0.2933333333333333,-0.2,-0.1,0.71,-0.7,1.42
2019-09-01,27.115000000000002,0.255,20.125,-0.595,24.955,-0.16,29.28,0.595,26.9,0.06999999999999999,1.5066666666666666,0.93,0.7833333333333333,-0.05999999999999998,-0.8233333333333333,-1.4466666666666665,-1.3999999999999997,-0.5499999999999999,0.3266666666666667,1.1133333333333333,-1.05,-0.6499999999999999,0.595,-0.8,1.4
2019-09-16,27.07,0.31,19.86,-0.72,24.8,-0.21,29.25,0.57,26.75,-0.01,-1.7166666666666668,-0.2800000000000001,0.16666666666666666,1.2133333333333334,1.8766666666666667,2.0500000000000003,1.0966666666666667,-0.3933333333333333,-1.42,-2.013333333333333,-1.9,-1.2,0.48,-0.9,1.38
2019-10-01,27.145,0.41000000000000003,19.9,-0.825,25.025,-0.024999999999999994,29.39,0.705,27.015,0.255,-0.8966666666666666,-0.09333333333333334,0.27999999999999997,0.7566666666666665,1.0366666666666666,1.05,0.48333333333333334,-0.3033333333333333,-0.8166666666666668,-1.0933333333333335,-1.25,-0.8,0.565,-1.015,1.58
2019-10-16,27.22,0.51,19.94,-0.93,25.25,0.16,29.53,0.84,27.28,0.52,-1.3366666666666667,-1.4833333333333334,-1.1966666666666668,-0.6833333333333332,0.0,0.86,1.4666666666666668,1.1966666666666665,0.54,-0.3366666666666667,-0.6,-0.4,0.65,-1.13,1.78
2019-11-01,27.295,0.615,20.715,-0.53,25.41,0.265,29.465,0.7849999999999999,27.28,0.49,0.9366666666666665,0.7733333333333334,0.8333333333333334,0.25666666666666665,-0.30666666666666664,-0.8500000000000001,-1.0266666666666666,-0.5966666666666667,-0.03999999999999989,0.5166666666666667,-1.0,-0.6000000000000001,0.7250000000000001,-1.055,1.78
2019-11-16,27.37,0.72,21.49,-0.13,25.57,0.37,29.4,0.73,27.28,0.46,-0.8633333333333334,-0.6633333333333332,-0.26000000000000006,0.03999999999999999,0.35666666666666663,0.68,0.7233333333333333,0.36999999999999994,-0.03999999999999998,-0.49,-1.4,-0.8,0.8,-0.98,1.78
2019-12-01,27.34,0.735,22.299999999999997,0.07,25.564999999999998,0.32999999999999996,29.345,0.79,27.18,0.45,-1.21,-1.0533333333333335,-0.75,-0.22999999999999998,0.34,0.9433333333333334,1.1766666666666667,0.7366666666666667,0.11333333333333333,-0.5833333333333334,-1.15,-0.7,0.72,-0.58,1.3
2019-12-16,27.31,0.75,23.11,0.27,25.56,0.29,29.29,0.85,27.08,0.44,0.31,-0.10000000000000002,-0.07333333333333332,-0.34,-0.48666666666666664,-0.4633333333333333,-0.16333333333333333,0.21333333333333335,0.4366666666666667,0.5166666666666667,-0.9,-0.6,0.64,-0.18,0.82
2020-01-01,27.28,0.73,23.799999999999997,0.12,25.725,0.255,29.225,0.895,27.08,0.48,-0.09666666666666668,-0.9533333333333333,-0.8333333333333334,-1.0966666666666667,-1.01,-0.5033333333333333,0.44,1.06,1.1466666666666667,0.8233333333333334,-0.30000000000000004,-0.19999999999999996,0.71,0.20500000000000002,0.5
2020-01-16,27.25,0.71,24.49,-0.03,25.89,0.22,29.16,0.94,27.08,0.52,0.5066666666666666,0.9966666666666667,1.06,0.9166666666666666,0.5499999999999999,-0.06999999999999999,-0.8099999999999999,-1.0066666666666666,-0.79,-0.29,0.3,0.2,0.78,0.59,0.18
2020-02-01,27.345,0.685,25.365,0.05500000000000001,26.185000000000002,0.16,29.07,0.9099999999999999,27.085,0.435,-0.43,-0.73,-0.59,-0.52,-0.2866666666666667,0.12999999999999998,0.59,0.6900000000000001,0.5166666666666667,0.15333333333333332,0.09999999999999998,0.04999999999999999,0.615,0.625,-0.015000000000000013
2020-02-16,27.44,0.66,26.24,0.14,26.48,0.1,28.98,0.88,27.09,0.35,0.05999999999999998,0.31666666666666665,0.45333333333333337,0.39999999999999997,0.2733333333333334,0.050000000000000044,-0.25666666666666665,-0.37666666666666665,-0.34,-0.19999999999999996,-0.1,-0.1,0.45,0.66,-0.21
2020-03-01,27.62,0.615,26.64,0.29000000000000004,26.91,0.135,28.965,0.8049999999999999,27.395,0.405,0.3866666666666667,-0.21000000000000005,-0.23666666666666666,-0.6066666666666667,-0.7666666666666667,-0.6699999999999999,-0.16666666666666666,0.39666666666666667,0.6866666666666666,0.7433333333333333,-0.15000000000000002,-0.1,0.475,0.64,-0.16499999999999998
2020-03-16,27.8,0.57,27.04,0.44,27.34,0.17,28.95,0.73,27.7,0.46,-0.7266666666666666,-1.2066666666666668,-0.9166666666666666,-0.84,-0.48666666666666664,0.17000000000000007,0.92,1.0999999999999999,0.8366666666666666,0.24000000000000007,-0.2,-0.1,0.5,0.62,-0.12
2020-04-01,27.884999999999998,0.44999999999999996,26.525,0.36,27.65,0.28,28.994999999999997,0.63,27.96,0.435,0.47333333333333333,0.13,0.09000000000000001,-0.23666666666666666,-0.4633333333333334,-0.5533333333333333,-0.36000000000000004,0.03333333333333329,0.33,0.52,0.04999999999999999,0.05000000000000002,0.515,0.615,-0.1
2020-04-16,27.97,0.33,26.01,0.28,27.96,0.39,29.04,0.53,28.22,0.41,-1.2633333333333334,-1.41,-1.1533333333333333,-0.6866666666666666,-0.03333333333333336,0.7933333333333333,1.3966666666666665,1.1633333333333333,0.5499999999999999,-0.29666666666666663,0.3,0.2,0.53,0.61,-0.08
2020-05-01,27.9,0.185,25.17,0.0,27.52,0.13,28.935,0.28500000000000003,27.945,0.09999999999999998,-0.5599999999999999,-1.14,-1.0666666666666667,-0.98,-0.6166666666666667,0.05666666666666664,0.8833333333333333,1.1500000000000001,0.9333333333333332,0.3833333333333333,0.5,0.30000000000000004,0.55,0.395,0.15500000000000003
2020-05-16,27.83,0.04,24.33,-0.28,27.08,-0.13,28.83,0.04,27.67,-0.21,-0.41,-1.0,-0.9933333333333335,-0.9433333333333334,-0.6366666666666666,-0.036666666666666625,0.7466666666666667,1.04,0.8900000000000001,0.42999999999999994,0.7,0.4,0.57,0.18,0.39
2020-06-01,27.64,-0.07,23.32,-0.575,26.575,-0.35,28.909999999999997,0.095,27.555,-0.24,-0.9933333333333333,-0.63,-0.36999999999999994,0.08666666666666668,0.5166666666666667,0.88,0.8433333333333334,0.3333333333333333,-0.19666666666666668,-0.6966666666666667,0.050000000000000044,0.0,0.575,0.09,0.48
2020-06-16,27.45,-0.18,22.31,-0.87,26.07,-0.57,28.99,0.15,27.44,-0.27,-0.89,-1.05,-0.9933333333333333,-0.58,-0.04999999999999999,0.6066666666666667,1.0833333333333333,0.9133333333333334,0.4466666666666667,-0.18000000000000002,-0.6,-0.4,0.58,0.0,0.57
2020-07-01,27.225,-0.235,21.57,-0.94,25.759999999999998,-0.495,28.909999999999997,0.1,27.295,-0.20500000000000002,-1.7299999999999998,-0.9500000000000001,-0.6066666666666667,0.32,1.11,1.6900000000000002,1.4666666666666666,0.43333333333333335,-0.5399999999999999,-1.3766666666666667,0.04999999999999993,0.0,0.56,0.09,0.46499999999999997
2020-07-16,27.0,-0.29,20.83,-1.01,25.45,-0.42,28.83,0.05,27.15,-0.14,-1.23,-1.3325,-1.105,-0.6025,0.04500000000000004,0.8375,1.37,1.0975,0.47500000000000003,-0.3400000000000001,0.7,0.4,0.54,0.18,0.36
2020-08-01,26.759999999999998,-0.36,20.5,-0.85,25.119999999999997,-0.425,28.595,-0.14500000000000002,26.765,-0.33,-0.17333333333333334,-0.8633333333333333,-0.9433333333333334,-0.9733333333333333,-0.7566666666666667,-0.24333333333333332,0.5466666666666667,0.9700000000000001,0.9466666666666667,0.6,1.25,0.75,0.41500000000000004,0.315,0.09999999999999998
2020-08-16,26.52,-0.43,20.17,-0.69,24.79,-0.43,28.36,-0.34,26.38,-0.52,-2.0233333333333334,-0.8966666666666666,-0.54,0.6066666666666666,1.5200000000000002,2.0866666666666664,1.6266666666666667,0.27333333333333326,-0.8966666666666666,-1.8133333333333332,1.8,1.1,0.29,0.45,-0.16
2020-09-01,26.255,-0.6,19.995,-0.725,24.5,-0.615,28.305,-0.385,26.25,-0.5800000000000001,-1.1333333333333333,-1.5633333333333332,-1.4799999999999998,-1.04,-0.35333333333333333,0.6066666666666667,1.4666666666666668,1.43,0.8766666666666666,0.003333333333333327,1.65,1.0,0.16499999999999998,0.405,-0.24
2020-09-16,25.99,-0.77,19.82,-0.76,24.21,-0.8,28.25,-0.43,26.12,-0.64,-0.1433333333333333,-1.0266666666666666,-1.0766666666666667,-1.2266666666666668,-1.0233333333333334,-0.4066666666666667,0.6066666666666667,1.2033333333333334,1.2266666666666666,0.8266666666666667,1.5,0.9,0.04,0.36,-0.32
2020-10-01,25.85,-0.885,19.97,-0.76,24.200000000000003,-0.8500000000000001,28.11,-0.57,25.880000000000003,-0.885,-0.27,-1.45,-1.53,-1.6633333333333333,-1.3366666666666667,-0.47333333333333333,0.8933333333333332,1.6433333333333333,1.6266666666666667,1.0566666666666666,1.15,0.7,0.13999999999999999,0.32,-0.18
2020-10-16,25.71,-1.0,20.12,-0.76,24.19,-0.9,27.97,-0.71,25.64,-1.13,0.8233333333333334,0.06,-0.16,-0.7033333333333333,-1.0133333333333334,-1.06,-0.5133333333333333,0.27666666666666667,0.7866666666666666,1.04,0.8,0.5,0.24,0.28,-0.04
2020-11-01,25.625,-1.0550000000000002,20.535,-0.7150000000000001,24.18,-0.9650000000000001,27.975,-0.705,25.615000000000002,-1.18,-0.22666666666666668,-0.4466666666666667,-0.41,-0.38999999999999996,-0.25,0.010000000000000009,0.34,0.45,0.3666666666666667,0.14666666666666664,0.9500000000000001,0.6,0.22999999999999998,0.21500000000000002,0.015000000000000006
2020-11-16,25.54,-1.11,20.95,-0.67,24.17,-1.03,27.98,-0.7,25.59,-1.23,-0.6133333333333333,-1.3633333333333333,-1.4000000000000001,-1.2566666666666666,-0.7933333333333333,0.040000000000000036,1.07,1.4100000000000001,1.16,0.5066666666666667,1.1,0.7,0.22,0.15,0.07
2020-12-01,25.52,-1.085,21.465,-0.765,24.365000000000002,-0.865,27.79,-0.7749999999999999,25.625,-1.1099999999999999,0.57,-0.4366666666666666,-0.6066666666666667,-1.0933333333333335,-1.25,-1.0,-0.11333333333333334,0.7633333333333333,1.1666666666666667,1.1933333333333334,2.05,1.25,0.18,0.04999999999999999,0.125
2020-12-16,25.5,-1.06,21.98,-0.86,24.56,-0.7,27.6,-0.85,25.66,-0.99,-0.25,-0.5233333333333333,-0.4566666666666667,-0.4533333333333333,-0.31333333333333335,-0.026666666666666655,0.35666666666666663,0.5033333333333333,0.4266666666666667,0.18333333333333335,3.0,1.8,0.14,-0.05,0.18
2021-01-01,25.525,-1.025,22.880000000000003,-0.8,24.86,-0.605,27.41,-0.925,25.665,-0.9450000000000001,-0.38666666666666666,-1.3499999999999999,-1.37,-1.4333333333333333,-1.0933333333333335,-0.3,0.8766666666666666,1.4566666666666668,1.3733333333333333,0.8099999999999999,3.1,1.85,-0.07499999999999998,-0.305,0.22
2021-01-16,25.55,-0.99,23.78,-0.74,25.16,-0.51,27.22,-1.0,25.67,-0.9,0.48,-0.12,-0.30333333333333334,-0.6366666666666666,-0.79,-0.71,-0.21666666666666667,0.36000000000000004,0.6666666666666666,0.7633333333333333,3.2,1.9,-0.29,-0.56,0.26
2021-02-01,25.735,-0.9199999999999999,24.645000000000003,-0.6599999999999999,25.415,-0.61,27.225,-0.935,25.770000000000003,-0.885,0.7433333333333333,0.033333333333333326,-0.06333333333333334,-0.6233333333333334,-0.9433333333333334,-0.9900000000000001,-0.48333333333333334,0.27,0.7533333333333333,0.9833333333333334,2.85,1.7,-0.25,-0.47000000000000003,0.22
2021-02-16,25.92,-0.85,25.51,-0.58,25.67,-0.71,27.23,-0.87,25.87,-0.87,0.25,-0.3233333333333333,-0.38999999999999996,-0.66,-0.7200000000000001,-0.5366666666666666,0.003333333333333355,0.5,0.7000000000000001,0.6633333333333333,2.5,1.5,-0.21,-0.38,0.18
2021-03-01,26.200000000000003,-0.7949999999999999,25.845,-0.5,26.18,-0.59,27.52,-0.64,26.28,-0.71,0.6733333333333333,0.24,0.08333333333333333,-0.31666666666666665,-0.6033333333333333,-0.7533333333333333,-0.5166666666666666,-0.006666666666666664,0.39333333333333337,0.6699999999999999,1.55,0.95,-0.11,-0.245,0.14
2021-03-16,26.48,-0.74,26.18,-0.42,26.69,-0.47,27.81,-0.41,26.69,-0.55,-0.63,-1.36,-1.1300000000000001,-1.1566666666666667,-0.8099999999999999,-0.05666666666666664,0.9500000000000001,1.3499999999999999,1.1566666666666665,0.5266666666666667,0.6,0.4,-0.01,-0.11,0.1
2021-04-01,26.775,-0.65,25.39,-0.7749999999999999,26.75,-0.615,28.07,-0.295,26.965,-0.56,1.6933333333333334,0.59,0.34,-0.7233333333333333,-1.5,-1.8866666666666667,-1.3033333333333335,-0.010000000000000009,1.0033333333333334,1.7100000000000002,0.6,0.35,-0.015,-0.21000000000000002,0.19
2021-04-16,27.07,-0.56,24.6,-1.13,26.81,-0.76,28.33,-0.18,27.24,-0.57,0.40666666666666673,0.7400000000000001,0.91,0.6866666666666666,0.3366666666666667,-0.17666666666666667,-0.7033333333333333,-0.7766666666666667,-0.5499999999999999,-0.15666666666666665,0.6,0.3,-0.02,-0.31,0.28
2021-05-01,27.23,-0.48000000000000004,24.19,-0.98,26.785,-0.605,28.53,-0.12,27.4,-0.44499999999999995,-1.72,-1.72,-1.2566666666666666,-0.61,0.2066666666666667,1.1833333333333333,1.7699999999999998,1.3266666666666669,0.4833333333333334,-0.59,0.7,0.4,-0.15499999999999997,-0.135,-0.025000000000000022
2021-05-16,27.39,-0.4,23.78,-0.83,26.76,-0.45,28.73,-0.06,27.56,-0.32,0.75,-0.57,-0.73,-1.3933333333333333,-1.6199999999999999,-1.3166666666666667,-0.18000000000000002,0.9833333333333333,1.5233333333333334,1.5633333333333332,0.8,0.5,-0.29,0.04,-0.33
2021-06-01,27.35,-0.355,23.450000000000003,-0.44,26.655,-0.27,28.805,-0.009999999999999995,27.615000000000002,-0.18,-0.19666666666666668,0.2333333333333333,0.4033333333333333,0.5133333333333333,0.5,0.3166666666666667,-0.07666666666666662,-0.38999999999999996,-0.5066666666666667,-0.47666666666666674,0.75,0.45,-0.205,0.195,-0.4
2021-06-16,27.31,-0.31,23.12,-0.05,26.55,-0.09,28.88,0.04,27.67,-0.04,-0.6766666666666667,-0.18333333333333332,0.03000000000000001,0.38000000000000006,0.63,0.7166666666666667,0.43,-0.07666666666666667,-0.46,-0.7166666666666668,0.7,0.4,-0.12,0.35,-0.47
2021-07-01,27.13,-0.32999999999999996,22.6,0.09999999999999999,26.16,-0.095,28.77,-0.045000000000000005,27.39,-0.11499999999999999,-0.9,-1.4866666666666666,-1.3333333333333333,-1.1266666666666667,-0.6,0.2733333333333333,1.2266666666666666,1.4166666666666667,1.0333333333333332,0.26999999999999996,1.5,0.8999999999999999,-0.024999999999999994,0.45,-0.475
2021-07-16,26.95,-0.35,22.08,0.25,25.77,-0.1,28.66,-0.13,27.11,-0.19,1.3575,0.71,0.5125,-0.25249999999999995,-0.8975,-1.3699999999999999,-1.1749999999999998,-0.32,0.475,1.1300000000000001,2.3,1.4,0.07,0.55,-0.48
2021-08-01,26.72,-0.405,21.46,0.12,25.395,-0.15000000000000002,28.64,-0.1,26.865000000000002,-0.23500000000000001,-1.42,-0.5533333333333333,-0.29,0.5433333333333333,1.1733333333333331,1.5199999999999998,1.0966666666666667,0.07666666666666666,-0.7566666666666667,-1.3633333333333333,1.65,1.0,0.07,0.48,-0.41000000000000003
2021-08-16,26.49,-0.46,20.84,-0.01,25.02,-0.2,28.62,-0.07,26.62,-0.28,-1.07,-1.1500000000000001,-1.0966666666666667,-0.6,0.013333333333333308,0.7366666666666667,1.23,0.98,0.41333333333333333,-0.30666666666666664,1.0,0.6,0.07,0.41,-0.34
2021-09-01,26.31,-0.55,20.8,0.085,24.93,-0.185,28.435000000000002,-0.245,26.555,-0.275,-0.8366666666666666,-1.33,-1.23,-0.9933333333333333,-0.48999999999999994,0.2933333333333334,1.1366666666666667,1.27,0.9066666666666667,0.20000000000000004,1.15,0.7,0.11,0.33999999999999997,-0.23500000000000001
2021-09-16,26.13,-0.64,20.76,0.18,24.84,-0.17,28.25,-0.42,26.49,-0.27,-0.016666666666666663,-0.7466666666666667,-0.7566666666666667,-0.94,-0.8433333333333334,-0.4166666666666667,0.3566666666666667,0.8766666666666666,0.9499999999999998,0.71,1.3,0.8,0.15,0.27,-0.13
2021-10-01,26.035,-0.7050000000000001,20.67,-0.05499999999999999,24.685000000000002,-0.365,28.18,-0.495,26.244999999999997,-0.52,1.3233333333333333,0.026666666666666672,-0.24666666666666667,-1.1300000000000001,-1.6500000000000001,-1.7133333333333332,-0.8133333333333334,0.48,1.32,1.7366666666666666,1.25,0.75,0.065,0.465,-0.41
2021-10-16,25.94,-0.77,20.58,-0.29,24.53,-0.56,28.11,-0.57,26.0,-0.77,-0.32,-0.28,-0.33666666666666667,-0.1433333333333333,0.06,0.26999999999999996,0.36666666666666664,0.24333333333333332,0.05666666666666667,-0.14666666666666667,1.2,0.7,-0.02,0.66,-0.69
2021-11-01,25.84,-0.8400000000000001,20.695,-0.55,24.48,-0.665,28.049999999999997,-0.625,25.985,-0.81,-0.2733333333333334,-0.9533333333333333,-1.0066666666666666,-1.0466666666666666,-0.79,-0.21999999999999997,0.63,1.0533333333333332,0.9866666666666667,0.5733333333333334,1.4,0.85,-0.015,0.515,-0.5349999999999999
2021-11-16,25.74,-0.91,20.81,-0.81,24.43,-0.77,27.99,-0.68,25.97,-0.85,0.10333333333333333,-0.64,-0.7666666666666666,-0.9733333333333333,-0.9066666666666667,-0.5166666666666667,0.26333333333333336,0.8233333333333334,0.9566666666666667,0.7666666666666666,1.6,1.0,-0.01,0.37,-0.38
2021-12-01,25.735,-0.87,21.06,-1.17,24.244999999999997,-0.99,27.835,-0.72,25.785,-0.95,0.6266666666666666,0.21333333333333335,0.19000000000000003,-0.27666666666666667,-0.5966666666666667,-0.77,-0.5266666666666667,-4.625929269271485e-18,0.4033333333333333,0.66,2.05,1.25,0.055,0.345,-0.29000000000000004
2021-12-16,25.73,-0.83,21.31,-1.53,24.06,-1.21,27.68,-0.76,25.6,-1.05,0.53,0.6699999999999999,0.75,0.42499999999999993,0.044999999999999984,-0.395,-0.725,-0.62,-0.31500000000000006,0.08000000000000002,2.5,1.5,0.12,0.32,-0.2
2022-01-01,25.759999999999998,-0.7949999999999999,22.564999999999998,-1.115,24.28,-1.19,27.84,-0.49,25.665,-0.94,0.06333333333333334,0.14666666666666664,0.22333333333333336,0.15666666666666665,0.06666666666666667,-0.043333333333333356,-0.15999999999999998,-0.17333333333333334,-0.12333333333333334,-0.04,1.65,1.0,0.2,0.43500000000000005,-0.23
2022-01-16,25.79,-0.76,23.82,-0.7,24.5,-1.17,28.0,-0.22,25.73,-0.83,0.6566666666666666,0.24666666666666667,0.12333333333333334,-0.26666666666666666,-0.56,-0.7233333333333333,-0.5166666666666667,-0.033333333333333326,0.3566666666666667,0.64,0.8,0.5,0.28,0.55,-0.26
2022-02-01,25.939999999999998,-0.72,24.240000000000002,-1.065,24.91,-1.115,27.935000000000002,-0.225,25.875,-0.77,0.20333333333333337,-0.6066666666666666,-0.7133333333333333,-1.0033333333333332,-0.9933333333333333,-0.6233333333333333,0.20000000000000004,0.84,1.03,0.8833333333333333,1.3,0.8,0.09000000000000002,0.41000000000000003,-0.315
2022-02-16,26.09,-0.68,24.66,-1.43,25.32,-1.06,27.87,-0.23,26.02,-0.71,-0.02999999999999999,-1.2666666666666666,-1.4333333333333333,-1.6700000000000002,-1.4466666666666665,-0.68,0.6733333333333333,1.5266666666666666,1.6333333333333335,1.1933333333333334,1.8,1.1,-0.1,0.27,-0.37
2022-03-01,26.275,-0.7250000000000001,25.305,-1.045,25.89,-0.88,27.725,-0.44000000000000006,26.18,-0.8,-0.23999999999999996,-0.33,-0.29333333333333333,-0.24,-0.12,0.07666666666666666,0.27666666666666667,0.2966666666666667,0.20000000000000004,0.01666666666666668,2.35,1.4500000000000002,-0.08,0.165,-0.24
2022-03-16,26.46,-0.77,25.95,-0.66,26.46,-0.7,27.58,-0.65,26.34,-0.89,1.1866666666666665,-0.06666666666666665,-0.3333333333333333,-1.1633333333333333,-1.6166666666666665,-1.6033333333333335,-0.6733333333333333,0.5666666666666667,1.3266666666666667,1.6600000000000001,2.9,1.8,-0.06,0.06,-0.11
2022-04-01,26.615000000000002,-0.815,25.13,-1.04,26.57,-0.7949999999999999,27.685,-0.685,26.595,-0.9199999999999999,0.7733333333333333,-0.010000000000000009,-0.05333333333333332,-0.6666666666666666,-1.0266666666666666,-1.09,-0.5233333333333333,0.3033333333333334,0.84,1.0733333333333333,2.8499999999999996,1.75,-0.045,0.2,-0.24
2022-04-16,26.77,-0.86,24.31,-1.42,26.68,-0.89,27.79,-0.72,26.85,-0.95,-0.61,-0.5833333333333334,-0.41,-0.20666666666666667,0.07333333333333332,0.4033333333333333,0.6,0.4466666666666666,0.15333333333333332,-0.22333333333333336,2.8,1.7,-0.03,0.34,-0.37
2022-05-01,26.865000000000002,-0.845,23.755,-1.42,26.490000000000002,-0.905,27.86,-0.79,26.84,-1.0,-0.3333333333333334,-1.05,-1.0166666666666666,-1.07,-0.8133333333333334,-0.19999999999999998,0.6900000000000001,1.1233333333333333,1.04,0.5933333333333334,2.5999999999999996,1.5499999999999998,-0.075,0.385,-0.46
2022-05-16,26.96,-0.83,23.2,-1.42,26.3,-0.92,27.93,-0.86,26.83,-1.05,0.20333333333333337,-0.67,-0.7666666666666666,-1.0666666666666667,-1.0533333333333332,-0.6633333333333332,0.2066666666666667,0.8866666666666667,1.0933333333333333,0.93,2.4,1.4,-0.12,0.43,-0.55
2022-06-01,26.93,-0.78,22.485,-1.415,26.16,-0.77,28.1,-0.715,26.93,-0.865,-0.3933333333333333,0.35666666666666663,0.49333333333333335,0.8066666666666666,0.8933333333333332,0.68,0.029999999999999954,-0.5833333333333334,-0.86,-0.86,2.5999999999999996,1.5499999999999998,-0.11,0.515,-0.62
2022-06-16,26.9,-0.73,21.77,-1.41,26.02,-0.62,28.27,-0.57,27.03,-0.68,-1.71,-1.23,-0.9166666666666666,-0.08,0.7333333333333334,1.4799999999999998,1.58,0.7666666666666666,-0.16,-1.08,2.8,1.7,-0.1,0.6,-0.69
2022-07-01,26.744999999999997,-0.715,21.22,-1.285,25.765,-0.49,28.085,-0.725,26.855,-0.65,0.2366666666666667,-0.9233333333333333,-1.0633333333333332,-1.4366666666666665,-1.383333333333333,-0.8366666666666666,0.3433333333333333,1.24,1.4866666666666666,1.2366666666666666,2.05,1.25,-0.265,0.615,-0.875
2022-07-16,26.59,-0.7,20.67,-1.16,25.51,-0.36,27.9,-0.88,26.68,-0.62,-1.0225,-1.1225,-0.9775,-0.575,-0.03,0.645,1.1225,0.92,0.41000000000000003,-0.265,1.3,0.8,-0.43,0.63,-1.06
2022-08-01,26.384999999999998,-0.74,20.48,-0.865,25.1,-0.445,27.83,-0.905,26.3,-0.8,-0.2133333333333333,-0.57,-0.66,-0.6066666666666667,-0.41,-0.05000000000000001,0.43,0.6233333333333334,0.5433333333333333,0.2733333333333334,1.5,0.9,-0.4,0.7150000000000001,-1.115
2022-08-16,26.18,-0.78,20.29,-0.57,24.69,-0.53,27.76,-0.93,25.92,-0.98,-1.67,-1.49,-1.23,-0.45999999999999996,0.38999999999999996,1.2966666666666666,1.6966666666666665,1.0933333333333333,0.21,-0.7833333333333333,1.7,1.0,-0.37,0.8,-1.17
2022-09-01,26.035,-0.825,19.875,-0.845,24.450000000000003,-0.665,27.715000000000003,-0.97,25.875,-0.9550000000000001,-0.5733333333333334,-0.9466666666666667,-1.0066666666666666,-0.7966666666666667,-0.39666666666666667,0.20333333333333334,0.8433333333333334,0.9433333333333334,0.6633333333333333,0.15666666666666665,2.2,1.3,-0.37,0.75,-1.12
2022-09-16,25.89,-0.87,19.46,-1.12,24.21,-0.8,27.67,-1.01,25.83,-0.93,-0.6066666666666667,-1.1033333333333333,-1.0933333333333335,-0.9566666666666667,-0.5566666666666668,0.12333333333333334,0.9066666666666666,1.1166666666666665,0.8566666666666666,0.29000000000000004,2.7,1.6,-0.37,0.7,-1.07
2022-10-01,25.855,-0.88,19.259999999999998,-1.465,24.19,-0.8600000000000001,27.635,-1.045,25.875,-0.89,-0.21666666666666665,-1.0833333333333333,-1.2,-1.2766666666666666,-1.0133333333333334,-0.34333333333333327,0.6900000000000001,1.25,1.22,0.7766666666666667,2.75,1.65,-0.425,0.595,-1.02
2022-10-16,25.82,-0.89,19.06,-1.81,24.17,-0.92,27.6,-1.08,25.92,-0.85,-0.4633333333333334,-0.6699999999999999,-0.6666666666666666,-0.48333333333333334,-0.18999999999999997,0.21666666666666667,0.61,0.6266666666666667,0.4033333333333333,0.033333333333333326,2.8,1.7,-0.48,0.49,-0.97
2022-11-01,25.825,-0.855,19.665,-1.585,24.240000000000002,-0.905,27.685000000000002,-0.99,25.905,-0.89,-0.7333333333333334,-0.5399999999999999,-0.45999999999999996,-0.08333333333333333,0.29000000000000004,0.63,0.7000000000000001,0.35999999999999993,-0.03999999999999996,-0.4466666666666667,1.65,1.0,-0.43,0.355,-0.78
2022-11-16,25.83,-0.82,20.27,-1.36,24.31,-0.89,27.77,-0.9,25.89,-0.93,0.3333333333333333,0.49333333333333335,0.4566666666666667,0.3066666666666667,0.09000000000000001,-0.21666666666666665,-0.48,-0.45999999999999996,-0.2866666666666666,-0.02333333333333328,0.5,0.3,-0.38,0.22,-0.59
2022-12-01,25.845,-0.76,21.405,-0.8300000000000001,24.395,-0.835,27.740000000000002,-0.815,25.85,-0.885,-0.91,-1.03,-0.8700000000000001,-0.52,-0.0433333333333333,0.56,1.0,0.84,0.4000000000000001,-0.20666666666666667,2.0,1.2,-0.255,0.09,-0.33999999999999997
2022-12-16,25.86,-0.7,22.54,-0.3,24.48,-0.78,27.71,-0.73,25.81,-0.84,0.175,-0.785,-0.945,-1.255,-1.195,-0.7150000000000001,0.29,1.04,1.24,1.02,3.5,2.1,-0.13,-0.04,-0.09
2023-01-01,25.93,-0.625,23.405,-0.27,24.825000000000003,-0.64,27.665,-0.665,25.845,-0.7649999999999999,0.14666666666666664,0.3733333333333333,0.44,0.36333333333333334,0.21,-0.03999999999999996,-0.33,-0.4066666666666667,-0.3233333333333333,-0.15,2.9,1.75,-0.14500000000000002,-0.145,0.0
2023-01-16,26.0,-0.55,24.27,-0.24,25.17,-0.5,27.62,-0.6,25.88,-0.69,-0.75,-1.03,-0.86,-0.6666666666666666,-0.2766666666666666,0.31333333333333335,0.8866666666666667,0.91,0.5866666666666667,0.02666666666666669,2.3,1.4,-0.16,-0.25,0.09
2023-02-01,26.225,-0.44000000000000006,25.535,0.235,25.71,-0.315,27.6,-0.56,26.085,-0.565,0.13000000000000003,-1.28,-1.3266666666666667,-1.7733333333333334,-1.6766666666666667,-0.9500000000000001,0.5233333333333333,1.5933333333333335,1.8366666666666667,1.4533333333333331,2.3,1.4,-0.2,-0.405,0.20500000000000002
2023-02-16,26.45,-0.33,26.8,0.71,26.25,-0.13,27.58,-0.52,26.29,-0.44,0.3433333333333333,0.41,0.43333333333333335,0.22666666666666666,-0.006666666666666672,-0.2833333333333333,-0.47333333333333333,-0.38000000000000006,-0.18000000000000002,0.07333333333333332,2.3,1.4,-0.24,-0.56,0.32
2023-03-01,26.785,-0.22,27.46,1.115,26.884999999999998,0.11499999999999999,27.835,-0.33,26.759999999999998,-0.225,-0.8533333333333334,0.27,0.6133333333333334,1.1766666666666665,1.4066666666666665,1.2133333333333332,0.27999999999999997,-0.7300000000000001,-1.26,-1.4000000000000001,1.2999999999999998,0.7999999999999999,-0.135,-0.485,0.345
2023-03-16,27.12,-0.11,28.12,1.52,27.52,0.36,28.09,-0.14,27.23,-0.01,-0.7666666666666666,-1.1566666666666665,-1.0166666666666666,-0.8033333333333333,-0.36999999999999994,0.3033333333333333,0.9899999999999999,1.0666666666666667,0.73,0.11333333333333329,0.3,0.2,-0.03,-0.41,0.37
2023-04-01,27.47,0.039999999999999994,28.15,1.985,27.77,0.4,28.45,0.07999999999999999,27.61,0.09000000000000001,1.5200000000000002,0.79,0.6133333333333334,-0.31333333333333335,-1.0666666666666667,-1.5833333333333333,-1.32,-0.32,0.58,1.2966666666666666,0.35,0.2,0.21,-0.16499999999999998,0.375
2023-04-16,27.82,0.19,28.18,2.45,28.02,0.44,28.81,0.3,27.99,0.19,-0.6866666666666666,0.16666666666666666,0.5333333333333333,0.91,1.0666666666666667,0.9233333333333333,0.24,-0.5133333333333333,-0.9199999999999999,-1.05,0.4,0.2,0.45,0.08,0.38
2023-05-01,28.035,0.325,27.405,2.2350000000000003,28.064999999999998,0.67,28.965,0.315,28.17,0.32999999999999996,0.9933333333333333,-0.17,-0.3933333333333333,-1.1166666666666667,-1.4799999999999998,-1.3833333333333335,-0.47666666666666674,0.6366666666666666,1.28,1.5066666666666666,-0.65,-0.39999999999999997,0.32,0.125,0.2
2023-05-16,28.25,0.46,26.63,2.02,28.11,0.9,29.12,0.33,28.35,0.47,1.4133333333333333,1.32,1.3,0.5333333333333333,-0.2866666666666666,-1.1466666666666667,-1.5599999999999998,-1.0433333333333332,-0.26,0.6233333333333333,-1.7,-1.0,0.19,0.17,0.02
2023-06-01,28.305,0.595,26.22,2.325,27.98,1.055,29.3,0.485,28.47,0.675,-0.01,0.33666666666666667,0.6033333333333334,0.5666666666666667,0.4133333333333333,0.13,-0.2866666666666667,-0.49333333333333335,-0.4833333333333334,-0.3333333333333333,-0.6499999999999999,-0.35,0.20500000000000002,0.24,-0.030000000000000002
2023-06-16,28.36,0.73,25.81,2.63,27.85,1.21,29.48,0.64,28.59,0.88,0.48333333333333334,0.17,0.10666666666666665,-0.21666666666666665,-0.44,-0.5533333333333333,-0.3766666666666667,-0.003333333333333336,0.29000000000000004,0.48666666666666675,0.4,0.3,0.22,0.31,-0.08
2023-07-01,28.325,0.865,25.43,2.92,27.66,1.4,29.490000000000002,0.675,28.48,0.9750000000000001,-0.04,-0.17666666666666667,-0.14666666666666667,-0.19999999999999998,-0.17666666666666664,-0.07999999999999996,0.10333333333333335,0.21666666666666665,0.22,0.14000000000000004,0.0,0.0,0.29,0.275,0.020000000000000004
2023-07-16,28.29,1.0,25.05,3.21,27.47,1.59,29.5,0.71,28.37,1.07,1.325,0.855,0.61,-0.0675,-0.69,-1.2125,-1.1775,-0.47000000000000003,0.26,0.9375,-0.4,-0.3,0.36,0.24,0.12
2023-08-01,28.25,1.125,24.605,3.255,27.32,1.775,29.575,0.83,28.285,1.185,0.91,1.2066666666666668,1.21,0.8066666666666666,0.24,-0.5166666666666666,-1.17,-1.1033333333333335,-0.64,0.04666666666666667,-0.8999999999999999,-0.55,0.5449999999999999,0.13,0.415
2023-08-16,28.21,1.25,24.16,3.3,27.17,1.96,29.65,0.95,28.2,1.3,0.36000000000000004,0.6866666666666666,0.8366666666666668,0.64,0.32666666666666666,-0.1466666666666667,-0.6433333333333334,-0.7266666666666667,-0.53,-0.17,-1.4,-0.8,0.73,0.02,0.71
2023-09-01,28.235,1.375,23.78,3.0599999999999996,27.125,2.0149999999999997,29.71,1.025,28.244999999999997,1.415,0.41333333333333333,-0.3066666666666667,-0.3133333333333333,-0.7066666666666667,-0.86,-0.7200000000000001,-0.12666666666666668,0.5033333333333333,0.81,0.85,-1.75,-1.05,0.6950000000000001,-0.07999999999999999,0.7749999999999999
2023-09-16,28.26,1.5,23.4,2.82,27.08,2.07,29.77,1.1,28.29,1.53,0.34,-0.45333333333333337,-0.4066666666666667,-0.8166666666666668,-0.9500000000000001,-0.7399999999999999,-0.04,0.6433333333333333,0.9433333333333332,0.91,-2.1,-1.3,0.66,-0.18,0.84
2023-10-01,28.355,1.62,23.369999999999997,2.6399999999999997,27.085,2.035,29.85,1.17,28.325,1.56,0.24999999999999997,0.9933333333333333,1.2033333333333334,1.1300000000000001,0.7999999999999999,0.15,-0.7433333333333333,-1.1366666666666667,-1.0366666666666668,-0.61,-1.4500000000000002,-0.9,0.685,-0.46,1.14
2023-10-16,28.45,1.74,23.34,2.46,27.09,2.0,29.93,1.24,28.36,1.59,-0.29333333333333333,0.4666666666666666,0.75,0.9566666666666667,0.9266666666666667,0.6066666666666667,-0.12333333333333334,-0.71,-0.9066666666666666,-0.8233333333333333,-0.8,-0.5,0.71,-0.74,1.44
2023-11-01,28.5,1.8199999999999998,23.595,2.34,27.185000000000002,2.04,30.025,1.3399999999999999,28.54,1.745,0.4033333333333333,0.02666666666666669,0.19333333333333336,-0.22,-0.49,-0.5833333333333334,-0.34,0.09666666666666666,0.39666666666666667,0.55,-1.05,-0.65,0.85,-0.63,1.47
2023-11-16,28.55,1.9,23.85,2.22,27.28,2.08,30.12,1.44,28.72,1.9,-0.7733333333333334,-0.12333333333333336,0.15999999999999995,0.5866666666666666,0.8466666666666667,0.8933333333333334,0.44333333333333336,-0.22000000000000006,-0.66,-0.9133333333333334,-1.3,-0.8,0.99,-0.52,1.5
2023-12-01,28.55,1.9449999999999998,24.05,1.815,27.305,2.0700000000000003,29.98,1.415,28.68,1.9449999999999998,1.4000000000000001,0.6366666666666667,0.47000000000000003,-0.36999999999999994,-1.04,-1.4566666666666668,-1.1500000000000001,-0.19999999999999996,0.6233333333333333,1.2633333333333334,-0.8500000000000001,-0.5,1.065,-0.29500000000000004,1.35
2023-12-16,28.55,1.99,24.25,1.41,27.33,2.06,29.84,1.39,28.64,1.99,-0.4466666666666666,0.25333333333333335,0.4066666666666667,0.7600000000000001,0.8833333333333333,0.7233333333333333,0.12,-0.5,-0.7999999999999999,-0.8433333333333333,-0.4,-0.2,1.14,-0.07,1.2
2024-01-01,28.465,1.915,24.8,1.1199999999999999,27.439999999999998,1.965,29.755000000000003,1.42,28.490000000000002,1.885,-0.38666666666666666,-1.0366666666666668,-1.0433333333333332,-0.9833333333333334,-0.6699999999999999,-0.046666666666666655,0.7666666666666666,1.0866666666666667,0.9433333333333334,0.48333333333333334,0.20000000000000007,0.14999999999999997,1.16,0.145,1.01
2024-01-16,28.38,1.84,25.35,0.83,27.55,1.87,29.67,1.45,28.34,1.78,1.7266666666666666,1.39,1.2033333333333334,0.3333333333333333,-0.5666666666666668,-1.46,-1.7466666666666668,-1.01,-0.05999999999999998,0.94,0.8,0.5,1.18,0.36,0.82
2024-02-01,28.34,1.685,26.185000000000002,0.875,27.700000000000003,1.67,29.495,1.335,28.3,1.655,0.6366666666666667,1.4233333333333336,1.5333333333333332,1.3499999999999999,0.84,-0.05666666666666667,-1.1500000000000001,-1.5033333333333332,-1.2300000000000002,-0.5333333333333333,-0.7499999999999998,-0.44999999999999996,1.2,0.64,0.5599999999999999
2024-02-16,28.3,1.53,27.02,0.92,27.85,1.47,29.32,1.22,28.26,1.53,-0.07333333333333335,0.25,0.4000000000000001,0.4533333333333333,0.4033333333333333,0.2233333333333333,-0.12333333333333334,-0.3666666666666667,-0.42333333333333334,-0.3433333333333333,-2.3,-1.4,1.22,0.92,0.3
2024-03-01,28.35,1.355,26.95,0.6000000000000001,28.025,1.25,29.235,1.075,28.365000000000002,1.385,0.7033333333333333,-0.6933333333333334,-0.79,-1.4966666666666668,-1.7166666666666668,-1.3499999999999999,-0.10999999999999995,1.1066666666666667,1.6500000000000001,1.6366666666666667,-0.8499999999999999,-0.5,1.085,0.665,0.42000000000000004
2024-03-16,28.4,1.18,26.88,0.28,28.2,1.03,29.15,0.93,28.47,1.24,-0.6366666666666666,0.5499999999999999,0.9,1.3533333333333335,1.4400000000000002,1.0833333333333333,0.02666666666666669,-0.9500000000000001,-1.3699999999999999,-1.36,0.6,0.4,0.95,0.41,0.54
2024-04-01,28.4,0.975,26.345,0.18000000000000002,28.195,0.825,29.235,0.8700000000000001,28.54,1.025,-0.04,-0.5433333333333333,-0.43999999999999995,-0.61,-0.5733333333333334,-0.2866666666666666,0.25333333333333335,0.6200000000000001,0.6766666666666667,0.49,0.15000000000000002,0.09999999999999998,0.95,0.515,0.43500000000000005
2024-04-16,28.4,0.77,25.81,0.08,28.19,0.62,29.32,0.81,28.61,0.81,-0.47666666666666674,-0.31666666666666665,-0.16666666666666663,0.04999999999999997,0.25666666666666665,0.43333333333333335,0.42333333333333334,0.18000000000000002,-0.07666666666666666,-0.32,-0.3,-0.2,0.95,0.62,0.33
2024-05-01,28.314999999999998,0.6,24.869999999999997,-0.3,27.69,0.295,29.405,0.755,28.4,0.56,0.7000000000000001,0.35333333333333333,0.35333333333333333,-0.10333333333333335,-0.48000000000000004,-0.7366666666666667,-0.6366666666666666,-0.1733333333333333,0.25,0.6,0.25000000000000006,0.14999999999999997,0.7849999999999999,0.54,0.245
2024-05-16,28.23,0.43,23.93,-0.68,27.19,-0.03,29.49,0.7,28.19,0.31,-0.13999999999999999,-0.84,-0.8333333333333334,-0.9533333333333333,-0.7966666666666667,-0.31,0.48333333333333334,0.9466666666666667,0.96,0.6433333333333333,0.8,0.5,0.62,0.46,0.16
2024-06-01,28.015,0.305,23.225,-0.665,26.85,-0.085,29.49,0.675,28.07,0.275,0.12666666666666668,0.10666666666666667,0.14333333333333334,0.04,-0.04666666666666666,-0.13,-0.16333333333333336,-0.09666666666666668,-0.016666666666666663,0.06666666666666667,0.45,0.25,0.605,0.5700000000000001,0.035
2024-06-16,27.8,0.18,22.52,-0.65,26.51,-0.14,29.49,0.65,27.95,0.24,-0.29333333333333333,-0.37666666666666665,-0.2866666666666667,-0.22,-0.09000000000000001,0.11666666666666665,0.31666666666666665,0.31,0.18999999999999997,-0.013333333333333336,0.1,0.0,0.59,0.68,-0.09
2024-07-01,27.575000000000003,0.12,21.97,-0.53,26.15,-0.11000000000000001,29.439999999999998,0.625,27.73,0.22499999999999998,0.4566666666666666,-0.63,-0.7033333333333335,-1.2233333333333334,-1.3566666666666667,-1.0166666666666668,-0.013333333333333345,0.9133333333333334,1.3,1.2433333333333332,-0.55,-0.35,0.58,0.8,-0.22
2024-07-16,27.35,0.06,21.42,-0.41,25.79,-0.08,29.39,0.6,27.51,0.21,0.1825,-0.15,-0.1025,-0.32999999999999996,-0.43500000000000005,-0.38,-0.10250000000000001,0.21000000000000002,0.37,0.39749999999999996,-1.2,-0.7,0.57,0.92,-0.35
2024-08-01,27.135,0.009999999999999995,20.97,-0.375,25.38,-0.16499999999999998,29.28,0.54,27.17,0.06999999999999998,-1.3099999999999998,-0.91,-0.5133333333333333,0.06666666666666667,0.6233333333333334,1.1166666666666667,1.1166666666666667,0.49333333333333335,-0.17666666666666667,-0.8433333333333334,0.15000000000000013,0.10000000000000009,0.615,0.66,-0.044999999999999984
2024-08-16,26.92,-0.04,20.52,-0.34,24.97,-0.25,29.17,0.48,26.83,-0.07,-0.26666666666666666,-1.3066666666666666,-1.2366666666666666,-1.4466666666666665,-1.2166666666666668,-0.47333333333333333,0.7333333333333334,1.4333333333333336,1.4433333333333334,0.9433333333333334,1.5,0.9,0.66,0.4,0.26
2024-09-01,26.78,-0.07999999999999999,20.215,-0.51,24.91,-0.20500000000000002,29.075000000000003,0.39,26.72,-0.11,0.9,-0.5466666666666667,-0.7733333333333334,-1.5533333333333335,-1.8466666666666665,-1.5466666666666669,-0.29333333333333333,1.0133333333333334,1.66,1.7533333333333332,0.65,0.4,0.635,0.445,0.185
2024-09-16,26.64,-0.12,19.91,-0.68,24.85,-0.16,28.98,0.3,26.61,-0.15,-0.4166666666666667,-0.3233333333333333,-0.20666666666666667,-0.03666666666666667,0.14,0.31333333333333335,0.3533333333333333,0.18000000000000002,-0.023333333333333334,-0.24,-0.2,-0.1,0.61,0.49,0.11
2024-10-01,26.58,-0.155,20.23,-0.5,24.945,-0.10500000000000001,28.905,0.22499999999999998,26.549999999999997,-0.21500000000000002,-0.2133333333333333,-1.5033333333333332,-1.5133333333333334,-1.75,-1.4833333333333332,-0.61,0.8433333333333333,1.7133333333333332,1.7599999999999998,1.2066666666666668,0.3,0.19999999999999998,0.525,0.645,-0.12499999999999999
2024-10-16,26.52,-0.19,20.55,-0.32,25.04,-0.05,28.83,0.15,26.49,-0.28,1.5666666666666667,0.5866666666666667,0.3166666666666667,-0.6533333333333333,-1.3633333333333333,-1.75,-1.24,-0.06999999999999999,0.86,1.53,0.8,0.5,0.44,0.8,-0.36
2024-11-01,26.435000000000002,-0.24,21.215,-0.02999999999999997,25.105,-0.04,28.82,0.14500000000000002,26.585,-0.21000000000000002,-0.6733333333333333,-0.28333333333333327,-0.14,0.2333333333333333,0.5233333333333333,0.6933333333333334,0.5233333333333333,0.07000000000000002,-0.31333333333333335,-0.6133333333333334,0.8,0.5,0.425,0.855,-0.425
2024-11-16,26.35,-0.29,21.88,0.26,25.17,-0.03,28.81,0.14,26.68,-0.14,-0.5499999999999999,-1.9333333333333333,-1.9933333333333334,-2.0399999999999996,-1.5333333333333332,-0.37000000000000005,1.3066666666666666,2.11,1.9666666666666668,1.1533333333333333,0.8,0.5,0.41,0.91,-0.49
2024-12-01,26.240000000000002,-0.36,22.31,0.08000000000000002,25.04,-0.18999999999999997,28.439999999999998,-0.11499999999999999,26.355,-0.38,1.5266666666666666,0.2266666666666667,-0.14666666666666664,-1.1066666666666667,-1.7166666666666668,-1.8733333333333333,-1.0133333333333334,0.35333333333333333,1.2866666666666666,1.8233333333333335,1.35,0.85,0.16999999999999998,0.67,-0.495
2024-12-16,26.13,-0.43,22.74,-0.1,24.91,-0.35,28.07,-0.37,26.03,-0.62,1.0566666666666666,0.91,0.7366666666666667,0.19999999999999998,-0.35333333333333333,-0.9166666666666666,-1.1133333333333333,-0.6833333333333332,-0.09999999999999998,0.5299999999999999,1.9,1.2,-0.07,0.43,-0.5
2025-01-01,26.11,-0.445,23.53,-0.15000000000000002,25.2,-0.265,27.83,-0.5,25.945,-0.665,-0.3233333333333333,-0.01333333333333333,0.23666666666666666,0.3833333333333333,0.41,0.3266666666666666,0.03666666666666666,-0.25,-0.37999999999999995,-0.43,1.1,0.7,-0.125,0.325,-0.445
2025-01-16,26.09,-0.46,24.32,-0.2,25.49,-0.18,27.59,-0.63,25.86,-0.71,-0.48666666666666664,-2.0433333333333334,-2.0033333333333334,-2.1466666666666665,-1.7033333333333334,-0.5466666666666667,1.2433333333333334,2.2066666666666666,2.1566666666666667,1.3533333333333335,0.3,0.2,-0.18,0.22,-0.39
2025-02-01,26.325,-0.34,25.55,0.24499999999999994,25.99,-0.035,27.555,-0.605,26.119999999999997,-0.53,1.5166666666666666,1.0833333333333333,0.9966666666666667,0.16333333333333333,-0.6699999999999999,-1.4400000000000002,-1.58,-0.7966666666666667,0.10666666666666669,0.9733333333333333,0.6000000000000001,0.35,-0.065,0.135,-0.195
2025-02-16,26.56,-0.22,26.78,0.69,26.49,0.11,27.52,-0.58,26.38,-0.35,0.08333333333333333,0.29,0.56,0.4833333333333334,0.2866666666666667,-0.010000000000000009,-0.36000000000000004,-0.4633333333333334,-0.37000000000000005,-0.17999999999999997,0.9,0.5,0.05,0.05,0.0
2025-03-01,26.854999999999997,-0.15,27.265,0.9199999999999999,27.08,0.31,27.689999999999998,-0.47,26.86,-0.125,-1.43,-1.3499999999999999,-1.05,-0.42,0.2833333333333333,1.0433333333333332,1.4333333333333333,0.9866666666666667,0.27,-0.59,1.85,1.1,0.14500000000000002,0.02,0.125
2025-03-16,27.15,-0.08,27.75,1.15,27.67,0.51,27.86,-0.36,27.34,0.1,1.0733333333333335,0.18999999999999997,0.12666666666666668,-0.6433333333333333,-1.17,-1.3800000000000001,-0.8433333333333334,0.13333333333333333,0.8500000000000001,1.2666666666666666,2.8,1.7,0.24,-0.01,0.25
2025-04-01,27.4,-0.03,27.055,0.8899999999999999,27.605,0.24,28.1,-0.265,27.494999999999997,-0.03,0.16,-0.24333333333333332,-0.16666666666666666,-0.41,-0.5066666666666667,-0.4166666666666667,-0.05666666666666667,0.31,0.48,0.4666666666666666,1.8499999999999999,1.1,0.36,0.135,0.225
2025-04-16,27.65,0.02,26.36,0.63,27.54,-0.03,28.34,-0.17,27.65,-0.16,0.7399999999999999,1.06,1.1133333333333333,0.7600000000000001,0.25,-0.44,-1.0466666666666666,-1.02,-0.6333333333333333,-0.0366666666666667,0.9,0.5,0.48,0.28,0.2
2025-05-01,27.705,-0.009999999999999998,25.57,0.395,27.285,-0.105,28.57,-0.08,27.744999999999997,-0.1,0.7933333333333333,0.63,0.5633333333333334,0.10333333333333333,-0.33,-0.7200000000000001,-0.8033333333333333,-0.43999999999999995,0.006666666666666654,0.4566666666666667,0.8,0.45,0.52,0.315,0.20500000000000002
2025-05-16,27.76,-0.04,24.78,0.16,27.03,-0.18,28.8,0.01,27.84,-0.04,0.71,-0.15,-0.43,-0.9333333333333332,-1.1466666666666667,-1.0066666666666666,-0.27666666666666667,0.53,0.96,1.0966666666666667,0.7,0.4,0.56,0.35,0.21
2025-06-01,27.685000000000002,-0.03,24.285,0.385,26.83,-0.095,28.935000000000002,0.12,27.795,0.0,1.17,1.1966666666666665,0.8933333333333332,0.3766666666666667,-0.19999999999999996,-0.8533333333333332,-1.2133333333333334,-0.8833333333333333,-0.3166666666666667,0.4033333333333334,0.6,0.35,0.49,0.415,0.07499999999999998
2025-06-16,27.61,-0.02,23.79,0.61,26.63,-0.01,29.07,0.23,27.75,0.04,0.7766666666666667,-0.42,-0.8266666666666667,-1.4000000000000001,-1.5466666666666666,-1.2033333333333334,-0.10333333333333332,0.9433333333333334,1.4100000000000001,1.4533333333333331,0.5,0.3,0.42,0.48,-0.06
2025-07-01,27.395,-0.065,23.04,0.535,26.275,0.015000000000000001,28.955,0.14,27.494999999999997,-0.010000000000000002,1.18,-0.48333333333333334,-0.9133333333333334,-1.8500000000000003,-2.1866666666666665,-1.8266666666666669,-0.35333333333333333,1.1766666666666667,1.9266666666666667,2.07,0.75,0.44999999999999996,0.385,0.5700000000000001,-0.185
2025-07-16,27.18,-0.11,22.29,0.46,25.92,0.04,28.84,0.05,27.24,-0.06,1.1500000000000001,1.07,0.6525,0.16500000000000004,-0.335,-0.86,-1.065,-0.685,-0.155,0.4925,1.0,0.6,0.35,0.66,-0.31
2025-08-01,26.939999999999998,-0.185,21.689999999999998,0.34500000000000003,25.445,-0.09999999999999998,28.735,-0.0049999999999999975,26.909999999999997,-0.195,-0.9233333333333333,-1.38,-1.4866666666666666,-1.1566666666666665,-0.52,0.42,1.3433333333333335,1.4066666666666665,0.9133333333333334,0.1233333333333333,0.85,0.5,0.265,0.6799999999999999,-0.41000000000000003
2025-08-16,26.7,-0.26,21.09,0.23,24.97,-0.24,28.63,-0.06,26.58,-0.33,0.7799999999999999,-0.6266666666666667,-1.1833333333333333,-1.7366666666666666,-1.8,-1.2966666666666666,0.05000000000000001,1.23,1.6900000000000002,1.6433333333333333,0.7,0.4,0.18,0.7,-0.51
2025-09-01,26.515,-0.345,20.744999999999997,0.024999999999999994,24.785,-0.32499999999999996,28.52,-0.165,26.45,-0.385,-0.18333333333333335,-0.7466666666666666,-1.0433333333333332,-0.9800000000000001,-0.68,-0.12,0.63,0.93,0.8166666666666665,0.4633333333333334,0.39999999999999997,0.2,0.125,0.76,-0.625
2025-09-16,26.33,-0.43,20.4,-0.18,24.6,-0.41,28.41,-0.27,26.32,-0.44,0.31,-0.37666666666666665,-0.6733333333333333,-0.9266666666666667,-0.91,-0.5966666666666667,0.12333333333333334,0.69,0.8666666666666667,0.7866666666666666,0.1,0.0,0.07,0.82,-0.74
2025-10-01,26.235,-0.5,20.615,-0.11,24.67,-0.38,28.384999999999998,-0.30000000000000004,26.305,-0.45999999999999996,-0.28,-0.44,-0.5233333333333333,-0.4166666666666667,-0.19666666666666666,0.12333333333333336,0.45999999999999996,0.49666666666666665,0.32666666666666666,0.06000000000000002,0.9999999999999999,0.55,0.015,0.87,-0.855
2025-10-16,26.14,-0.57,20.83,-0.04,24.74,-0.35,28.36,-0.33,26.29,-0.48,1.26,-0.7366666666666667,-1.366666666666667,-2.243333333333333,-2.4899999999999998,-1.9633333333333336,-0.20000000000000004,1.5199999999999998,2.31,2.39,1.9,1.1,-0.04,0.92,-0.97
2025-11-01,26.09,-0.59,21.055,-0.19000000000000003,24.67,-0.475,28.255,-0.42500000000000004,26.215,-0.5800000000000001,1.0333333333333334,0.26666666666666666,0.08666666666666667,-0.6033333333333334,-1.0666666666666667,-1.2533333333333334,-0.7733333333333334,0.09999999999999999,0.7366666666666667,1.1366666666666667,1.85,1.1,-0.12,0.76,-0.885
2025-11-16,26.04,-0.61,21.28,-0.34,24.6,-0.6,28.15,-0.52,26.14,-0.68,0.9366666666666666,0.7933333333333333,0.7233333333333333,0.20999999999999996,-0.31,-0.8233333333333333,-1.0,-0.6033333333333334,-0.07666666666666666,0.48333333333333334,1.8,1.1,-0.2,0.6,-0.8
2025-12-01,26.0,-0.605,21.845,-0.385,24.58,-0.6499999999999999,28.185,-0.375,26.085,-0.645,-0.6866666666666666,-0.68,-0.34,-0.17,0.07666666666666662,0.39999999999999997,0.6066666666666667,0.46,0.16666666666666663,-0.2366666666666667,0.9,0.55,-0.09000000000000001,0.62,-0.71
2025-12-16,25.96,-0.6,22.41,-0.43,24.56,-0.7,28.22,-0.23,26.03,-0.61,-0.3766666666666667,-0.5333333333333333,-0.33666666666666667,-0.26666666666666666,-0.1166666666666667,0.13,0.38000000000000006,0.39999999999999997,0.27,0.013333333333333345,0.0,0.0,0.02,0.64,-0.62
2026-01-01,26.055,-0.495,23.32,-0.36,24.865000000000002,-0.6,28.205,-0.135,26.025,-0.575,1.39,0.56,0.4266666666666666,-0.42,-1.0966666666666667,-1.5266666666666666,-1.1900000000000002,-0.18666666666666665,0.6699999999999999,1.3066666666666666,0.9,0.55,0.01,0.34,-0.325
2026-01-16,26.15,-0.39,24.23,-0.29,25.17,-0.5,28.19,-0.04,26.02,-0.54,0.9766666666666667,1.2433333333333334,1.47,0.9400000000000001,0.21999999999999997,-0.68,-1.406666666666667,-1.2566666666666666,-0.6766666666666667,0.10666666666666663,1.8,1.1,0.0,0.04,-0.03
2026-02-01,26.36,-0.3,25.62,0.315,25.770000000000003,-0.255,28.259999999999998,0.095,26.28,-0.37,0.3433333333333333,-0.4333333333333333,-0.28,-0.7166666666666667,-0.9033333333333333,-0.7733333333333333,-0.13666666666666666,0.5466666666666666,0.8866666666666667,0.89,2.1,1.25,0.065,-0.060000000000000005,0.12999999999999998
2026-02-16,26.57,-0.21,27.01,0.92,26.37,-0.01,28.33,0.23,26.54,-0.2,0.7466666666666667,-0.5499999999999999,-0.6466666666666667,-1.2966666666666666,-1.5566666666666666,-1.3066666666666666,-0.23,0.9066666666666667,1.47,1.5366666666666664,2.4,1.4,0.13,-0.16,0.29
2026-03-01,26.955,-0.04999999999999999,27.450000000000003,1.105,26.884999999999998,0.115,28.445,0.28500000000000003,26.9,-0.085,0.92,0.3333333333333333,0.47666666666666674,-0.21666666666666665,-0.77,-1.1133333333333333,-0.88,-0.14,0.49,0.9266666666666666,2.2,1.2999999999999998,0.22,-0.01999999999999999,0.24
2026-03-16,27.34,0.11,27.89,1.29,27.4,0.24,28.56,0.34,27.26,0.03,0.06666666666666667,-0.03666666666666666,0.27666666666666667,0.04666666666666667,-0.12666666666666665,-0.22333333333333336,-0.19000000000000003,-0.02999999999999999,0.10333333333333333,0.15333333333333332,2.0,1.2,0.31,0.12,0.19
2026-04-01,27.715,0.28500000000000003,27.57,1.405,27.759999999999998,0.395,28.945,0.58,27.770000000000003,0.24999999999999997,1.1033333333333333,0.56,0.5266666666666667,-0.18000000000000002,-0.7600000000000001,-1.1666666666666667,-1.0,-0.26333333333333336,0.41,0.9466666666666667,0.44999999999999996,0.30000000000000004,0.42500000000000004,0.16499999999999998,0.26
2026-04-16,28.09,0.46,27.25,1.52,28.12,0.55,29.33,0.82,28.28,0.47,-0.7966666666666665,-0.043333333333333335,0.35000000000000003,0.7333333333333334,0.94,0.91,0.3733333333333333,-0.31666666666666665,-0.7533333333333333,-0.9866666666666667,-1.1,-0.6,0.54,0.21,0.33
2026-05-01,28.415,0.705,26.84,1.665,28.240000000000002,0.845,29.555,0.8999999999999999,28.55,0.705,0.17,-0.15666666666666665,-0.24,-0.3766666666666667,-0.4033333333333333,-0.2866666666666667,0.016666666666666663,0.2866666666666666,0.3933333333333333,0.3833333333333333,-1.3,-0.75,0.38,0.41000000000000003,-0.02999999999999997
2026-05-16,28.74,0.95,26.43,1.81,28.36,1.14,29.78,0.98,28.82,0.94,1.3099999999999998,0.6666666666666666,0.33666666666666667,-0.3833333333333333,-0.9466666666666667,-1.3066666666666666,-1.0366666666666666,-0.2166666666666667,0.49666666666666676,1.09,-1.5,-0.9,0.22,0.61,-0.39
2026-06-01,28.88,1.17,26.22,2.3200000000000003,28.38,1.4449999999999998,29.925,1.105,29.04,1.245,0.4766666666666666,1.7400000000000002,1.6533333333333333,1.7299999999999998,1.3399999999999999,0.37666666666666665,-1.0833333333333333,-1.8333333333333333,-1.7666666666666666,-1.0666666666666667,-1.95,-1.15,0.22999999999999998,0.715,-0.485
2026-06-16,29.02,1.39,26.01,2.83,28.4,1.75,30.07,1.23,29.26,1.55,0.7266666666666666,0.65,0.4633333333333334,0.09666666666666666,-0.25,-0.5733333333333334,-0.68,-0.4033333333333333,-0.060000000000000005,0.3466666666666666,-2.4,-1.4,0.24,0.82,-0.58
2026-07-01,29.055,1.595,25.705,3.1950000000000003,28.305,2.04,29.955,1.145,29.295,1.79,1.6900000000000002,2.5466666666666664,2.2266666666666666,1.6600000000000001,0.6900000000000001,-0.7433333333333333,-2.17,-2.28,-1.55,-0.2233333333333333,-3.2,-1.9,0.42,0.7649999999999999,-0.345
2026-07-16,29.09,1.8,25.4,3.56,28.21,2.33,29.84,1.06,29.33,2.03,0.6475,2.1025,1.9775,2.0275,1.53,0.38,-1.3275000000000001,-2.1725000000000003,-2.0575,-1.1925,-4.0,-2.4,0.6,0.71,-0.11
2026-08-01,29.44009523809524,2.2493333333333334,25.165,3.8200000000000003,28.28,2.73,29.735,0.9950000000000001,29.375,2.275,2.14,2.44,1.9633333333333336,1.0966666666666667,-0.003333333333333336,-1.3533333333333335,-2.3233333333333337,-1.93,-0.9233333333333333,0.48666666666666664,-2.9,-1.75,0.5681904761904761,0.9378095238095236,-0.3696190476190477
2026-08-16,29.56752380952381,2.4673333333333334,24.93,4.08,28.35,3.13,29.63,0.93,29.42,2.52,2.29,2.8899999999999997,2.355,1.535,0.33999999999999997,-1.275,-2.635,-2.42,-1.38,0.22999999999999998,-1.8,-1.1,0.6170476190476191,0.9969523809523807,-0.37990476190476197
2026-09-01,29.69495238095238,2.6853333333333333,24.3772380952381,4.8610476190476195,28.243047619047626,3.736,29.525523809523808,0.8634285714285712,29.57980952380953,3.0318095238095237,2.554888888888889,3.1291111111111105,2.5491111111111113,1.5968888888888886,0.2657777777777778,-1.4788888888888891,-2.887777777777778,-2.5804444444444448,-1.406,0.3568888888888889,-2.9076190476190478,-1.783809523809524,0.6659047619047619,1.0560952380952378,-0.3901904761904763
