date,cumulative_rainfall,cumulative_rainfall_ssd,cumulative_rainfall_ceq,cumulative_rainfall_eeq,cumulative_rainfall_jon,cumulative_rainfall_lak,cumulative_rainfall_nbg,cumulative_rainfall_uni,cumulative_rainfall_upn,cumulative_rainfall_war,cumulative_rainfall_wbg,cumulative_rainfall_weq,cumulative_rainfall_aby
2002-07-01,-1.503837821,-0.288288494,-1.505278854,2.292016942,2.101008114,0.4615577837,1.50078377,1.766035556,1.717313048,1.708053553,-1.886761359,-1.676109338,1.663827751
2002-07-11,-1.431191768,-0.1438862631,-1.49855227,2.284115708,2.15248416,0.5844405625,1.532658049,1.787880385,1.735447044,1.760756489,-1.850453317,-1.660785845,1.669780439
2002-07-21,-1.33256737,0.05147193986,-1.479962853,2.292610887,2.196421687,0.7234405362,1.60801994,1.81192327,1.755611736,1.837982109,-1.795636147,-1.641954638,1.684474854
2002-08-01,-1.271922318,0.1897613832,-1.461293226,2.326715121,2.251540791,0.7750736322,1.636207951,1.835435319,1.768030928,1.856294188,-1.764069455,-1.631018906,1.696291515
2002-08-11,-1.192715455,0.3444561981,-1.449382192,2.307840301,2.289875835,0.966100521,1.686996916,1.865623708,1.779731472,1.917323407,-1.723155779,-1.611664236,1.712525355
2002-08-21,-1.104119784,0.5406860847,-1.441180566,2.312360131,2.35491438,1.142845199,1.742938244,1.928186641,1.797357429,2.01820828,-1.684323014,-1.59345283,1.74233051
2002-09-01,-1.053113459,0.6122915838,-1.429291729,2.305831973,2.368671861,1.166708848,1.786492838,1.936957044,1.797253206,2.044127866,-1.65763684,-1.584846434,1.758370624
2002-09-11,-1.015661783,0.6400359664,-1.436979881,2.303975265,2.381964621,1.127318912,1.8105545,1.952977503,1.800823504,2.037471423,-1.642602143,-1.585308397,1.773155601
2002-09-21,-0.9610400342,0.7271261357,-1.419574717,2.29506988,2.396664011,1.145188852,1.837611538,1.959861296,1.800734705,2.055676845,-1.608379598,-1.570045824,1.779138761
2002-10-01,-0.9088641263,0.8242381718,-1.390840764,2.313483539,2.432751568,1.171372442,1.844684544,1.964870464,1.806627822,2.053204043,-1.59386961,-1.554353767,1.788426829
2002-10-11,-0.8754449492,0.85459746,-1.370071524,2.295750129,2.405729918,1.125076824,1.835428087,1.962409965,1.805599673,2.063380266,-1.575465676,-1.539286278,1.781350054
2002-10-21,-0.8248587731,0.9482982124,-1.34266717,2.316654808,2.405594254,1.123988289,1.866820668,1.960990213,1.806888109,2.089284367,-1.542531302,-1.524586392,1.787202477
2002-11-01,-0.8452423125,0.9058047608,-1.3421363,2.321486686,2.37741337,1.022862254,1.858290522,1.940055999,1.798645991,2.048357248,-1.533008031,-1.527557858,1.776293869
2002-11-11,-0.872720594,0.855265902,-1.336713286,2.317214114,2.339561242,0.9156788676,1.842693019,1.912371241,1.784467377,1.996459073,-1.515198965,-1.528621898,1.758632111
2002-11-21,-0.9313707439,0.7099397906,-1.347171884,2.281647598,2.2756403,0.7916918081,1.796441157,1.881620455,1.768196135,1.932650959,-1.540128545,-1.533659063,1.740254319
2002-12-01,-0.9890704657,0.5614285218,-1.357047949,2.246201576,2.214404273,0.6671097387,1.750189295,1.85084163,1.751930343,1.869150708,-1.564943112,-1.541345992,1.721876527
2002-12-11,-1.052701808,0.4097635524,-1.375061285,2.240766229,2.150654601,0.5237150915,1.703937433,1.819988376,1.735659101,1.805001217,-1.590108494,-1.552736962,1.703498734
2002-12-21,-1.120986339,0.2492962845,-1.395939324,2.216657452,2.086724168,0.3804126381,1.657685571,1.789135122,1.71938786,1.740851726,-1.615273876,-1.564180328,1.685120942
2003-01-01,-1.195253524,0.07622616909,-1.417095902,2.164341021,2.019464591,0.2370127671,1.611433709,1.758281868,1.703116618,1.676702235,-1.640439258,-1.575736151,1.66674315
2003-01-11,-1.267973567,-0.09505943356,-1.437489505,2.114545028,1.952539646,0.09361289602,1.565181847,1.727428615,1.686978302,1.612552744,-1.66560464,-1.587250332,1.648365358
2003-01-21,-1.334146353,-0.2595881052,-1.457594413,2.067362218,1.885388807,-0.04207116716,1.518929985,1.696660863,1.670707061,1.549000135,-1.690689396,-1.596012844,1.629987565
2003-02-01,-1.408167473,-0.4327012807,-1.47875099,2.015022905,1.818058988,-0.1854710382,1.472678123,1.665807609,1.654435819,1.484850644,-1.715854778,-1.607568667,1.611609773
2003-02-11,-1.464346767,-0.5844618093,-1.498146806,1.977976612,1.755171894,-0.3162438338,1.426426421,1.634954356,1.638209535,1.423446397,-1.739830842,-1.613810234,1.593231981
2003-02-21,-1.52252373,-0.7294085395,-1.514460291,1.970375537,1.700327617,-0.4594844871,1.380281438,1.604101102,1.622013679,1.359296906,-1.764996224,-1.624013287,1.574870054
2003-03-01,-1.574729505,-0.8735398748,-1.52823121,1.952875324,1.63974733,-0.593925769,1.334029576,1.573247848,1.605746868,1.295147415,-1.790161606,-1.631346174,1.556492261
2003-03-11,-1.627443049,-1.016306368,-1.540394732,1.921117744,1.587238896,-0.7296678628,1.287777713,1.542723175,1.589714642,1.231034966,-1.814151659,-1.638398729,1.538114469
2003-03-21,-1.670989402,-1.142134365,-1.547979495,1.903833256,1.53618795,-0.8559909101,1.241525851,1.51272718,1.573482332,1.166980044,-1.83758415,-1.641670357,1.519736677
2003-04-01,-1.685424981,-1.178117773,-1.549149316,1.87045343,1.502784561,-0.7915618163,1.219608267,1.490346614,1.560620139,1.159755736,-1.831574607,-1.634310391,1.504648506
2003-04-11,-1.694400864,-1.177926998,-1.520347528,1.903557139,1.483519168,-0.7206700774,1.189279308,1.470500166,1.546887789,1.152833322,-1.840684661,-1.624699886,1.48777651
2003-04-21,-1.711811627,-1.19715381,-1.499836635,1.93146918,1.462267971,-0.6797237687,1.154908755,1.44956625,1.533474407,1.124019957,-1.852509644,-1.616823076,1.472399583
2003-05-01,-1.727784572,-1.20605317,-1.484064679,1.95175607,1.463326779,-0.6525722421,1.126240265,1.436597091,1.522417322,1.109129456,-1.866327014,-1.609337204,1.457376784
2003-05-11,-1.727264773,-1.194150712,-1.485073369,1.947750319,1.473396655,-0.6533370458,1.138179744,1.423903317,1.515721487,1.102204511,-1.851609407,-1.605033689,1.447121327
2003-05-21,-1.655952746,-1.063646781,-1.477527916,1.939609937,1.521871476,-0.5530336482,1.199411061,1.433502296,1.526094708,1.136809554,-1.814554333,-1.590008511,1.45521848
2003-06-01,-1.580968708,-0.913447822,-1.456495415,1.959836458,1.573798997,-0.4506651718,1.245610327,1.451189933,1.530683417,1.177777212,-1.776943441,-1.572243258,1.467733212
2003-06-11,-1.521320462,-0.7935410192,-1.441568759,1.960792095,1.598853513,-0.3526370263,1.285665763,1.480140551,1.531868723,1.256949506,-1.745653269,-1.556840157,1.483242296
2003-06-21,-1.440363377,-0.6081197915,-1.411675824,1.981901535,1.643576127,-0.1614865557,1.342995492,1.5044339,1.536001639,1.326918926,-1.701550239,-1.532227888,1.492947975
2003-07-01,-1.366849718,-0.461571943,-1.401513821,2.007248914,1.714365816,-0.09393579891,1.374499096,1.523832729,1.55947078,1.371648102,-1.676456483,-1.523491382,1.506329277
2003-07-11,-1.295757854,-0.3114880451,-1.390048639,2.010304996,1.72596377,0.02135016563,1.430956721,1.541438676,1.564639785,1.475288268,-1.625049136,-1.503097576,1.518250435
2003-07-21,-1.206256955,-0.08043990219,-1.364451288,2.046601779,1.811716316,0.2598532183,1.491566183,1.594466369,1.576103996,1.594766953,-1.579289721,-1.485884708,1.552381449
2003-08-01,-1.104532892,0.1054963796,-1.362970552,2.059750383,1.876706541,0.3959191874,1.548480848,1.648326168,1.589687359,1.697113864,-1.533369987,-1.470439948,1.577739516
2003-08-11,-1.005668109,0.3675311258,-1.33085223,2.137182172,1.976384604,0.6380704328,1.641984304,1.677855426,1.601918666,1.810639494,-1.474286171,-1.454634077,1.587272515
2003-08-21,-0.9104113822,0.57742998,-1.306524204,2.187983523,2.049409872,0.7939825386,1.69733674,1.712601745,1.620116886,1.852986591,-1.426908286,-1.438602713,1.604418032
2003-09-01,-0.8381686208,0.765747737,-1.283557218,2.222043185,2.13321969,0.93398791,1.750030848,1.750716439,1.630704,1.926996211,-1.393403588,-1.423115111,1.624231828
2003-09-11,-0.7929821086,0.8487367599,-1.281022894,2.208137253,2.146916051,1.027964414,1.783059781,1.770467466,1.632605022,1.968623865,-1.362148586,-1.413204814,1.641418943
2003-09-21,-0.7335840212,0.9345632529,-1.280634522,2.182342306,2.163138826,1.063841173,1.823124949,1.795456333,1.640043446,2.009142581,-1.328912865,-1.402634853,1.651430342
2003-10-01,-0.674931165,1.040508555,-1.261966104,2.15354544,2.178321624,1.176944036,1.847270336,1.806248509,1.645753515,2.05702913,-1.294026245,-1.384648328,1.654266245
2003-10-11,-0.6116220159,1.175256913,-1.229936968,2.175678778,2.235485946,1.268745564,1.838111822,1.817648335,1.656156474,2.059074012,-1.27194792,-1.364600406,1.650082032
2003-10-21,-0.6136026765,1.14551679,-1.224533781,2.150058534,2.218138777,1.249465703,1.802578496,1.824809972,1.651056954,2.059924779,-1.28131696,-1.36077259,1.646792705
2003-11-01,-0.6047838315,1.187317996,-1.199146078,2.169696404,2.238388161,1.240145081,1.787748858,1.813755145,1.645642157,2.047734743,-1.265230016,-1.354532298,1.641113779
2003-11-11,-0.6670733246,1.03600765,-1.212718479,2.142340736,2.183851754,1.098481132,1.741496996,1.782901891,1.629412372,1.983585252,-1.290395398,-1.36509769,1.622735987
2003-11-21,-0.7061150013,0.9298490932,-1.209659094,2.16106955,2.142459732,0.9609900723,1.695245134,1.752048637,1.613238124,1.919435761,-1.315550247,-1.369222986,1.604358195
2003-12-01,-0.7707907667,0.7721196097,-1.230310838,2.137815511,2.083641164,0.8176196263,1.648993272,1.721195384,1.59696706,1.85528627,-1.340715629,-1.380770037,1.585980402
2003-12-11,-0.8357733645,0.6014637445,-1.250648498,2.0861234,2.016680149,0.6746482152,1.60274141,1.69034213,1.580697337,1.791136779,-1.365845481,-1.391509094,1.56760261
2003-12-21,-0.9063744816,0.4289423255,-1.271628412,2.03404751,1.94935892,0.5312483441,1.556489548,1.659488876,1.564426095,1.726987288,-1.391010863,-1.402854761,1.549224818
2004-01-01,-0.9708811271,0.2619768151,-1.288214566,1.983434835,1.882385054,0.3879266387,1.510245141,1.628635622,1.548155147,1.662846766,-1.416141546,-1.412915785,1.530858081
2004-01-11,-1.04238125,0.09479671678,-1.308343114,1.940635589,1.818111704,0.2472533464,1.463993279,1.597804992,1.531883905,1.598698272,-1.441306928,-1.424429854,1.512480289
2004-01-21,-1.106350105,-0.05508692401,-1.323321746,1.912998402,1.760282492,0.1155846038,1.417741417,1.567019815,1.515613209,1.534823178,-1.466427172,-1.433342145,1.494108331
2004-02-01,-1.180611339,-0.2282000996,-1.344478323,1.860659089,1.692952673,-0.02781526727,1.371489555,1.536166562,1.499341967,1.470673687,-1.491592554,-1.444897967,1.475730539
2004-02-11,-1.251258626,-0.3995352203,-1.365634901,1.811375712,1.626396135,-0.1712151383,1.325237693,1.505313308,1.483070725,1.406524196,-1.516757936,-1.456309762,1.457352747
2004-02-21,-1.317404023,-0.562537586,-1.384076981,1.759045307,1.563874633,-0.3059148278,1.278985831,1.474467194,1.466799483,1.342390184,-1.541923318,-1.464844534,1.438974954
2004-03-01,-1.372793536,-0.6952235842,-1.392968683,1.717118059,1.499930611,-0.4436238613,1.234896144,1.44361394,1.450528523,1.279075805,-1.559401466,-1.465737685,1.420597162
2004-03-11,-1.446007011,-0.8671522621,-1.413177791,1.665867647,1.433127959,-0.5870237324,1.188644282,1.412760687,1.434257281,1.214926314,-1.584566848,-1.477290814,1.40221937
2004-03-21,-1.501257249,-1.005904663,-1.423436919,1.629478969,1.377539839,-0.7215584849,1.142515089,1.388198383,1.42164604,1.159524322,-1.609572855,-1.484721077,1.384673666
2004-04-01,-1.498319104,-0.9803389399,-1.393388986,1.66215864,1.381866117,-0.6138329082,1.109096079,1.381039157,1.41195733,1.164852673,-1.617085279,-1.476307309,1.370469516
2004-04-11,-1.530766657,-1.053798702,-1.389402965,1.680923451,1.360201708,-0.6515340029,1.064163406,1.356022678,1.399471168,1.113949872,-1.63997811,-1.478654883,1.353472021
2004-04-21,-1.525169207,-1.045313389,-1.374647601,1.678824647,1.35381685,-0.6208863774,1.054632249,1.342606309,1.389387618,1.108806348,-1.634139793,-1.469163337,1.343190573
2004-05-01,-1.534950754,-1.065704404,-1.372726143,1.690977386,1.343634887,-0.632495113,1.038348469,1.32258351,1.380953778,1.075559264,-1.636680082,-1.464106707,1.331662918
2004-05-11,-1.510028971,-1.012983584,-1.365655507,1.670729686,1.359528378,-0.5764759923,1.067943225,1.317807699,1.381381661,1.098071265,-1.615429434,-1.455576969,1.331695073
2004-05-21,-1.497938557,-0.993614276,-1.361038939,1.650476952,1.346819474,-0.5459655874,1.079340434,1.308936789,1.380449995,1.108986391,-1.600264297,-1.447875788,1.328625052
2004-06-01,-1.468395945,-0.9613304028,-1.356282608,1.613629069,1.342352318,-0.5212409279,1.093701451,1.321483013,1.381324821,1.10251361,-1.587435209,-1.435320216,1.336339113
2004-06-11,-1.421600647,-0.8494249968,-1.343246635,1.613089043,1.373468786,-0.4181355482,1.120216261,1.351441679,1.377512193,1.17941505,-1.552044297,-1.421786972,1.342046593
2004-06-21,-1.376372844,-0.7733611047,-1.329750342,1.575925837,1.377281696,-0.3774183967,1.157203949,1.383652916,1.383180769,1.233782886,-1.522084352,-1.41352236,1.34484062
2004-07-01,-1.296757932,-0.6443587062,-1.331522787,1.553879887,1.361109611,-0.292616254,1.22383766,1.390776976,1.401449474,1.297680521,-1.460343397,-1.397449493,1.356975857
2004-07-11,-1.211520231,-0.4756802564,-1.303511516,1.579512217,1.40344526,-0.2131594776,1.296470047,1.407794597,1.416920829,1.359803681,-1.413802851,-1.38546077,1.36503325
2004-07-21,-1.113217913,-0.2653911455,-1.273216445,1.652120769,1.497163303,-0.1110081496,1.351099846,1.42914634,1.432010903,1.410432727,-1.369027861,-1.372421378,1.371379455
2004-08-01,-1.046684661,-0.08322288653,-1.258746687,1.671438623,1.604264597,0.09098554082,1.435335754,1.46873119,1.446677577,1.476284185,-1.338700928,-1.367492976,1.393438955
2004-08-11,-0.9781883417,0.08314912746,-1.240854093,1.69666263,1.665792674,0.2310303465,1.47430726,1.500034812,1.458104713,1.555701881,-1.301790453,-1.355383871,1.418213401
2004-08-21,-0.9038544442,0.2216241636,-1.22318568,1.6900611,1.704476079,0.3623771146,1.544353333,1.514750673,1.473868201,1.604297275,-1.266954377,-1.344532124,1.437186131
2004-09-01,-0.8373783367,0.3799170952,-1.216369985,1.723941576,1.760753078,0.4676373105,1.599426514,1.556224637,1.483247293,1.703505681,-1.235692799,-1.332520186,1.456745005
2004-09-11,-0.797466168,0.4398188366,-1.21067053,1.706934102,1.771379567,0.5236963748,1.622003236,1.559712474,1.482808226,1.745259762,-1.209833417,-1.323420839,1.460214166
2004-09-21,-0.7328385153,0.5945335753,-1.192451138,1.745159618,1.833592247,0.6340206915,1.674904759,1.583777623,1.486160571,1.795123389,-1.178203086,-1.308063472,1.47852387
2004-10-01,-0.7029183178,0.6174782672,-1.190680987,1.704339447,1.810145145,0.6360670367,1.68440791,1.583308941,1.486025119,1.813855012,-1.156102192,-1.295767911,1.478489816
2004-10-11,-0.692759827,0.6007876809,-1.179300456,1.686141607,1.793637082,0.5862563922,1.682561153,1.568325449,1.484027171,1.790839214,-1.160068264,-1.289338659,1.473033292
2004-10-21,-0.6457260469,0.7102146738,-1.152789285,1.679207985,1.80005726,0.598997101,1.737355601,1.567904152,1.484704506,1.796625744,-1.109562736,-1.273304703,1.491118468
2004-11-01,-0.6645573184,0.6509288182,-1.150917267,1.665985795,1.776302371,0.5054670264,1.707936139,1.547953033,1.47386532,1.762325943,-1.116732709,-1.271196666,1.47579759
2004-11-11,-0.6899580815,0.5797348475,-1.143659603,1.641068518,1.750798678,0.4208760239,1.672588418,1.517676992,1.458140524,1.706499052,-1.125306639,-1.266157019,1.457419798
2004-11-21,-0.7439160533,0.4580943191,-1.149951112,1.664898125,1.70327278,0.2875608396,1.626336556,1.486854431,1.442403281,1.642349561,-1.150472021,-1.27579742,1.439042006
2004-12-01,-0.8150994656,0.288069458,-1.169960869,1.613586211,1.638578976,0.1444969288,1.580084694,1.456001177,1.42613665,1.57820007,-1.175637403,-1.28694538,1.420664214
2004-12-11,-0.884686885,0.1200705276,-1.189986074,1.567483475,1.57489025,0.0010970577,1.533832832,1.425147923,1.409880254,1.514050579,-1.200802785,-1.298304267,1.402286421
2004-12-21,-0.9529778075,-0.04022493005,-1.210274686,1.543123355,1.510814682,-0.1423028134,1.48758097,1.39429467,1.393632326,1.449901088,-1.225968167,-1.309754566,1.383908629
2005-01-01,-1.0272856,-0.2133381056,-1.231431263,1.490784043,1.443484863,-0.2857026844,1.441329108,1.363441416,1.377361084,1.385751597,-1.251133549,-1.321310389,1.365530837
2005-01-11,-1.101352185,-0.3862548949,-1.25258784,1.43844473,1.376155044,-0.4291025555,1.395077246,1.332588162,1.361089842,1.321602106,-1.276298931,-1.332760073,1.347153045
2005-01-21,-1.172539721,-0.5535812232,-1.273338121,1.393845685,1.313655623,-0.5724931669,1.348883722,1.301746977,1.344823513,1.257623325,-1.301216111,-1.34430436,1.328777393
2005-02-01,-1.24536971,-0.7241617964,-1.29180589,1.34186431,1.246357165,-0.715893038,1.30263186,1.270893724,1.328552271,1.193473834,-1.326381493,-1.355372231,1.310399601
2005-02-11,-1.31570869,-0.8914084875,-1.312835396,1.297907074,1.180444916,-0.8592850529,1.256379998,1.24004047,1.312281029,1.129324343,-1.351546875,-1.36587951,1.292021808
2005-02-21,-1.368569986,-1.030776621,-1.32343348,1.259184081,1.115349427,-0.9889955924,1.210218155,1.209187216,1.296009787,1.065564301,-1.372981675,-1.368283325,1.273644016
2005-03-01,-1.423061111,-1.176424414,-1.332536423,1.229186139,1.049937305,-1.131887389,1.163966293,1.178333963,1.279738545,1.00141481,-1.395585607,-1.375012439,1.255266224
2005-03-11,-1.460487697,-1.284459668,-1.340260891,1.221779002,1.002725014,-1.239858376,1.12654863,1.147564235,1.264193026,0.9390852099,-1.412380227,-1.377252905,1.236889383
2005-03-21,-1.517177363,-1.434375242,-1.355287083,1.196315212,0.9489465255,-1.38190976,1.080296768,1.11737511,1.247922051,0.874935719,-1.437545609,-1.387296652,1.21851159
2005-04-01,-1.559945617,-1.555940629,-1.361436481,1.164567457,0.8893574267,-1.499984508,1.035234157,1.087224671,1.231724833,0.8205727122,-1.458358278,-1.386161655,1.20019904
2005-04-11,-1.582506811,-1.624107953,-1.358107877,1.139710254,0.8442780194,-1.484323239,0.9919820329,1.061428451,1.216167134,0.7774908026,-1.4716169,-1.376150975,1.181867439
2005-04-21,-1.576382365,-1.605526441,-1.346251864,1.137339391,0.8314279439,-1.418286991,0.9752095408,1.049631311,1.206946156,0.7865172018,-1.467691863,-1.360067742,1.167359356
2005-05-01,-1.561825896,-1.55319678,-1.326192412,1.186570019,0.8436231332,-1.347365838,0.9743555431,1.038086085,1.20133575,0.7767831419,-1.463942947,-1.348372319,1.157680134
2005-05-11,-1.546057907,-1.481899337,-1.305333226,1.185565037,0.8675847052,-1.181487682,0.9628666675,1.046703099,1.197345534,0.8026425409,-1.46343054,-1.328273709,1.1471004
2005-05-21,-1.497432392,-1.388571203,-1.295975354,1.216470896,0.9325378099,-1.125204508,0.9637242661,1.05354473,1.206948648,0.8054790768,-1.454595203,-1.318937372,1.143376431
2005-06-01,-1.439391413,-1.25871581,-1.274666928,1.18254536,0.9465012211,-0.9947111734,1.034022264,1.081243449,1.208011889,0.8946726002,-1.409407318,-1.3024645,1.161618215
2005-06-11,-1.402085102,-1.175930642,-1.261003326,1.164184925,0.9549825952,-0.9038710575,1.064369175,1.107834253,1.205721211,0.9518971808,-1.381415097,-1.290615519,1.173571237
2005-06-21,-1.333938289,-1.035296452,-1.241038246,1.156706463,0.986529072,-0.8042596797,1.109975959,1.135182623,1.213000302,1.01742827,-1.342086004,-1.27314139,1.188889585
2005-07-01,-1.247066844,-0.8802881644,-1.206483737,1.159400983,1.047366306,-0.6581988612,1.139072965,1.161378673,1.222596983,1.071359315,-1.312862254,-1.256553447,1.191864784
2005-07-11,-1.188445503,-0.7447337971,-1.205422946,1.160197886,1.09434362,-0.5383117615,1.197767745,1.184128913,1.243478213,1.148988073,-1.277952841,-1.251030836,1.201899301
2005-07-21,-1.085255942,-0.4972705839,-1.171122368,1.189503539,1.17829404,-0.2945528121,1.254919877,1.22682169,1.254330314,1.253931071,-1.216932634,-1.228842586,1.220268272
2005-08-01,-1.004881416,-0.3729918434,-1.168504438,1.18281527,1.184768648,-0.2669527667,1.307927527,1.242913297,1.266493495,1.29871052,-1.161493174,-1.214792384,1.237794458
2005-08-11,-0.8687874598,-0.08409941424,-1.138079447,1.230689884,1.279734173,-0.06849539216,1.394467761,1.298337074,1.290578291,1.40903913,-1.102193035,-1.18890778,1.272491282
2005-08-21,-0.7581421426,0.1619808141,-1.126725893,1.250244344,1.370659528,0.1270469589,1.502016613,1.361244914,1.313137453,1.537819393,-1.047567094,-1.17521314,1.311533847
2005-09-01,-0.7160860331,0.2574708342,-1.110082083,1.268248266,1.416551702,0.2401647463,1.49766734,1.373231459,1.322511314,1.553504713,-1.033966854,-1.166129943,1.316008442
2005-09-11,-0.6700538698,0.376635964,-1.093223716,1.278049705,1.465318915,0.3417656898,1.512302486,1.395170622,1.326489859,1.609217164,-1.009736401,-1.151266895,1.316579878
2005-09-21,-0.6327833681,0.438579137,-1.099041397,1.273078323,1.493276704,0.3890534676,1.527724013,1.418610984,1.322865394,1.64134041,-0.9867873065,-1.143113766,1.32674141
2005-10-01,-0.6281949989,0.4476753043,-1.085748772,1.245251554,1.485937477,0.4108942785,1.526413554,1.421385472,1.323418718,1.6441335,-0.9812306543,-1.139272137,1.325663226
2005-10-11,-0.5711083451,0.5695971225,-1.065487134,1.276773903,1.527614861,0.4722174738,1.529526991,1.420733158,1.332568907,1.657589778,-0.9559226958,-1.121318568,1.336522796
2005-10-21,-0.5601498147,0.5775902919,-1.04884088,1.271248499,1.544842339,0.4449557045,1.498230425,1.409942239,1.328874333,1.619452085,-0.9615643244,-1.109941307,1.328619084
2005-11-01,-0.6198095401,0.435422561,-1.056393536,1.250439883,1.488608892,0.3061188563,1.451978563,1.379088985,1.312788087,1.555302594,-0.9867297063,-1.118455051,1.310241292
2005-11-11,-0.6860436105,0.2768973566,-1.071942708,1.210848758,1.431801661,0.1629065531,1.405726701,1.348235731,1.296521896,1.491153103,-1.011895088,-1.12915714,1.2918635
2005-11-21,-0.7522347679,0.1104699601,-1.092585628,1.162547307,1.364998718,0.02119866147,1.359474839,1.317382477,1.280394075,1.427010127,-1.036874143,-1.138479967,1.273485708
2005-12-01,-0.8165802565,-0.05018421952,-1.10963318,1.113517609,1.300062414,-0.1178465531,1.313222977,1.286529224,1.264122833,1.363132163,-1.062030064,-1.146025762,1.255107915
2005-12-11,-0.8869497536,-0.2225009303,-1.130738475,1.061187311,1.232972863,-0.2608814641,1.266971115,1.25567597,1.247851693,1.298982672,-1.087195446,-1.157247641,1.236730123
2005-12-21,-0.9589032348,-0.3955425697,-1.151787055,1.008847999,1.165646376,-0.4042039,1.220719253,1.224822716,1.231580452,1.234833181,-1.112360828,-1.168801383,1.218352331
2006-01-01,-1.025982288,-0.5680205265,-1.172855948,0.9571157989,1.098363632,-0.5476037711,1.174467391,1.194010222,1.21530921,1.170690944,-1.13752621,-1.180185737,1.199993644
2006-01-11,-1.096616721,-0.7382937433,-1.192905107,0.9067116729,1.033236851,-0.6910036421,1.128215529,1.163156969,1.199038079,1.106541453,-1.162691592,-1.19150903,1.181615852
2006-01-21,-1.168806283,-0.9113893079,-1.21403119,0.8543723603,0.965907032,-0.8344035132,1.081963667,1.132303715,1.182766837,1.042391962,-1.187856973,-1.203064475,1.16323806
2006-02-01,-1.236492729,-1.083071403,-1.235140796,0.8020330476,0.8994413077,-0.9773492069,1.035753604,1.101450461,1.166496872,0.978242474,-1.212999337,-1.21413018,1.14493115
2006-02-11,-1.309889542,-1.254763508,-1.256293826,0.7527595255,0.8326238689,-1.120745396,0.9895017419,1.070597563,1.15022563,0.9140947126,-1.238164718,-1.225679797,1.126553358
2006-02-21,-1.377149257,-1.420457098,-1.273368587,0.7099288218,0.7661553781,-1.264145267,0.9432498798,1.039744309,1.133954388,0.8499452216,-1.2633301,-1.236590776,1.108175566
2006-03-01,-1.418219353,-1.530485165,-1.280567665,0.7130196358,0.7251818672,-1.359643897,0.8974116916,1.01043204,1.117720186,0.7877570343,-1.28838311,-1.239074544,1.090270367
2006-03-11,-1.465246771,-1.670534476,-1.288001602,0.6741786182,0.6849412237,-1.48047303,0.8511598296,0.9800838059,1.101551381,0.7236694453,-1.313548492,-1.24785307,1.071978431
2006-03-21,-1.507794091,-1.776496933,-1.294150237,0.646893329,0.6236127504,-1.539397992,0.8052221862,0.9522809126,1.085317712,0.6799378442,-1.329818705,-1.244826834,1.053600639
2006-04-01,-1.563874904,-1.916241062,-1.302781894,0.6278485719,0.565678569,-1.666156649,0.7589703241,0.9214276589,1.0693108,0.6157883532,-1.354982534,-1.252203109,1.035222847
2006-04-11,-1.601501873,-2.009033429,-1.294756764,0.6255729811,0.5199174724,-1.716697713,0.7127184621,0.8911424323,1.053298518,0.5525325619,-1.378970801,-1.249812513,1.016845054
2006-04-21,-1.620845171,-2.06422686,-1.297628983,0.6283710209,0.491055186,-1.731485421,0.6708551059,0.8671446984,1.038083521,0.5195762488,-1.388404576,-1.243120891,0.9985774715
2006-05-01,-1.564676513,-1.927571076,-1.272527241,0.6681208602,0.5368742378,-1.602098952,0.694967069,0.8806792862,1.040206501,0.5716277175,-1.36606405,-1.22493756,1.002726353
2006-05-11,-1.486856365,-1.720566765,-1.238371936,0.747773577,0.6119844182,-1.452590683,0.752996129,0.9055599139,1.051710669,0.6430758038,-1.334422179,-1.206630745,1.009968582
2006-05-21,-1.45018014,-1.616749306,-1.217389118,0.7672328391,0.6557593775,-1.30748839,0.76977662,0.918143078,1.05199216,0.684440339,-1.324290969,-1.190976271,1.007852953
2006-06-01,-1.425956113,-1.557410195,-1.211760909,0.7340583169,0.6709485674,-1.208304134,0.7757153892,0.9367740082,1.055592446,0.719778468,-1.311850212,-1.178317538,1.013621281
2006-06-11,-1.36316841,-1.429486671,-1.185002545,0.7442271751,0.7107839711,-1.099941648,0.8053863699,0.9591078278,1.061523102,0.7608325003,-1.283262246,-1.164649096,1.025261635
2006-06-21,-1.310402242,-1.262051475,-1.167330954,0.7885816762,0.7638080258,-0.9466760562,0.859412661,0.9928596138,1.066701175,0.8325391372,-1.251193501,-1.147418239,1.037440047
2006-07-01,-1.267478283,-1.141275209,-1.158331006,0.8204697547,0.8241142551,-0.8051692658,0.8946418097,1.00740561,1.080500423,0.8802315401,-1.233222555,-1.1423936,1.039795934
2006-07-11,-1.21039085,-1.069834918,-1.160769803,0.7900301944,0.8223713053,-0.7722811308,0.9392255552,1.017770056,1.084701534,0.9154192309,-1.18706824,-1.135146536,1.051472325
2006-07-21,-1.124201809,-0.8880190485,-1.145636875,0.8227834129,0.879731871,-0.6808681455,0.9967119282,1.037381379,1.10554299,0.9712975513,-1.138531061,-1.122111522,1.067526289
2006-08-01,-1.010138719,-0.6273035657,-1.106741001,0.9044135053,1.012484442,-0.4494208038,1.035351899,1.070204618,1.114708311,1.02967719,-1.092094522,-1.100235109,1.078227139
2006-08-11,-0.9131507038,-0.404695375,-1.087473523,0.9325518858,1.097273484,-0.2764106366,1.107548967,1.114462769,1.129369043,1.121496233,-1.044259414,-1.080909293,1.104301497
2006-08-21,-0.8336146934,-0.2451374062,-1.069856767,0.9314878757,1.171372033,-0.1836072694,1.161115695,1.139756953,1.147170636,1.201204257,-1.007397407,-1.072079056,1.116189007
2006-09-01,-0.7715945543,-0.1380821305,-1.054762347,0.9247822377,1.200828269,-0.1071053599,1.181096184,1.164070062,1.151518641,1.239598296,-0.9767734679,-1.057901039,1.128133617
2006-09-11,-0.7007285465,0.05511103987,-1.033104828,0.9510715487,1.260439629,0.05741952046,1.24810596,1.202655618,1.153448595,1.334202674,-0.9309802308,-1.036025124,1.147164717
2006-09-21,-0.6470998282,0.1639500099,-1.009249948,0.9354343733,1.303222801,0.1757098943,1.272746513,1.240575042,1.152324428,1.359722482,-0.907085757,-1.022288975,1.170579389
2006-10-01,-0.6320185899,0.1836486335,-1.008998951,0.9228719808,1.307053723,0.184015702,1.263034237,1.246405975,1.15527613,1.367802928,-0.906170193,-1.013601911,1.16841511
2006-10-11,-0.599700623,0.2010776475,-1.006801064,0.89264779,1.293628459,0.1364804131,1.266141672,1.248089375,1.158249452,1.34793333,-0.8849882317,-1.006017531,1.175719532
2006-10-21,-0.5307921844,0.4000875589,-0.9785582268,0.9247115793,1.341843059,0.2548914868,1.346225806,1.274338685,1.166002627,1.413093707,-0.8350812302,-0.9821062324,1.195038616
2006-11-01,-0.5738120824,0.2833076655,-0.9884969631,0.8870523722,1.316027105,0.1601611922,1.299973944,1.245098049,1.151533008,1.351676118,-0.8596825109,-0.9846194111,1.176660823
2006-11-11,-0.6244291122,0.167366719,-0.9860723855,0.9103887936,1.276605748,0.01778911233,1.253722082,1.21425167,1.135429404,1.287532602,-0.8848478928,-0.9951546011,1.158283031
2006-11-21,-0.6746265285,0.05691746244,-0.9898861954,0.9522264544,1.237486501,-0.1180639495,1.20747022,1.183537118,1.11950836,1.223383111,-0.9100132748,-1.005149779,1.139905239
2006-12-01,-0.7349510385,-0.08694112227,-1.000624816,0.9462702826,1.180962711,-0.261216545,1.161218358,1.152683864,1.103495714,1.15923362,-0.9351786567,-1.016435639,1.121527447
2006-12-11,-0.8025693896,-0.2455054892,-1.019476494,0.9250518526,1.116687805,-0.4040340807,1.114966496,1.121841864,1.087241149,1.095094558,-0.9603440386,-1.027979923,1.103149654
2006-12-21,-0.8720673535,-0.4094994083,-1.039600979,0.8882492222,1.054610961,-0.5473333588,1.068714634,1.09098861,1.070969908,1.030945067,-0.9855094206,-1.039453829,1.084771862
2007-01-01,-0.9463599736,-0.5825578077,-1.060757556,0.8360548711,0.9872811426,-0.6907332299,1.022462772,1.060135357,1.054698666,0.9667955756,-1.010674803,-1.051009652,1.06639407
2007-01-11,-1.019322571,-0.7540368504,-1.081914133,0.7865828733,0.9210849131,-0.8341331009,0.9762109097,1.029282103,1.038427424,0.9026460846,-1.035840184,-1.062565475,1.048016278
2007-01-21,-1.092968903,-0.9260875791,-1.103037987,0.7361562601,0.8540557131,-0.9771395255,0.9299876835,0.9984288491,1.022158979,0.8385083415,-1.06100112,-1.074056104,1.029697527
2007-02-01,-1.157190066,-1.078372669,-1.117393039,0.718018908,0.7946493182,-1.120530696,0.8837358214,0.9675755954,1.005891341,0.7743588505,-1.086166502,-1.085436621,1.011319735
2007-02-11,-1.228901538,-1.24899243,-1.137635142,0.6689370593,0.7282677719,-1.263680194,0.8374839594,0.9367371014,0.9896251934,0.7102093595,-1.111331461,-1.096845002,0.9929419425
2007-02-21,-1.288294162,-1.386780828,-1.150304596,0.6267570566,0.6770633054,-1.366892675,0.7917508529,0.9059480874,0.9733587989,0.6489193759,-1.134921046,-1.100971585,0.9745687165
2007-03-01,-1.349550655,-1.52784845,-1.166927965,0.6165221074,0.6152358501,-1.501537169,0.7454989909,0.8756633116,0.9570875571,0.5971101563,-1.156463831,-1.109944903,0.9561909242
2007-03-11,-1.391135165,-1.643094765,-1.176232446,0.6184421067,0.5663855026,-1.636294479,0.7069020004,0.8448240157,0.9422745323,0.5370846744,-1.175671089,-1.115253437,0.9378159063
2007-03-21,-1.434454173,-1.778561848,-1.192916288,0.5837081457,0.5160513086,-1.754552776,0.6654147331,0.81413016,0.9262670447,0.4857257418,-1.193998963,-1.122253855,0.919438114
2007-04-01,-1.473768541,-1.89716767,-1.198887344,0.5384429176,0.4649826231,-1.827839769,0.6226441566,0.7917639267,0.9123500137,0.4458055788,-1.212297764,-1.126657693,0.9014282564
2007-04-11,-1.476704977,-1.891396875,-1.189219731,0.59311929,0.4603285819,-1.805399058,0.5956210654,0.7777715671,0.9034269988,0.4476439493,-1.218134348,-1.121829125,0.8870641427
2007-04-21,-1.472890093,-1.876410492,-1.179224409,0.5882591025,0.4617589202,-1.736687496,0.5931936444,0.7688029641,0.8936966011,0.4507002131,-1.213556663,-1.112400715,0.8782591262
2007-05-01,-1.473433331,-1.876359939,-1.176264687,0.5678926137,0.4470230436,-1.742631346,0.5974133998,0.7715618479,0.8871843014,0.4540828005,-1.205489162,-1.105474979,0.8739815341
2007-05-11,-1.449519219,-1.818796817,-1.157087189,0.5948374601,0.4713041351,-1.679556972,0.5956410519,0.7637619687,0.886251103,0.4374895045,-1.194754993,-1.096285673,0.8683333253
2007-05-21,-1.420747682,-1.718287823,-1.124412817,0.6199410856,0.4971411162,-1.568635314,0.6151807403,0.7633790734,0.8837072827,0.4616803725,-1.179155249,-1.07829738,0.8657532418
2007-06-01,-1.351499988,-1.53880336,-1.092018006,0.6486777321,0.5538669452,-1.338290168,0.6612855082,0.7901765096,0.8833133968,0.5371917521,-1.144345108,-1.056116047,0.8798862868
2007-06-11,-1.293151494,-1.381163486,-1.07797388,0.6988316536,0.6418334299,-1.191780453,0.690610803,0.816667728,0.8949868681,0.5904163621,-1.129110092,-1.043379315,0.8887375843
2007-06-21,-1.259530289,-1.302884454,-1.073638013,0.7033754578,0.6649429476,-1.120786216,0.721254618,0.8454109201,0.8993126536,0.6277645665,-1.108979848,-1.038468549,0.9052095648
2007-07-01,-1.224522024,-1.18405754,-1.064317888,0.7330309354,0.7607959221,-1.041242324,0.7125342859,0.8855125908,0.9116292139,0.6535005535,-1.106373271,-1.030264816,0.9108052367
2007-07-11,-1.156559276,-1.059409768,-1.056011822,0.7002611622,0.7790145196,-0.9523609886,0.7614475493,0.9218408673,0.9282527412,0.7236925967,-1.065639252,-1.018386257,0.9250849718
2007-07-21,-1.049185074,-0.8160019686,-1.02858791,0.7600035999,0.8686003645,-0.7279482481,0.8349274502,0.9715663016,0.9456237784,0.804017251,-1.024350796,-0.9985781067,0.9497077209
2007-08-01,-0.973258564,-0.6381153776,-0.9966107795,0.7954949269,0.9384522908,-0.5907893403,0.8667103783,1.000291265,0.9527866554,0.8776602308,-0.9840623059,-0.9853547055,0.9681125652
2007-08-11,-0.8973831651,-0.4687394989,-0.9667990127,0.8516392646,1.00285239,-0.4892090651,0.9190933941,1.021526535,0.9618867707,0.9162034423,-0.9561697546,-0.9693189129,0.9798949462
2007-08-21,-0.7889287543,-0.2477230717,-0.9438324063,0.8783768148,1.062692378,-0.3537627856,1.0015846,1.065112375,0.980503611,1.007228476,-0.8984689388,-0.952118983,1.003098017
2007-09-01,-0.7260831441,-0.08802201569,-0.9164104777,0.9387530841,1.151075583,-0.2626227452,1.026352602,1.078224785,0.9865284127,1.032681545,-0.8770479595,-0.9365699908,1.013939435
2007-09-11,-0.6519816159,0.07688578181,-0.8994249866,0.9611996113,1.211614617,-0.1468053394,1.079504423,1.106695081,0.9915569074,1.100941011,-0.8418339343,-0.9170560041,1.030264351
2007-09-21,-0.6211794665,0.1508316129,-0.8934583366,0.9656692942,1.231269644,-0.08523028335,1.095706271,1.119397173,0.9967400621,1.134648451,-0.8277467076,-0.9049408239,1.027943267
2007-10-01,-0.5884759462,0.2282513288,-0.8840428957,0.9819768175,1.266381426,-0.02672242536,1.100635605,1.131992512,1.001231531,1.153396341,-0.8150193398,-0.8947814133,1.025113471
2007-10-11,-0.5785932492,0.2247948656,-0.8843237131,0.957539105,1.240829778,-0.07193631275,1.102495475,1.13820573,1.000364164,1.154040432,-0.801529541,-0.8909901747,1.028069266
2007-10-21,-0.5744961926,0.2147911054,-0.8848595788,0.9328454331,1.213119365,-0.1297125111,1.126263148,1.125716644,1.00176884,1.155975574,-0.7898706438,-0.8893664446,1.034346273
2007-11-01,-0.5932592349,0.1711378655,-0.8822361119,0.9471466848,1.202816661,-0.2108230497,1.099000187,1.108086455,0.9934676533,1.112677858,-0.7986589894,-0.8900549912,1.02572665
2007-11-11,-0.6235864945,0.09444635501,-0.8918154873,0.9104011024,1.183004005,-0.3040731121,1.059721012,1.082593045,0.9799749834,1.068522321,-0.798102949,-0.8895503069,1.007607898
2007-11-21,-0.690638307,-0.06543627372,-0.9115616067,0.8774238935,1.125979667,-0.4474729832,1.01346915,1.051739791,0.9637536539,1.00437283,-0.8232683309,-0.9010615786,0.9892301055
2007-12-01,-0.7579232486,-0.2336989364,-0.9313377064,0.8344735374,1.059193459,-0.5908728542,0.9672172884,1.020886538,0.9474837321,0.9402233393,-0.8484337129,-0.9124605576,0.9708523132
2007-12-11,-0.8302201508,-0.4025846214,-0.9501900501,0.7867975613,0.9942326682,-0.73418968,0.9209654264,0.9900332838,0.9312124903,0.8760738483,-0.8735990948,-0.9239889521,0.952474521
2007-12-21,-0.9039119683,-0.5756135436,-0.9713466274,0.734606304,0.926956152,-0.8775895511,0.8747135644,0.9591800301,0.9149412485,0.8119243573,-0.8987644768,-0.9355433539,0.9340967287
2008-01-01,-0.9756132649,-0.7486732168,-0.9924821088,0.6822669914,0.8596263334,-1.020989422,0.8284617023,0.9283267764,0.8986700067,0.7477748663,-0.9239298587,-0.9470770896,0.9157189365
2008-01-11,-1.037949068,-0.9145181615,-1.013356295,0.6374593933,0.7996697138,-1.164351464,0.7822098403,0.8974735227,0.8824331815,0.6836253753,-0.9490952406,-0.9582747569,0.8973411442
2008-01-21,-1.107979346,-1.080027384,-1.03197821,0.5891258695,0.735579962,-1.304181174,0.7359579783,0.8668415082,0.8662954204,0.6194835335,-0.9742587496,-0.9684271809,0.878963352
2008-02-01,-1.170231226,-1.232002816,-1.047074482,0.5684016417,0.6702547689,-1.445685017,0.6897151927,0.8359890994,0.8500248806,0.5553340425,-0.9994155977,-0.9774138733,0.8606405822
2008-02-11,-1.24134521,-1.400678637,-1.065426878,0.5183853027,0.6030726749,-1.588329766,0.6434638746,0.805135873,0.8337536388,0.4911958682,-1.02458098,-0.9879404906,0.8422711918
2008-02-21,-1.309828443,-1.569808618,-1.085925995,0.46635117,0.5360270921,-1.728491105,0.5972159932,0.7742845738,0.8174851558,0.4270684363,-1.049733073,-0.9978277978,0.8239070863
2008-03-01,-1.361480277,-1.709613311,-1.099847945,0.4159149691,0.4749758131,-1.861647754,0.5612715578,0.7439094676,0.8013161088,0.3659104429,-1.065168677,-1.002556095,0.8056403527
2008-03-11,-1.388705345,-1.770411087,-1.095999306,0.4224526869,0.4385488453,-1.879659704,0.5228017675,0.7193222521,0.7863504128,0.3357012874,-1.077017113,-0.9988256075,0.787526773
2008-03-21,-1.412308417,-1.803958798,-1.086177837,0.4387585,0.4261862272,-1.87029505,0.4824211804,0.693770522,0.7724265924,0.3111193626,-1.090894842,-0.9914486181,0.7703733706
2008-04-01,-1.429153658,-1.888819046,-1.08762886,0.4069537628,0.3785643687,-1.930574791,0.4557514935,0.6673445115,0.7580054169,0.2800892933,-1.099883867,-0.9897274248,0.757709278
2008-04-11,-1.419813309,-1.837609387,-1.05916216,0.4349379007,0.3811807947,-1.807375072,0.4432841732,0.6704869434,0.7527202769,0.3060397662,-1.095786664,-0.9812738418,0.7480749781
2008-04-21,-1.428208999,-1.868397748,-1.058906718,0.4203127221,0.3629295656,-1.833615035,0.432531399,0.6616546753,0.7463555769,0.2946765384,-1.097686308,-0.9791973638,0.7364923222
2008-05-01,-1.431655588,-1.889410381,-1.052092546,0.3892637462,0.346123898,-1.789406179,0.4320914685,0.6491408745,0.7382638277,0.2949342321,-1.097422656,-0.9750192429,0.7242336074
2008-05-11,-1.417531324,-1.882028458,-1.05054873,0.4020230864,0.3508193384,-1.776275674,0.4148324647,0.6391123078,0.7326421782,0.2830638857,-1.098191882,-0.9660582778,0.7107433809
2008-05-21,-1.357225118,-1.726820612,-1.021279206,0.4086274953,0.3946553293,-1.59788912,0.457164782,0.6489472725,0.7355078445,0.3654060117,-1.059410669,-0.9464233797,0.7115322728
2008-06-01,-1.30012105,-1.604703237,-0.9880233695,0.4480002619,0.4176565014,-1.481252283,0.4912534718,0.654603768,0.7332778882,0.3805723561,-1.038857945,-0.9249796102,0.7209407116
2008-06-11,-1.255441078,-1.526566814,-0.9841095304,0.4262884181,0.4183916711,-1.370368837,0.5065374406,0.6700172287,0.7336148496,0.4100453596,-1.017533525,-0.9026285272,0.7222572867
2008-06-21,-1.187231362,-1.411049326,-0.9687739221,0.4111549056,0.404981107,-1.273178477,0.5561897758,0.6776388493,0.7396880384,0.4545824224,-0.9695243571,-0.8823699341,0.7302960896
2008-07-01,-1.058372849,-1.096702535,-0.939648732,0.5236301084,0.5716623172,-1.025608114,0.6372669986,0.7352436062,0.7633570154,0.55527327,-0.9125394722,-0.8732178247,0.7549691849
2008-07-11,-0.9503671397,-0.8772251326,-0.9129270647,0.569616956,0.6337451521,-0.8340499646,0.6938516469,0.7489068118,0.7818655612,0.6503958827,-0.8585649876,-0.8541734853,0.7632231303
2008-07-21,-0.8858849416,-0.7450693256,-0.8870645513,0.5931403751,0.6761715728,-0.7602994228,0.7542481568,0.7643375365,0.7874654148,0.6798483412,-0.8265121358,-0.8426035826,0.7783252633
2008-08-01,-0.7638297308,-0.4735590744,-0.8658730167,0.6357535555,0.7599318457,-0.5259745412,0.8621279396,0.7988856205,0.8038389265,0.7838476767,-0.7486399766,-0.8218388461,0.7951878814
2008-08-11,-0.6423373213,-0.2108722102,-0.8387807797,0.675947855,0.8453416376,-0.365572684,0.9459758365,0.8385479939,0.8229791507,0.875543865,-0.6827658115,-0.7974350606,0.8113881732
2008-08-21,-0.5373401141,0.01513971718,-0.8157558262,0.6967974198,0.9218518902,-0.2195506156,1.017748289,0.8641729919,0.8491415736,0.9367492103,-0.6335917449,-0.7752735899,0.8343993772
2008-09-01,-0.4657704058,0.1855640685,-0.7892404581,0.7264163024,0.9734680051,-0.07455491456,1.076304297,0.9006969708,0.8560368436,1.009982767,-0.5956383565,-0.7606798453,0.8470296273
2008-09-11,-0.3622340319,0.4676766874,-0.7453562377,0.7904255343,1.105885983,0.1816707578,1.098947654,0.9366136257,0.8751421135,1.069442365,-0.5528077817,-0.7308304464,0.865318263
2008-09-21,-0.2954350153,0.6027946213,-0.7283884498,0.8163960362,1.145245987,0.2513289646,1.134587061,0.965607876,0.8810946349,1.130197893,-0.5167273152,-0.7191818948,0.8778395812
2008-10-01,-0.2482207099,0.7319020138,-0.7126444452,0.8269480026,1.19707284,0.3758646776,1.160189821,0.978993585,0.8889572425,1.169265647,-0.4925457834,-0.7015474261,0.8793958553
2008-10-11,-0.2217774647,0.7981888348,-0.6882927492,0.8422006439,1.223789532,0.4595116138,1.141561937,0.9743550682,0.8938854439,1.157247967,-0.4932796835,-0.6855829057,0.87289296
2008-10-21,-0.2290909901,0.7921584842,-0.6627699514,0.8768290462,1.230772512,0.4410944381,1.103620483,0.9555660725,0.8849616172,1.120714809,-0.5084018873,-0.6791102095,0.8580400689
2008-11-01,-0.2689339568,0.7008581302,-0.6590293807,0.9118743482,1.204350579,0.3377254064,1.057368621,0.9259070847,0.8691236514,1.059940278,-0.5332792993,-0.6850018756,0.8396622766
2008-11-11,-0.3273084842,0.550474464,-0.678452334,0.8734156973,1.152680582,0.2082871243,1.011116759,0.8951560873,0.8533030313,0.9959242918,-0.5581699754,-0.6928164324,0.8212844844
2008-11-21,-0.3945429606,0.3846181035,-0.6951305331,0.8289731768,1.086153798,0.06587562519,0.9648648972,0.8643028336,0.8371687768,0.9317748008,-0.5833353573,-0.703731795,0.8029066921
2008-12-01,-0.4553000999,0.2298241267,-0.711143021,0.7860582374,1.028451076,-0.06440811329,0.9202302542,0.8336393322,0.8210340534,0.8685173766,-0.6072815655,-0.7129320794,0.7846539568
2008-12-11,-0.5283970549,0.05759317472,-0.7322815241,0.7342233591,0.9616224761,-0.2077961835,0.8739783922,0.8027860785,0.804763903,0.8043678856,-0.6324469475,-0.7242530854,0.7662761646
2008-12-21,-0.5970480781,-0.1142064743,-0.7531135336,0.6829520315,0.8949584638,-0.3511811169,0.8277265301,0.7719328247,0.7884959246,0.7402183946,-0.6575970989,-0.7355977109,0.7478983723
2009-01-01,-0.6697893872,-0.286513336,-0.7742636683,0.6306127188,0.8276286451,-0.494580988,0.7814746681,0.741079571,0.7722246828,0.6760689036,-0.6827624808,-0.7467205636,0.7295205801
2009-01-11,-0.7421863911,-0.4576654712,-0.7944371265,0.578597761,0.7617313808,-0.637980859,0.7352228061,0.7102263173,0.755953441,0.6119194126,-0.7079278628,-0.7579467381,0.7111427878
2009-01-21,-0.7981183308,-0.6049349499,-0.8055769357,0.5467447777,0.702618754,-0.7723453912,0.6892451039,0.6803970127,0.7397217517,0.5495929813,-0.7329728144,-0.7656721212,0.6927649956
2009-02-01,-0.8669893207,-0.7745108613,-0.8254564518,0.4974070568,0.6354904256,-0.9155366313,0.6429932419,0.6495437589,0.7234505099,0.4854434903,-0.7581381963,-0.7763604353,0.6743872033
2009-02-11,-0.9258425013,-0.935143892,-0.8461392543,0.4463597647,0.5699945769,-1.056008891,0.5967413798,0.6186905052,0.7071913738,0.4212939993,-0.7833023464,-0.7821894958,0.6560094111
2009-02-21,-0.9741668167,-1.07651351,-0.8607589718,0.405978405,0.5116706322,-1.191618177,0.5504895178,0.5878372515,0.690926312,0.3575877621,-0.8054829406,-0.7852479965,0.6376316188
2009-03-01,-1.030688066,-1.214977105,-0.874422513,0.3659098131,0.4458752446,-1.299317926,0.5070782092,0.5584384859,0.6746550702,0.2993018867,-0.824991131,-0.7887189403,0.6192561935
2009-03-11,-1.085706891,-1.363195142,-0.8927773354,0.3287204862,0.3891486792,-1.416209108,0.4608263472,0.5279753067,0.6584856727,0.2363276319,-0.8497168404,-0.7951317495,0.600901303
2009-03-21,-1.127455622,-1.478748796,-0.9017890526,0.3343306022,0.3463085458,-1.539865921,0.4168651378,0.497122053,0.6429425958,0.1738382262,-0.8724773755,-0.8003795316,0.5825235107
2009-04-01,-1.127844436,-1.478770329,-0.8885244945,0.3534786744,0.335967101,-1.473160415,0.3874554283,0.4805413823,0.6299711244,0.1719327396,-0.87621437,-0.7902121548,0.5675921551
2009-04-11,-1.116013477,-1.440147615,-0.8677651896,0.4083948315,0.3484857945,-1.384179343,0.3754768513,0.4647518383,0.6193655482,0.1761079533,-0.8712089323,-0.7843832735,0.5545682645
2009-04-21,-1.098818631,-1.401678589,-0.8556904465,0.4089443554,0.345798471,-1.310887458,0.3861315894,0.4578712915,0.612862893,0.20390752,-0.8551058359,-0.7748704358,0.5435773858
2009-05-01,-1.10213068,-1.449770814,-0.8500966572,0.3958042596,0.3176748492,-1.373381384,0.3732223851,0.4367674317,0.6051551,0.160327587,-0.8555901586,-0.7750056971,0.5349491741
2009-05-11,-1.113854732,-1.490973049,-0.83841456,0.4120905005,0.2900707017,-1.393253853,0.3402500053,0.4124217502,0.5921817042,0.1136736094,-0.8654132767,-0.7690346493,0.517119813
2009-05-21,-1.103790747,-1.447981578,-0.8290057343,0.4276363114,0.2866630142,-1.30412268,0.334343352,0.4103970306,0.5856258777,0.1336201886,-0.8565416299,-0.7546568203,0.5074826075
2009-06-01,-1.065814387,-1.372925297,-0.8141240015,0.415523419,0.2863789883,-1.1470636,0.3421603666,0.4147473186,0.5863156143,0.1454814528,-0.8408974926,-0.7338466238,0.5060008849
2009-06-11,-0.991896805,-1.229339512,-0.7948983883,0.3909592944,0.2921108827,-1.031024041,0.4090612958,0.4364967931,0.5854853923,0.2225437657,-0.7785609681,-0.7136983455,0.5222751788
2009-06-21,-0.9159539836,-1.059233636,-0.7706498227,0.4388895552,0.3475920544,-0.8895634162,0.4444935157,0.4648843597,0.5938441547,0.295969256,-0.7486165276,-0.6963629081,0.5342547927
2009-07-01,-0.8555839006,-0.9629864765,-0.7681778807,0.4110583915,0.3465993923,-0.8361624261,0.487569272,0.4920309464,0.5971188007,0.3585216681,-0.6990698931,-0.6847886512,0.5442761813
2009-07-11,-0.8374910768,-0.9181318883,-0.7592071352,0.3994871652,0.3716088411,-0.8085149857,0.5013807531,0.4991605274,0.6031314035,0.3764588793,-0.6884980794,-0.6825963708,0.5464102947
2009-07-21,-0.770784123,-0.7890529322,-0.7525437537,0.3839791903,0.4009423353,-0.7107753355,0.5698027727,0.5282821381,0.613723654,0.4428364376,-0.6476913573,-0.6719001962,0.5737122934
2009-08-01,-0.693706915,-0.6278416189,-0.7329694945,0.3696042851,0.439657726,-0.611119747,0.6351562748,0.5529074678,0.6271560804,0.5069500881,-0.5969703035,-0.6563126761,0.6000022451
2009-08-11,-0.6010122323,-0.4364425594,-0.7256257158,0.3943152936,0.512561674,-0.5211015042,0.7557004557,0.5816055066,0.638643805,0.5874964444,-0.5300445303,-0.6519077799,0.6251765323
2009-08-21,-0.5363589769,-0.3139377969,-0.7199868352,0.3788281575,0.5296241363,-0.396700225,0.8179287484,0.611570505,0.6487793089,0.6430079295,-0.4860640525,-0.6414045764,0.6405493359
2009-09-01,-0.4770155015,-0.1844738372,-0.7112744482,0.3765495703,0.5715991133,-0.3139021802,0.8622409478,0.6393874094,0.6556681052,0.6908249828,-0.448167727,-0.626888752,0.6515229212
2009-09-11,-0.3978527228,0.02555474805,-0.6836221621,0.4099154689,0.6450677652,-0.05669613578,0.9063443997,0.6860336698,0.6691049381,0.7980644245,-0.4184334819,-0.6066709515,0.6726772176
2009-09-21,-0.3345996149,0.1790180138,-0.6711911406,0.4204042727,0.6892998043,0.0698879126,0.9553768104,0.7098266962,0.6786002435,0.8766221253,-0.3753674842,-0.5924044643,0.6861475872
2009-10-01,-0.297848404,0.2752288424,-0.6445554708,0.4440644244,0.7313125714,0.162779879,0.941664858,0.7133237001,0.6782225764,0.8790473196,-0.3658362528,-0.5726117447,0.6888753007
2009-10-11,-0.2786901011,0.2793300492,-0.6351895928,0.4337536431,0.7251701747,0.1517824441,0.9214116901,0.7089199958,0.6724362989,0.8685147472,-0.3626387786,-0.5627654622,0.6850084375
2009-10-21,-0.247112572,0.302869401,-0.6185267175,0.4093087403,0.7010112955,0.1175675256,0.9424249685,0.7113226325,0.6681187861,0.8651997648,-0.3447315864,-0.5518062986,0.6964825403
2009-11-01,-0.2593260845,0.2573683955,-0.6179050709,0.3835726881,0.6518579601,0.02872749469,0.9388001717,0.6871453634,0.6556520433,0.8312077207,-0.325099364,-0.5482923686,0.6880199881
2009-11-11,-0.3189774399,0.117131069,-0.6220746489,0.3451309953,0.5946263771,-0.09963207851,0.8926258113,0.6563062485,0.6394588519,0.7687207665,-0.3489324355,-0.5541425623,0.6696421958
2009-11-21,-0.3838786754,-0.03785439668,-0.6326981091,0.3152290932,0.5343560085,-0.243011477,0.8463739492,0.6254529948,0.6232110558,0.7045712755,-0.3740978175,-0.5654582931,0.6512644036
2009-12-01,-0.4448285254,-0.1829591342,-0.642602757,0.2901921401,0.4804166771,-0.3830289796,0.8001220872,0.5945997411,0.6069606808,0.6404217846,-0.3992631994,-0.5744463839,0.6328866113
2009-12-11,-0.507129122,-0.3326803359,-0.6548123196,0.2752979908,0.4175265024,-0.5251574252,0.7538702252,0.5637464874,0.5906913672,0.5763044689,-0.4243807374,-0.5848797631,0.6145088191
2009-12-21,-0.5699024446,-0.4825574714,-0.6721302633,0.26162078,0.3607276601,-0.6669163426,0.7076311054,0.5328945821,0.5744263631,0.5121627618,-0.4495459015,-0.5957252081,0.5961310268
2010-01-01,-0.6396425102,-0.6493947633,-0.6932703909,0.2248450809,0.2942283399,-0.8103162136,0.6613792434,0.502041816,0.5581688209,0.4480132708,-0.4747112834,-0.6072810308,0.5777532346
2010-01-11,-0.6950917217,-0.8099286989,-0.7088345314,0.1728650707,0.2270257584,-0.9517865153,0.6151275407,0.4712263488,0.5418975791,0.3839014894,-0.4997917837,-0.6139413763,0.5593754423
2010-01-21,-0.767942307,-0.9818510547,-0.729851292,0.1213206094,0.1610407553,-1.095127336,0.5688756787,0.440373095,0.5256266597,0.3197519984,-0.5249571657,-0.6254115817,0.5409976501
2010-02-01,-0.8359481985,-1.150968615,-0.7466405108,0.06898129679,0.09384559512,-1.238504969,0.5230434345,0.4096600803,0.509440969,0.2556146613,-0.5499302575,-0.6363729264,0.5226295781
2010-02-11,-0.8810884768,-1.270748951,-0.7364829775,0.06390652998,0.03599288622,-1.378605758,0.4767915725,0.3788283025,0.4931892459,0.1917436489,-0.5749078168,-0.6408228015,0.5042517859
2010-02-21,-0.9317646726,-1.384084914,-0.7374408677,0.07574600504,-0.02062802444,-1.493793395,0.4305420201,0.3485553998,0.4770200261,0.1315423042,-0.5982346493,-0.6446001813,0.4858774517
2010-03-01,-0.9844809479,-1.523015832,-0.7512509817,0.05911745002,-0.07829480621,-1.63647834,0.3851916682,0.3177021461,0.4607522823,0.06739281322,-0.6199504134,-0.651614478,0.4674996594
2010-03-11,-1.008797639,-1.586461906,-0.7567352906,0.02754247213,-0.1263469546,-1.634484847,0.3517444786,0.2926842488,0.4448729697,0.05621269198,-0.6212204795,-0.6435623528,0.4497245661
2010-03-21,-1.071688787,-1.735029024,-0.7727682103,0.02414131801,-0.1883618506,-1.777460769,0.3054926166,0.2621349846,0.4286161701,-0.007936799019,-0.6463858615,-0.6548110807,0.4313467738
2010-04-01,-1.110851478,-1.858037014,-0.7813492389,-0.01864879915,-0.2443453943,-1.877789869,0.2599717791,0.2339204144,0.4124607655,-0.05472178368,-0.6679895953,-0.6537045643,0.4130170485
2010-04-11,-1.127391198,-1.889147235,-0.7638674777,-0.02550766884,-0.287881256,-1.804974863,0.2254326546,0.2104955459,0.3974217792,-0.07122275362,-0.6772339511,-0.6403733131,0.3954760542
2010-04-21,-1.132383961,-1.89561009,-0.7497906386,-0.01648596717,-0.2955450976,-1.809140719,0.2146917309,0.1971993121,0.3868215776,-0.09092091381,-0.6799495381,-0.6330447248,0.3854036597
2010-05-01,-1.093507198,-1.769960815,-0.7194263792,0.005598906288,-0.252543181,-1.659922473,0.2308417953,0.2028096487,0.3878846794,-0.04044057724,-0.6645997351,-0.6111815324,0.3783194505
2010-05-11,-1.101563394,-1.778277731,-0.7035050892,0.03368423696,-0.2451471687,-1.701668288,0.1989280459,0.1969090332,0.3850945015,-0.05790731931,-0.6782602736,-0.610456531,0.3654227358
2010-05-21,-1.07391824,-1.71034668,-0.680231914,0.05048946341,-0.2468294459,-1.580683696,0.2105061444,0.2086007772,0.3819348369,-0.03726482342,-0.6669777455,-0.5976650982,0.3680396841
2010-06-01,-1.036079158,-1.627178601,-0.6592813357,0.04094364711,-0.2410889535,-1.50538621,0.2353972119,0.2287119974,0.379420687,0.027237745,-0.6414831426,-0.5850043635,0.3727008166
2010-06-11,-0.9848958932,-1.501521442,-0.6337824129,0.05613613326,-0.2000252236,-1.309930182,0.2519090229,0.2639515972,0.3841158748,0.1048152286,-0.623809173,-0.5741198089,0.3791558847
2010-06-21,-0.9129062812,-1.352654361,-0.6112710859,0.04395134749,-0.1694659557,-1.180448031,0.2899480269,0.2784713097,0.3997189168,0.1683763336,-0.5872167104,-0.5534878912,0.3848124916
2010-07-01,-0.8327172175,-1.182600422,-0.5870079357,0.05288826788,-0.09219101241,-1.105738453,0.3383798513,0.3028953244,0.4163779204,0.2134389925,-0.5392626545,-0.54481495,0.3982175605
2010-07-11,-0.7243467105,-0.9664990107,-0.5535549004,0.06885637937,-0.01324768925,-0.9656623919,0.3995337108,0.3425962319,0.4349316238,0.2798540725,-0.4841629776,-0.5294361792,0.4125735593
2010-07-21,-0.6509438759,-0.7892342457,-0.5282752778,0.1326704676,0.07443767225,-0.8064540775,0.4313917285,0.3803478539,0.4473439855,0.3428998122,-0.4629000096,-0.5202143457,0.4308929581
2010-08-01,-0.5409943396,-0.6185364338,-0.5204287827,0.1122950051,0.09070501599,-0.7131183182,0.4942942829,0.4059858008,0.4613188406,0.4175888839,-0.3966373094,-0.4973112129,0.4489239507
2010-08-11,-0.4489198844,-0.3890574257,-0.5009752074,0.1455778715,0.1687251915,-0.5715337629,0.5974729252,0.4396748158,0.4689691829,0.5223755931,-0.3327254685,-0.477613961,0.4699639496
2010-08-21,-0.3452955932,-0.1779725215,-0.4881359078,0.1787874794,0.276277844,-0.4205335945,0.6423203288,0.4978450361,0.4796709502,0.6013679829,-0.285490864,-0.4642977299,0.4950382018
2010-09-01,-0.2628228409,0.01262469028,-0.4678033546,0.2279844401,0.3432858487,-0.2578846609,0.6982807383,0.5287757679,0.4875086023,0.6871846622,-0.2446242749,-0.4477788433,0.506868843
2010-09-11,-0.1964340429,0.1868715973,-0.4411453491,0.271623563,0.4197588019,-0.1370934893,0.7363163529,0.5325843976,0.4938073573,0.7224706519,-0.2016534548,-0.4303821714,0.511269908
2010-09-21,-0.1546350434,0.2631982165,-0.4312844709,0.2781011733,0.4681783722,-0.08131642443,0.7390445679,0.5478777166,0.5021070296,0.7274991411,-0.1909394997,-0.4236244748,0.5151871271
2010-10-01,-0.1217782101,0.330149131,-0.4182969784,0.2859556666,0.4963445538,-0.05574337944,0.753620187,0.5567926512,0.5018035312,0.7373874245,-0.1790359078,-0.4113942537,0.5173421552
2010-10-11,-0.07079056887,0.4472182117,-0.4021743317,0.3096948192,0.5328166953,-0.004421551387,0.7733394767,0.5707785372,0.5111150814,0.7649857121,-0.1554417766,-0.3966014514,0.5354284039
2010-10-21,-0.03019127165,0.5213231824,-0.3867410252,0.2878391689,0.537811081,-0.016113678,0.8229003525,0.5762079822,0.5144725064,0.7951365097,-0.1303241244,-0.3824278418,0.5490359054
2010-11-01,-0.05887076255,0.4377548086,-0.3974265667,0.2562116637,0.5081136306,-0.08398499111,0.7838732974,0.5620438354,0.5037176336,0.7533669646,-0.1387496001,-0.3841952476,0.530857779
2010-11-11,-0.09083031509,0.3526246345,-0.4011010623,0.2334805337,0.4801452452,-0.1873314921,0.7461705592,0.5332064382,0.4890901316,0.6981674896,-0.1431559116,-0.385501727,0.5128394011
2010-11-21,-0.1399624911,0.2373482137,-0.4043630744,0.206582428,0.4453809055,-0.3028434141,0.6999186972,0.5023819718,0.4733911815,0.6358955354,-0.1640629854,-0.3888222452,0.4944616088
2010-12-01,-0.2072781683,0.07536222737,-0.4238666898,0.1672501363,0.3820278698,-0.4441760016,0.6536668352,0.4715291837,0.4571552774,0.5717481257,-0.1892215477,-0.3986569243,0.4760838165
2010-12-11,-0.2808386494,-0.0973768672,-0.445018629,0.1153212711,0.3150656492,-0.5875758726,0.6074149731,0.44067593,0.4408973011,0.5075986347,-0.2143869297,-0.4102015404,0.4577060243
2010-12-21,-0.3437375618,-0.2523875996,-0.4589079294,0.0835821016,0.2553286443,-0.7265358218,0.5611631111,0.4098647414,0.4246279855,0.4435524889,-0.2395016039,-0.4205586583,0.439328232
2011-01-01,-0.4168216156,-0.4254567383,-0.4800645066,0.03132711416,0.1880016603,-0.8699356929,0.5149122847,0.3790137255,0.4083624076,0.3794029979,-0.2646655361,-0.432114481,0.4209577733
2011-01-11,-0.4904509345,-0.5980956697,-0.5011651813,-0.02074348118,0.120932076,-1.013333062,0.4686604226,0.3481620005,0.3920933919,0.3152535069,-0.289830918,-0.4435545989,0.402579981
2011-01-21,-0.5642409919,-0.7710639506,-0.5223217585,-0.07305873285,0.05379252075,-1.156704346,0.4224085606,0.3173087468,0.3758221501,0.2511040159,-0.3149963,-0.4550883145,0.3842021888
2011-02-01,-0.6285779339,-0.9369784396,-0.5425796823,-0.1186874841,-0.01297284696,-1.300104217,0.3761566986,0.2864554931,0.3595509083,0.1869545249,-0.3401616819,-0.4645296438,0.3658243965
2011-02-11,-0.7010422034,-1.105954839,-0.5637359258,-0.1600593219,-0.08030227381,-1.443504088,0.3299048366,0.2556022394,0.3432796665,0.1228050339,-0.3653257042,-0.4760831457,0.3474466042
2011-02-21,-0.7600563885,-1.258175896,-0.5840478342,-0.2100292803,-0.1467566306,-1.583701439,0.2836531352,0.2247489857,0.3270084247,0.05865782506,-0.3845090554,-0.4806117656,0.329068812
2011-03-01,-0.829984193,-1.423193472,-0.6035283689,-0.2561511462,-0.2084224554,-1.714381406,0.2374012732,0.193895732,0.3107371829,-0.005491665933,-0.4096744373,-0.4915920826,0.3106910197
2011-03-11,-0.8968073597,-1.578255475,-0.6192222319,-0.274688989,-0.2713470043,-1.857781277,0.1911494112,0.1630427177,0.2945766027,-0.06964115693,-0.4348398193,-0.5031306811,0.2923132275
2011-03-21,-0.9461210527,-1.701698476,-0.6257153806,-0.3053778259,-0.3193605105,-1.910527102,0.1459383509,0.1372649554,0.2790726794,-0.123834461,-0.4594965681,-0.5081490917,0.2739479439
2011-04-01,-0.9902756632,-1.829090573,-0.632013364,-0.339402078,-0.3728262146,-2.020992086,0.1017866508,0.1073855402,0.2629241618,-0.1858554782,-0.4836341981,-0.5093499293,0.2556384649
2011-04-11,-1.021402082,-1.926199474,-0.6312005373,-0.3451598141,-0.4009390249,-2.134435616,0.06094400533,0.07699918069,0.2478052246,-0.2465326876,-0.4989119754,-0.5143316507,0.2374522219
2011-04-21,-1.041573681,-1.982855797,-0.6246017666,-0.3512460752,-0.4399328066,-2.178058984,0.02837054395,0.05412145274,0.2351454894,-0.2790116664,-0.5079329468,-0.5090245945,0.2234316468
2011-05-01,-1.047226743,-1.993130321,-0.6096411844,-0.3382071609,-0.4670473651,-2.182745225,0.0237638412,0.04008837728,0.224938106,-0.2994064481,-0.5095542798,-0.5007886429,0.2111449032
2011-05-11,-1.031578648,-1.975558756,-0.5881246173,-0.3348312814,-0.4682956228,-2.145400852,0.02006150703,0.0243885708,0.2158737424,-0.3099011746,-0.5075240463,-0.4895259726,0.2000335573
2011-05-21,-0.9930901428,-1.860250051,-0.561931677,-0.2742059269,-0.4202648567,-2.030966652,0.04363084695,0.04040285858,0.2187850355,-0.2834071004,-0.4991007774,-0.4789331648,0.2042894089
2011-06-01,-0.9376148533,-1.703268056,-0.548237849,-0.2798147859,-0.3980473742,-1.802599741,0.09477736359,0.06698221915,0.2175396057,-0.1774036726,-0.4577266358,-0.4521162714,0.2087131408
2011-06-11,-0.8841659302,-1.576207366,-0.5404191983,-0.2694554638,-0.3610027268,-1.63616181,0.1171825963,0.09975337633,0.2252510169,-0.1260799358,-0.4324422281,-0.4367386141,0.2227886568
2011-06-21,-0.8258202353,-1.442653345,-0.5185696371,-0.2374991421,-0.2843568201,-1.527609143,0.1333932323,0.1079799704,0.2287036016,-0.1036209919,-0.4072742574,-0.4233700728,0.2282552669
2011-07-01,-0.7276686691,-1.222218291,-0.4887143435,-0.2054769604,-0.1958972944,-1.369765254,0.2025144892,0.1330075978,0.241945173,-0.03115361798,-0.3549999925,-0.4044426863,0.2404696376
2011-07-11,-0.6488082094,-1.040942498,-0.4547981152,-0.1762083608,-0.148671385,-1.193043636,0.237659612,0.1637643388,0.2626396802,0.04718507451,-0.329009364,-0.3865042256,0.2501930372
2011-07-21,-0.5485604989,-0.8123067247,-0.4189386507,-0.1094101754,-0.04882160543,-1.074065878,0.2819275552,0.2117176104,0.2780768859,0.123479586,-0.2896669813,-0.3700472238,0.2641606584
2011-08-01,-0.4295689183,-0.5808121249,-0.4014838261,-0.08704222469,-0.01554176451,-0.8621205899,0.3351365079,0.2547941237,0.2874446355,0.2428131869,-0.2201440762,-0.3399517733,0.2855573836
2011-08-11,-0.3376979361,-0.3875528069,-0.3830465456,-0.01872578429,0.05524144141,-0.7440515101,0.3980317096,0.2915395906,0.3099985901,0.3138249176,-0.1933844144,-0.3289185694,0.3128597132
2011-08-21,-0.2481111972,-0.1692796588,-0.3626871615,0.003940396648,0.1088556958,-0.6036495301,0.49496854,0.3306691416,0.3206443955,0.4015944464,-0.1294773536,-0.308255227,0.3366610841
2011-09-01,-0.1798331324,-0.006332761116,-0.3365866804,0.07027909922,0.177577822,-0.4713548978,0.5168286637,0.3651338861,0.3259977508,0.453304847,-0.1012361991,-0.2971515746,0.3484595258
2011-09-11,-0.1202572223,0.1213002491,-0.3229552432,0.1020904383,0.2364548503,-0.3809580123,0.5480906788,0.3846025611,0.3299031902,0.4944692834,-0.0787933592,-0.2832425327,0.3584832072
2011-09-21,-0.06585627634,0.2442924795,-0.3048476575,0.13050344,0.2699104748,-0.3121912449,0.5835011415,0.4030048708,0.3341605654,0.5489158567,-0.04970422858,-0.2697564408,0.3670675554
2011-10-01,-0.01538953943,0.3380624494,-0.2841591034,0.1518596308,0.3036440489,-0.2925574567,0.6055865468,0.4082605206,0.3397086117,0.5765452105,-0.03168801695,-0.2580498213,0.3682292703
2011-10-11,0.06755982634,0.4970413674,-0.2560587217,0.1555759782,0.3318451922,-0.1828645637,0.6764451514,0.4277605429,0.3477645619,0.6431686427,0.004359343234,-0.2354693115,0.3896448604
2011-10-21,0.0915646052,0.5376917359,-0.2347724454,0.1716581699,0.3729742805,-0.1384822963,0.638042296,0.420618411,0.3507441858,0.6174650515,-0.004261978897,-0.2254280613,0.3793954761
2011-11-01,0.0499395139,0.4390881706,-0.2319349168,0.1929691732,0.341731636,-0.2409607808,0.591790434,0.389976402,0.3355009777,0.5560872125,-0.02933604081,-0.2310982294,0.3610176838
2011-11-11,0.006642312689,0.3253634654,-0.2321494278,0.1779360994,0.3102413944,-0.3491185818,0.5455550397,0.3592297887,0.3195950843,0.4929904192,-0.05448294203,-0.2356681869,0.3426453775
2011-11-21,-0.05422317309,0.1840321255,-0.250795988,0.1836187183,0.2575840466,-0.485782436,0.4993031777,0.328376535,0.3033238425,0.4288409282,-0.07964832397,-0.2467415109,0.3242675852
2011-12-01,-0.1247541996,0.01807998498,-0.2719525652,0.1467559453,0.1930096801,-0.6291823071,0.4530513157,0.2975232813,0.2870532618,0.3646914372,-0.1048137059,-0.2582973337,0.305889793
2011-12-11,-0.1932740408,-0.1449200064,-0.2914006531,0.1175345617,0.126645623,-0.7725821781,0.4067994537,0.2666700276,0.27078202,0.3005419462,-0.1299790878,-0.2698531564,0.2875120007
2011-12-21,-0.2671891313,-0.3179133418,-0.3125319776,0.06520865982,0.05952159709,-0.9159820492,0.3605506854,0.2358167739,0.2545107782,0.2363924552,-0.1551444698,-0.2814089792,0.2691342085
2012-01-01,-0.3400654866,-0.4909690588,-0.3336885548,0.01286934717,-0.007808221589,-1.05938192,0.3142998671,0.2049635202,0.2382405931,0.1722454875,-0.1803066381,-0.29293689,0.2507620341
2012-01-11,-0.4129973825,-0.6608550263,-0.3511594755,-0.03889508789,-0.07468938645,-1.202200379,0.2680645115,0.174444062,0.2219760117,0.1080985393,-0.2054720201,-0.3041676081,0.2324221664
2012-01-21,-0.4860465945,-0.8324204775,-0.3718581811,-0.09123252096,-0.1417160929,-1.344048689,0.2218126495,0.1436031991,0.2057317851,0.04395133264,-0.230637402,-0.3151901765,0.2140444202
2012-02-01,-0.5547785621,-1.003745783,-0.3928785294,-0.1435718336,-0.2090459116,-1.487430286,0.1755607875,0.1127499454,0.1894605433,-0.02019815836,-0.2557977321,-0.325824432,0.1956666279
2012-02-11,-0.6140956365,-1.161267689,-0.4126810209,-0.185763905,-0.2684014322,-1.629205686,0.1293089254,0.0819333782,0.1731893015,-0.08430222815,-0.2809622584,-0.333581365,0.1772888357
2012-02-21,-0.6818832391,-1.324342827,-0.4309497341,-0.2319847615,-0.3346609038,-1.763989017,0.08305706341,0.05108225206,0.156972591,-0.148250563,-0.3057581573,-0.3427162324,0.1589110434
2012-03-01,-0.7423612279,-1.47598383,-0.4506353033,-0.248930706,-0.3912844008,-1.906755796,0.03680520138,0.02026161741,0.140701578,-0.212400054,-0.3309235392,-0.3531650079,0.1405332512
2012-03-11,-0.7977760811,-1.606628064,-0.461827713,-0.3009670751,-0.4483692089,-1.987403568,-0.009446660649,-0.006627756116,0.1250147586,-0.2677242945,-0.3532444565,-0.3535051211,0.1221700407
2012-03-21,-0.8651432721,-1.776319461,-0.48091723,-0.3511530113,-0.5147116298,-2.130761912,-0.05569852268,-0.03745501949,0.1087583992,-0.3318605454,-0.3784098384,-0.3645403622,0.1037922485
2012-04-01,-0.9045630811,-1.863964311,-0.4689994091,-0.3511018634,-0.557233214,-2.195386279,-0.09979859235,-0.06738576698,0.09297540229,-0.3863058621,-0.3993262896,-0.3640142509,0.08550153235
2012-04-11,-0.9068781019,-1.844619894,-0.4523455304,-0.2933611153,-0.5589459871,-2.115318132,-0.1323243755,-0.08251895943,0.08258673444,-0.3929635434,-0.4026747909,-0.3565541826,0.0697237221
2012-04-21,-0.9295639232,-1.900188341,-0.4460356712,-0.2746296307,-0.5810959204,-2.138463436,-0.1709298823,-0.1018749673,0.07005559783,-0.4275523597,-0.4198998458,-0.3561754925,0.05141124852
2012-05-01,-0.9137444154,-1.849987864,-0.4323968811,-0.2522946092,-0.5573060808,-2.030745221,-0.2039835385,-0.09728922332,0.06707895502,-0.4182526056,-0.4234070005,-0.3417659642,0.03758403153
2012-05-11,-0.853872751,-1.724345729,-0.4105451887,-0.2143652891,-0.4933319532,-1.939790824,-0.1872664957,-0.09585377197,0.07107243543,-0.4025099378,-0.4029392688,-0.3252542964,0.03415348269
2012-05-21,-0.8284831229,-1.66716717,-0.4051602429,-0.2022469016,-0.4666475765,-1.887057068,-0.1764937171,-0.09400641851,0.06996670775,-0.3891799299,-0.3866813337,-0.3178632046,0.03298542283
2012-06-01,-0.7807438695,-1.533562498,-0.3801049536,-0.1749004432,-0.4360254412,-1.761513178,-0.1486580174,-0.07980792234,0.07460131976,-0.3398798522,-0.3611122738,-0.2982063619,0.03570625211
2012-06-11,-0.7362714249,-1.425617473,-0.3651242018,-0.1904045298,-0.4435851024,-1.585488305,-0.08423481882,-0.05716987425,0.07001937201,-0.2337560551,-0.3212065192,-0.2848706603,0.05266156929
2012-06-21,-0.6619382298,-1.243465967,-0.3405389743,-0.1364501542,-0.381666717,-1.452174604,-0.03987548969,-0.02987254533,0.0822475346,-0.1811410992,-0.288285102,-0.2677069168,0.07451054351
2012-07-01,-0.5804175951,-1.040711203,-0.3131159002,-0.04867007621,-0.2888385948,-1.208686867,-0.01265079693,0.001119290532,0.09205927082,-0.1157986751,-0.2664425257,-0.2514227379,0.0835793964
2012-07-11,-0.4554465417,-0.7714085222,-0.2805681147,-0.003770209008,-0.1599027145,-1.067954978,0.04474129477,0.03687086292,0.1278870136,-0.07109317713,-0.2201782491,-0.2305868292,0.09777456543
2012-07-21,-0.3480815329,-0.4966525142,-0.2473925824,0.07780515857,-0.02814952322,-0.8142719516,0.1055139976,0.09485359822,0.1396764988,0.04196756006,-0.1783116519,-0.2110903493,0.1158904094
2012-08-01,-0.1924040053,-0.1729357315,-0.2121936167,0.1304759651,0.06931639549,-0.534017797,0.2158058027,0.1438951665,0.160217521,0.1889673589,-0.1087624606,-0.1802289726,0.1526232764
2012-08-11,-0.1108174967,0.02628639013,-0.1824800092,0.1792496483,0.1700588386,-0.3071941555,0.2794479828,0.1723675494,0.1729439387,0.2422333907,-0.0837123433,-0.1661184718,0.1648963311
2012-08-21,-0.007819442066,0.2515058012,-0.1677501369,0.2328342956,0.269231656,-0.1510251207,0.334128384,0.2086050953,0.1890634617,0.3222512306,-0.04149853061,-0.1456602771,0.1836960295
2012-09-01,0.0691111532,0.4367351222,-0.1452792449,0.3011838152,0.3395297363,-0.00992641359,0.4037189484,0.2388674691,0.1930028959,0.3817116948,-0.003122809299,-0.1319544235,0.200440607
2012-09-11,0.1207160583,0.5508294006,-0.1379968718,0.2994980818,0.3666907728,0.1151066248,0.4544245035,0.2464646231,0.195227807,0.4457841048,0.03460259009,-0.1179878367,0.205684906
2012-09-21,0.1770760358,0.660800024,-0.1211037469,0.3287397775,0.4054952425,0.1382051193,0.482157604,0.2608566157,0.2041811301,0.4584205705,0.06239141493,-0.1082900923,0.2115274412
2012-10-01,0.2225875234,0.7462119858,-0.1077788123,0.3118515639,0.4207574205,0.1639920704,0.4914964515,0.2747720651,0.2083865607,0.5064725132,0.08704165856,-0.09143025447,0.2177965347
2012-10-11,0.2384479094,0.7283976947,-0.1083520276,0.3187509428,0.3968630547,0.06400208814,0.4704812618,0.2636131688,0.2049528677,0.4864589181,0.08803463005,-0.08451799536,0.2211194627
2012-10-21,0.2861093021,0.8050305691,-0.08402589778,0.3604179991,0.4107962219,0.06995591356,0.4782070581,0.2527908834,0.2060743278,0.4826160324,0.1019562786,-0.06935549662,0.2209854853
2012-11-01,0.2975099743,0.806691941,-0.06960102677,0.3838588171,0.4031885882,0.01864709754,0.4629232445,0.2561218894,0.2007085946,0.4694511837,0.1003877154,-0.06801172452,0.2345714028
2012-11-11,0.251273005,0.6828225595,-0.0684532455,0.3685648209,0.3560278502,-0.09873789693,0.4166713825,0.2254546729,0.1846422009,0.4063018848,0.07612231873,-0.07425399938,0.2161936874
2012-11-21,0.1916138889,0.5438707204,-0.08259767489,0.358176268,0.3145333816,-0.2391838524,0.3704590392,0.1946014192,0.1683771034,0.3421545047,0.050964478,-0.0848711421,0.1978158951
2012-12-01,0.1305655761,0.3905796892,-0.09378688311,0.3241282519,0.2560391708,-0.3773221186,0.3242071772,0.1637481655,0.1521177219,0.2780073341,0.02579909606,-0.09495055633,0.1794386295
2012-12-11,0.06313864338,0.2311722849,-0.1141658146,0.2925066286,0.1996074508,-0.5207219897,0.2779553151,0.1328949118,0.1358494658,0.2138578431,0.0006348318986,-0.1064274537,0.1610608372
2012-12-21,-0.007635273614,0.06218325256,-0.1353223919,0.2462926357,0.1360259062,-0.6641218607,0.2317034531,0.1020416581,0.1195787752,0.1497083521,-0.02453055004,-0.1179832764,0.142683045
2013-01-01,-0.07862794882,-0.1043344458,-0.1560123659,0.2070572416,0.07159748213,-0.8075217318,0.1854515911,0.0711884044,0.1033075334,0.08555886113,-0.04969593198,-0.1295390992,0.1243052527
2013-01-11,-0.144129997,-0.2680847162,-0.1741412482,0.1634845102,0.00741789351,-0.9503487771,0.1391997291,0.0403354307,0.08705833773,0.02140937014,-0.07486131392,-0.1395764844,0.1059274605
2013-01-21,-0.2061226486,-0.42492339,-0.1871971037,0.1169670207,-0.05969794766,-1.080266958,0.09294786702,0.009993370088,0.07078733428,-0.04075897036,-0.0993687732,-0.1471545114,0.08754966821
2013-02-01,-0.2740272112,-0.5942891177,-0.2081150637,0.07030011815,-0.1253009778,-1.223666829,0.046696005,-0.02085988362,0.05451609248,-0.1049084614,-0.1245341551,-0.1583552844,0.06917187596
2013-02-11,-0.3403840532,-0.757540142,-0.2292549457,0.03955883686,-0.1923643376,-1.364025064,0.0004441429674,-0.05171313732,0.03824485068,-0.1689467303,-0.1496990847,-0.1692040223,0.05079408371
2013-02-21,-0.4015897087,-0.9151943023,-0.2430072133,-0.01275173749,-0.2592562502,-1.50318435,-0.04580771906,-0.08256639103,0.02197360889,-0.2330962213,-0.174727568,-0.174982458,0.03241629145
2013-03-01,-0.4501944945,-1.053738708,-0.2467555978,-0.05202545428,-0.3246119586,-1.628446,-0.09204818122,-0.1131814185,0.005915500963,-0.2971549062,-0.1998848572,-0.1771880089,0.01412389074
2013-03-11,-0.491985425,-1.171275738,-0.2524116249,-0.09184895477,-0.3854280318,-1.71580682,-0.1363836959,-0.1434585202,-0.0102262226,-0.3389892224,-0.2120546317,-0.1790080641,-0.004249828699
2013-03-21,-0.5178662344,-1.235069648,-0.2466261787,-0.08951084632,-0.4129039591,-1.766289215,-0.1724102628,-0.1678459853,-0.02560876519,-0.3951526727,-0.2219854195,-0.1764720948,-0.02261290757
2013-04-01,-0.537744195,-1.281324717,-0.2236824462,-0.06076073687,-0.4420334525,-1.781455448,-0.2176308012,-0.1933510485,-0.04036101244,-0.4420561394,-0.2418647753,-0.1709908734,-0.03946317675
2013-04-11,-0.5803306525,-1.376264962,-0.2173412519,-0.06640286137,-0.4787999064,-1.84041884,-0.2638826632,-0.2227819187,-0.05556283211,-0.4940363108,-0.2640220997,-0.1731862779,-0.057840969
2013-04-21,-0.5843175695,-1.399647438,-0.2073837067,-0.05862275455,-0.4886043683,-1.826003596,-0.2813906371,-0.2412288446,-0.06918266939,-0.5169567327,-0.2712604521,-0.167397482,-0.0691408845
2013-05-01,-0.5511317759,-1.295769842,-0.1835061159,-0.01244257849,-0.4510434637,-1.702384293,-0.2600362449,-0.2330502192,-0.06765667586,-0.4703657539,-0.259091974,-0.1574561695,-0.07149315582
2013-05-11,-0.5330545612,-1.277342808,-0.189540068,-0.04934743267,-0.4641411089,-1.642116251,-0.2577041881,-0.2347682582,-0.07149608781,-0.4317445596,-0.241818602,-0.1468344909,-0.07212262797
2013-05-21,-0.5088508696,-1.213421716,-0.1776691797,-0.07457284114,-0.477990565,-1.48743362,-0.2413143534,-0.2180957249,-0.07722555338,-0.3636201499,-0.2196196173,-0.131275085,-0.0731853671
2013-06-01,-0.4666801275,-1.114395846,-0.1661965661,-0.08708817153,-0.4524338979,-1.397708816,-0.2069190784,-0.1934112054,-0.07531040888,-0.307206327,-0.1991161312,-0.1147555215,-0.0588883584
2013-06-11,-0.4067964315,-0.9356985742,-0.1431708977,-0.06189479649,-0.3857654585,-1.175445073,-0.1773262014,-0.1681795407,-0.06937361727,-0.2570937859,-0.1605590746,-0.09358558372,-0.05223867547
2013-06-21,-0.3296287501,-0.7752605373,-0.1288429194,-0.07099074968,-0.3352383138,-0.9781620671,-0.132216537,-0.1362406189,-0.06581888022,-0.1749226911,-0.120754116,-0.07266503734,-0.03407077611
2013-07-01,-0.2624821464,-0.6292393673,-0.09740867098,-0.0207497788,-0.2630963076,-0.8381470441,-0.1045792072,-0.1212303782,-0.06167232826,-0.1439900485,-0.09008444243,-0.06566905655,-0.02924732838
2013-07-11,-0.1636141545,-0.3800124792,-0.07026974588,0.05346092174,-0.177503064,-0.6365591418,-0.01228096309,-0.08837684871,-0.0498139684,-0.03956340622,-0.03375849178,-0.04820924548,-0.008612630793
2013-07-21,-0.06957512779,-0.1656461702,-0.04711829833,0.07914325299,-0.07167310638,-0.5543276971,0.07082500454,-0.06058644383,-0.04304990543,0.01564900741,0.0228726748,-0.03021493186,0.01909830148
2013-08-01,-0.0002640374704,-0.03105670768,-0.02723710695,0.07639431896,-0.04879814444,-0.4792385663,0.114020188,-0.03419968213,-0.02814286289,0.06378614732,0.05939515024,-0.01602223602,0.03826008766
2013-08-11,0.09345174129,0.1796750257,-0.0009535909347,0.1171371436,0.02408286599,-0.3449938424,0.2089038672,-0.002840066052,-0.01138256747,0.1274800051,0.1018394634,0.0009090801579,0.06145830122
2013-08-21,0.1703615731,0.3267361649,0.008777291332,0.1175254965,0.05890863253,-0.2073412923,0.2784770844,0.02507608316,-0.007018550273,0.2000099127,0.1405508325,0.01935638292,0.08490991119
2013-09-01,0.2737991063,0.5782152112,0.03126378571,0.1391871571,0.141505431,0.009205446784,0.3506951774,0.08193884229,0.01368837111,0.3215942402,0.1848737167,0.04600361391,0.1156789822
2013-09-11,0.3459135201,0.7558005668,0.0454805642,0.155961885,0.1953751007,0.2128501277,0.4073557088,0.1164218443,0.02379834067,0.4220899789,0.2262327892,0.06158950826,0.1315181752
2013-09-21,0.4041481064,0.8974513559,0.06696077559,0.1695227968,0.2367622519,0.3269315044,0.4578498882,0.1473933813,0.02940016183,0.4782092106,0.2576874239,0.07635154718,0.1489683933
2013-10-01,0.4354079121,0.9512710889,0.08557478642,0.1808295308,0.2543730484,0.3673363632,0.4469845006,0.15230534,0.02694647529,0.4826053252,0.2637962281,0.08964892386,0.1487030144
2013-10-11,0.4581039948,0.9733428142,0.105501563,0.1944154685,0.2694955297,0.4022896307,0.4275658813,0.1306948946,0.02078522784,0.4669826406,0.2630364678,0.100425459,0.1323202791
2013-10-21,0.4731333636,1.011725187,0.1154227035,0.2183540975,0.2753882957,0.42132824,0.4023300196,0.1203909532,0.02207531004,0.449107441,0.2604104581,0.1171258972,0.1325791888
2013-11-01,0.4552112436,0.9525400839,0.1216122894,0.2358755176,0.2711440724,0.3267578275,0.3587531249,0.09386852309,0.01108099775,0.3947091397,0.2453623361,0.1151245152,0.1168703337
2013-11-11,0.4117341831,0.8451889181,0.1209425556,0.2514538955,0.2328501121,0.202616541,0.3125012629,0.06301766977,-0.004955833994,0.3311837064,0.2219476193,0.1096364012,0.09849254141
2013-11-21,0.3616050413,0.7136212123,0.1076735098,0.2243562592,0.1858553346,0.0776152054,0.2662494009,0.03265381666,-0.02064949711,0.2700558085,0.1997717007,0.1046041996,0.08013116486
2013-12-01,0.3011670716,0.5652111006,0.09889961594,0.1773338546,0.121159544,-0.03351059819,0.2200896742,0.001814732869,-0.03678135781,0.2071106534,0.1772306635,0.09799500649,0.06175337261
2013-12-11,0.2277272667,0.3927744352,0.07774303872,0.1257204868,0.0546595305,-0.1769104692,0.1738378121,-0.02903852084,-0.05305259961,0.1429611624,0.1520652815,0.086440272,0.04337558036
2013-12-21,0.1545979304,0.2206224275,0.05667131047,0.07338117417,-0.01264727854,-0.3187207448,0.1275872843,-0.05981112616,-0.06932384141,0.07889649783,0.1269684919,0.07524574493,0.02499778811
2014-01-01,0.08077235343,0.04779282495,0.0360040937,0.02104908442,-0.07995795877,-0.4621206158,0.08133542225,-0.09066437987,-0.08559508321,0.01474700683,0.10180311,0.06368992218,0.006619995854
2014-01-11,0.007941382489,-0.1253183185,0.01484751647,-0.03129022823,-0.147283016,-0.6055204869,0.03508356022,-0.1215176336,-0.101866325,-0.04940248417,0.07663772802,0.05213409944,-0.0117577964
2014-01-21,-0.05981501818,-0.2902237452,-0.004409132948,-0.08362954087,-0.2142277004,-0.7391598131,-0.01115886735,-0.1523374542,-0.1181375668,-0.1130531874,0.05158368732,0.04382436605,-0.03013558865
2014-02-01,-0.1246093964,-0.4484776481,-0.01803955214,-0.1284500278,-0.2807880693,-0.8819287063,-0.05741072937,-0.1831907079,-0.1343958084,-0.1772026784,0.02647186343,0.03626690337,-0.0485133809
2014-02-11,-0.1966993356,-0.6168364824,-0.03770893762,-0.174315904,-0.3475971054,-1.024420413,-0.1036604681,-0.2140439616,-0.1506669888,-0.2413392746,0.001311500104,0.0253381841,-0.06689117315
2014-02-21,-0.2566001571,-0.7735670995,-0.05687081983,-0.2154644666,-0.4015595917,-1.157054997,-0.1497360381,-0.2445333016,-0.1668512048,-0.3023913966,-0.0231145634,0.01496357538,-0.08482884246
2014-03-01,-0.2498915524,-0.7839117992,-0.04791845815,-0.2375139191,-0.4430509879,-0.9598178246,-0.1940360562,-0.2696114009,-0.1779488779,-0.3408784152,-0.03122099625,0.03885758423,-0.1031819932
2014-03-11,-0.2749495476,-0.8586709375,-0.05166220256,-0.2098979806,-0.4695443178,-1.026136714,-0.2349644825,-0.2990410535,-0.1877597563,-0.4025108953,-0.05370298458,0.03804076219,-0.1206416335
2014-03-21,-0.3150076208,-0.9748307007,-0.05852008563,-0.2147824043,-0.5158065066,-1.110181154,-0.2810492696,-0.3295266435,-0.2040124909,-0.4574105699,-0.07547630674,0.03263828324,-0.1390194257
2014-04-01,-0.3171086776,-0.9847191201,-0.0544603982,-0.2233991967,-0.5289885158,-1.043072785,-0.2950361791,-0.3384805468,-0.2156372189,-0.4285221293,-0.07503210745,0.0376410214,-0.1489204466
2014-04-11,-0.3056635788,-0.955194924,-0.03281999128,-0.242067651,-0.5237767858,-0.8806548839,-0.305929702,-0.3414971253,-0.2242544626,-0.4095489622,-0.0709274421,0.04735043099,-0.1591198405
2014-04-21,-0.2927032726,-0.9359909786,-0.01721001811,-0.2672664623,-0.5274360101,-0.7894779815,-0.2993899602,-0.3423353701,-0.2292487424,-0.3903087881,-0.06480449,0.0540540755,-0.1657360321
2014-05-01,-0.2439356935,-0.7812876501,0.01285775788,-0.2378391076,-0.4771145425,-0.5661952368,-0.2648857656,-0.3221424881,-0.2271961195,-0.318229568,-0.04075652117,0.07281792733,-0.161910214
2014-05-11,-0.1996450561,-0.6970872692,0.02939716409,-0.2274375318,-0.4439422437,-0.4883805184,-0.2525387892,-0.3220799137,-0.2233487178,-0.2961859441,-0.0247472996,0.08580057389,-0.1701886119
2014-05-21,-0.167014462,-0.6068518848,0.04620358746,-0.1906749415,-0.3961588809,-0.4666788002,-0.2309315655,-0.3060790531,-0.2199718636,-0.275564419,-0.01451971963,0.09410327781,-0.1674596596
2014-06-01,-0.1196653704,-0.4836209878,0.07285394477,-0.1391030724,-0.3674153584,-0.3723955459,-0.212050518,-0.2976122151,-0.2189105256,-0.2519660637,0.01029315779,0.1117342182,-0.1690749672
2014-06-11,-0.07006688495,-0.3400470522,0.09442544567,-0.132600544,-0.3330143625,-0.1415082927,-0.1693516366,-0.2540065811,-0.2173187768,-0.1578512636,0.03895694624,0.1254835061,-0.1510427287
2014-06-21,-0.0348533349,-0.2608149621,0.1078165272,-0.1473534988,-0.3449809794,-0.02662710142,-0.1318534476,-0.244434044,-0.2191527431,-0.09733791631,0.06844369238,0.1404883302,-0.1449397986
2014-07-01,0.03980042232,-0.07582685312,0.1199368687,-0.09816636105,-0.2885403393,0.06556404476,-0.07277294898,-0.2149681638,-0.2076521201,-0.02816929551,0.1257582829,0.152040628,-0.1297711192
2014-07-11,0.1004582529,0.0485353894,0.1384014397,-0.08371357326,-0.2249145516,0.1541979887,-0.05555965092,-0.1791916868,-0.1959473019,0.02014823043,0.1428353219,0.1601064723,-0.115621402
2014-07-21,0.1612835059,0.1816982942,0.1544552375,-0.05045512682,-0.1813637511,0.2348646656,-0.01627135787,-0.154394944,-0.1830801058,0.07691643135,0.1712408238,0.1670435761,-0.09360977326
2014-08-01,0.2444179284,0.3554909908,0.1780344016,-0.0004170860757,-0.1325062862,0.3632263202,0.03840265223,-0.1149692279,-0.1791041435,0.1410815761,0.211211461,0.1820641364,-0.06935615054
2014-08-11,0.333726616,0.5262978962,0.1930009923,0.02073094599,-0.0844859343,0.451502029,0.08023453001,-0.08408550349,-0.1570131766,0.1744341604,0.2537078342,0.1975575566,-0.04997136102
2014-08-21,0.4274273252,0.757984705,0.2114744714,0.1053523607,0.02906241456,0.6099130859,0.1313844684,-0.04633882655,-0.138470481,0.2480343732,0.2911421163,0.2114261867,-0.02814584647
2014-09-01,0.481510255,0.9089224135,0.2375352208,0.130103594,0.09155483302,0.7240843124,0.1922317826,-0.01296699064,-0.1372553353,0.2966508444,0.3268451331,0.2223806141,-0.01480436047
2014-09-11,0.5502270374,1.041548261,0.2532603937,0.1308557392,0.1376709051,0.8341540739,0.215579571,0.02442308015,-0.1309086919,0.3563055819,0.3538351455,0.2389210865,-0.001370874477
2014-09-21,0.6121968954,1.182366698,0.2691343238,0.1412346221,0.1990688004,0.9526414912,0.2439889875,0.0478969192,-0.1276644018,0.3994813577,0.3873925787,0.2557632454,0.008499376304
2014-10-01,0.6418282781,1.245697472,0.282320062,0.1480823837,0.2341562516,1.019399042,0.2252368155,0.06780155682,-0.1242340204,0.4152438431,0.3877673939,0.2668144141,0.01173918723
2014-10-11,0.6969579758,1.384514162,0.3080221065,0.1966938731,0.2923527605,1.139168828,0.2210598856,0.07438488708,-0.1123628258,0.428973314,0.399848115,0.2873154622,0.01234674537
2014-10-21,0.7267321752,1.459834107,0.325419983,0.1785392744,0.3066927201,1.185528126,0.2202620107,0.0912526833,-0.11089409,0.450396042,0.4160021346,0.3056135396,0.02456007869
2014-11-01,0.6813334585,1.344178969,0.3229171732,0.1523087174,0.2717613824,1.080952175,0.1740101487,0.06128310979,-0.1252744961,0.3880752471,0.3922517662,0.3017002767,0.006182286434
2014-11-11,0.6427566866,1.257996887,0.3294768288,0.162221766,0.2371546349,0.9738453224,0.1382107801,0.03456205498,-0.1403852619,0.335422233,0.3767522842,0.297531478,-0.0121390939
2014-11-21,0.6110722777,1.180665663,0.3264205525,0.2118588057,0.2212840639,0.8464686298,0.0922113525,0.00423357969,-0.1555067621,0.2737604728,0.3605584623,0.2915411294,-0.03051688615
2014-12-01,0.544153434,1.013051383,0.3069710186,0.1632577165,0.1570848989,0.7041758091,0.04595949047,-0.02653907209,-0.1717716622,0.2096172427,0.3354136128,0.2807879141,-0.0488946784
2014-12-11,0.4742869794,0.8407133031,0.2858144414,0.1121555953,0.09003026734,0.560775938,-0.0002923715581,-0.05739232579,-0.1880365849,0.1454677517,0.3102510947,0.2693199877,-0.06727247066
2014-12-21,0.4003012579,0.6678954543,0.2650413474,0.05982948682,0.02286031597,0.417376067,-0.04654423359,-0.0882455795,-0.2043078267,0.08131826066,0.2850857128,0.2577641649,-0.08565026291
2015-01-01,0.3260421131,0.4947822787,0.2438847702,0.007490174175,-0.04446950271,0.2739761959,-0.09279609561,-0.1190988332,-0.2205790685,0.01716876967,0.2599203308,0.2462083422,-0.1040280552
2015-01-11,0.2517313676,0.3216691032,0.2227281929,-0.04484913847,-0.1117993214,0.1305763249,-0.1390479576,-0.1499520869,-0.2368503103,-0.04698072133,0.2347549489,0.2346525194,-0.1224058474
2015-01-21,0.1842815305,0.1557585561,0.2030633275,-0.09718256709,-0.1788932246,-0.008671624514,-0.1847266585,-0.1808020811,-0.2531215521,-0.1110496847,0.2095901634,0.226225435,-0.1406249286
2015-02-01,0.1206154564,-0.004684648974,0.1855333054,-0.1493908828,-0.2444680841,-0.1507869988,-0.2309432223,-0.2116546523,-0.2693927939,-0.1751894609,0.1849618465,0.2196102676,-0.1590010869
2015-02-11,0.05585220326,-0.1679369501,0.1697253135,-0.2014793271,-0.3116944142,-0.2941868699,-0.2771950843,-0.2425079061,-0.2856640357,-0.2393389519,0.1598283001,0.2116869088,-0.1773788791
2015-02-21,0.006411590489,-0.2861752181,0.1642347564,-0.2447965717,-0.3685669572,-0.3188490132,-0.3228013301,-0.2731892415,-0.3019352775,-0.2967548468,0.1406102549,0.2117062641,-0.1957282572
2015-03-01,-0.003779408042,-0.3300081286,0.1626324536,-0.2880170361,-0.4270502503,-0.2197975116,-0.3612491165,-0.300954257,-0.3167565381,-0.345661433,0.1416835412,0.2322278529,-0.2139285988
2015-03-11,-0.05246642735,-0.4411884192,0.1599114044,-0.3390293802,-0.4865418563,-0.1860655348,-0.4054778955,-0.3278369336,-0.3329172732,-0.3968997492,0.1259706724,0.2317478582,-0.2322457721
2015-03-21,-0.07005996557,-0.4815850581,0.1550539094,-0.3556474704,-0.522046043,-0.2405722677,-0.3876763141,-0.3425649632,-0.3439163782,-0.4076046811,0.1306363323,0.2337342309,-0.2371853082
2015-04-01,-0.08787320848,-0.5177582534,0.1716250797,-0.3256506274,-0.5425745024,-0.2309390045,-0.4304169994,-0.3656264624,-0.3568562084,-0.4501446145,0.1140856075,0.2388910779,-0.2531319734
2015-04-11,-0.1286146489,-0.600322508,0.1742728566,-0.2821471841,-0.5757236676,-0.3172163105,-0.4766688614,-0.3902279092,-0.3718415184,-0.4879647396,0.09394515978,0.2315244089,-0.2714315377
2015-04-21,-0.1566542297,-0.6725636966,0.1724319622,-0.2832810159,-0.5974599371,-0.3363838832,-0.5188345992,-0.4147092049,-0.3830764523,-0.5381489854,0.07203651556,0.2330686922,-0.2887155999
2015-05-01,-0.1201067832,-0.5818800969,0.1845356936,-0.2596570203,-0.5393177039,-0.2379187215,-0.5103429249,-0.4084184521,-0.3741462882,-0.5237418024,0.07589038643,0.2425031206,-0.2848270184
2015-05-11,-0.08651341288,-0.5251133446,0.1908624914,-0.2828777105,-0.5230548564,-0.1846282226,-0.5072331342,-0.4171660733,-0.3722802673,-0.5150418563,0.09501615837,0.2595682948,-0.2962285891
2015-05-21,-0.05907676162,-0.4496840432,0.2049317196,-0.2983495596,-0.5018742396,-0.08564346253,-0.4789859991,-0.4005792166,-0.375216205,-0.4842703272,0.1106891634,0.2752469593,-0.2978275825
2015-06-01,-0.002230486915,-0.3290628996,0.2273084144,-0.2404823208,-0.454533499,-0.06133749041,-0.4455802484,-0.3996228387,-0.3713351112,-0.4634749603,0.1349967579,0.2874648342,-0.2927257287
2015-06-11,0.06493902102,-0.1421138471,0.2612984137,-0.203078496,-0.3877069043,0.1322900263,-0.4253088826,-0.3589301672,-0.3663062414,-0.3751211777,0.1697636849,0.3056367316,-0.2783245117
2015-06-21,0.1165766722,0.01520056385,0.2818427195,-0.2054151108,-0.3486186731,0.3281853617,-0.3685605808,-0.3300387266,-0.3580173028,-0.2933025289,0.2090839103,0.3210935391,-0.2599947105
2015-07-01,0.1535870662,0.02736507069,0.2762618973,-0.2448467091,-0.386947146,0.2795194665,-0.3229011086,-0.3357616335,-0.3618849654,-0.283775963,0.2524613988,0.3249107764,-0.2591720182
2015-07-11,0.2481966769,0.2608587891,0.3139105896,-0.2497728251,-0.3211665473,0.5079349859,-0.2497847721,-0.2929479261,-0.3503357086,-0.1486620921,0.3119735051,0.3472673778,-0.2401202291
2015-07-21,0.3119592858,0.3902010927,0.3246262885,-0.2017218154,-0.2705792163,0.5869817475,-0.2018180057,-0.2804060047,-0.3415906584,-0.1136492427,0.341870155,0.355201708,-0.2315906791
2015-08-01,0.4248600651,0.6115752341,0.3390743271,-0.1921256833,-0.2105772818,0.7344732391,-0.1415220555,-0.2421693352,-0.3232336779,-0.005456943046,0.4063356438,0.3766538661,-0.2111063589
2015-08-11,0.5186294041,0.7937462109,0.3552256342,-0.1914000982,-0.1631236085,0.8281905093,-0.08283238322,-0.2031681434,-0.3058195486,0.08792646809,0.4586013977,0.3923653241,-0.1932862075
2015-08-21,0.6096554697,0.9824652387,0.3625543597,-0.2085492704,-0.1296278814,1.022258483,-0.01868167864,-0.154847709,-0.28770184,0.1945776937,0.5126223139,0.4122314153,-0.1713554022
2015-09-01,0.6837240168,1.138784032,0.3780679668,-0.1769888967,-0.05635206463,1.17853579,-0.01765445745,-0.1119464987,-0.275035122,0.235642583,0.5387803048,0.4254304531,-0.1623856131
2015-09-11,0.7500066655,1.260934353,0.3902570989,-0.204493544,-0.01294711733,1.254908052,0.02680256836,-0.07761473814,-0.2657544465,0.2825708815,0.5686973717,0.4410707636,-0.1469949125
2015-09-21,0.7799556425,1.334957548,0.396622579,-0.2107194533,0.01164745503,1.281883089,0.04296484963,-0.06321713368,-0.2576143453,0.3076986194,0.5912471138,0.4487838917,-0.1428592356
2015-10-01,0.8197209349,1.387015724,0.4183539571,-0.214566721,0.02492975482,1.256621104,0.05141982112,-0.06046056237,-0.2510563332,0.2905937689,0.6048793118,0.4570562841,-0.1414733783
2015-10-11,0.8793672985,1.505824542,0.4485255565,-0.1935898053,0.05736118009,1.304609515,0.0826546338,-0.05105589937,-0.2419354651,0.3066717866,0.6330271632,0.4704688846,-0.1435774994
2015-10-21,0.9543591965,1.679961506,0.4796899793,-0.1442370182,0.0974562495,1.401857079,0.1140789832,-0.03784125985,-0.2314952298,0.349328201,0.6754322706,0.4917499484,-0.1395998145
2015-11-01,0.9345215717,1.628655881,0.4963509882,-0.09154431297,0.08444355436,1.321148193,0.07757885382,-0.06563434787,-0.2459843552,0.2975552199,0.6554999826,0.489991903,-0.1575754999
2015-11-11,0.8900046451,1.533045675,0.5004963597,-0.07806802265,0.05883644879,1.21662799,0.04167621791,-0.09532336033,-0.2617157907,0.2386024491,0.6351080731,0.482316047,-0.1759517226
2015-11-21,0.8299158382,1.396125815,0.4958291244,-0.1134018498,0.0131042171,1.086353708,-0.002621295975,-0.1260759731,-0.2776534364,0.1761890484,0.6116141481,0.4742644431,-0.1943149439
2015-12-01,0.7671954948,1.246092228,0.4776978859,-0.1472044008,-0.03498382911,0.9603022148,-0.04886337605,-0.1562389797,-0.2931276166,0.113297866,0.5866565999,0.4638209908,-0.2126927361
2015-12-11,0.6955996127,1.078521462,0.4565413086,-0.1855248941,-0.1017776593,0.8169023438,-0.09511523808,-0.1870922334,-0.3093988584,0.04914837498,0.561491218,0.4522651681,-0.2310705284
2015-12-21,0.6224229711,0.905980186,0.4353854817,-0.236706481,-0.1688368148,0.6735024799,-0.1413671001,-0.2179454871,-0.3256701002,-0.01500111602,0.536325836,0.4407113985,-0.2494483206
2016-01-01,0.5486145872,0.7333176671,0.4143399709,-0.2890457937,-0.2361495793,0.5301096748,-0.1876108734,-0.2487987408,-0.341941342,-0.07915060702,0.5111625347,0.4293604101,-0.2678261129
2016-01-11,0.4758089221,0.5630069705,0.3952446268,-0.3378133747,-0.3029811854,0.3867861177,-0.2338627354,-0.2796518017,-0.3582059848,-0.143300098,0.4859971528,0.4178386269,-0.2862039051
2016-01-21,0.4022153137,0.3899537118,0.3740880496,-0.3901518827,-0.3703110041,0.2433862466,-0.2801145974,-0.3105050554,-0.3744772266,-0.207449589,0.4608317708,0.406315208,-0.3045816974
2016-02-01,0.327906367,0.2168405363,0.3529314724,-0.4424911954,-0.4376408228,0.09998637556,-0.3263664595,-0.3413583091,-0.3907484684,-0.27159908,0.4356663889,0.3947593853,-0.3229594896
2016-02-11,0.2542211195,0.04450436936,0.332560141,-0.4941204879,-0.5049706415,-0.04341349549,-0.3726183215,-0.3722115628,-0.4070197102,-0.335748571,0.4105010069,0.3832518304,-0.3413372819
2016-02-21,0.181972489,-0.1265914832,0.3126705928,-0.5461501758,-0.5720394145,-0.1863033345,-0.4188701835,-0.4029789174,-0.4232114818,-0.3998364157,0.3853360035,0.3721853436,-0.3597150741
2016-03-01,0.1670565883,-0.1896818681,0.317212451,-0.5589920115,-0.6244097707,-0.2018586804,-0.4650955085,-0.432769678,-0.4394625846,-0.461653464,0.3718522622,0.3884286559,-0.3780928664
2016-03-11,0.141574803,-0.2817220677,0.3065613288,-0.5985639402,-0.6574708676,-0.2376529263,-0.5110876339,-0.463583906,-0.451085258,-0.519345436,0.3526068246,0.3943962497,-0.3964706586
2016-03-21,0.1117002702,-0.3585136309,0.3035388877,-0.6356516649,-0.7149973816,-0.2695340305,-0.5226796343,-0.4885738125,-0.4669529639,-0.5421683451,0.3498514282,0.3988748762,-0.4106740758
2016-04-01,0.09176009238,-0.4094570884,0.3202257875,-0.6372532027,-0.7512600644,-0.3046967056,-0.5595780007,-0.5128486421,-0.4799460876,-0.5941721339,0.3382623816,0.4063070156,-0.4265246287
2016-04-11,0.09663141458,-0.3609075995,0.3507072397,-0.6122884554,-0.7450082249,-0.1351591189,-0.581333671,-0.5215145857,-0.489135118,-0.5660882496,0.3398275776,0.4175690063,-0.4399023329
2016-04-21,0.103967704,-0.3158988444,0.3760650727,-0.5754179908,-0.7311004427,-0.009795540059,-0.6019529,-0.5278780706,-0.4963528013,-0.5560261904,0.3368201949,0.4277762162,-0.4520613492
2016-05-01,0.149907712,-0.1956765148,0.3984498006,-0.5489307343,-0.6686616006,0.1060452509,-0.5980210515,-0.5168476124,-0.4857511982,-0.5396570088,0.3512540056,0.4411665837,-0.4575556143
2016-05-11,0.1809531757,-0.09659747962,0.4131767153,-0.540971025,-0.6232957803,0.2091164218,-0.5796108054,-0.4961412552,-0.4751953978,-0.5086319141,0.3603135485,0.4521659306,-0.4552189414
2016-05-21,0.1826377612,-0.08501026434,0.4199550442,-0.5628642337,-0.6475598814,0.3069715654,-0.5965748165,-0.4921932694,-0.4817544766,-0.4694172232,0.3652144661,0.4634020348,-0.4620942098
2016-06-01,0.2235984869,-0.001255218983,0.4318318495,-0.5935404281,-0.6414720662,0.4112679592,-0.5541432061,-0.4722303489,-0.4802338476,-0.4059345384,0.3994217019,0.4730612633,-0.4578463479
2016-06-11,0.3128074118,0.2262650506,0.466428553,-0.5805957697,-0.5668326406,0.6642647917,-0.4816698843,-0.441172813,-0.4723585832,-0.316446557,0.4498029494,0.499727881,-0.444409913
2016-06-21,0.3514882562,0.3104829811,0.4745837241,-0.5675366528,-0.5494470667,0.7770185259,-0.4543458882,-0.4289079826,-0.4736711712,-0.2938535079,0.4765285971,0.510310028,-0.4372938
2016-07-01,0.4212971661,0.5170317946,0.5028843808,-0.5408205002,-0.4498306476,1.007376694,-0.367441858,-0.395839336,-0.4706149352,-0.2052223853,0.5265947848,0.5205863644,-0.4204917451
2016-07-11,0.5243719496,0.6949247089,0.5221939659,-0.5426966981,-0.3765887826,1.146023245,-0.3437392158,-0.3674797988,-0.4427600148,-0.1586588385,0.562645254,0.5358271401,-0.4102164935
2016-07-21,0.6235547649,0.9204121539,0.5520732582,-0.4974160136,-0.3086804934,1.340967057,-0.2809191848,-0.330216681,-0.4203416251,-0.05582406627,0.6029724675,0.5537889522,-0.3889042306
2016-08-01,0.7183622699,1.134365553,0.5783991568,-0.4655567789,-0.2513056516,1.487880215,-0.2024205725,-0.3011341119,-0.4097649911,0.06051087495,0.66294453,0.5718887463,-0.3801437857
2016-08-11,0.7775248022,1.233277689,0.581430337,-0.4890628641,-0.2433822427,1.544336544,-0.1539131224,-0.2860614647,-0.3999157517,0.1136311186,0.6960326984,0.5876287957,-0.3667916067
2016-08-21,0.807931823,1.29229508,0.5820446713,-0.5011729515,-0.2346721936,1.600631668,-0.1286620795,-0.2701315648,-0.3983091284,0.1463942526,0.7117930502,0.5991596352,-0.359380077
2016-09-01,0.8605593627,1.381238573,0.5919448382,-0.5304544882,-0.2174250105,1.675293351,-0.1016132174,-0.2383353657,-0.3929841461,0.2139133274,0.7345238246,0.6121571665,-0.3471067146
2016-09-11,0.9144673816,1.488496269,0.5981114066,-0.5166508242,-0.1868934955,1.710478877,-0.04352532806,-0.2238884497,-0.388012861,0.2366728126,0.7669797238,0.6239189224,-0.3302748765
2016-09-21,0.9535094784,1.58373999,0.6077707661,-0.4963744786,-0.1492182416,1.791734159,-0.02276837836,-0.2177022085,-0.3856135773,0.2672787742,0.7870043431,0.6366828021,-0.3245225613
2016-10-01,1.000108336,1.668156922,0.6194953202,-0.5025600216,-0.1321699156,1.803688567,-0.003075181282,-0.2075462892,-0.3777650047,0.3005872526,0.8151744235,0.6476837994,-0.3163405785
2016-10-11,1.033735614,1.711783874,0.6265934874,-0.5221244906,-0.1468655633,1.821124207,0.02621002312,-0.1993667559,-0.3763401067,0.3186100226,0.8293863909,0.6612153344,-0.3065042393
2016-10-21,1.018930462,1.676191057,0.6267493364,-0.5110110598,-0.145010153,1.799188541,-0.006549433625,-0.2090594202,-0.3814512401,0.2930277859,0.8146097296,0.6597102847,-0.3220479757
2016-11-01,0.97105073,1.553008306,0.6255234648,-0.5344242077,-0.1897797027,1.683719498,-0.05276959038,-0.2396592689,-0.39715062,0.2296713386,0.7895555083,0.6556236627,-0.3404257679
2016-11-11,0.9279369172,1.446478418,0.629179452,-0.554663479,-0.2375722398,1.578473788,-0.09504025774,-0.2688449993,-0.4131471116,0.1678129328,0.7767143243,0.6518190375,-0.3588034844
2016-11-21,0.8884928963,1.354466313,0.6368191053,-0.5599304685,-0.2511798307,1.478379158,-0.137851264,-0.2990570547,-0.429304789,0.104709425,0.7544628427,0.6478398934,-0.3771381335
2016-12-01,0.8223400603,1.195263431,0.6184319613,-0.6081412115,-0.3118775742,1.339272864,-0.184103126,-0.3299103084,-0.4452187814,0.04132411162,0.7316837505,0.6386495161,-0.3955159258
2016-12-11,0.7492056478,1.024685774,0.5991450342,-0.6592896842,-0.3773775471,1.19589891,-0.2303549881,-0.3607351744,-0.4614800684,-0.02281548624,0.7065183685,0.627169203,-0.413893718
2016-12-21,0.6750449265,0.8520289363,0.5780028684,-0.7115136395,-0.4439721467,1.052526081,-0.2766068501,-0.3915874216,-0.477747165,-0.08696497724,0.6813529866,0.6156333814,-0.4322715103
2017-01-01,0.6010442902,0.6789157607,0.5568462912,-0.7638529522,-0.5113019654,0.9091262096,-0.3228587121,-0.4224406753,-0.4940184068,-0.1511144682,0.6561876047,0.6040775587,-0.4506493026
2017-01-11,0.5289955768,0.5059693879,0.535758595,-0.8161597856,-0.5785689219,0.7660265303,-0.3691105741,-0.453293929,-0.5102896486,-0.2152639592,0.6310222227,0.5925556584,-0.4690270948
2017-01-21,0.4585421255,0.3345410566,0.5147026403,-0.8669651717,-0.6458987405,0.6226266592,-0.4153624362,-0.4841471827,-0.5265608904,-0.2794134502,0.6058752199,0.5815596531,-0.4874048871
2017-02-01,0.3872895437,0.1620221937,0.4938922469,-0.9192061835,-0.713187418,0.4792267881,-0.4616142982,-0.5150004364,-0.5428321322,-0.3435629412,0.580709838,0.5701899577,-0.5057826793
2017-02-11,0.3302441107,0.02555542986,0.4817452799,-0.9084972012,-0.7683731763,0.3358269171,-0.5078661602,-0.5458536901,-0.5590561568,-0.4077124322,0.555544456,0.5596962239,-0.5241604716
2017-02-21,0.2691217044,-0.1110557319,0.4665207357,-0.8971739429,-0.8194655042,0.2001739372,-0.5541180223,-0.5766916222,-0.5752980664,-0.4718619232,0.5303790741,0.5485173095,-0.5425382638
2017-03-01,0.211181155,-0.2668091802,0.4506166761,-0.9489075927,-0.8775814349,0.06986231148,-0.6003698843,-0.6070039527,-0.5915693082,-0.5360114142,0.5052237985,0.5415785794,-0.5609160561
2017-03-11,0.1761509764,-0.4014314659,0.4406813502,-0.9740344816,-0.9347927925,-0.04279039869,-0.6466217463,-0.6374415976,-0.6078274399,-0.5973531145,0.4811277458,0.5371059383,-0.5792938483
2017-03-21,0.1341917713,-0.5310476575,0.4258643718,-0.9968452036,-0.9970811699,-0.1592429322,-0.6925436656,-0.6676434946,-0.6240986817,-0.6528376979,0.4638076389,0.5337068874,-0.5976716406
2017-04-01,0.1121389589,-0.6294860963,0.4143878877,-1.034492051,-1.046004362,-0.237920713,-0.7344164387,-0.6976365114,-0.6399039817,-0.6938946862,0.4498707618,0.5400753488,-0.6129715697
2017-04-11,0.08087292444,-0.7173266557,0.4116541535,-1.056080114,-1.091019996,-0.2672421899,-0.7720831477,-0.7224693525,-0.6550204453,-0.7323701512,0.4376541443,0.5402441352,-0.6284517031
2017-04-21,0.08497643283,-0.7134367163,0.4380738424,-1.055323335,-1.104867796,-0.1760549934,-0.7996065635,-0.7412235954,-0.6637959536,-0.7516539936,0.4315070087,0.5523397379,-0.6455720552
2017-05-01,0.1032940794,-0.6974098605,0.4521662782,-1.05622214,-1.095658205,-0.1322659828,-0.8189716876,-0.7561487331,-0.6704807335,-0.7793745099,0.4403696484,0.5604593026,-0.6591221076
2017-05-11,0.1552593219,-0.5741525827,0.470610018,-1.030424753,-1.034347446,-0.02538976963,-0.7950752987,-0.7380788975,-0.6634777078,-0.750910256,0.4603521156,0.5720063388,-0.6544714838
2017-05-21,0.1740158468,-0.5242556683,0.4867869736,-1.022967452,-1.027081056,0.01356800434,-0.7926332866,-0.7387087512,-0.6646253229,-0.7317602029,0.47405897,0.5813945922,-0.6594812565
2017-06-01,0.2107007246,-0.4199224211,0.5020968532,-1.006484992,-0.989191224,0.09697981437,-0.7720024947,-0.7172260179,-0.6535505664,-0.6888170653,0.4902510456,0.5907088192,-0.6577151185
2017-06-11,0.2647348581,-0.334728293,0.5186146093,-1.03428813,-0.9923249778,0.1463700754,-0.7386336968,-0.6946813428,-0.6470504465,-0.6399351935,0.52074674,0.6035537983,-0.6472759558
2017-06-21,0.3195722761,-0.2388814917,0.5494999904,-1.024488219,-0.952702575,0.1923785629,-0.7206231799,-0.6842360248,-0.6388169319,-0.6168135598,0.5394519238,0.6104474453,-0.6431090697
2017-07-01,0.4110113006,-0.02477987098,0.5756479385,-0.9404835144,-0.8681158859,0.3515107605,-0.677446675,-0.6604857573,-0.6283222577,-0.5535628908,0.5857263493,0.6261614154,-0.6332728954
2017-07-11,0.4940434139,0.1601834619,0.5878063263,-0.8912486226,-0.7796314259,0.4453077106,-0.6327146181,-0.6314395817,-0.6036779326,-0.4878199298,0.6143568054,0.637159291,-0.6203364784
2017-07-21,0.5953915389,0.371353524,0.6178633519,-0.861847945,-0.6880399187,0.6123998719,-0.5629382486,-0.5780725603,-0.5833240074,-0.4193007582,0.6484143791,0.649156647,-0.5942878233
2017-08-01,0.6793609717,0.5413539211,0.6342624048,-0.8370358222,-0.6482150976,0.7298000761,-0.4967617274,-0.5498762211,-0.5732400332,-0.3537389247,0.7007745706,0.6625386759,-0.5741827754
2017-08-11,0.7773123396,0.7253383851,0.6507296293,-0.8390004883,-0.6050755877,0.8448653911,-0.4253759396,-0.512410836,-0.5581699442,-0.3039485712,0.7532547058,0.6833821249,-0.5491098582
2017-08-21,0.8534037785,0.9179543915,0.6763710068,-0.8077432886,-0.5046940003,1.039249613,-0.3808375666,-0.4551823754,-0.5459767581,-0.236028306,0.7800114687,0.6946212827,-0.5281283378
2017-09-01,0.9189711357,1.068548899,0.7009188126,-0.7735523057,-0.4411472426,1.178380339,-0.3552725113,-0.4158270025,-0.53771284,-0.1874326777,0.7983231364,0.7094236047,-0.5166676066
2017-09-11,0.9937174347,1.259753813,0.7380031732,-0.7247529951,-0.3746300099,1.347255505,-0.3164448481,-0.3951960593,-0.5259568209,-0.112903155,0.8279819588,0.7290917938,-0.5073528961
2017-09-21,1.051086683,1.375400504,0.7543850264,-0.7026516474,-0.3352332661,1.39738613,-0.2919926031,-0.372793184,-0.5182878869,-0.07537174278,0.8512005131,0.7418075178,-0.4953772208
2017-10-01,1.091172844,1.437425271,0.759944666,-0.722609511,-0.3278689664,1.455555424,-0.2787416235,-0.3591201227,-0.5142211205,-0.0473117028,0.8726236277,0.7529185113,-0.4917282032
2017-10-11,1.096049267,1.475929671,0.7864786381,-0.6668617396,-0.3084766227,1.489656583,-0.293406427,-0.3736509971,-0.5188805306,-0.08156783676,0.8667059224,0.7620339968,-0.5035404678
2017-10-21,1.104864836,1.470671496,0.7875765959,-0.6723257754,-0.3253681514,1.435017692,-0.2855934705,-0.3918092879,-0.5246572272,-0.08323354853,0.8749713541,0.7696065582,-0.510666583
2017-11-01,1.079615433,1.406691242,0.792899753,-0.6702635981,-0.3473633553,1.326746499,-0.3167251858,-0.4121596456,-0.534314487,-0.125883476,0.861736845,0.768703929,-0.5284744372
2017-11-11,1.029106623,1.275199813,0.782955254,-0.6978112898,-0.3928597853,1.204992363,-0.362243418,-0.4423810247,-0.5492625129,-0.1896338263,0.8396557619,0.7618257185,-0.5466822598
2017-11-21,0.9626397889,1.122421055,0.7685606343,-0.7268193131,-0.4477919832,1.07758235,-0.40849528,-0.4732342784,-0.5655255622,-0.2537833173,0.81449038,0.7505853499,-0.565060052
2017-12-01,0.8922248703,0.9536787694,0.7480524995,-0.772300891,-0.5135585669,0.9360883033,-0.4547471421,-0.504046314,-0.5817472906,-0.3179328083,0.7893249981,0.7392686249,-0.5834344252
2017-12-11,0.8183508257,0.7806400012,0.7268959223,-0.8245990166,-0.5808798491,0.7926884322,-0.5009990041,-0.5348995677,-0.5980185324,-0.3820822993,0.7641596161,0.7277421401,-0.6018122174
2017-12-21,0.7462598881,0.6076308781,0.7057393451,-0.8768552244,-0.648074787,0.6493215534,-0.5472508661,-0.5657392692,-0.6142897742,-0.4462317903,0.7389942342,0.7161863174,-0.6201900097
2018-01-01,0.6719554233,0.4345182024,0.6845827679,-0.9291945371,-0.7154046056,0.5059216823,-0.5935027281,-0.5965925229,-0.630561016,-0.5103812813,0.7138288522,0.7046307712,-0.6385678019
2018-01-11,0.5981726596,0.2614091977,0.6634261906,-0.9815228471,-0.7827344243,0.3625218113,-0.6397545902,-0.6274457766,-0.6468322578,-0.5745307723,0.6886634703,0.6930749485,-0.6569455942
2018-01-21,0.5241238299,0.08829697068,0.6422696134,-1.03386216,-0.8500623069,0.2191219402,-0.6860064522,-0.6582990303,-0.6631034996,-0.6386802633,0.6634980884,0.6815191257,-0.6753233864
2018-02-01,0.4528485838,-0.08295260705,0.6211869497,-1.086156837,-0.9173050037,0.07577617849,-0.7322583142,-0.689096061,-0.6793696617,-0.7025221486,0.6385474854,0.6707617528,-0.6937011787
2018-02-11,0.3979171827,-0.2345514971,0.608884297,-1.125393221,-0.984159591,-0.06741647974,-0.7785007765,-0.7199493147,-0.6956408299,-0.7666716396,0.6143775992,0.6648684356,-0.7120789709
2018-02-21,0.3736391366,-0.2856524669,0.6066543063,-1.123689189,-1.026290872,-0.07058155931,-0.8136300948,-0.7492426115,-0.711585262,-0.8081466822,0.6212547262,0.6697116018,-0.7304567632
2018-03-01,0.3528803307,-0.3103091968,0.6075415591,-1.067185113,-1.082750099,0.03595707089,-0.8566561901,-0.7765562581,-0.7278565038,-0.8534815661,0.6143641319,0.684004656,-0.7488345554
2018-03-11,0.3252755327,-0.3648607748,0.6176435483,-1.037057527,-1.112373464,0.04517159885,-0.8992449996,-0.8000037087,-0.7440996943,-0.8960005689,0.5975004725,0.6862511528,-0.7672123477
2018-03-21,0.3260718178,-0.3696269901,0.6180737737,-1.047307742,-1.122713262,0.0995899045,-0.9069782945,-0.8154810994,-0.7558384961,-0.8710657612,0.6071200255,0.6914727335,-0.7787851298
2018-04-01,0.2985428595,-0.4231379859,0.627933369,-1.019639688,-1.141033704,0.08755829498,-0.9484609091,-0.8357346166,-0.7696092453,-0.9046629376,0.5889495999,0.6901921307,-0.7956782855
2018-04-11,0.2903823001,-0.4127653782,0.6443965146,-0.9450849992,-1.126672402,0.144719449,-0.9871444735,-0.8544724903,-0.7817479147,-0.9268962995,0.5727096873,0.6968877035,-0.8135743957
2018-04-21,0.2731860993,-0.4545516578,0.6541513945,-0.9513526225,-1.153237886,0.1346331733,-1.025533198,-0.874031158,-0.7927907139,-0.9511633482,0.5617243159,0.7041392271,-0.8303941348
2018-05-01,0.2929064621,-0.4305413994,0.6536816244,-0.9645689872,-1.14354093,0.1498546275,-1.02907841,-0.8839612844,-0.7919759445,-0.9523264236,0.5781547241,0.7104680384,-0.8399452296
2018-05-11,0.3507714444,-0.3056912272,0.6757753601,-0.9153466968,-1.079313695,0.2472386541,-1.002005497,-0.8913532371,-0.7918372034,-0.944411841,0.6072381233,0.7236284932,-0.8492371956
2018-05-21,0.390457111,-0.1920749984,0.6987004771,-0.8689807328,-1.008086617,0.3194908378,-1.002223956,-0.8723995227,-0.7843763231,-0.9396205792,0.6123406821,0.7354407348,-0.8491566123
2018-06-01,0.420130171,-0.09804298627,0.7085471557,-0.8358970237,-0.9741568746,0.388942852,-1.003228013,-0.8433580995,-0.7845503036,-0.898533751,0.6284823752,0.7476303917,-0.8435682023
2018-06-11,0.4610557126,-0.02565159486,0.7122288768,-0.8400936301,-0.9608359537,0.434921483,-0.9640216339,-0.8225813021,-0.779320798,-0.8683520372,0.6442233312,0.7578111456,-0.8268451373
2018-06-21,0.5312808688,0.1431783413,0.738504056,-0.8115579135,-0.9126521214,0.5880431101,-0.9368295086,-0.8112728765,-0.7715984272,-0.8073404933,0.6907618309,0.7766528936,-0.8266107337
2018-07-01,0.6149528476,0.3337908796,0.7531039835,-0.8032271156,-0.8469870753,0.7180148989,-0.8742657159,-0.7891736696,-0.761584593,-0.7098048504,0.7467309641,0.7954730818,-0.8158124565
2018-07-11,0.6540068623,0.3921778956,0.7590858829,-0.8213687767,-0.8167624702,0.7795273085,-0.8590747106,-0.7803793779,-0.7635527371,-0.6869985727,0.7678048206,0.8033773262,-0.8118498064
2018-07-21,0.7001625616,0.458233416,0.7555635968,-0.8428335132,-0.827063688,0.8429205585,-0.8269017816,-0.7586990728,-0.7649137196,-0.6269914854,0.808766463,0.8109838747,-0.8000159593
2018-08-01,0.7961048853,0.649957706,0.7656710297,-0.8518398753,-0.7757110073,0.959321767,-0.7267973257,-0.702719184,-0.7428306965,-0.5240033028,0.8583433702,0.8217727812,-0.7545272664
2018-08-11,0.8539916905,0.7811298264,0.7842627082,-0.8440330195,-0.7296759378,1.058097958,-0.6616408518,-0.6852863613,-0.7359646628,-0.4898348834,0.8852432035,0.8373340171,-0.7452612338
2018-08-21,0.9363038171,0.9883534376,0.8142199967,-0.776560957,-0.625682751,1.19219858,-0.5996770518,-0.6401278429,-0.7233327036,-0.4419561573,0.9141000196,0.8504762049,-0.7291357194
2018-09-01,1.018446278,1.139647268,0.8236913971,-0.7967374255,-0.5787979713,1.345150221,-0.533457481,-0.5995458218,-0.7112749658,-0.3472768544,0.9476376968,0.8646346137,-0.6968019472
2018-09-11,1.081991457,1.286119941,0.85258651,-0.783180747,-0.5387047613,1.493687058,-0.481285873,-0.5625524888,-0.705936488,-0.2730864475,0.9769796125,0.8770068178,-0.6754750546
2018-09-21,1.130262994,1.376631363,0.8607564866,-0.790932107,-0.5113258671,1.542488553,-0.4467682375,-0.541190122,-0.7010151549,-0.2377019025,1.002251042,0.8885523338,-0.6690668417
2018-10-01,1.158680733,1.43229106,0.870991189,-0.8092659256,-0.5221003671,1.572711674,-0.4384716309,-0.5293849059,-0.6970147165,-0.2216312502,1.018230217,0.9052428641,-0.6658757177
2018-10-11,1.185907752,1.505240121,0.8999016062,-0.7627641368,-0.4876082151,1.609530316,-0.4560940935,-0.5459617404,-0.6994624944,-0.229894573,1.018283876,0.9239491688,-0.677917834
2018-10-21,1.20157231,1.481787158,0.8915476408,-0.7955301036,-0.5075746151,1.543383521,-0.4477421719,-0.5535397438,-0.7034884271,-0.2245644244,1.027548616,0.9273803806,-0.6876632442
2018-11-01,1.168632969,1.398573445,0.8921068674,-0.820711812,-0.5507213968,1.479984521,-0.4722952415,-0.5727550052,-0.7169120111,-0.2681401042,1.015933865,0.9273807846,-0.70193416
2018-11-11,1.107240778,1.243949913,0.8826152052,-0.854943589,-0.6094009121,1.337082449,-0.5185471035,-0.6036082589,-0.7331235393,-0.3322895952,0.9907684833,0.916329791,-0.7203119522
2018-11-21,1.043392496,1.085714404,0.8638736676,-0.894356673,-0.6675955407,1.194304285,-0.5647989655,-0.6344615127,-0.7493036069,-0.3964349244,0.9656031014,0.9069790117,-0.7386897445
2018-12-01,0.9854953984,0.9376934501,0.8530268985,-0.9182863247,-0.7288006616,1.051168491,-0.6110508276,-0.6653147664,-0.7653568201,-0.4605844154,0.9404431681,0.8983753763,-0.7570675367
2018-12-11,0.923367536,0.7835057267,0.8370580366,-0.9423531218,-0.7868513307,0.9081667507,-0.6573026896,-0.6961643964,-0.7815849832,-0.5247339063,0.9152777862,0.8872789868,-0.775445329
2018-12-21,0.8513256794,0.6118367765,0.8164160307,-0.9918777217,-0.8539991501,0.7648600754,-0.7035545516,-0.7270176501,-0.797856225,-0.5888833973,0.8901124042,0.8757263671,-0.7938231212
2019-01-01,0.7773314778,0.438723601,0.7952594535,-1.044217034,-0.9213289688,0.6214602044,-0.7498064136,-0.7578709038,-0.8141274668,-0.6530328883,0.8649470223,0.8641705444,-0.8122009135
2019-01-11,0.7050741614,0.2670726492,0.7741636196,-1.096556347,-0.9886587875,0.4780603333,-0.7960582757,-0.7887241575,-0.8303987086,-0.7171823793,0.839852995,0.8533484061,-0.8305787057
2019-01-21,0.6376336779,0.1020204938,0.7549773269,-1.14889566,-1.05505005,0.3464292857,-0.8419921461,-0.8194899369,-0.8466699495,-0.7807169869,0.814786597,0.8446640288,-0.848956498
2019-02-01,0.5730005868,-0.06190599478,0.7355576118,-1.196964124,-1.122034852,0.208115116,-0.8882440081,-0.8502048242,-0.8629401465,-0.8435550466,0.7898689269,0.8361196568,-0.8673342902
2019-02-11,0.502720929,-0.2303861079,0.7155642352,-1.248076329,-1.188704549,0.06571327674,-0.9344958701,-0.881058078,-0.879200173,-0.9075955944,0.764703545,0.8262375498,-0.8857120825
2019-02-21,0.4517339678,-0.3586739037,0.7050959095,-1.263847583,-1.246394365,-0.06455484974,-0.9782500261,-0.9119113317,-0.8954714148,-0.9717030732,0.745324135,0.8219008782,-0.9040852915
2019-03-01,0.386568888,-0.5258574703,0.6842858319,-1.308474739,-1.313635106,-0.2079547208,-1.024501888,-0.9427645854,-0.9117426566,-1.035852564,0.720158753,0.8118521746,-0.9224630838
2019-03-11,0.3198315325,-0.6947864683,0.6638371899,-1.360580311,-1.379221198,-0.3511906468,-1.07075375,-0.9736178391,-0.9280138984,-1.100002055,0.6949933711,0.8018330567,-0.940840876
2019-03-21,0.2767173601,-0.8193303767,0.654892689,-1.387647603,-1.433839157,-0.4568083622,-1.115712979,-1.001827682,-0.9441095893,-1.157837431,0.6730996588,0.7998036852,-0.9583550108
2019-04-01,0.2398183548,-0.9223938169,0.6495518756,-1.431035411,-1.489704735,-0.5645550815,-1.146610869,-1.023266508,-0.9569917116,-1.187030726,0.6614309587,0.7993202545,-0.9731035012
2019-04-11,0.2257984515,-0.9691619456,0.6536346933,-1.433394069,-1.526138681,-0.5680435152,-1.166173184,-1.044612294,-0.9719620385,-1.194782417,0.6582220153,0.8026688514,-0.9880959381
2019-04-21,0.2102774643,-1.022808827,0.6616671114,-1.407374156,-1.551489804,-0.6548855002,-1.196392083,-1.069358767,-0.9845290381,-1.251771927,0.6462911919,0.8043395306,-1.000603862
2019-05-01,0.2168105478,-1.004936912,0.6718282932,-1.431875293,-1.556566191,-0.6039991782,-1.18933253,-1.079726211,-0.9906035829,-1.252182615,0.6517121568,0.8182666477,-1.007834144
2019-05-11,0.2517138215,-0.9197711511,0.6981245339,-1.402870464,-1.542036928,-0.5644262054,-1.166409096,-1.072848059,-0.9957684686,-1.215477054,0.6718062492,0.8317946462,-1.009138062
2019-05-21,0.292075344,-0.8047315241,0.7250005063,-1.376246652,-1.497636538,-0.4539807792,-1.151007613,-1.058352926,-0.9931166033,-1.187769803,0.6868315021,0.8481103153,-1.008115051
2019-06-01,0.358467349,-0.6101860484,0.753393063,-1.285033803,-1.417397745,-0.2978423851,-1.105685038,-1.013691912,-0.9855397984,-1.116035127,0.71395577,0.8591351736,-0.9878916998
2019-06-11,0.3995939838,-0.5028531473,0.7693180061,-1.288837931,-1.387064974,-0.1004300041,-1.080996386,-0.9837354828,-0.9817604116,-1.06444814,0.7311871674,0.8724268866,-0.9782884298
2019-06-21,0.485424534,-0.3004497663,0.7997642099,-1.198341194,-1.315948329,0.03940674743,-1.036649138,-0.9691961127,-0.9707514161,-1.02640536,0.7745565421,0.8882139366,-0.9671651158
2019-07-01,0.5702645894,-0.1143588423,0.8274496533,-1.181421659,-1.259911956,0.2466938132,-0.9846773322,-0.9423309116,-0.9604767063,-0.94811154,0.8230383835,0.9027734068,-0.9459499367
2019-07-11,0.6383196876,0.02004788566,0.8381975318,-1.179120852,-1.219822434,0.3444132834,-0.9331658893,-0.9225957689,-0.9468598591,-0.8743758006,0.8544087808,0.9154033336,-0.9319521686
2019-07-21,0.7296948802,0.2439568263,0.86092556,-1.102418611,-1.098138785,0.4835178174,-0.8889584922,-0.8981795837,-0.9274111996,-0.8096453593,0.8914723683,0.9279426318,-0.9176548502
2019-08-01,0.8018841205,0.393036629,0.8738370599,-1.080465473,-1.056804926,0.5888091214,-0.8376213362,-0.883463206,-0.9155378048,-0.7515796325,0.9297586281,0.9431927737,-0.9067437268
2019-08-11,0.8623897031,0.5164856145,0.8872816185,-1.069834951,-0.9991551908,0.6647847309,-0.8165762043,-0.8450084514,-0.9066491287,-0.6980289517,0.9509692608,0.9540367655,-0.8965270329
2019-08-21,0.9532478042,0.7301218947,0.9093681315,-1.013035104,-0.9042038746,0.8329352513,-0.7464212869,-0.7980145243,-0.8894188198,-0.6300526694,0.9887189419,0.964808011,-0.8736452314
2019-09-01,1.032834588,0.8932114541,0.9387784916,-0.9784026227,-0.8743580498,0.9717806416,-0.6871917445,-0.7758996432,-0.8843619785,-0.5549809694,1.027635141,0.9826558799,-0.8623084118
2019-09-11,1.089959034,1.005526805,0.9583847649,-0.9806920955,-0.8270825249,1.097863573,-0.6740986276,-0.7476867462,-0.8780337975,-0.5129338883,1.042144764,0.9978259122,-0.8540760065
2019-09-21,1.157736279,1.168472399,0.9757527962,-0.9421065713,-0.7367651778,1.21492201,-0.624962781,-0.7130501659,-0.8640709338,-0.4439746807,1.060024954,1.00658002,-0.8305554059
2019-10-01,1.236350245,1.309018883,1.007952486,-0.8790676734,-0.6600309871,1.232918605,-0.6094352418,-0.7165879181,-0.8613614372,-0.4516316641,1.087105392,1.022938969,-0.8330509987
2019-10-11,1.343366847,1.509367442,1.031923986,-0.8294583557,-0.5791345436,1.316873412,-0.5530632049,-0.6948952723,-0.8518101851,-0.4018726612,1.128593672,1.045607583,-0.8137259384
2019-10-21,1.380717877,1.584158563,1.061234304,-0.811889866,-0.5664080362,1.327516935,-0.5402429169,-0.699633886,-0.8544361526,-0.4059884415,1.150712735,1.060050491,-0.8138482345
2019-11-01,1.348764625,1.505745787,1.058143452,-0.8362741352,-0.580880086,1.291780608,-0.5815034613,-0.722328526,-0.8637374427,-0.4548563603,1.129671809,1.059895728,-0.8317470356
2019-11-11,1.303897771,1.399149433,1.058036023,-0.839215349,-0.6052113404,1.181471413,-0.6277553233,-0.7526982666,-0.8790167315,-0.5186501744,1.104552271,1.05444213,-0.8501248279
2019-11-21,1.282971848,1.366234292,1.074694278,-0.7698948363,-0.5852496947,1.101116563,-0.6740071854,-0.7835254067,-0.894039674,-0.5800376327,1.084563666,1.053221902,-0.8685026201
2019-12-01,1.219947527,1.223366868,1.06949216,-0.7905375314,-0.6369441685,0.963825763,-0.7202590474,-0.8143703596,-0.9102302928,-0.6441871237,1.059398284,1.042409633,-0.8868804124
2019-12-11,1.162745204,1.088485438,1.063527316,-0.7962035762,-0.6879493271,0.8313976402,-0.7665109094,-0.8450274835,-0.9263777402,-0.7080968237,1.034257092,1.032588975,-0.9052582046
2019-12-21,1.092582828,0.9229260419,1.043302432,-0.8364551647,-0.7501862999,0.6880299094,-0.8127627715,-0.8758807372,-0.9426475052,-0.7722463147,1.00909171,1.02103466,-0.9236359969
2020-01-01,1.025537727,0.7620586572,1.022648347,-0.8710238392,-0.8068856288,0.5448241223,-0.8590146335,-0.9067339909,-0.9589187469,-0.836394551,0.9839263284,1.009540664,-0.9420137891
2020-01-11,0.9513761449,0.5890159454,1.001491769,-0.9232808378,-0.8741348938,0.4014242512,-0.9052664955,-0.9375872446,-0.9751899887,-0.900544042,0.9587609464,0.9979848417,-0.9603915814
2020-01-21,0.8800531699,0.4227677283,0.9806177784,-0.9597288066,-0.9400056134,0.2580243802,-0.9515183575,-0.9684404984,-0.9914611512,-0.964693533,0.9336172065,0.9864330532,-0.9787693736
2020-02-01,0.811353347,0.2616052683,0.960648343,-0.9868637792,-1.005633571,0.1146245091,-0.9977702196,-0.9992937521,-1.007732393,-1.028843024,0.9084518245,0.9754052452,-0.9971471659
2020-02-11,0.7411282191,0.09278681881,0.9427131814,-1.036700056,-1.071787917,-0.02877536193,-1.044022082,-1.030147006,-1.024003635,-1.092992515,0.8832864426,0.9643904355,-1.015524958
2020-02-21,0.6701503604,-0.07206349086,0.9222566944,-1.078049605,-1.132729666,-0.1664659668,-1.090270506,-1.061000259,-1.040273802,-1.157142006,0.8581294142,0.9529278251,-1.03390275
2020-03-01,0.6403339268,-0.1498127918,0.9156595215,-1.053181529,-1.142981443,-0.1943489784,-1.136500126,-1.086480212,-1.051830957,-1.212207654,0.8330072498,0.9478736286,-1.052141499
2020-03-11,0.6099055993,-0.2144174578,0.9195093598,-1.007248042,-1.145992243,-0.204070242,-1.182705774,-1.113666551,-1.066061257,-1.276080281,0.8078880372,0.9427606243,-1.070510869
2020-03-21,0.5810532555,-0.2945007792,0.9157266688,-1.000352191,-1.175629155,-0.2664576508,-1.227807099,-1.139745676,-1.081853172,-1.321732925,0.7928973378,0.9426625718,-1.0880728
2020-04-01,0.5572890654,-0.3694716533,0.9051187447,-1.041174698,-1.220732493,-0.2052981511,-1.27005165,-1.161661454,-1.095665258,-1.34903071,0.7781223157,0.9518298622,-1.105881096
2020-04-11,0.5439051893,-0.3921696938,0.9314069048,-0.9960164394,-1.238484601,-0.1842306551,-1.312079829,-1.182187437,-1.107228124,-1.381612537,0.7615427182,0.954930152,-1.123741274
2020-04-21,0.528880213,-0.443643088,0.9279076174,-0.9999739536,-1.250542829,-0.2038721791,-1.355188786,-1.202786175,-1.1181578,-1.415011423,0.7527027642,0.9571365089,-1.140907981
2020-05-01,0.5457919245,-0.4008897205,0.9480390701,-0.9943639847,-1.249212528,-0.1326255317,-1.350469353,-1.207572339,-1.120741121,-1.415323787,0.7623944213,0.9673712959,-1.14774552
2020-05-11,0.5701816063,-0.3237187954,0.9693043986,-0.9874273148,-1.19985273,-0.059458118,-1.355074445,-1.202948727,-1.119082622,-1.398703765,0.7667798104,0.9808090514,-1.155941736
2020-05-21,0.5777643245,-0.2912549666,0.9830138903,-0.9701295624,-1.172443216,-0.02315886862,-1.362899789,-1.203521824,-1.119534834,-1.396482896,0.7653265447,0.9844087781,-1.163114124
2020-06-01,0.6371216091,-0.1385211598,0.9999483892,-0.9615228084,-1.094553958,0.1468521209,-1.33956646,-1.161088089,-1.111887649,-1.32662096,0.7914012409,0.997775308,-1.160727858
2020-06-11,0.687765312,-0.01937141636,1.019010572,-0.9334873526,-1.052964771,0.2625299691,-1.314430494,-1.128787941,-1.107892895,-1.27329201,0.8134089052,1.006798463,-1.145266686
2020-06-21,0.7551287344,0.1322061569,1.052730951,-0.8917167202,-1.031478647,0.483878416,-1.289951012,-1.116139256,-1.108844453,-1.229156804,0.8546880715,1.025433016,-1.14247761
2020-07-01,0.8517036651,0.3346766689,1.091186608,-0.8375966947,-0.9827781007,0.6585656402,-1.227174358,-1.102369525,-1.101507438,-1.181876417,0.8980355689,1.050901992,-1.131520411
2020-07-11,0.9433087567,0.5272274768,1.112440755,-0.7956384699,-0.8984297528,0.7653625361,-1.176298977,-1.078445469,-1.087890518,-1.100397885,0.9420739529,1.06415663,-1.123112404
2020-07-21,1.029705388,0.7589757934,1.141146618,-0.7473753958,-0.7987245231,0.9482685922,-1.095279775,-1.030307708,-1.075149569,-1.003120334,0.9823467672,1.081144411,-1.104589226
2020-08-01,1.084029326,0.9035366413,1.162648096,-0.709915934,-0.7387900618,1.095652009,-1.061763707,-0.9997275865,-1.069861275,-0.9607160701,1.006362333,1.09304215,-1.083553756
2020-08-11,1.215097371,1.167922021,1.183467613,-0.639060989,-0.63724897,1.281324266,-0.9949196997,-0.9657239365,-1.051156566,-0.8640420012,1.067264038,1.113430662,-1.061922918
2020-08-21,1.308173799,1.344964007,1.202058627,-0.6102819323,-0.5610326242,1.372291919,-0.9414769603,-0.9439633725,-1.032453634,-0.8149006419,1.104314476,1.127994336,-1.05911203
2020-09-01,1.373714485,1.492832804,1.228801886,-0.574309466,-0.5252844769,1.509762618,-0.9038578508,-0.9290549498,-1.033454374,-0.7658698668,1.143452434,1.146429241,-1.05079328
2020-09-11,1.438872179,1.645444119,1.249056856,-0.5418653288,-0.4657117911,1.610737377,-0.8683943729,-0.8999812253,-1.029521313,-0.6927895259,1.175321563,1.161470694,-1.04057078
2020-09-21,1.493289222,1.770166544,1.268190651,-0.5038772007,-0.4155566858,1.7157117,-0.844368021,-0.8767986068,-1.022977745,-0.6635124511,1.19742134,1.17238733,-1.035729785
2020-10-01,1.544517166,1.903348237,1.295295453,-0.4869426209,-0.3620106549,1.786769379,-0.8170960827,-0.8606738609,-1.019231111,-0.6234830757,1.222362281,1.189983212,-1.02043705
2020-10-11,1.572805609,1.966461992,1.319559322,-0.4570216578,-0.3431102273,1.818798783,-0.8264768805,-0.86418724,-1.020377986,-0.6390686483,1.231563712,1.202545761,-1.012704443
2020-10-21,1.598129051,2.051155354,1.339173747,-0.4623802432,-0.3054145879,1.889297462,-0.8400835925,-0.8464719532,-1.015056258,-0.6208187845,1.237639805,1.220436631,-1.012356255
2020-11-01,1.570087069,1.974394904,1.336537818,-0.4593647253,-0.3243303458,1.814389735,-0.8815543281,-0.8727903735,-1.026011856,-0.6659088185,1.2164437,1.219929601,-1.030731089
2020-11-11,1.512321437,1.850116726,1.337821918,-0.4721259704,-0.3581122626,1.676324833,-0.9278061901,-0.9036434225,-1.041659812,-0.7300583095,1.191278318,1.210572935,-1.049108881
2020-11-21,1.465121934,1.759877683,1.344558797,-0.4075603373,-0.3850519125,1.546007729,-0.9740580521,-0.9344966762,-1.057617084,-0.7941916311,1.166112936,1.20035546,-1.067486674
2020-12-01,1.401129911,1.603684069,1.327474674,-0.4345280156,-0.4434796062,1.402972382,-1.020309914,-0.9653499299,-1.073728944,-0.8583411221,1.140947554,1.189120073,-1.085864466
2020-12-11,1.329462245,1.431288374,1.306351231,-0.4866440274,-0.5100651319,1.259576582,-1.066522089,-0.9962031259,-1.090000186,-0.9224872674,1.115782172,1.177693378,-1.104203057
2020-12-21,1.263877364,1.265339067,1.287121178,-0.5274524932,-0.574009807,1.116176711,-1.112773951,-1.027054452,-1.106271428,-0.9866367584,1.09061679,1.166191732,-1.12258085
2021-01-01,1.19864765,1.097098288,1.268864779,-0.5759877148,-0.6396461081,0.9739392428,-1.159025813,-1.057907694,-1.122506853,-1.050786249,1.065451409,1.155110376,-1.140958642
2021-01-11,1.124542299,0.9242845966,1.247708202,-0.6275989292,-0.7069247262,0.8305393717,-1.205277675,-1.088760948,-1.138778094,-1.11493574,1.040286027,1.143554554,-1.159336434
2021-01-21,1.05327103,0.7523355602,1.226678481,-0.6792260602,-0.7727028741,0.6871395007,-1.251529537,-1.119614201,-1.155040848,-1.179085231,1.015120645,1.13203504,-1.177714226
2021-02-01,0.9821967982,0.5806348693,1.205677149,-0.7315653728,-0.8400326928,0.5437396296,-1.297781399,-1.150467455,-1.171312089,-1.243234722,0.9899552627,1.121196151,-1.196092019
2021-02-11,0.920624874,0.4267250818,1.189803065,-0.769616851,-0.8997998059,0.4056396215,-1.344033261,-1.181256541,-1.18756918,-1.307384213,0.9648023855,1.113293043,-1.214469811
2021-02-21,0.8489973352,0.2561974509,1.168867453,-0.8161228444,-0.9666785833,0.2622397505,-1.390277846,-1.212109795,-1.203840422,-1.371533704,0.9396385139,1.101762658,-1.232847338
2021-03-01,0.7762811557,0.08396131556,1.147880978,-0.867801069,-1.032908274,0.1188398794,-1.436529708,-1.242963049,-1.220111664,-1.435683195,0.9144731319,1.090206835,-1.251225131
2021-03-11,0.7544963308,-0.0183429982,1.138722809,-0.8806703733,-1.062734711,0.001816904463,-1.475081535,-1.272100357,-1.232086033,-1.494199543,0.8960508474,1.086166384,-1.268275364
2021-03-21,0.7166893536,-0.1119350011,1.133761773,-0.9182135736,-1.104990811,-0.03636387896,-1.512729914,-1.295785473,-1.244504998,-1.536653201,0.8808640996,1.086753353,-1.285234279
2021-04-01,0.6723266274,-0.2278673899,1.132431876,-0.925015499,-1.150197617,-0.1270036684,-1.558981776,-1.325155835,-1.260544531,-1.597402792,0.8558931689,1.082064446,-1.303612071
2021-04-11,0.6379923447,-0.3113198997,1.139724394,-0.9361400374,-1.195657873,-0.1122300724,-1.602043852,-1.351234862,-1.276068306,-1.641057467,0.8350840736,1.08396667,-1.321904642
2021-04-21,0.6403257445,-0.3031187954,1.150740915,-0.913359015,-1.196406399,-0.07090325373,-1.623734154,-1.361254158,-1.281443823,-1.657060609,0.8325515331,1.090384688,-1.336438161
2021-05-01,0.7019979672,-0.1506520492,1.172429022,-0.852212761,-1.161468406,0.09927351154,-1.588118162,-1.34038725,-1.267552003,-1.604987822,0.8509755428,1.106164221,-1.329810067
2021-05-11,0.7289069334,-0.08183744272,1.193121095,-0.8432604109,-1.135318888,0.1632685816,-1.56413779,-1.331750761,-1.265763265,-1.581986273,0.8609298627,1.113455753,-1.328294652
2021-05-21,0.7224713806,-0.1052944665,1.198476668,-0.8788561785,-1.156433794,0.1859362389,-1.57645196,-1.338709348,-1.274758644,-1.600122547,0.861750981,1.12156933,-1.338455465
2021-06-01,0.7662880401,-0.0184330632,1.204917545,-0.9131437177,-1.170392816,0.3401655985,-1.521964426,-1.321837019,-1.273745843,-1.52910877,0.8930975304,1.13861824,-1.329564219
2021-06-11,0.844733142,0.1525314418,1.222738891,-0.911068162,-1.129143633,0.4068286689,-1.459469737,-1.28113317,-1.264120204,-1.427915237,0.9508795248,1.151252884,-1.308447371
2021-06-21,0.9231720112,0.2896189614,1.229793887,-0.9473972932,-1.118983564,0.5361008816,-1.404058547,-1.268475955,-1.24178045,-1.352757623,0.9996825101,1.166710067,-1.300311231
2021-07-01,1.032538271,0.519264079,1.255556626,-0.9023188334,-1.031751375,0.7001911569,-1.356350215,-1.248139665,-1.222161238,-1.275191166,1.057413611,1.184442101,-1.289263454
2021-07-11,1.10959084,0.6976779234,1.271688849,-0.881699897,-0.9643903199,0.8872906413,-1.303963478,-1.222088945,-1.210425131,-1.202890403,1.097050532,1.200503345,-1.27691758
2021-07-21,1.168571498,0.8247344417,1.281590708,-0.8685341153,-0.9171515961,0.9527033581,-1.242011377,-1.196671963,-1.201071209,-1.135497169,1.128334663,1.208043802,-1.261070429
2021-08-01,1.243379423,0.9344046629,1.291330841,-0.8634973629,-0.8795173636,1.017994687,-1.205845479,-1.177665633,-1.191479426,-1.121995966,1.157519662,1.219612066,-1.248515002
2021-08-11,1.332747758,1.127888675,1.313595833,-0.8444196299,-0.8177051562,1.187348635,-1.142390011,-1.143281688,-1.177151999,-1.066481395,1.203235466,1.238215753,-1.234548391
2021-08-21,1.408926919,1.283557789,1.337250236,-0.8240760219,-0.7993844153,1.278009484,-1.086322739,-1.128449228,-1.164632996,-1.032875013,1.252169086,1.256269877,-1.223907117
2021-09-01,1.510442616,1.516579523,1.368713373,-0.7727405075,-0.689778066,1.491605842,-1.038078752,-1.093580835,-1.154931874,-0.9516722151,1.295764388,1.275212868,-1.199106799
2021-09-11,1.562197676,1.648371896,1.389636423,-0.7432301769,-0.6430849681,1.624340415,-0.9882359669,-1.066060481,-1.152489337,-0.8903714173,1.31893582,1.287079306,-1.191350828
2021-09-21,1.614106994,1.755640235,1.406588287,-0.7187022269,-0.5891555209,1.728871022,-0.9890529721,-1.039936266,-1.145392657,-0.8415060114,1.334038044,1.294518004,-1.185860883
2021-10-01,1.650031418,1.837981685,1.414536891,-0.7016205726,-0.5456006899,1.805572823,-1.000906039,-1.023355885,-1.142589009,-0.8218451795,1.340672869,1.309482139,-1.183161557
2021-10-11,1.704423719,1.950487536,1.434872067,-0.7213442706,-0.5383789722,1.925988911,-0.9483672621,-1.00769338,-1.145842538,-0.7742891608,1.379398841,1.329689432,-1.163863165
2021-10-21,1.719701081,1.972584326,1.445759489,-0.749121097,-0.5528623488,1.958587209,-0.94069086,-1.000259929,-1.148136439,-0.7683161963,1.381838031,1.343798836,-1.158159188
2021-11-01,1.710858989,1.952599755,1.448285519,-0.748296267,-0.5722294912,1.871951072,-0.9552652037,-1.001724885,-1.152548474,-0.8049858654,1.390947145,1.343572639,-1.156312036
2021-11-11,1.667286968,1.835634048,1.443691254,-0.7751235897,-0.6093827577,1.765264508,-1.001517066,-1.031064549,-1.167232842,-0.8670188636,1.367971131,1.340063498,-1.174689828
2021-11-21,1.608742737,1.699164955,1.430683352,-0.8006074358,-0.6634470835,1.63492036,-1.047768928,-1.061885656,-1.18263525,-0.9309473763,1.344903591,1.334659589,-1.193067621
2021-12-01,1.546323081,1.540889186,1.413670399,-0.8528939605,-0.7272786107,1.510714385,-1.09402079,-1.092624679,-1.198513744,-0.9934286583,1.321662378,1.326696737,-1.211445413
2021-12-11,1.479638202,1.380761952,1.397496312,-0.8859018789,-0.7897731624,1.368393454,-1.140267462,-1.123477346,-1.214780016,-1.057578149,1.296496996,1.315433751,-1.229817489
2021-12-21,1.412387896,1.216900186,1.378826262,-0.9250409353,-0.8512047735,1.225023842,-1.186519324,-1.154328366,-1.231044438,-1.12172764,1.271331614,1.303900578,-1.248195281
2022-01-01,1.346193199,1.052899467,1.362214663,-0.9681690894,-0.9166939523,1.083631363,-1.232771186,-1.185125487,-1.247036702,-1.185877131,1.246166232,1.293278752,-1.266573073
2022-01-11,1.300999557,0.9352561878,1.364832741,-0.977609696,-0.9723428475,0.9638547096,-1.278963953,-1.214682135,-1.263186671,-1.244781412,1.221746142,1.29070448,-1.284697536
2022-01-21,1.227119663,0.7634576818,1.343864748,-1.027702444,-1.039029919,0.8205673826,-1.325215815,-1.245535388,-1.279449593,-1.308930903,1.196580761,1.279165125,-1.303075328
2022-02-01,1.154692792,0.5941276974,1.323683485,-1.077246601,-1.106060427,0.6771762702,-1.371467677,-1.276388642,-1.295719873,-1.373080394,1.171415379,1.268723384,-1.321437685
2022-02-11,1.081559828,0.4211713171,1.30253037,-1.129484979,-1.17333344,0.5337763991,-1.417719539,-1.307241896,-1.31199108,-1.437229885,1.146249997,1.257215356,-1.339815478
2022-02-21,1.013287139,0.2621082807,1.287042724,-1.159911892,-1.237926245,0.3946426728,-1.463971401,-1.338079354,-1.328261474,-1.501379376,1.121084615,1.246213355,-1.35819327
2022-03-01,0.9684544908,0.1369698133,1.278964604,-1.206770729,-1.292036119,0.311282715,-1.507659777,-1.368932608,-1.344311078,-1.564800668,1.098384713,1.247778214,-1.376571062
2022-03-11,0.9086374501,-0.02565513267,1.260309209,-1.256121865,-1.356936716,0.1694346753,-1.553882451,-1.399373276,-1.360581792,-1.626734965,1.074894351,1.238712775,-1.394948854
2022-03-21,0.8497935644,-0.1784143563,1.248251159,-1.283363621,-1.420343896,0.02633475741,-1.600134313,-1.430226529,-1.376853034,-1.690884456,1.049758156,1.229287998,-1.413326647
2022-04-01,0.8323621985,-0.2431067439,1.249081479,-1.308437344,-1.441232056,0.003134616126,-1.631460802,-1.455487593,-1.389157085,-1.718169312,1.040768665,1.229933291,-1.428800913
2022-04-11,0.8293781283,-0.2391980719,1.26794525,-1.269638542,-1.444296337,0.04055833714,-1.65571165,-1.470280856,-1.399307106,-1.733563524,1.035461323,1.234971264,-1.442611562
2022-04-21,0.8336129521,-0.2308126594,1.281534572,-1.241241483,-1.444403349,0.06000727584,-1.67422479,-1.487628147,-1.409153217,-1.746512162,1.039538446,1.240675427,-1.457409637
2022-05-01,0.860343005,-0.1916723806,1.286930235,-1.252297528,-1.439396716,0.09847942683,-1.637812109,-1.493694607,-1.413168599,-1.731729081,1.061046356,1.247171738,-1.456586917
2022-05-11,0.8663612461,-0.1903440665,1.289931912,-1.295700117,-1.456719504,0.1276884916,-1.635283496,-1.501251221,-1.41724365,-1.723325446,1.073129465,1.25685899,-1.467096026
2022-05-21,0.8891791734,-0.1331415458,1.31126449,-1.225980153,-1.421308388,0.155075128,-1.650331639,-1.505039983,-1.422033197,-1.716471293,1.073547594,1.262194788,-1.475602575
2022-06-01,0.9286309401,-0.07995214773,1.310542351,-1.24944295,-1.43399921,0.1653218558,-1.586831775,-1.510803631,-1.42594152,-1.712151382,1.114607647,1.273376979,-1.464264721
2022-06-11,1.010800435,0.05673302391,1.330606702,-1.23920362,-1.393165095,0.2323777898,-1.563734655,-1.506577534,-1.407392949,-1.697649294,1.150907572,1.289517845,-1.466005528
2022-06-21,1.0744203,0.1811032164,1.344383642,-1.244678309,-1.368918546,0.4092150547,-1.524945639,-1.486762967,-1.399359777,-1.639136557,1.187121538,1.302461388,-1.458968598
2022-07-01,1.140545151,0.3292182179,1.351931884,-1.232070778,-1.299247953,0.5529926391,-1.478416922,-1.466936673,-1.389447939,-1.578666859,1.225449245,1.31233021,-1.449525798
2022-07-11,1.195643438,0.4496823269,1.369923595,-1.235101606,-1.276393178,0.6120879202,-1.404975544,-1.44495221,-1.383056709,-1.529228279,1.26542508,1.322806049,-1.44005087
2022-07-21,1.322214877,0.7205588139,1.402729538,-1.183806344,-1.179673186,0.8156105745,-1.347708399,-1.39256661,-1.36651418,-1.39485963,1.331500749,1.340717338,-1.414796805
2022-08-01,1.415622775,0.9386208065,1.421323942,-1.168329152,-1.096735626,0.9639822766,-1.297276456,-1.354517065,-1.346186669,-1.317897854,1.381607241,1.36164574,-1.393365494
2022-08-11,1.493817458,1.087694484,1.437917269,-1.146323637,-1.050265195,1.01167598,-1.211937683,-1.33502409,-1.333586539,-1.263262251,1.419868781,1.371377999,-1.369427567
2022-08-21,1.596895811,1.29400683,1.466530349,-1.121991869,-0.9880267557,1.16344025,-1.164789291,-1.301273474,-1.31399484,-1.190517936,1.460608711,1.393656984,-1.352830119
2022-09-01,1.660956247,1.451790771,1.483008966,-1.099262292,-0.9232446818,1.318857854,-1.136459354,-1.262912713,-1.305941065,-1.13732692,1.487935729,1.410634171,-1.337600107
2022-09-11,1.710793053,1.576220973,1.504838549,-1.086544192,-0.8727256032,1.470192892,-1.107460709,-1.251694763,-1.296467749,-1.114765606,1.51212014,1.422667381,-1.332434147
2022-09-21,1.765664195,1.686160995,1.509666728,-1.094392158,-0.8403401959,1.539344313,-1.063124892,-1.225654844,-1.290252071,-1.074354801,1.548447276,1.433715342,-1.315973057
2022-10-01,1.80544689,1.781898107,1.529454839,-1.086185751,-0.7996164006,1.647262778,-1.076445036,-1.21529385,-1.286188166,-1.064852736,1.563661033,1.450143295,-1.312484077
2022-10-11,1.838503211,1.869030588,1.548743571,-1.070824608,-0.7686407816,1.719329005,-1.067732497,-1.194520118,-1.280362106,-1.020232421,1.571692917,1.460371392,-1.307066038
2022-10-21,1.839860146,1.864538831,1.561190395,-1.073983255,-0.7810503272,1.720830783,-1.087673531,-1.19976051,-1.2837524,-1.03850501,1.566829321,1.468044719,-1.315264652
2022-11-01,1.804780064,1.785363315,1.566411731,-1.040014404,-0.8056856405,1.64515686,-1.133894946,-1.229678754,-1.297922935,-1.09990891,1.542711551,1.465353723,-1.333642444
2022-11-11,1.744999468,1.646228567,1.555618659,-1.038460126,-0.8614121977,1.506250258,-1.180146808,-1.260532008,-1.313935089,-1.16368795,1.517556627,1.454657436,-1.352020236
2022-11-21,1.703097442,1.545520021,1.559850966,-1.026250867,-0.8899927025,1.374715901,-1.22639867,-1.290977162,-1.329838501,-1.227761883,1.492633518,1.450396453,-1.370398029
2022-12-01,1.641424382,1.401649604,1.543900353,-1.04865043,-0.9342182046,1.237480149,-1.272650532,-1.321764411,-1.345821667,-1.291872613,1.467468137,1.440456617,-1.388775821
2022-12-11,1.574460586,1.240619584,1.526030237,-1.08571058,-0.9927651082,1.094084579,-1.318902394,-1.352613541,-1.362092771,-1.356020897,1.442310142,1.429022104,-1.407153613
2022-12-21,1.505475457,1.075546223,1.505910829,-1.121933246,-1.058365809,0.9521869277,-1.365154256,-1.383465595,-1.37836388,-1.420170388,1.41714476,1.417705195,-1.425531405
2023-01-01,1.431862584,0.9051697895,1.484845652,-1.170197132,-1.123341728,0.8087870567,-1.411406118,-1.414318848,-1.394610092,-1.484319879,1.391979378,1.406149372,-1.443909198
2023-01-11,1.357925204,0.7321762425,1.463689075,-1.222534911,-1.190425858,0.6653871856,-1.45765798,-1.445172102,-1.410881334,-1.54846937,1.366813996,1.39459355,-1.46228699
2023-01-21,1.286941601,0.5594184317,1.442556467,-1.274858503,-1.257313376,0.5219873145,-1.503909842,-1.476025356,-1.427152575,-1.612618861,1.341648614,1.383103103,-1.480664782
2023-02-01,1.216008964,0.3904328953,1.422993091,-1.326538892,-1.324558744,0.3785874435,-1.550161704,-1.506878609,-1.443423817,-1.676768352,1.316483232,1.37314796,-1.499042574
2023-02-11,1.1416998,0.2173197197,1.401836514,-1.378878205,-1.391888563,0.2351875724,-1.596413566,-1.537731863,-1.459695059,-1.740917843,1.29131785,1.361592137,-1.517420367
2023-02-21,1.079329554,0.04946933958,1.382585814,-1.425234355,-1.458513234,0.09178770138,-1.642665428,-1.568585117,-1.475966301,-1.805067334,1.266152468,1.35091538,-1.535798159
2023-03-01,1.031599676,-0.09573468338,1.374234674,-1.474031573,-1.523491827,-0.03799449024,-1.68839366,-1.599330568,-1.49139117,-1.869216825,1.241326698,1.347886083,-1.554175951
2023-03-11,1.028061488,-0.09628624898,1.386050295,-1.378342355,-1.538227367,-0.03362278757,-1.7262003,-1.618410006,-1.505929884,-1.883835983,1.233297464,1.352431677,-1.572468568
2023-03-21,1.001448234,-0.1616761004,1.381277841,-1.344281067,-1.56391852,-0.1032476295,-1.766840381,-1.645694739,-1.521635259,-1.922002307,1.217679658,1.35336799,-1.585126389
2023-04-01,0.9624208438,-0.285258723,1.368267283,-1.360076351,-1.608425862,-0.2214436998,-1.812396636,-1.676547201,-1.537428176,-1.981199881,1.197589855,1.348161767,-1.603474055
2023-04-11,0.9593046788,-0.3056519405,1.369837454,-1.37664128,-1.626587993,-0.2047081523,-1.837080449,-1.699226716,-1.5488391,-1.976532856,1.202939886,1.356633165,-1.620668308
2023-04-21,0.9936826179,-0.1947466288,1.407516959,-1.300369742,-1.58378401,-0.07829023012,-1.842047428,-1.691351923,-1.549974796,-1.943198866,1.201834434,1.37129198,-1.624290001
2023-05-01,1.002123522,-0.1969399527,1.41731542,-1.301343274,-1.585945401,-0.0511266674,-1.859318271,-1.710189797,-1.559618366,-1.957144047,1.20134593,1.380851257,-1.636434917
2023-05-11,1.010145973,-0.1928694511,1.421771188,-1.336861201,-1.623378743,0.002021753439,-1.859315069,-1.72065302,-1.56879694,-1.947370421,1.218462976,1.395946336,-1.649066912
2023-05-21,1.019365423,-0.1845733182,1.430781422,-1.364787316,-1.648997018,0.07786180325,-1.858746352,-1.732082751,-1.577688807,-1.926113689,1.22883442,1.4086098,-1.657689268
2023-06-01,1.085578727,-0.009658655759,1.457289275,-1.392248927,-1.609998287,0.2716595643,-1.792136598,-1.688603295,-1.571211511,-1.819865611,1.272706784,1.42985968,-1.632550654
2023-06-11,1.172620524,0.1771612109,1.483734902,-1.35140306,-1.523190677,0.468413572,-1.784108269,-1.658924676,-1.558586566,-1.767413064,1.298244035,1.45036799,-1.626091035
2023-06-21,1.263612877,0.4132665366,1.513898883,-1.310863248,-1.442534316,0.6949632985,-1.723409134,-1.629109957,-1.546305683,-1.679890578,1.353085642,1.472995318,-1.612733875
2023-07-01,1.324216171,0.520719181,1.528679399,-1.309385513,-1.417436122,0.8025169953,-1.683948114,-1.61991309,-1.537201194,-1.641665375,1.386818789,1.482009354,-1.607940039
2023-07-11,1.388888322,0.6338201817,1.538951053,-1.320517554,-1.408818615,0.9287249731,-1.641048022,-1.601872802,-1.526089478,-1.572389041,1.418252377,1.496777936,-1.60118635
2023-07-21,1.476284915,0.8233366193,1.563975267,-1.278792288,-1.324970461,1.083266446,-1.57363805,-1.579659682,-1.519719519,-1.507543159,1.463385481,1.509555205,-1.588491892
2023-08-01,1.549227076,0.9347933428,1.575485568,-1.300520718,-1.312131144,1.162726196,-1.526955852,-1.561929827,-1.510308369,-1.45085096,1.497969923,1.525879097,-1.575562774
2023-08-11,1.643610253,1.083354115,1.580152127,-1.32090582,-1.269623227,1.218446449,-1.471466355,-1.52368943,-1.488956742,-1.378405262,1.544534478,1.536486468,-1.557736537
2023-08-21,1.717296465,1.235538877,1.588136056,-1.344073487,-1.235657642,1.343513051,-1.38010194,-1.480835531,-1.478725776,-1.305354162,1.589098592,1.551369891,-1.527820773
2023-09-01,1.788316417,1.396136393,1.611399788,-1.324701984,-1.18208867,1.526305594,-1.328863059,-1.438751917,-1.476577541,-1.214568577,1.623595882,1.564187215,-1.506906258
2023-09-11,1.867064506,1.625562797,1.636544116,-1.26361519,-1.099890848,1.719131958,-1.28230153,-1.39776913,-1.465675575,-1.119235438,1.671823332,1.584839246,-1.493749115
2023-09-21,1.93220953,1.752610781,1.648633266,-1.242991635,-1.038119883,1.815951025,-1.258212549,-1.378410436,-1.45784943,-1.076609696,1.694535232,1.59749221,-1.479193769
2023-10-01,1.984380395,1.855966263,1.667686648,-1.253172038,-1.022948288,1.928321466,-1.244541694,-1.357543839,-1.457811277,-1.03827658,1.725842838,1.616052392,-1.476246077
2023-10-11,2.054937801,2.038525832,1.707619519,-1.153510447,-0.963522938,2.004004823,-1.227147846,-1.347044371,-1.454426976,-1.012783554,1.756700318,1.638757735,-1.467706658
2023-10-21,2.10058123,2.097330532,1.715232013,-1.154037065,-0.9440084996,2.033894863,-1.212133533,-1.344175004,-1.452756973,-1.005215537,1.774832155,1.648134194,-1.462136761
2023-11-01,2.138121253,2.187464651,1.742658274,-1.120709778,-0.9208746167,2.029762393,-1.192503692,-1.319517021,-1.45436266,-1.00096769,1.79806305,1.656949839,-1.446330197
2023-11-11,2.130256253,2.155211507,1.747915438,-1.122131084,-0.9165309829,1.956515878,-1.214134026,-1.341975701,-1.466797683,-1.048084624,1.802755656,1.657660804,-1.463324552
2023-11-21,2.119713014,2.160524487,1.761127445,-1.10847716,-0.8742124932,1.920044606,-1.255412393,-1.371788059,-1.480702682,-1.101553881,1.815023637,1.662527615,-1.481702345
2023-12-01,2.065910382,2.024224922,1.754770791,-1.147237886,-0.9215519261,1.799794356,-1.301603391,-1.402547931,-1.496628002,-1.165018537,1.79095907,1.656569325,-1.500080137
2023-12-11,1.994134685,1.853727828,1.7346772,-1.196228955,-0.9884488918,1.656401819,-1.347854298,-1.433147967,-1.512872578,-1.229119203,1.765793688,1.645245068,-1.518417183
2023-12-21,1.925640548,1.69135212,1.713603732,-1.227037153,-1.050695317,1.513051345,-1.394098507,-1.464000194,-1.52914218,-1.293256036,1.740646015,1.633723189,-1.536703935
2024-01-01,1.853728054,1.522895953,1.69317749,-1.270927382,-1.115889323,1.369657193,-1.440350369,-1.494853448,-1.545413421,-1.357404153,1.715480633,1.62219216,-1.555081727
2024-01-11,1.779941861,1.350238593,1.672020913,-1.322057999,-1.183219142,1.226257322,-1.486602231,-1.525706702,-1.561684663,-1.421553644,1.690315251,1.610636337,-1.57345952
2024-01-21,1.70985751,1.184954568,1.65215348,-1.369443885,-1.24694327,1.093089398,-1.532682595,-1.55619391,-1.577570993,-1.485633688,1.665157833,1.600185483,-1.591752228
2024-02-01,1.639657165,1.023675768,1.631053905,-1.395307895,-1.310483649,0.9496895266,-1.578934457,-1.587047164,-1.593842235,-1.549783179,1.639992451,1.588629661,-1.61013002
2024-02-11,1.574865116,0.8653739931,1.610766997,-1.43131128,-1.37778482,0.8144487488,-1.625186319,-1.617892794,-1.610113293,-1.613594916,1.614830104,1.581104217,-1.628505094
2024-02-21,1.513925632,0.7106287004,1.592906755,-1.444222173,-1.444877718,0.6711264896,-1.671438181,-1.648746048,-1.626380736,-1.677744407,1.589670531,1.570391192,-1.646882886
2024-03-01,1.459746093,0.565475207,1.578028305,-1.467705913,-1.501292528,0.5350324875,-1.717690043,-1.679595009,-1.642651978,-1.741883099,1.564505308,1.563035832,-1.665260678
2024-03-11,1.407650131,0.4159713841,1.561255774,-1.516616575,-1.563804202,0.4091146662,-1.763913512,-1.709869674,-1.658202609,-1.802041772,1.541718638,1.558061914,-1.68363847
2024-03-21,1.358843812,0.2947915184,1.560478166,-1.537123977,-1.617089247,0.3205582358,-1.810164429,-1.738879461,-1.674250759,-1.864260524,1.518564764,1.554299554,-1.701851964
2024-04-01,1.352903091,0.2827373042,1.578501106,-1.514371459,-1.623533276,0.3283734167,-1.848316535,-1.759394968,-1.68373772,-1.878807047,1.509411076,1.560257694,-1.715463205
2024-04-11,1.335400412,0.2575048421,1.593730267,-1.467632552,-1.630862481,0.3354498892,-1.882885116,-1.780331156,-1.696959035,-1.908350065,1.495094404,1.561847015,-1.732581903
2024-04-21,1.319344828,0.2202608243,1.594710435,-1.447648718,-1.653370357,0.3229755192,-1.901578537,-1.796025846,-1.706754766,-1.944063684,1.487812329,1.563076364,-1.746607145
2024-05-01,1.291341262,0.1578161133,1.600675715,-1.439469784,-1.667340732,0.2878662013,-1.947656659,-1.820812903,-1.71903204,-1.993292682,1.467311455,1.564690411,-1.764197727
2024-05-11,1.311690846,0.1787735381,1.606376706,-1.449765438,-1.657085443,0.2927807215,-1.948952343,-1.83559964,-1.71855803,-1.996650739,1.475001262,1.572796027,-1.77273142
2024-05-21,1.340772146,0.2676472382,1.617612082,-1.450567496,-1.621948253,0.4313394495,-1.940040957,-1.826632398,-1.716666536,-1.961019359,1.491330137,1.587403373,-1.775201587
2024-06-01,1.395689528,0.423808014,1.646313545,-1.415372203,-1.577882245,0.6211402808,-1.912009991,-1.807249832,-1.713451878,-1.899192673,1.516004448,1.60900992,-1.76345188
2024-06-11,1.444106849,0.4935884443,1.649912196,-1.445529872,-1.580681998,0.6929072332,-1.885590181,-1.792826533,-1.700980121,-1.876607297,1.541944112,1.619676973,-1.758536937
2024-06-21,1.506160221,0.5966977699,1.656225066,-1.474925854,-1.582252043,0.7958573053,-1.847462321,-1.777826136,-1.690797516,-1.820340726,1.580964469,1.635945221,-1.746979213
2024-07-01,1.63425175,0.9176073821,1.706771665,-1.373032921,-1.445882472,1.047813746,-1.77797743,-1.737824914,-1.672990701,-1.731121169,1.638420005,1.661829798,-1.729920198
2024-07-11,1.756756811,1.17849119,1.743143951,-1.323482545,-1.337908206,1.241642796,-1.715669268,-1.699179976,-1.656011719,-1.654647544,1.700668904,1.680846521,-1.721336098
2024-07-21,1.833601415,1.378033013,1.768107242,-1.239008206,-1.249642979,1.344183161,-1.640347465,-1.656268422,-1.646827456,-1.589521473,1.736910674,1.689395008,-1.703685459
2024-08-01,1.908929633,1.51174093,1.777950664,-1.220915608,-1.181848327,1.478110202,-1.601666703,-1.628725848,-1.635605703,-1.567574819,1.763200767,1.698040114,-1.686850607
2024-08-11,2.013210995,1.73680109,1.789727942,-1.180715068,-1.109609932,1.698256753,-1.524536253,-1.582235046,-1.618548074,-1.468585487,1.811678561,1.716562015,-1.663835263
2024-08-21,2.063106715,1.835206308,1.808204006,-1.169587454,-1.095475623,1.732735125,-1.480371598,-1.567954788,-1.611808578,-1.431592886,1.834508836,1.728901236,-1.64721089
2024-09-01,2.103549781,1.893345087,1.814857829,-1.185047375,-1.086578782,1.793766752,-1.425469759,-1.551851599,-1.61529265,-1.428330519,1.853073515,1.740124887,-1.639563092
2024-09-11,2.154196558,2.016298173,1.831972686,-1.175646251,-1.038402449,1.900498692,-1.394075729,-1.517607655,-1.611062449,-1.387811907,1.873853073,1.754958908,-1.626046768
2024-09-21,2.196523087,2.127576286,1.844554004,-1.162753372,-0.9931247159,2.025467382,-1.375674455,-1.491752724,-1.607005613,-1.348393439,1.898504709,1.765312401,-1.616656947
2024-10-01,2.263698835,2.243749373,1.859864467,-1.170658588,-0.9520937684,2.060719007,-1.349903227,-1.481017668,-1.600442542,-1.318284399,1.931770782,1.782847376,-1.604551668
2024-10-11,2.325264329,2.394931261,1.895775795,-1.118974895,-0.9174941549,2.180679762,-1.316175146,-1.451743233,-1.59763746,-1.272220757,1.958233838,1.799869337,-1.590203328
2024-10-21,2.340589892,2.409132913,1.89578659,-1.143640606,-0.9212861693,2.211471505,-1.340091205,-1.457057679,-1.594446722,-1.285212818,1.964844196,1.810985135,-1.591690296
2024-11-01,2.300098063,2.302258579,1.888529864,-1.16490596,-0.9540692171,2.12724477,-1.382069411,-1.486446394,-1.609362779,-1.334337652,1.943716422,1.808208768,-1.610068088
2024-11-11,2.254277255,2.196398735,1.892656912,-1.184455662,-0.9760721109,2.013442656,-1.428270524,-1.51561838,-1.624266629,-1.397117846,1.920055161,1.803489355,-1.62844588
2024-11-21,2.210082464,2.106175378,1.904374317,-1.126506097,-1.006454277,1.872208142,-1.474522386,-1.546471633,-1.640365353,-1.461267337,1.894889779,1.794648937,-1.646823672
2024-12-01,2.13715231,1.935350713,1.883242591,-1.177687012,-1.070015593,1.728808278,-1.520774245,-1.577324885,-1.656636594,-1.525416825,1.869724398,1.783096035,-1.665201464
2024-12-11,2.066777158,1.765120284,1.864045586,-1.227419807,-1.137131785,1.585845777,-1.567026105,-1.608176114,-1.672899947,-1.589566313,1.844559018,1.771918272,-1.683579255
2024-12-21,1.993428065,1.592625186,1.842890193,-1.279077365,-1.203926878,1.442445913,-1.613277965,-1.639029367,-1.689171188,-1.6537158,1.819393637,1.760416225,-1.701957046
2025-01-01,1.919126364,1.419518593,1.821733617,-1.331416675,-1.27125214,1.29904605,-1.659529824,-1.669869387,-1.705442429,-1.717865288,1.794228256,1.748860403,-1.720334838
2025-01-11,1.854567509,1.251239217,1.801246076,-1.383714827,-1.338559644,1.155646186,-1.705781684,-1.700722639,-1.72171367,-1.782014776,1.769074067,1.739695963,-1.738712629
2025-01-21,1.783573832,1.078549045,1.780444464,-1.436054136,-1.405889459,1.012246322,-1.752033544,-1.731575891,-1.737984911,-1.846164263,1.743908686,1.728262771,-1.75709042
2025-02-01,1.711608404,0.9081806926,1.759472552,-1.488393446,-1.473127499,0.8700008977,-1.798285403,-1.762426834,-1.754250704,-1.910212087,1.71874602,1.718050142,-1.775468211
2025-02-11,1.64350371,0.7367694623,1.738531103,-1.540732756,-1.540452817,0.7266723333,-1.844537263,-1.793280086,-1.770493199,-1.974361575,1.693580639,1.707323838,-1.793846003
2025-02-21,1.575877024,0.5636921082,1.717374527,-1.593072066,-1.607782632,0.5832724697,-1.890789122,-1.824133338,-1.78676444,-2.038511063,1.668415259,1.69578699,-1.812223794
2025-03-01,1.519372049,0.4105961524,1.701517936,-1.630410547,-1.660814109,0.439872606,-1.937040982,-1.85498659,-1.803035681,-2.10266055,1.643249878,1.686675493,-1.830601585
2025-03-11,1.479281663894653,0.3138957471757307,1.6977628469467163,-1.6013048231357032,-1.703002488582223,0.3493488729000091,-1.9832916259765625,-1.885472059249878,-1.8192140132829824,-2.156199216842652,1.6219057437203033,1.6825359673702645,-1.8489786386489868
2025-03-21,1.4415103197097778,0.2073792481204641,1.6861282587051392,-1.609710657818937,-1.7266460895955429,0.2474498301744461,-2.025806188583374,-1.9122381210327148,-1.8334459752251533,-2.202792167663574,1.6041985885114116,1.6740455277736055,-1.8671330213546755
2025-04-01,1.4460279941558838,0.2372163635491473,1.7195910215377808,-1.6192354567140248,-1.698867515103354,0.4238844811916351,-2.0587782859802246,-1.92182719707489,-1.8423463524654813,-2.203030824661255,1.5949456457166198,1.6844195119906833,-1.881007432937622
2025-04-11,1.4235049486160278,0.2067378821261648,1.7362333536148071,-1.5734290111662348,-1.7137978220270549,0.4454608857631683,-2.094984769821167,-1.942146897315979,-1.856452290456668,-2.225098133087158,1.5821686546247329,1.6835938289927863,-1.8988986015319824
2025-04-21,1.4050209522247314,0.1558166057949244,1.733731985092163,-1.595341402100772,-1.7416481442993643,0.4369530081748962,-2.1208620071411133,-1.9627619981765747,-1.8646315020672823,-2.245398998260498,1.577000319955577,1.686470125051318,-1.9146472215652464
2025-05-01,1.401709794998169,0.1334629779708702,1.7422447204589844,-1.5925707589503255,-1.7479348743160166,0.4268484115600586,-2.148128032684326,-1.9828706979751587,-1.87530084407265,-2.2692105770111084,1.5759233309099974,1.6907927973492336,-1.9303936958312988
2025-05-11,1.4197875261306765,0.1821265398816412,1.7520499229431152,-1.5723749907596198,-1.71350880030902,0.4878649413585663,-2.162882089614868,-1.9871846437454224,-1.8742067504247173,-2.2637059688568115,1.5829495306358856,1.6965282175495295,-1.9401930570602417
2025-05-21,1.4409339427947998,0.2510670833619145,1.771560788154602,-1.5578126588637236,-1.6830329154037873,0.6166619658470154,-2.1641111373901367,-1.9865658283233645,-1.8751285256090595,-2.257596731185913,1.5893575649258525,1.7085575029933266,-1.9436829090118408
2025-06-01,1.4457389116287231,0.2607618576521622,1.7771406173706057,-1.563527713724573,-1.6872145926263205,0.6526002883911133,-2.166815996170044,-1.987658262252808,-1.8827840948437475,-2.256533145904541,1.5948381826244895,1.715641991904658,-1.9437419176101685
2025-06-11,1.495405673980713,0.3662343959266367,1.7877968549728394,-1.5790808774598275,-1.6912500668252093,0.7623803019523621,-2.116382122039795,-1.9718197584152224,-1.888051895994888,-2.187406539916992,1.644997170407302,1.7315936293367316,-1.9293053150177
2025-06-21,1.558136224746704,0.5231939656441787,1.814388632774353,-1.5371763259401925,-1.6438132774456775,0.8574182987213135,-2.045555353164673,-1.9315340518951416,-1.8851512875883567,-2.108284473419189,1.6782527864853674,1.7419064386003245,-1.909040927886963
2025-07-01,1.6597121953964231,0.7497367713430036,1.8381669521331787,-1.4884202029680618,-1.5624479104590454,1.0004276037216189,-1.9544682502746584,-1.8937811851501465,-1.87814384153016,-2.0219411849975586,1.740352641865813,1.7582744950140063,-1.892326831817627
2025-07-11,1.690317153930664,0.7703148699356847,1.820757508277893,-1.5229685521161296,-1.529097376288015,1.079537034034729,-2.0294666290283203,-1.890276551246643,-1.8644566116863248,-2.051138639450073,1.741711258325251,1.7684678163567609,-1.8957695960998533
2025-07-21,1.761772871017456,0.9292303737971644,1.8334864377975464,-1.5041278276455028,-1.4842320002733909,1.2662032842636108,-1.979230165481568,-1.866268754005432,-1.8575088341110424,-1.967482328414917,1.784214090324861,1.782629281465837,-1.883069634437561
2025-08-01,1.8767834901809688,1.1735875013583246,1.8601365089416504,-1.457202417885861,-1.3990558785501357,1.4360705614089966,-1.904792547225952,-1.8301658630371087,-1.835370798182636,-1.8827810287475584,1.833431175895773,1.8039034975992585,-1.860049605369568
2025-08-11,1.986054420471192,1.4721762027456025,1.894036889076233,-1.3630611064809917,-1.2530477922719,1.7199867963790894,-1.8373230695724487,-1.7844743728637695,-1.8144744839590283,-1.7875949144363403,1.8770140288150352,1.82400644590984,-1.839746356010437
2025-08-21,2.0445704460144043,1.604877281003488,1.910975694656372,-1.3637702226246595,-1.1878371825319791,1.869780421257019,-1.7948427200317385,-1.759433031082153,-1.805062295162663,-1.7298004627227783,1.8960909173549647,1.836452865831777,-1.8277723789215088
2025-09-01,2.104257822036743,1.7083607224662742,1.9158586263656616,-1.354415681813573,-1.1674127555022091,1.9409977197647093,-1.762964963912964,-1.7339569330215454,-1.800822746574858,-1.6801395416259766,1.928571384295127,1.848182000480412,-1.8188947439193728
2025-09-11,2.1720356941223145,1.8711536054411684,1.934186577796936,-1.3280897449798943,-1.1004646311248272,2.0605711936950684,-1.735387086868286,-1.7061847448349,-1.7861124080024195,-1.6309105157852173,1.958155063996333,1.8639121917358383,-1.802767992019653
2025-09-21,2.224441766738892,1.979081176009229,1.9459155797958367,-1.3239570371574518,-1.057066700273435,2.139331102371216,-1.7103447914123535,-1.678379774093628,-1.780833804798337,-1.601263403892517,1.9806653814860755,1.876772168653257,-1.7901283502578735
2025-10-01,2.2651267051696777,2.058623824369412,1.9604830741882324,-1.3147121987200765,-1.0413688274756083,2.2312114238739014,-1.6995395421981812,-1.6686339378356934,-1.7810045801115073,-1.582329511642456,1.9998851049823168,1.8909422197207173,-1.7877038717269895
2025-10-11,2.3061013221740723,2.127898979167289,1.96542489528656,-1.3290858425331915,-1.022732003156215,2.240598440170288,-1.697964787483215,-1.6689317226409912,-1.7719653193333604,-1.5971676111221311,2.013939188808578,1.9114297474172337,-1.7824792861938477
2025-10-21,2.3097000122070312,2.143386939886912,1.9873170818446353,-1.3069408825663875,-1.0183506505078743,2.252201657928663,-1.7210139389859416,-1.6870531652433862,-1.7819551607703608,-1.6454620902638748,2.0158176032340247,1.923219699271086,-1.7920590962204923
2025-11-01,2.287353277206421,2.0867848985699724,1.9884334998179098,-1.3098949480856787,-1.043284357831673,2.1793810202844957,-1.7606619642123018,-1.6989454762864193,-1.7900011470613617,-1.6937225175063488,2.0027994097159154,1.9263839826837366,-1.8098620855959038
2025-11-11,2.2303340435028076,1.9486212656801873,1.979726573651579,-1.3341444383897538,-1.0911496032943806,2.0402901877486492,-1.8067893266026465,-1.7290954596260046,-1.805657436841392,-1.7578672612565482,1.9799080867177101,1.9172259848227475,-1.828187090078219
2025-11-21,2.1651718616485596,1.783770307544683,1.960135094494277,-1.3820957847483402,-1.150758471258051,1.9009884661127738,-1.853043681077845,-1.7597464695754028,-1.8218342826965073,-1.8220147291220812,1.954751953787246,1.906460624002681,-1.8465655125198024
2025-12-01,2.1033642292022705,1.6244323112960588,1.944501960163895,-1.4248051128815196,-1.2131864854878014,1.7669172992811872,-1.899295294716679,-1.7902621215294088,-1.8379046511726287,-1.884624161470505,1.929947181374311,1.8965481350487257,-1.864942877180014
2025-12-11,2.035405158996582,1.4611496157184858,1.9241160665064985,-1.4560852089119887,-1.2775740263538795,1.6235164996890787,-1.9455450811312727,-1.8211151583376044,-1.8541776867372712,-1.9487699948668384,1.9047816159467312,1.8850121844637242,-1.8833202418402273
2025-12-21,1.9794869422912598,1.3152100004945102,1.9174769457763652,-1.4770366070528163,-1.3392798247214668,1.4872697655429512,-1.9917966947701067,-1.8519232441697169,-1.870303094245046,-2.0127856155502455,1.8796790461248838,1.8755114637639205,-1.9016991931724958
2026-01-01,1.9061675071716309,1.1434976864013806,1.8963533388792109,-1.528530023653785,-1.4052011436040976,1.3438773004901259,-2.0380510492453054,-1.8827767860450593,-1.8865735578923224,-2.0769379868233786,1.854513480697304,1.8641633310185612,-1.9200765578327075
2026-01-11,1.8358749151229858,0.9725852558543988,1.8751966065089116,-1.5807193921135763,-1.4720369082503473,1.2006767824025946,-2.084170189126558,-1.9135818414742898,-1.9028450503065448,-2.1410838202197118,1.8294597577355156,1.853545362484081,-1.9384295935213725
2026-01-21,1.769518494606018,0.8019447591829718,1.8548145924114332,-1.6321917458587916,-1.5392896222603198,1.0574073149446357,-2.130041740122949,-1.9444328580138965,-1.919047100951857,-2.205233467377511,1.804307330428918,1.8427932383498562,-1.9567524824409444
2026-02-01,1.702547311782837,0.6362415204862735,1.8360975063740705,-1.6792075503743706,-1.6055351598851952,0.9154655648505662,-2.176292440149662,-1.9752858948220922,-1.9353119063809248,-2.269362956081845,1.7791431125009265,1.8330882433901736,-1.9751309048825278
2026-02-11,1.6531238555908203,0.5024805633670747,1.8292008425509316,-1.6841722409990376,-1.6697006887524084,0.7760385725636563,-2.2225139045884954,-2.006140446831728,-1.951581855644727,-2.333370404419253,1.7539974226922674,1.8279012512816353,-1.9934395137535843
2026-02-21,1.5892544984817505,0.3516341998227022,1.8128440210820334,-1.6932687618271567,-1.7345877566159333,0.6339137151671669,-2.268767345451573,-2.036717716977667,-1.967850261758109,-2.396688106754301,1.7288332047642767,1.8173412379662441,-2.0117629315638412
2026-03-01,1.5277172327041626,0.19937444337879312,1.7924626038399258,-1.6943508660414426,-1.8006620471807089,0.49140243822212315,-2.315018045478288,-2.0670571004973723,-1.984104779517709,-2.4590131414619423,1.7036683130864916,1.8057866844714112,-2.0301413540054263
2026-03-11,1.539933204650879,0.267791679961961,1.808002330304595,-1.628494337055235,-1.7910194162787656,0.5622051071127285,-2.328208777285053,-2.0789923422479,-1.993644535415479,-2.4167751883980446,1.7185689635288122,1.8192730786025715,-2.045616166581854
2026-03-21,1.5491318702697754,0.29687268656592825,1.8280369745755856,-1.584860876125914,-1.7780763874912515,0.5852117188359053,-2.3345602087520585,-2.091413458593831,-2.001688978556061,-2.3941644863096507,1.7166757266078985,1.8240515221913538,-2.0542407869955315
