date,rainfall,rainfall_ssd,rainfall_ceq,rainfall_eeq,rainfall_jon,rainfall_lak,rainfall_nbg,rainfall_uni,rainfall_upn,rainfall_war,rainfall_wbg,rainfall_weq,rainfall_aby
2002-07-01,0.8719355087,0.8299963655,0.7176810342,0.2046942966,-0.3654276503,0.8621849015,1.781837906,1.153214621,0.2628816222,1.983938497,1.489421018,0.8909379615,1.203285689
2002-07-11,1.115110498,1.001376685,0.1400137464,-0.1015724781,1.027118358,0.985894595,0.8059267205,0.9584581431,1.817694099,0.9779196632,1.11754335,0.9513087706,0.6494105069
2002-07-21,1.54242538,1.363527043,0.8110178594,0.3569920354,0.8870106793,1.1176816,1.798364918,1.040051841,1.98355847,1.403962068,1.775051504,1.255546953,1.218025931
2002-08-01,0.9177073872,0.957932352,0.815554871,1.073209897,1.094826671,0.4033005195,0.7218017746,1.020346731,1.350916812,0.3804335683,0.949114186,0.5707407043,1.030839214
2002-08-11,1.22302852,1.074527345,0.433264692,-0.4084748043,0.7828853042,1.543095038,1.237581988,1.26817805,1.292218607,1.122575509,1.281151362,1.300948906,1.318159646
2002-08-21,1.377463965,1.369722206,0.223447398,0.2458119804,1.279185163,1.426312324,1.355164932,2.469947929,1.776198148,1.815003703,1.207230213,1.201789123,2.200921106
2002-09-01,0.7591610656,0.4840013615,0.4320091756,-0.06317113484,0.3260972483,0.1762354298,1.072485175,0.4731246138,0.3280215672,0.5126018345,0.7757413461,0.3687080775,1.305558447
2002-09-11,0.5362021625,0.1722750149,-0.6753351287,0.06747698752,0.3174601428,-0.3409761843,0.6276336504,0.7422527085,0.6281513877,-0.05335453954,0.3618406091,-0.4178271225,1.223916726
2002-09-21,0.8186307502,0.5940528166,0.7440322629,-0.1296559267,0.3436031802,0.1272261001,0.6959916557,0.4030921344,0.3292813956,0.3785805621,1.043459254,0.9460250241,0.6513925412
2002-10-01,0.7783993937,0.6652794569,1.384829062,0.6343858024,0.7411144872,0.1952051134,0.2399326397,0.3335044517,0.817875984,0.01932953369,0.343201141,0.9832758135,0.8663640416
2002-10-11,0.4698720432,0.1908594704,0.9343164193,-0.3765525452,-0.431806241,-0.3974425312,-0.1327248126,0.05622422195,0.2525565633,0.2390860826,0.4815275442,0.9291045402,-0.1981056785
2002-10-21,0.7522500748,0.6410350435,1.309622129,0.704053074,0.06788520647,-0.02779347243,0.7949338152,0.0948576211,0.4417719871,0.5123328049,0.9976989936,0.8972208836,0.6428885876
2002-11-01,-0.41512277,-0.326913908,-0.2104379148,0.2545391525,-0.4533512566,-0.8457796351,-0.1161495463,-0.6295353468,-0.3366704689,-0.6487526848,0.166055686,-0.6354863439,-0.4473515441
2002-11-11,-0.531823385,-0.3840936066,0.06627915746,-8.84e-05,-0.6330968552,-0.8953093591,-0.2774348925,-0.8801211773,-0.8215552417,-0.8393572319,0.4603957868,-0.4700476363,-0.8866178263
2002-11-21,-1.044565931,-1.057758264,-0.8320414589,-0.8752975914,-1.117600673,-1.032709555,-0.9770032434,-0.9939346638,-0.992478201,-1.046273348,-1.057828605,-0.8146527409,-0.9331930835
2002-12-01,-1.028932445,-1.080395569,-0.7990912883,-0.8719276995,-1.067700009,-1.03757483,-0.9770032434,-0.9949755388,-0.9920330743,-1.04092473,-1.053742963,-1.044477318,-0.9331930835
2002-12-11,-1.126501004,-1.102809307,-1.259364359,-0.03260809653,-1.114417519,-1.191401429,-0.9770032434,-0.9977383577,-0.992478201,-1.052204235,-1.066205111,-1.365743693,-0.9331930835
2002-12-21,-1.203040774,-1.165368325,-1.421402217,-0.5548547849,-1.117777067,-1.190647579,-0.9770032434,-0.9977383577,-0.992478201,-1.052204235,-1.066205111,-1.370288241,-0.9331930835
2003-01-01,-1.301448783,-1.254938311,-1.437157305,-1.343748621,-1.179651124,-1.191444143,-0.9770032434,-0.9977383577,-0.992478201,-1.052204235,-1.066205111,-1.38004203,-0.9331930835
2003-01-11,-1.276000018,-1.24225556,-1.394000759,-1.273258594,-1.173431788,-1.191444143,-0.9770032434,-0.9977383577,-0.9816209489,-1.052204235,-1.066205111,-1.376430311,-0.9331930835
2003-01-21,-1.168304922,-1.19423322,-1.377671168,-1.200174759,-1.177630167,-1.128353561,-0.9770032434,-0.9945644486,-0.992478201,-1.041834371,-1.063340993,-1.137766967,-0.9331930835
2003-02-01,-1.297401286,-1.255244345,-1.437157305,-1.344388555,-1.180956601,-1.191444143,-0.9770032434,-0.9977383577,-0.992478201,-1.052204235,-1.066205111,-1.38004203,-0.9331930835
2003-02-11,-1.003923098,-1.103488458,-1.337562331,-0.9166830725,-1.09838603,-1.088195131,-0.9769995978,-0.9977383577,-0.9888061305,-1.004510008,-1.023956437,-0.9191153236,-0.9331930835
2003-02-21,-1.036782531,-1.055061955,-1.163214761,-0.09317781517,-0.9489056528,-1.190142253,-0.974564138,-0.9977383577,-0.9863207289,-1.052204235,-1.066205111,-1.262710857,-0.9321611267
2003-03-01,-0.938563134,-1.049266843,-1.01939812,-0.3700306293,-1.055512709,-1.118191593,-0.9770032434,-0.9977383577,-0.9921163616,-1.052204235,-1.066205111,-1.013769872,-0.9331930835
2003-03-11,-0.946915376,-1.039566745,-0.9284780655,-0.7687716895,-0.9054926823,-1.128828065,-0.9770032434,-0.9855411699,-0.9729556991,-1.051560688,-1.024453386,-0.9894555761,-0.9331930835
2003-03-21,-0.796125276,-0.9191827689,-0.6694870677,-0.3639973797,-0.8784044404,-1.05181045,-0.9770032434,-0.9659162,-0.9892982784,-1.050561263,-1.004646832,-0.6615206572,-0.9331930835
2003-04-01,-0.317285444,-0.280646226,-0.3066351052,-0.8141416432,-0.5504144888,0.5079307744,-0.4216665608,-0.6832251751,-0.7140318081,-0.06322028455,0.04123596989,0.2606002314,-0.7192159625
2003-04-11,-0.227479511,-0.02355186032,1.388666008,1.045227857,-0.2876517619,0.5607745012,-0.6136239642,-0.5891566254,-0.785105045,-0.05797536106,-0.4958643872,0.4557984382,-0.8352468468
2003-04-21,-0.366223921,-0.1615550402,0.9197034343,0.9000305399,-0.3245590579,0.3159168457,-0.705857851,-0.6295242881,-0.7590521362,-0.4382955892,-0.5923080423,0.3054281214,-0.737998433
2003-05-01,-0.3425734,-0.08815657202,0.6516522029,0.6867751429,0.0900851567,0.203119736,-0.575730133,-0.3338659682,-0.5665931429,-0.1964081195,-0.6630845129,0.2715205676,-0.7149637352
2003-05-11,-0.071286104,0.05968451353,-0.2975209065,0.007373927456,0.2575609859,-0.0251463848,0.3509912718,-0.3236434024,-0.2103721347,-0.05801933211,0.3505764607,-0.004498089806,-0.4048666405
2003-05-21,1.093167257,0.9025997545,0.1863318741,-0.1082608237,0.9713388768,0.8012676158,1.475888682,0.503882053,1.183804668,0.6634977331,1.144080483,0.9254347114,0.7888996213
2003-06-01,1.153567754,1.042574746,0.9492073987,0.6850867992,1.035509271,0.8181533425,1.132839688,0.8041397448,0.7113338023,0.7740379967,1.163825057,1.163092466,1.076246025
2003-06-11,0.9013110305,0.8272846655,0.6038391,0.1461308736,0.5360591152,0.7826633454,0.9926302773,1.222230936,0.4333484728,1.437782407,0.9392912623,0.9582135012,1.271017055
2003-06-21,1.251817723,1.292903738,1.450385129,0.7097797141,0.901601956,1.544105542,1.386849874,1.049349275,0.6741051744,1.277897191,1.394448241,1.756961616,0.8935279805
2003-07-01,1.12938166,1.016625853,0.3343333397,0.8283036882,1.386073469,0.533455974,0.797467487,0.867660607,2.253461378,0.8393883542,0.7191731488,0.379993049,1.132613084
2003-07-11,1.089545827,1.041756991,0.4080457043,0.204874822,0.2859612011,0.9237769999,1.366947441,0.8011073537,0.758731533,1.862872515,1.653922813,1.391077349,1.037636343
2003-07-21,1.392353953,1.617179834,1.207411643,1.134529713,1.664166709,1.931297916,1.461697219,2.115991927,1.272915304,2.138041438,1.453288749,1.11518188,2.482301467
2003-08-01,1.593411409,1.296564291,-0.156710131,0.4871360689,1.278287118,1.093690845,1.377377648,2.146880357,1.446004662,1.840404279,1.458983853,0.961826785,1.911655253
2003-08-11,1.546379439,1.837405433,1.576260969,2.284967543,1.922980405,1.961128441,2.212376649,1.243710541,1.3355706,2.034616622,1.926617499,0.9931474327,0.8822958666
2003-08-21,1.487030923,1.466869239,1.135614061,1.540184284,1.427622974,1.255968644,1.341725729,1.437372175,1.822939803,0.7980035402,1.510782428,1.012705314,1.377460671
2003-09-01,1.108476803,1.313489727,1.058628799,1.071963315,1.628060015,1.125902532,1.281059585,1.562409041,1.201275184,1.348089212,1.017958845,0.9655425755,1.551021868
2003-09-11,0.6634316126,0.5649054656,-0.09711541032,-0.2695080767,0.3249613008,0.7495338999,0.8322772863,0.8807345035,0.4918071987,0.7855043747,0.9380418984,0.4818006975,1.380166477
2003-09-21,0.8971962077,0.5850717142,-0.2184981339,-0.6020125016,0.3719161378,0.2744641813,0.9928523967,1.075167435,0.944094529,0.7662383315,1.00840388,0.5390158725,0.9134138929
2003-10-01,0.8849379837,0.7280585604,0.8154864521,-0.6859682979,0.3525875806,0.9059262205,0.6295443525,0.5481745204,0.8029248909,0.8942426559,1.067049498,1.182284269,0.4466756837
2003-10-11,0.9615288215,0.9327654255,1.571216298,0.7384154292,1.132838225,0.7317495659,-0.130489642,0.5707309839,1.186233636,0.0978170659,0.612054613,1.361077515,-0.009955714976
2003-10-21,-0.112415893,-0.2362744317,0.06515771737,-0.5971265565,-0.2520004719,-0.1765402143,-0.7323937053,0.4134059198,-0.07998734311,0.07707121591,-0.5050644704,-0.04575740831,0.04825318948
2003-11-01,0.065223955,0.2721785866,1.195553137,0.66862378,0.4467529841,-0.09510556579,-0.2599113247,-0.2628043675,-0.1057387865,-0.1494918699,0.3992200759,0.1634863555,-0.10718101
2003-11-11,-1.104429077,-1.100288954,-1.008169231,-0.6456617964,-0.9431837268,-1.17724986,-0.9770032434,-0.9977383577,-0.9890920953,-1.052204235,-1.066205111,-1.294137945,-0.9331930835
2003-11-21,-0.722028364,-0.7793896407,-0.06741613305,0.6431998831,-0.6988878186,-1.143129002,-0.9770032434,-0.9977383577,-0.9845559103,-1.052204235,-1.065830946,-0.7355626932,-0.9331930835
2003-12-01,-1.143680602,-1.145910554,-1.408602129,-0.5309500183,-1.022770132,-1.191203541,-0.9770032434,-0.9977383577,-0.9924636282,-1.052204235,-1.066205111,-1.379281188,-0.9331930835
2003-12-11,-1.148727654,-1.237779939,-1.390836428,-1.326288047,-1.174102168,-1.187940714,-0.9770032434,-0.9977383577,-0.9923541554,-1.052204235,-1.064942963,-1.309200721,-0.9331930835
2003-12-21,-1.241146042,-1.251038659,-1.427164613,-1.337021297,-1.180796962,-1.191444143,-0.9770032434,-0.9977383577,-0.992478201,-1.052204235,-1.066205111,-1.36181432,-0.9331930835
2004-01-01,-1.140898766,-1.211552133,-1.178637847,-1.296099061,-1.174341005,-1.190804999,-0.9768330909,-0.9977383577,-0.992454217,-1.052048403,-1.06497251,-1.250392116,-0.9324739676
2004-01-11,-1.255933687,-1.213077236,-1.379008284,-1.077578001,-1.124150399,-1.169149467,-0.9770032434,-0.9968985661,-0.992478201,-1.052186917,-1.066205111,-1.376420604,-0.9331930835
2004-01-21,-1.132052711,-1.090149186,-1.08771072,-0.6535351357,-1.00438239,-1.095521106,-0.9770032434,-0.9952112801,-0.9924336667,-1.047437028,-1.064601648,-1.150757892,-0.9328135769
2004-02-01,-1.301350901,-1.255244345,-1.437157305,-1.344388555,-1.180956601,-1.191444143,-0.9770032434,-0.9977383577,-0.992478201,-1.052204235,-1.066205111,-1.38004203,-0.9331930835
2004-02-11,-1.24190547,-1.242607491,-1.437157305,-1.258922089,-1.166584737,-1.191444143,-0.9770032434,-0.9977383577,-0.992478201,-1.052204235,-1.066205111,-1.367549852,-0.9331930835
2004-02-21,-1.167854414,-1.183385577,-1.283615649,-1.344139414,-1.091591293,-1.120304539,-0.9770032434,-0.9974733219,-0.992478201,-1.051935313,-1.066205111,-1.118014195,-0.9331930835
2004-03-01,-0.990932089,-0.967923425,-0.7434122501,-1.053190534,-1.118029615,-1.144911329,-0.9276598941,-0.9977383577,-0.9924552351,-1.037695503,-0.7931279963,-0.4552257827,-0.9331930835
2004-03-11,-1.284116408,-1.246825975,-1.383565092,-1.31393485,-1.17115892,-1.191444143,-0.9770032434,-0.9977383577,-0.992478201,-1.052204235,-1.066205111,-1.379808408,-0.9331930835
2004-03-21,-0.988641168,-1.011038092,-0.8207586909,-0.898291312,-0.9627304007,-1.118955884,-0.9742037871,-0.7642130866,-0.6935344239,-0.9002304388,-1.060543559,-1.022215705,-0.8790689195
2004-04-01,-0.031507025,0.1567910106,1.459152405,1.033368624,0.1508129397,0.8619572555,-0.6841425371,-0.1181964016,-0.4548260316,0.1548620654,-0.4391110742,0.3520006667,-0.6617138299
2004-04-11,-0.613562363,-0.5469952856,-0.01500227003,0.644206608,-0.332238842,-0.3271668781,-0.9468978078,-0.7810724214,-0.6833181372,-0.8220641886,-0.9854762338,-0.5813736349,-0.8434101269
2004-04-21,0.012235597,0.03539844172,0.5941501879,0.06070619848,-0.04825964164,0.2317066217,-0.1389937887,-0.3504667659,-0.487076089,-0.02707000358,0.03515342243,0.4454806082,-0.4065572241
2004-05-01,-0.240731793,-0.1698291772,-0.1317813146,0.4592843522,-0.1188310035,-0.1138149974,-0.293096541,-0.5957029034,-0.3523300344,-0.5153243578,-0.2624836499,0.06082265008,-0.487618189
2004-05-11,0.330099358,0.3497856294,0.1594745336,-0.4468706111,0.3657962059,0.439164146,0.7539053453,-0.02972204032,0.371483193,0.4534004911,0.5826526643,0.3620591477,0.2643027594
2004-05-21,0.1190376288,0.1127523285,0.02066371917,-0.4470114271,-0.1657956466,0.230584596,0.3386160146,-0.1817355333,0.2604371961,0.2519233358,0.3664742828,0.2901951917,0.06251817809
2004-06-01,0.4061068537,0.2045377325,0.02856915123,-0.9111340368,-0.01261806723,0.1832757396,0.4062535916,0.6132862166,0.4079889173,-0.05016370821,0.2834897406,0.7112358786,0.7639809293
2004-06-11,0.689894357,0.7704177552,0.4968953096,0.1043011106,0.6487239574,0.8241788505,0.6836173564,1.259650527,0.02512418082,1.398329955,1.084963734,0.7960333793,0.6334606493
2004-06-21,0.6641107905,0.5156877091,0.5229325902,-0.9199527823,0.1412717027,0.3140430744,0.9226207003,1.343267832,0.7995357643,1.006844645,0.8920369829,0.3390637381,0.4439518186
2004-07-01,1.229740484,0.8919281824,-0.3407216533,-0.4971629624,-0.2301608444,0.6745170266,1.59917763,0.4120109896,1.828696947,1.172409637,2.02100828,1.01630503,1.051561344
2004-07-11,1.322229102,1.173910757,1.343951549,0.8362730447,0.8572388484,0.6308090604,1.736074445,0.7792681924,1.600213242,1.141580983,1.481037239,0.6620708199,0.7863133781
2004-07-21,1.537127514,1.469642842,1.47313145,2.150074275,1.812210031,0.8163777646,1.325234311,0.9401544087,1.569070757,0.9418891576,1.418318567,0.7531995674,0.6750072531
2004-08-01,1.01456171,1.269784489,0.5779952462,0.6596737614,2.060945414,1.632768331,2.000880362,1.616982446,1.534487977,1.206354189,0.9050736584,0.04970089934,1.69709624
2004-08-11,1.046852008,1.157518634,0.7716031102,0.8248533131,1.213941106,1.126224978,0.9678937476,1.30957638,1.269887073,1.442045864,1.138943854,0.6725120783,1.873692938
2004-08-21,1.142873664,0.9592513828,0.7589226319,-0.06522316401,0.7893597939,1.055102903,1.677051729,0.6938249671,1.624074212,0.906557705,1.065253991,0.5634563299,1.496313776
2004-09-01,1.013621765,1.100099603,0.1450541362,1.066951949,1.116346819,0.8417983418,1.335352809,1.687107913,1.102605609,1.785877779,0.9382755013,0.6640843505,1.534440208
2004-09-11,0.5766745293,0.4008213174,0.08191569177,-0.3562500287,0.2679059661,0.4394907558,0.5937456053,0.2770314111,0.3006719885,0.7877008436,0.7463708029,0.4114636679,0.4878666835
2004-09-21,0.9832167377,1.074668945,0.7900879139,1.188471287,1.226664848,0.8832066206,1.285793038,1.040878304,0.6103492687,0.9285912103,0.9513748842,0.9542468722,1.453186478
2004-10-01,0.412317724,0.1381630228,-0.1403397898,-1.022228471,-0.3653712137,-0.0021601952,0.295391387,0.1301620977,0.3254708185,0.3877224811,0.6128563409,0.6886841272,0.2599961201
2004-10-11,0.087259639,-0.1435297722,0.4032575627,-0.3895414584,-0.236405187,-0.4261841891,0.036373215,-0.4086396453,0.1733447214,-0.3375721529,-0.3131323725,0.1798756286,-0.09271463566
2004-10-21,0.6938171136,0.7528033684,1.259100557,-0.0745109099,0.1897292669,0.08528542766,1.328991808,0.1319211222,0.3918580836,0.162822199,1.621887107,1.012930105,1.438581859
2004-11-01,-0.389589694,-0.4462595883,-0.134577821,-0.2503855968,-0.3710916101,-0.7836690224,-0.5928681828,-0.593042077,-0.548795388,-0.5336136398,-0.4269460078,-0.1949206904,-0.7343526206
2004-11-11,-0.497650515,-0.5308920262,0.1700535238,-0.5774664176,-0.403594119,-0.7105760593,-0.7281579932,-0.9763117367,-0.947845201,-0.9076123763,-0.4768194297,0.05934957657,-0.9331930835
2004-11-21,-0.967384824,-0.8894219135,-0.5963360148,0.7858556021,-0.8128894163,-1.108983723,-0.9770032434,-0.9965990432,-0.9488619721,-1.052204235,-1.066205111,-1.213909772,-0.9331930835
2004-12-01,-1.250724152,-1.233295315,-1.372289086,-1.315654897,-1.131964756,-1.188697065,-0.9770032434,-0.9977383577,-0.9921015927,-1.052204235,-1.066205111,-1.344666459,-0.9331930835
2004-12-11,-1.224471842,-1.218896776,-1.373162839,-1.169967932,-1.113284806,-1.191444143,-0.9770032434,-0.9977383577,-0.9912655812,-1.052204235,-1.066205111,-1.362961082,-0.9331930835
2004-12-21,-1.203145911,-1.164147248,-1.388062113,-0.5618841864,-1.120474496,-1.191444143,-0.9770032434,-0.9977383577,-0.9905740036,-1.052204235,-1.066205111,-1.370889521,-0.9331930835
2005-01-01,-1.302116723,-1.255244345,-1.437157305,-1.344388555,-1.180956601,-1.191444143,-0.9770032434,-0.9977383577,-0.992478201,-1.052204235,-1.066205111,-1.38004203,-0.9331930835
2005-01-11,-1.298149138,-1.253848604,-1.437157305,-1.344388555,-1.180956601,-1.191444143,-0.9770032434,-0.9977383577,-0.992478201,-1.052204235,-1.066205111,-1.370836178,-0.9331930835
2005-01-21,-1.250791983,-1.21411651,-1.414175736,-1.127913642,-1.091180908,-1.191368429,-0.9756718874,-0.9972903452,-0.9920769758,-1.049238432,-1.057388104,-1.379041524,-0.933053856
2005-02-01,-1.277808512,-1.237244829,-1.285068729,-1.334377983,-1.180373732,-1.191444143,-0.9770032434,-0.9977383577,-0.992478201,-1.052204235,-1.066205111,-1.337720025,-0.9331930835
2005-02-11,-1.236834175,-1.213550519,-1.429969657,-1.109963943,-1.15461026,-1.191379906,-0.9770032434,-0.9977383577,-0.992478201,-1.052204235,-1.066205111,-1.289097625,-0.9331930835
2005-02-21,-0.94934572,-1.015414183,-0.8399313049,-0.9635759331,-1.139430308,-1.07950928,-0.9749489124,-0.9977383577,-0.992478201,-1.045438179,-0.9336819516,-0.5862516703,-0.9331930835
2005-03-01,-0.976154604,-1.060044496,-0.7553607431,-0.7195592272,-1.145315119,-1.187289718,-0.9770032434,-0.9977383577,-0.992478201,-1.052204235,-0.9752135826,-0.9614021821,-0.9331930835
2005-03-11,-0.695461914,-0.7927275542,-0.6773893179,-0.08775387782,-0.8070608303,-0.9017494087,-0.7753964807,-0.9946378089,-0.9332022009,-1.020586544,-0.7688467155,-0.5720838138,-0.9331312237
2005-03-21,-1.012318155,-1.090376139,-1.090400855,-0.5927509462,-0.929097382,-1.180417842,-0.9770032434,-0.9730853327,-0.9924563871,-1.052204235,-1.066205111,-1.248893676,-0.9331930835
2005-04-01,-0.783326428,-0.8888878704,-0.5882977299,-0.7684968787,-1.037090895,-0.9843657983,-0.9498631303,-0.971649312,-0.9864320352,-0.8821797346,-0.9115816904,-0.2793162978,-0.928949344
2005-04-11,-0.450942764,-0.5093812796,-0.0521881291,-0.5757863052,-0.7674199756,0.1091662539,-0.9085457205,-0.8100170472,-0.9341970471,-0.6861887245,-0.6432358694,0.4905071996,-0.9301885018
2005-04-21,0.020904102,0.1071533646,0.430152532,0.05309743921,-0.1684194101,0.5210721427,-0.3042495245,-0.2903596533,-0.4166224213,0.2191097422,-0.03281291301,1.017204112,-0.6814834753
2005-05-01,0.1596014742,0.3470056139,0.8941683253,1.496255307,0.2970611654,0.5610150194,0.05902914635,-0.2810083496,-0.1217158165,-0.1068232088,-0.03906932064,0.636631754,-0.3673848143
2005-05-11,0.1795296449,0.4818119702,0.9394040776,0.09129752175,0.5157461166,1.33745899,-0.1836712141,0.4674307221,0.01061900694,0.5115561741,-0.1540413099,1.365473904,-0.4259595836
2005-05-21,0.7199993887,0.6383868008,0.2888487694,0.9837597588,1.277597202,0.4413232612,0.09808977762,0.4015269809,1.12090345,0.1115707757,0.1416178942,0.4320187709,0.01998140085
2005-06-01,0.874873273,0.8979905169,0.9648147335,-0.8294036903,0.3299245803,1.04812455,1.682800957,1.175759413,0.4233784133,1.611885223,1.432986027,1.050999018,1.448768597
2005-06-11,0.5338110867,0.5634566397,0.5323962098,-0.3940887807,0.2280377845,0.7238882976,0.7710703802,1.134632713,0.1494348816,1.056476008,0.8221366515,0.6499504562,1.039709002
2005-06-21,1.041103007,0.974596757,0.8888303331,-0.08974867149,0.6567159119,0.7956091114,1.119318555,1.162754165,0.9310804673,1.200788293,1.224861509,1.137842064,1.258610404
2005-07-01,1.349102361,1.076755235,1.71406038,0.1947628614,1.201101395,1.175416684,0.7425461131,1.119979065,1.120377985,0.9992561006,0.8658847859,1.060979694,0.4557363216
2005-07-11,0.884419595,0.9384938301,-0.1804637283,0.1416915273,0.9435068428,0.9613995399,1.418001928,0.9920677677,2.042084371,1.410965933,1.067859193,0.1012389925,0.9149176026
2005-07-21,1.617517224,1.733843757,1.699697222,0.9390061924,1.630673181,1.974274308,1.382796918,1.732351293,1.222918959,1.885507148,1.995404837,1.546716707,1.457041667
2005-08-01,1.242235273,0.8583565646,-0.09238640983,-0.06764903268,0.1907408753,0.2067871822,1.288214977,0.7448937633,1.330006168,0.8402617482,1.797157397,0.8408711728,1.402221699
2005-08-11,2.15875791,2.028286288,1.480480164,1.458331167,1.835395204,1.6038526,2.053467779,2.204936572,2.303747215,1.979073526,1.93430207,1.867316336,2.519105225
2005-08-21,1.740156112,1.724014713,0.4017316896,0.6662910225,1.760306333,1.580017049,2.532909031,2.482751146,2.179135504,2.299641474,1.768258393,0.8100318393,2.801778897
2005-09-01,0.6119399694,0.6537515895,0.7009673693,0.6229265148,0.9233389004,0.9060482593,-0.02073713062,0.5925104949,1.102178405,0.3347978342,0.3108837315,0.4100629571,0.553266192
2005-09-11,0.677341634,0.822013504,0.713103535,0.3935247066,0.9767731469,0.8118773835,0.4125095254,0.9619599098,0.6614963931,1.030205173,0.6885056438,0.9113724892,0.2993808735
2005-09-21,0.5332220448,0.4153300224,-0.5695346227,-0.0196322511,0.5900181027,0.3677697408,0.43045568,1.0176857,0.04049301128,0.6203804973,0.6429873415,0.3293944276,0.9231795146
2005-10-01,-0.004362661,0.03973985653,0.5114124455,-0.6588372344,-0.06599715009,0.1596950999,0.04861214974,0.2505512924,0.3817290718,0.1108159671,0.02514770072,-0.04455931443,0.192079443
2005-10-11,0.8591756973,0.8416056278,0.9056046481,1.001001366,0.8450046225,0.4825344781,0.1495706641,0.1233455423,1.083909145,0.2960718078,0.7267823518,1.179425836,0.9685841455
2005-10-21,0.100419402,0.03190071375,0.7011056251,-0.03512676258,0.3905891401,-0.2418066504,-0.6357058996,-0.2530078778,0.03476670008,-0.6002908806,-0.3726539261,0.6090363524,-0.2518946881
2005-11-01,-1.061172327,-1.035311266,-0.6676709873,-0.4625579626,-0.9747242017,-1.154133239,-0.9770032434,-0.9977383577,-0.9773680348,-1.052204235,-1.066205111,-1.116190359,-0.9331930835
2005-11-11,-1.169312983,-1.151565841,-1.119982465,-0.9878553146,-0.9853882754,-1.189910439,-0.9770032434,-0.9977383577,-0.9920656875,-1.052204235,-1.066205111,-1.305994324,-0.9331930835
2005-11-21,-1.168607113,-1.207727692,-1.408103037,-1.23146021,-1.171164328,-1.177609174,-0.9770032434,-0.9977383577,-0.9807637387,-1.05209105,-1.059586129,-1.186365315,-0.9331930835
2005-12-01,-1.138247918,-1.166696729,-1.204736148,-1.251827328,-1.136471747,-1.155837008,-0.9770032434,-0.9977383577,-0.992478201,-1.04748688,-1.065869014,-1.032236272,-0.9331930835
2005-12-11,-1.237336149,-1.249583772,-1.434256641,-1.344136435,-1.176491103,-1.18845994,-0.9770032434,-0.9977383577,-0.9924698744,-1.052204235,-1.066205111,-1.351077759,-0.9331930835
2005-12-21,-1.263390928,-1.254735929,-1.431048594,-1.344388555,-1.180894669,-1.190810972,-0.9770032434,-0.9977383577,-0.992478201,-1.052204235,-1.066205111,-1.379861491,-0.9331930835
2006-01-01,-1.183212014,-1.250729767,-1.432197523,-1.327409205,-1.180081697,-1.191444143,-0.9770032434,-0.9962253252,-0.992478201,-1.052078216,-1.066205111,-1.365169885,-0.9319503258
2006-01-11,-1.241694049,-1.235060409,-1.374517803,-1.290266479,-1.140011888,-1.191444143,-0.9770032434,-0.9977383577,-0.9924691253,-1.052204235,-1.066205111,-1.359873766,-0.9331930835
2006-01-21,-1.267274199,-1.255119182,-1.43543244,-1.344388555,-1.180956601,-1.191444143,-0.9770032434,-0.9977383577,-0.992478201,-1.052204235,-1.066205111,-1.380009281,-0.9331930835
2006-02-01,-1.193202938,-1.245073484,-1.434500467,-1.344388555,-1.164896912,-1.187730428,-0.9760493336,-0.9977383577,-0.9923739647,-1.052204183,-1.065387401,-1.337532191,-0.9285824404
2006-02-11,-1.287132138,-1.245144616,-1.436956663,-1.258646464,-1.171433726,-1.191414035,-0.9770032434,-0.9977251592,-0.992478201,-1.052174186,-1.066205111,-1.379503785,-0.9331930835
2006-02-21,-1.186183694,-1.202512445,-1.206275206,-1.078457795,-1.164948331,-1.191444143,-0.9770032434,-0.9977383577,-0.992478201,-1.052204235,-1.066205111,-1.324112103,-0.9331930835
2006-03-01,-0.755393603,-0.8068907196,-0.6476713696,0.2058461704,-0.6911095431,-0.7997654957,-0.9675627237,-0.9405357454,-0.9894528683,-1.018129722,-1.062213253,-0.5931863652,-0.9024527062
2006-03-11,-0.853384932,-1.020255392,-0.6609558165,-0.9668767766,-0.6774887834,-1.006887836,-0.9770032434,-0.9789916023,-0.9841112918,-1.051128787,-1.066205111,-1.139155955,-0.9276084596
2006-03-21,-0.779692285,-0.7779959343,-0.5882545997,-0.6436934729,-1.069418165,-0.5007101028,-0.969832407,-0.8845064499,-0.9894092779,-0.697476077,-0.7502179777,-0.1152816088,-0.9331930835
2006-04-01,-1.002303209,-1.01808643,-0.7287031323,-0.4132274831,-1.006333307,-1.055372337,-0.9770032434,-0.9977383577,-0.9708880963,-1.052204235,-1.066149936,-1.017533099,-0.9331930835
2006-04-11,-0.698758001,-0.6843944867,0.213464135,0.05576195269,-0.7800895625,-0.4321566814,-0.9770032434,-0.9766527213,-0.9713267445,-1.036677634,-1.024389933,-0.1704132087,-0.9331930835
2006-04-21,-0.398011959,-0.4171742194,-0.402928801,0.1976580449,-0.4660155084,-0.1398088086,-0.8768524043,-0.7432557811,-0.9062055684,-0.5102726922,-0.5073640561,0.202632034,-0.9260243863
2006-05-01,0.8440756905,0.9463217315,1.17937819,1.231102604,0.921979883,1.039073945,0.6287815865,0.6499751192,0.5099363828,0.9666014672,0.6213688978,1.199354019,0.5320798183
2006-05-11,1.20021861,1.446297369,1.691480045,2.347081041,1.466372264,1.203605778,1.402809428,1.071149525,1.276178922,1.303586654,0.9517847836,1.210064303,0.7332901193
2006-05-21,0.5234468615,0.7129357164,0.9463971582,0.6636285732,0.8839892554,1.16757902,0.4614688147,0.6146574812,0.3595260821,0.7809331018,0.1876518291,0.9800161268,0.1245976849
2006-06-01,0.3186220605,0.3968226392,0.07788572488,-0.8083998171,0.3527063791,0.7921166187,0.2140480362,0.8391555704,0.6306007706,0.6762339378,0.2696948894,0.7201834553,0.6374185785
2006-06-11,0.9529516058,0.8842604871,1.273082678,0.4038004344,0.8107703592,0.8671651313,0.7556448744,0.9766098975,0.8209420928,0.7755386092,0.8432995324,0.8077596827,1.0193711
2006-06-21,0.7881085205,1.165074802,0.7591023607,1.359882869,1.055888984,1.234328644,1.311461558,1.400454273,0.7594722381,1.308078557,0.9669488747,1.116742086,1.054369742
2006-07-01,0.6262151224,0.8334640474,0.2686033008,1.011229851,1.191232364,1.138179328,0.8824887727,0.6875194471,1.46363781,0.8908696752,0.4661463007,0.05804789708,0.4154525175
2006-07-11,0.8591885119,0.4828272028,-0.3784129049,-0.7319101341,0.03801287621,0.2500268085,1.095971617,0.5322968176,0.6796753027,0.6736203142,1.467316961,0.2508077647,1.021715149
2006-07-21,1.337877584,1.267280016,0.6155065481,1.035425537,1.13648552,0.7285725331,1.390424677,0.8755485557,2.038835688,1.033086891,1.551964541,0.752819861,1.306459402
2006-08-01,1.796374683,1.828029266,1.959623505,2.402383033,2.537689062,1.873604811,0.9603277133,1.365985864,1.0851451,1.076543293,1.47734254,1.519669843,0.9582600394
2006-08-11,1.515508683,1.557196056,0.8493714599,0.9063606662,1.646259443,1.395775993,1.726139968,1.790459243,1.534002685,1.657499421,1.527024558,1.298446282,1.958247207
2006-08-21,1.228442635,1.109090377,0.7560007161,0.0896466764,1.447570526,0.7399414022,1.300973776,1.086501072,1.790543843,1.447089857,1.137222073,0.3881227282,1.035447625
2006-09-01,0.9403260401,0.7359472822,0.6133283512,-0.06813480466,0.6178675886,0.6066477183,0.5344965263,1.050082751,0.6916733839,0.7293254874,0.915624353,0.8519570749,1.039161817
2006-09-11,1.085830737,1.34813989,0.9845606893,0.8546470622,1.178317813,1.326393539,1.607759868,1.57988783,0.4941703894,1.705890157,1.454490232,1.5196266,1.50011053
2006-09-21,0.8022965087,0.7486242173,1.108851263,-0.317926394,0.8655563307,0.9483434398,0.6408446315,1.555160472,0.244713933,0.5056563221,0.6765704949,0.813632119,1.785244922
2006-10-01,0.1682333568,0.1150928167,-0.2262685678,-0.2319328102,0.1416064697,0.04902214888,-0.1431271341,0.3640090481,0.5776252678,0.2026753159,-0.139719791,0.3757047456,0.1214331852
2006-10-11,0.4517583633,0.09896242157,-0.1161455191,-0.7258868155,-0.1791096174,-0.4075790719,0.1494336783,0.2100491942,0.5793911982,-0.2829119635,0.5802126752,0.2800645233,0.7373355777
2006-10-21,1.053630903,1.389480184,1.357049741,1.016144019,0.9665025073,0.9493303779,1.906132026,1.121956139,0.9698029382,1.194347779,1.600625362,1.696163602,1.518842736
2006-11-01,-0.787465682,-0.8548767836,-0.8026362121,-0.933824648,-0.4093976624,-0.7934829758,-0.9770032434,-0.9378766328,-0.8453241399,-1.004741808,-1.046166285,-0.5957372475,-0.9331930835
2006-11-11,-0.912430043,-0.8489142845,-0.1033230887,0.7720625104,-0.6622618875,-1.183040105,-0.9770032434,-0.9974831687,-0.9787858002,-1.052100444,-1.066205111,-1.291518468,-0.9331930835
2006-11-21,-0.905527869,-0.8098841686,-0.4561885304,1.289493476,-0.656646988,-1.129735429,-0.9770032434,-0.9925896451,-0.9638744744,-1.052204235,-1.066205111,-1.244681052,-0.9331930835
2006-12-01,-1.072107294,-1.047328371,-0.8478805014,-0.04717420816,-0.9801203634,-1.189422222,-0.9770032434,-0.9977383577,-0.9713565116,-1.052204235,-1.066205111,-1.356627061,-0.9331930835
2006-12-11,-1.192082859,-1.151844173,-1.306784024,-0.4740193943,-1.124179305,-1.186682506,-0.9770032434,-0.9973206094,-0.9911160028,-1.052023048,-1.066205111,-1.379041203,-0.9331930835
2006-12-21,-1.2230004,-1.190432668,-1.378778449,-0.9098684498,-1.08332706,-1.190621615,-0.9770032434,-0.9977383577,-0.992478201,-1.052204235,-1.066205111,-1.37293713,-0.9331930835
2007-01-01,-1.30186716,-1.254855044,-1.437157305,-1.340334363,-1.180956601,-1.191444143,-0.9770032434,-0.9977383577,-0.992478201,-1.052204235,-1.066205111,-1.38004203,-0.9331930835
2007-01-11,-1.279989768,-1.243630362,-1.437157305,-1.264197306,-1.159888199,-1.191444143,-0.9770032434,-0.9977383577,-0.992478201,-1.052204235,-1.066205111,-1.38004203,-0.9331930835
2007-01-21,-1.291236435,-1.247693405,-1.435306363,-1.290895387,-1.175369429,-1.188227012,-0.9763497418,-0.9977383577,-0.9922497172,-1.052000134,-1.066047171,-1.374387517,-0.929352659
2007-02-01,-1.136202894,-1.107216576,-1.052438778,-0.3878497535,-1.033695238,-1.191373,-0.9770032434,-0.9977383577,-0.9921838759,-1.052204235,-1.066205111,-1.364837074,-0.9331930835
2007-02-11,-1.259410154,-1.237523343,-1.385431388,-1.253285864,-1.163332416,-1.189396894,-0.9770032434,-0.9971904648,-0.9920621234,-1.052204235,-1.066190065,-1.367253845,-0.9331930835
2007-02-21,-1.056778793,-1.004186811,-0.9570953526,-1.0602594,-0.8812577058,-0.8628400776,-0.9651646357,-0.9953537287,-0.9920822773,-1.002524872,-1.010227382,-0.7356742324,-0.9328960645
2007-03-01,-1.087437381,-1.027492659,-1.18074289,-0.1668403484,-1.078692029,-1.119853215,-0.9770032434,-0.9766359862,-0.992478201,-0.8378117691,-0.937517937,-1.15605106,-0.9331930835
2007-03-11,-0.76385514,-0.8439774481,-0.7667604488,0.1731015639,-0.8375050583,-1.12077569,-0.8023101161,-0.9972202302,-0.8733730556,-0.9805561773,-0.854551947,-0.838189624,-0.9330126261
2007-03-21,-0.79238571,-0.9876889367,-1.184163438,-0.8520132143,-0.8650831936,-0.985866639,-0.8682696153,-0.9918213723,-0.9709351196,-0.829988753,-0.823313208,-0.9849335337,-0.9331930835
2007-04-01,-0.726513835,-0.8678538871,-0.5782100806,-1.146545032,-0.8787341393,-0.6181454838,-0.8975562353,-0.6826931261,-0.8001895188,-0.6312584388,-0.8222804363,-0.7597216533,-0.9092603634
2007-04-11,-0.128137343,0.01610602647,0.3063688319,1.648558439,-0.01609142319,0.1646003561,-0.5381801909,-0.3718479905,-0.3922851803,0.0942292485,-0.3795794079,0.0410418462,-0.672118827
2007-04-21,-0.017085637,0.08160234525,0.3249052054,-0.01652241208,0.09699025145,0.542947639,0.02312178624,-0.1853619785,-0.4582310938,0.1153881953,-0.00962861762,0.4400046563,-0.3105210822
2007-05-01,-0.088771882,-0.02454843746,-0.07305340594,-0.4501928387,-0.2034681015,-0.06749438196,0.1748181293,0.249972052,-0.1953812924,0.1210575463,0.1143417552,0.2229376805,-0.01602964907
2007-05-11,0.3135243026,0.3842004645,0.8442818404,0.872980659,0.521684571,0.4968535054,0.03807131976,-0.1419779862,0.2603119944,-0.2259914593,0.2090709794,0.4192661162,-0.105182954
2007-05-21,0.3934235282,0.6894220484,1.607713144,0.8214865579,0.5506016686,0.8880909615,0.5244369273,0.1333466077,0.1287586136,0.4825681197,0.3819130022,1.182437628,0.0943867152
2007-06-01,1.059211285,1.250710426,1.591900254,0.9230925928,1.124688577,1.864592384,1.13068313,1.142303045,0.3043622949,1.374179871,1.06433274,1.546116801,1.181511024
2007-06-11,0.8799315585,1.095458239,0.5539199954,1.522077393,1.705314033,1.179087218,0.747755917,1.130935985,1.290007353,0.9869829193,0.3689566323,0.7269486487,0.8379537978
2007-06-21,0.4731951729,0.5314309821,0.004786221659,0.2464824795,0.4999102008,0.5616126034,0.7778460897,1.21453112,0.6898585308,0.7111557805,0.5428520195,0.04817123462,1.333649721
2007-07-01,0.496010773,0.8196097648,0.2867136893,0.9487898787,1.85188896,0.6315213903,-0.1204898088,1.636167257,1.342533969,0.5094120897,-0.07964914719,0.3337834367,0.6261879539
2007-07-11,1.038075354,0.8609793179,0.2293548669,-0.7970800518,0.4090096506,0.7078717465,1.194776283,1.496095741,1.694321089,1.281764914,1.274769311,0.6525158918,1.191052652
2007-07-21,1.686349907,1.70502143,1.310728447,1.790242948,1.73541077,1.816084316,1.755415698,1.993409341,1.755376663,1.457802818,1.29446486,1.340281136,1.863825665
2007-08-01,1.169070364,1.239354148,1.568274686,1.112003223,1.368644603,1.102627582,0.8038419863,1.21385447,0.9215882415,1.341719415,1.25894259,0.7691594248,1.459375034
2007-08-11,1.168229648,1.17886747,1.445794009,1.689613567,1.26731928,0.8117083822,1.273960092,0.9358308252,1.079819191,0.7319171168,0.8185960181,1.013089416,1.028609431
2007-08-21,1.704118138,1.545883197,1.058607324,0.8671831294,1.182567004,1.08862377,1.961064222,1.765502491,1.857132146,1.643704791,1.877488579,1.114059712,1.771481112
2007-09-01,0.9539041213,1.110107316,1.310616239,1.807969551,1.713059011,0.7263407194,0.6437531597,0.6343035485,0.8286318224,0.5044968424,0.5887034181,0.9708672552,0.9674033881
2007-09-11,1.13905145,1.147112268,0.7202941104,0.7471745151,1.19555918,0.9281224865,1.291505137,1.20440097,0.7472548439,1.248189464,1.078680072,1.314767134,1.324083763
2007-09-21,0.4268248502,0.500634389,0.09702915935,0.2444095014,0.4357065062,0.4845938917,0.4482634956,0.6190721759,0.759887259,0.6479033307,0.3281831854,0.6730389767,0.1112336112
2007-10-01,0.458100286,0.5253237162,0.2921050753,0.5754827344,0.7229791586,0.459514041,0.1910115391,0.6151094332,0.7033913065,0.3880050825,0.2798762991,0.5034072398,0.07814391913
2007-10-11,0.082723138,-0.04947323296,-0.256349878,-0.5640542474,-0.4044854104,-0.3885974465,0.1209627927,0.3781998001,0.2656890548,0.0734805685,0.3069604834,-0.04892985975,0.4544741452
2007-10-21,-0.012444212,-0.09600567657,-0.2707763183,-0.5712127593,-0.4446072827,-0.4913168929,0.6209244891,-0.3160452423,0.4512663206,0.09591048713,0.2419205315,-0.2369265614,0.6705061721
2007-11-01,-0.388467396,-0.3351566669,-0.09207319911,0.5193725991,-0.1210750389,-0.6821170175,-0.5436542974,-0.5068872061,-0.3414951168,-0.6899380106,-0.4844361908,-0.4374795902,-0.298461907
2007-11-11,-0.578685904,-0.5699637168,-0.7823094769,-0.9082729703,-0.2978229543,-0.7813794204,-0.8178783647,-0.7987765318,-0.7655282919,-0.7048412813,-0.1524913082,-0.3339858909,-0.9163435591
2007-11-21,-1.182763931,-1.161213222,-1.357376784,-0.8028814819,-0.9894233505,-1.191444143,-0.9770032434,-0.9977383577,-0.9884014306,-1.052204235,-1.066205111,-1.376177942,-0.9331930835
2007-12-01,-1.186598645,-1.220771154,-1.359072569,-1.081804157,-1.170853291,-1.191444143,-0.9770032434,-0.9977383577,-0.9923703893,-1.052204235,-1.066205111,-1.366438345,-0.9331930835
2007-12-11,-1.269039821,-1.22519905,-1.306821644,-1.213967308,-1.136926855,-1.190765099,-0.9770032434,-0.9977383577,-0.992478201,-1.052204235,-1.066205111,-1.377663067,-0.9331930835
2007-12-21,-1.291984625,-1.254645546,-1.437157305,-1.340247835,-1.179965942,-1.191444143,-0.9770032434,-0.9977383577,-0.992478201,-1.052204235,-1.066205111,-1.37991878,-0.9331930835
2008-01-01,-1.259242771,-1.254864097,-1.435964053,-1.344388555,-1.180956601,-1.191444143,-0.9770032434,-0.9977383577,-0.992478201,-1.052204235,-1.066205111,-1.378126338,-0.9331930835
2008-01-11,-1.105190824,-1.203588135,-1.421184277,-1.133746325,-1.043921477,-1.191134822,-0.9770032434,-0.9977383577,-0.9896670995,-1.052204235,-1.066205111,-1.34897777,-0.9331930835
2008-01-21,-1.231756374,-1.201202114,-1.293787755,-1.232357187,-1.120738104,-1.162251666,-0.9770032434,-0.9895257745,-0.9815756807,-1.052071343,-1.066138576,-1.258319625,-0.9331930835
2008-02-01,-1.103810386,-1.105015807,-1.094364807,-0.460197858,-1.143699488,-1.175940715,-0.9767961082,-0.9977069951,-0.9924208608,-1.052204235,-1.06590196,-1.157211054,-0.9296140857
2008-02-11,-1.249582136,-1.223707516,-1.278542838,-1.279421098,-1.178211052,-1.185269662,-0.976990829,-0.9977373457,-0.992478201,-1.052007625,-1.066205111,-1.290774917,-0.9326465734
2008-02-21,-1.206309195,-1.226935296,-1.399968991,-1.335853474,-1.175673914,-1.164963325,-0.9769124027,-0.9976658049,-0.9922528664,-1.051820993,-1.065733042,-1.235324988,-0.9323028123
2008-03-01,-0.929451435,-1.018516865,-1.027940985,-1.291163528,-1.064266349,-1.107687414,-0.7417757049,-0.9799891237,-0.9841310763,-1.000231752,-0.7205697877,-0.7878633634,-0.9259691473
2008-03-11,-0.527658293,-0.4570049873,-0.02277309779,0.3022469944,-0.60660944,-0.1661727714,-0.7994072589,-0.7651378238,-0.8858430239,-0.4625452256,-0.5931411709,-0.05419903933,-0.9160070806
2008-03-21,-0.468080503,-0.2633354357,0.3150714835,0.5754349038,-0.1593597338,0.05768011793,-0.8430138795,-0.8009414071,-0.8007440643,-0.3647810985,-0.6652286789,0.2620766929,-0.8535512679
2008-04-01,-0.356921703,-0.6280199377,-0.3225409138,-0.7700905354,-0.8146728872,-0.5117878493,-0.5301150914,-0.8333954224,-0.8413673436,-0.4768072884,-0.4915650182,-0.2284731937,-0.5615390377
2008-04-11,0.073802125,0.33904562,1.36971222,0.9020469081,0.1190343685,0.9884861476,-0.2060004664,0.264209676,-0.09514858068,0.5131384368,-0.02669698645,0.3554539678,-0.3644627507
2008-04-21,-0.217935988,-0.2437243918,-0.2260170949,-0.2896235087,-0.2688029375,-0.2334515505,-0.1668725182,-0.180301115,-0.1833255568,-0.1351273931,-0.2397256857,-0.1976579176,-0.491195769
2008-05-01,-0.136528797,-0.1742470895,0.1449679962,-0.7489538804,-0.2419363524,0.3425940311,0.06847864466,-0.3169626614,-0.3243885447,0.06676751919,-0.1628779451,-0.01537400767,-0.5351707883
2008-05-11,0.152492205,0.02755651332,-0.1531420718,0.4762493932,0.1576740416,0.08847271419,-0.3153522893,-0.2247087134,-0.122634221,-0.1439377681,-0.1995693689,0.3994612594,-0.6152758483
2008-05-21,0.9121337534,1.078173522,1.4151228,0.30411217,0.885123562,1.439737608,1.044591391,0.5126420398,0.570598016,1.492853159,1.205398917,1.325254265,0.3135255204
2008-06-01,0.859462134,0.8429954728,1.640602879,1.220556872,0.4978965365,0.9348228008,0.8564621655,0.3575338033,0.1543945954,0.3257814651,0.5578599989,1.482144929,0.8741936789
2008-06-11,0.655099582,0.5304174408,-0.01908514827,-0.4878188769,0.08407014334,0.8877785102,0.4273164265,0.7197204371,0.3640568851,0.5743367683,0.5852732922,1.560839879,0.3478492752
2008-06-21,1.042137705,0.7960892644,0.6269708562,-0.3038402688,-0.1788364106,0.7758129454,1.211642766,0.4304808702,0.8325840164,0.8360506907,1.533207749,1.379349831,0.785104167
2008-07-01,2.039742917,2.209193565,1.406958784,3.265039571,3.168272237,2.005439453,1.928795476,2.28589633,2.269783686,1.81163283,1.852056238,0.4160399664,1.867100495
2008-07-11,1.696737493,1.534945161,1.271006958,1.405535306,1.224251595,1.547439051,1.369846262,0.6547495158,1.848286795,1.714893662,1.745116417,1.274032734,0.7990983579
2008-07-21,0.9808241737,0.9143398445,1.222410155,0.7772923453,0.8589258931,0.5841503478,1.456837406,0.7203612925,0.7939226535,0.5739798315,0.9663842673,0.6257448745,1.244546445
2008-08-01,1.927836164,1.904749013,0.958202929,1.311182715,1.627139181,1.897133865,2.54046126,1.430013515,1.673900157,1.869112514,2.594044398,1.423249678,1.359059186
2008-08-11,1.918578709,1.842040116,1.291967708,1.243532983,1.657796435,1.292680423,1.9920255,1.619860182,1.89988141,1.65536502,2.167834189,1.73887899,1.315977431
2008-08-21,1.647250989,1.581386831,1.061907643,0.7025116809,1.492393408,1.175099832,1.716449731,1.098781164,2.4734449,1.125635422,1.57458898,1.544394041,1.759000893
2008-09-01,1.097405827,1.186319094,1.259337941,0.9477664131,1.029721616,1.166707436,1.414834997,1.503360374,0.8997304767,1.334606341,1.175991721,0.8880148069,1.083760035
2008-09-11,1.623221905,1.980101343,2.241782173,1.909573952,2.531470469,2.076212151,0.5952662667,1.480816002,1.897026395,1.095305863,1.349246234,2.211198879,1.451816114
2008-09-21,1.01893326,0.9353920442,0.7192927562,0.8457308091,0.8019347855,0.5506881614,0.8918513556,1.223850606,0.8227280665,1.117820566,1.10945906,0.6325664091,1.076674433
2008-10-01,0.696786553,0.8926743882,0.6500712082,0.4145149593,1.033638298,0.9994102998,0.6628033263,0.6444486144,0.978741273,0.7410302015,0.6867677837,1.151749002,0.3634407689
2008-10-11,0.3551257259,0.4462008631,1.136952931,0.5459804617,0.5669516033,0.66507114,-0.3465917538,-0.02462559104,0.7390630258,-0.1464974574,-0.198314454,1.006907686,-0.1607770063
2008-10-21,-0.200135584,-0.06776616685,1.203194624,1.087869494,0.2001892775,-0.1694862186,-0.7873499944,-0.5499031003,-0.3923514888,-0.5724146355,-0.7094367184,0.1836437136,-0.7039119129
2008-11-01,-0.735208696,-0.6737905637,-0.02888582641,1.099529077,-0.4206601609,-0.8641201617,-0.9770032434,-0.9534062152,-0.9570888115,-0.9935697122,-1.055975423,-0.8887670132,-0.9331930835
2008-11-11,-1.040032248,-1.093702928,-1.339097353,-0.9561829863,-0.8899098431,-1.077283087,-0.9770032434,-0.9939425193,-0.9556720413,-1.049884804,-1.056446609,-1.055547035,-0.9331930835
2008-11-21,-1.185768549,-1.203669268,-1.183844261,-1.123536066,-1.166031741,-1.183362428,-0.9770032434,-0.9977383577,-0.9812892724,-1.052204235,-1.066205111,-1.324492346,-0.9331930835
2008-12-01,-1.079223562,-1.125047548,-1.146189272,-1.080813646,-1.002031506,-1.084196211,-0.9400964122,-0.9906945966,-0.9813275648,-1.036706003,-1.022895848,-1.17573675,-0.9250586118
2008-12-11,-1.282199798,-1.248974274,-1.436134964,-1.330280852,-1.171641165,-1.19134765,-0.9770032434,-0.9977383577,-0.9923890555,-1.052204235,-1.066205111,-1.359675429,-0.9331930835
2008-12-21,-1.209069169,-1.24590895,-1.418798597,-1.314519826,-1.168582208,-1.191322001,-0.9770032434,-0.9977383577,-0.9922116569,-1.052204235,-1.065664071,-1.361724042,-0.9331930835
2009-01-01,-1.276349818,-1.249513774,-1.436792895,-1.344388555,-1.180956601,-1.191444143,-0.9770032434,-0.9977383577,-0.992478201,-1.052204235,-1.066205111,-1.342488802,-0.9331930835
2009-01-11,-1.270686383,-1.241306991,-1.381548586,-1.335317203,-1.154331759,-1.191444143,-0.9770032434,-0.9977383577,-0.992478201,-1.052204235,-1.066205111,-1.351450319,-0.9331930835
2009-01-21,-0.999854398,-1.071570014,-0.8705731819,-0.7714398518,-1.028235388,-1.117564026,-0.970746595,-0.9597285209,-0.989247602,-1.020531491,-1.06192701,-1.047812637,-0.9331930835
2009-02-01,-1.212687375,-1.230104573,-1.364922176,-1.260441937,-1.17721179,-1.189738211,-0.9770032434,-0.9977383577,-0.992478201,-1.052204235,-1.066205111,-1.304799528,-0.9331930835
2009-02-11,-1.047905558,-1.166546421,-1.410358917,-1.308254141,-1.146871219,-1.167505665,-0.9770032434,-0.9977383577,-0.9914894249,-1.052204235,-1.066161349,-0.8833369824,-0.9331930835
2009-02-21,-0.874717445,-1.029638977,-1.067409202,-1.009956091,-1.013577282,-1.127742127,-0.9770032434,-0.9977383577,-0.991973425,-1.04450341,-0.9601751363,-0.6430352132,-0.9331930835
2009-03-01,-1.009547881,-1.008985519,-1.013324463,-1.001208796,-1.15243832,-0.8995315447,-0.912178489,-0.943746553,-0.992478201,-0.9503332984,-0.8652421214,-0.6788080531,-0.9330391267
2009-03-11,-0.984834676,-1.078311531,-1.278680061,-0.9206833355,-0.9838890733,-0.9746880228,-0.9770032434,-0.9832584701,-0.9841597048,-1.031786388,-1.050586421,-0.9339678446,-0.9317034128
2009-03-21,-0.766556405,-0.8461617498,-0.7502007117,0.2763044144,-0.7258017905,-1.030009194,-0.9247278698,-0.9977383577,-0.933002694,-1.02336291,-0.9807766442,-0.8329203656,-0.9331930835
2009-04-01,-0.086231791,-0.02506076065,0.5098248747,0.6549254088,-0.1217950739,0.5265445301,-0.5926456134,-0.4679282426,-0.7229575182,0.0291857238,-0.3049947403,0.5040981763,-0.709015725
2009-04-11,0.1147698822,0.2495886509,0.9337544748,1.655264587,0.3030736766,0.7086872809,-0.1948467714,-0.4385609666,-0.5297144579,0.1348281589,0.005566657358,0.1278030648,-0.5849425028
2009-04-21,0.2029998518,0.2484963751,0.4425246916,0.1347729753,0.02046114992,0.5804000007,0.3216719648,-0.1078516035,-0.1945935492,0.5452634832,0.3997938427,0.4473273718,-0.4527029549
2009-05-01,-0.134315755,-0.3667050795,0.07593882833,-0.2480896525,-0.4522870035,-0.5298927863,-0.2160847771,-0.6358327755,-0.2930275379,-0.6948410847,-0.1894486022,-0.389490937,-0.2990206127
2009-05-11,-0.272683836,-0.3177370712,0.4203152387,0.5748875236,-0.4426322775,-0.1813858548,-0.6739499184,-0.7561718824,-0.7231146972,-0.7482476914,-0.5211948814,0.140133732,-0.8975197582
2009-05-21,0.085705123,0.2806379431,0.291730896,0.5541796448,0.007072773133,0.7099146253,-0.05627836684,0.07240072824,-0.1989365038,0.4088303936,0.1429077626,0.8692875808,-0.3646517504
2009-06-01,0.5448326357,0.5085264925,0.60129804,-0.2193614748,0.06512781145,1.265347216,0.2569117933,0.3090462942,0.3928710822,0.2683609852,0.3834900298,1.427192614,0.165830842
2009-06-11,1.136025735,0.9955741022,0.8470034047,-0.5675896636,0.1769371313,0.9299389822,1.605275865,0.9549185236,0.2687229649,1.401124857,2.04216497,1.369781786,1.320790974
2009-06-21,1.169338671,1.184055652,1.131119508,1.459887458,1.101555908,1.137801845,0.8871230936,1.201330004,1.019266507,1.337940883,0.8914862155,1.125812813,1.041438665
2009-07-01,0.913184454,0.6591326729,-0.1006439906,-0.658960146,0.05195740216,0.4177562269,1.061557542,1.155263803,0.6040029082,1.149038553,1.587823882,0.6261225353,0.9140636955
2009-07-11,0.2177705884,0.2938793493,0.2669515202,-0.2042125012,0.5352215081,0.2071747218,0.3937125322,0.4122159544,0.8276354371,0.3739208391,0.2033035675,-0.1876139194,0.4010269753
2009-07-21,1.017418927,0.892472287,0.1364387755,-0.3143129972,0.6155863647,0.7803043777,1.63998893,1.228578328,1.201694732,1.215494347,1.277351991,0.5499629308,2.038100482
2009-08-01,1.187998072,1.1208409,0.8667240712,-0.2826240168,0.7899542781,0.7959706136,1.569961769,1.061672651,1.433676375,1.17616257,1.629543312,0.9742089408,1.972270742
2009-08-11,1.44488815,1.335388923,0.174924468,0.8105060938,1.425368172,0.7171680093,2.829477644,1.21285499,1.274835816,1.461654533,2.205190941,0.004295132876,1.899701088
2009-08-21,0.9836378726,0.8457486848,0.07848935783,-0.3137301901,0.3875222179,0.9983110623,1.498640834,1.259885581,1.164388302,1.026713714,1.390094763,0.5332257738,1.262152526
2009-09-01,0.8962979024,0.8952085547,0.2523378335,0.05567815395,0.8505355543,0.6581299283,1.089774618,1.180146549,0.8992017151,0.893035276,1.173964646,0.8812564708,0.9760003962
2009-09-11,1.222303389,1.467791254,1.323646078,1.052560584,1.435863517,2.084228452,1.085010755,1.879107857,1.434036287,1.925404171,0.884019349,1.375811725,1.638216249
2009-09-21,0.9606070044,1.065774573,0.4626770675,0.4127484701,0.8924843437,1.01615912,1.197495364,1.030776863,1.112097774,1.427104828,1.357609268,0.8596304646,1.138406554
2009-10-01,0.5246802908,0.6588744643,1.266142639,0.7811163954,0.8512379049,0.7406658591,-0.2344044264,0.2773716803,0.305687016,0.1044243729,0.1663384873,1.338942751,0.4396383677
2009-10-11,0.2352965329,0.004240057582,0.2893016196,-0.1689611728,-0.04375336194,-0.108816516,-0.3836826208,-0.01590915703,-0.1360808038,-0.1206960861,-0.05865845218,0.4762483827,0.01068667503
2009-10-21,0.4395789855,0.1423893435,0.7020458073,-0.564255341,-0.3785999936,-0.2986611284,0.5580659771,0.2367478651,-0.01611413485,0.004697990605,0.4638815595,0.5727730273,1.008557126
2009-11-01,-0.280734921,-0.3482889638,-0.205303291,-0.6003653932,-0.8431362617,-0.7453194949,-0.004203730935,-0.7499202761,-0.6817319781,-0.5282668614,0.5251605952,-0.07298194963,-0.2882451035
2009-11-11,-1.061034647,-1.021591644,-0.4763120464,-0.9557087122,-0.9932751138,-1.068462705,-0.9752345676,-0.9972135133,-0.9861031482,-1.023320318,-1.018876842,-0.8851699404,-0.9331930835
2009-11-21,-1.147389333,-1.126408483,-0.8413666425,-0.7168732487,-1.049752683,-1.191276744,-0.9770032434,-0.9977383577,-0.9905631914,-1.052204235,-1.066205111,-1.359217894,-0.9331930835
2009-12-01,-1.082393438,-1.056184933,-0.800708054,-0.5808134322,-0.9320867346,-1.163787209,-0.9770032434,-0.9977383577,-0.9907738273,-1.052204235,-1.066205111,-1.157332344,-0.9331930835
2009-12-11,-1.104611718,-1.088994711,-0.9310822454,-0.2971459072,-1.098443278,-1.181047957,-0.9770032434,-0.9977383577,-0.9923207057,-1.051645241,-1.064505528,-1.282688001,-0.9331930835
2009-12-21,-1.112387536,-1.090102952,-1.220030504,-0.2631113446,-0.98523238,-1.178026401,-0.9767124496,-0.9976883024,-0.9919687204,-1.052069002,-1.066197372,-1.318428114,-0.9331930835
2010-01-01,-1.226982703,-1.210640869,-1.436226854,-0.9091152543,-1.165521312,-1.191444143,-0.9770032434,-0.9977202567,-0.9913592314,-1.052204235,-1.066205111,-1.38004203,-0.9331930835
2010-01-11,-0.991914054,-1.16584214,-1.120829143,-1.334339811,-1.178591824,-1.175666449,-0.9769996076,-0.9963356937,-0.992478201,-1.051549091,-1.063189822,-0.9554376593,-0.9331930835
2010-01-21,-1.278147294,-1.246781043,-1.429248773,-1.322158654,-1.155962435,-1.1909613,-0.9770032434,-0.9977383577,-0.9924518695,-1.052204235,-1.066205111,-1.372616093,-0.9331930835
2010-02-01,-1.19845747,-1.22684702,-1.190123941,-1.344388555,-1.178453896,-1.191262311,-0.9674270716,-0.9925325707,-0.9854905069,-1.051993081,-1.059374302,-1.32848056,-0.9325608148
2010-02-11,-0.822343577,-0.8762012912,0.3340804677,-0.02252363077,-1.004819094,-1.164468223,-0.9770032434,-0.9969411559,-0.9908839394,-1.047366115,-1.059533003,-0.7637147027,-0.9331930835
2010-02-21,-0.91340326,-0.8304003493,-0.2946475262,0.4505231882,-0.9819254192,-0.9607584768,-0.9769505358,-0.9761952477,-0.9841451846,-0.9836115114,-1.000893481,-0.7053864796,-0.9329681505
2010-03-01,-0.946960297,-1.012306839,-1.021615147,-0.3456526717,-1.001363532,-1.185598338,-0.9564297273,-0.9977383577,-0.9921924937,-1.052204235,-0.9436627667,-0.9861372637,-0.9331930835
2010-03-11,-0.479818735,-0.4758267724,-0.5506779126,-0.7636647731,-0.8226700707,-0.002592355421,-0.684785633,-0.7811250891,-0.9604659671,-0.1319462101,-0.2173609214,0.3206339262,-0.893989854
2010-03-21,-1.114325634,-1.080792492,-1.147344966,0.02428291049,-1.082175722,-1.187977602,-0.9770032434,-0.9864540146,-0.9912985784,-1.052204235,-1.066205111,-1.353406468,-0.9331930835
2010-04-01,-0.724018909,-0.8991406355,-0.7258394201,-1.077322695,-0.9700795901,-0.8392632607,-0.9603204075,-0.8997882386,-0.9830167787,-0.7505237285,-0.9396830634,-0.2817865774,-0.930066515
2010-04-11,-0.351896234,-0.246011885,0.7483649154,-0.07242029162,-0.7387322995,0.5765006647,-0.7097048663,-0.7219905417,-0.8918292722,-0.2243874404,-0.5006352453,0.7785136918,-0.8787626151
2010-04-21,-0.161961619,-0.07084003314,0.55577038,0.3717174843,-0.07203028514,-0.05295609519,-0.1666020769,-0.3460072221,-0.5292754722,-0.2799335043,-0.2687108197,0.257878666,-0.3929591121
2010-05-01,0.5596432539,0.8680971205,1.477044961,0.7370600103,0.8696218149,1.20123432,0.4470817421,0.3558203442,0.4233670316,0.9393055604,0.3730342568,1.518523166,-0.1985892257
2010-05-11,-0.212351684,-0.08401706278,0.6600990999,0.9048770026,0.2078657143,-0.3602397246,-0.649790735,-0.07147574201,0.1086364709,-0.2411661857,-0.6575133171,-0.3148769056,-0.5766702083
2010-05-21,0.3748957834,0.4578866076,1.075947953,0.5894021822,0.03914051002,0.970373512,0.3427441305,0.5815672282,0.07845730688,0.4209208323,0.2285506014,0.7316930799,0.4324335154
2010-06-01,0.5425745621,0.5661780388,0.9445735799,-0.1475671149,0.1770969305,0.5967993922,0.646561661,0.8941051643,0.1311820525,1.182919397,0.7334126067,0.720357101,0.5653997853
2010-06-11,0.762071523,0.8681531527,1.201844171,0.5442980816,0.8335995049,1.579311202,0.4553372218,1.455683156,0.7200307985,1.410075123,0.4555966859,0.5663018877,0.682088351
2010-06-21,1.104312775,1.033108921,1.032855102,-0.2213721438,0.6383680713,1.039856313,0.9466129596,0.6865437621,1.610969261,1.166562977,1.127646932,1.411729767,0.6301515369
2010-07-01,1.239184635,1.183686531,1.131944461,0.3693463747,1.50660562,0.5919921859,1.183789281,1.054199671,1.697218742,0.845182081,1.531249987,0.3744797883,1.134158998
2010-07-11,1.702738014,1.510951574,1.651757143,0.5659902806,1.537613415,1.126480549,1.474121011,1.621290598,1.851975203,1.216146225,1.785087137,0.9561032757,1.196013306
2010-07-21,1.127558718,1.234934755,1.189439772,1.904116295,1.700089198,1.282921067,0.8055556176,1.548931503,1.350358901,1.157609329,0.5830903122,0.422087415,1.453817136
2010-08-01,1.728711289,1.188262612,0.2033599024,-0.4504438081,0.3727444839,0.7442946636,1.514028274,1.099261841,1.477981203,1.359893589,2.181636295,1.60872137,1.435057426
2010-08-11,1.434686097,1.6060278,0.8598977549,1.050238394,1.520456189,1.138815195,2.433175731,1.398124165,0.9614037393,1.882791871,2.098125653,1.330662458,1.630781635
2010-08-21,1.624668047,1.475298642,0.4857707306,1.048189546,2.069334166,1.215804737,1.101988605,2.3068868,1.210639909,1.434656853,1.505692585,0.7772109323,1.8931942
2010-09-01,1.276748769,1.329690094,0.9096158849,1.49531372,1.315788694,1.311054306,1.355600405,1.295734404,0.9767029386,1.553217961,1.279478675,1.054990093,1.031748573
2010-09-11,1.012185619,1.213486467,1.267406017,1.339875624,1.491700176,0.9687919511,0.9465356067,0.288939489,0.851007952,0.6753281015,1.354228232,1.131123936,0.5484833997
2010-09-21,0.607710798,0.5175549433,0.3173005976,0.3005659465,0.9703120072,0.4371849046,0.1407794334,0.7152606775,1.014440117,0.1496524559,0.2083529225,0.2083629402,0.5170110978
2010-10-01,0.460622113,0.4509206566,0.4941530523,0.3390737389,0.593891192,0.1902128145,0.4111510559,0.4784897603,0.3117450133,0.2340836005,0.2506129317,0.6830169312,0.40238739
2010-10-11,0.7588537293,0.807116626,0.6714885527,0.7833258436,0.7482622079,0.4007553447,0.5285356412,0.66672768,1.097088902,0.5417665821,0.6659012821,0.9052798844,1.438651621
2010-10-21,0.5879770297,0.501765414,0.6324970176,-0.4918407673,0.1632301113,-0.1144968681,1.209555556,0.3491055001,0.6107641882,0.586112357,0.7200220163,0.851574813,1.147326456
2010-11-01,-0.551581942,-0.6188384303,-0.8448781801,-0.7651338242,-0.4815375099,-0.5738625803,-0.8121246949,-0.3782248735,-0.5419088104,-0.6633884928,-0.4715457955,-0.5310533776,-0.9202055891
2010-11-11,-0.605535306,-0.6299383368,-0.4483084183,-0.5163256272,-0.4494018474,-0.8639359327,-0.7819022333,-0.9229080957,-0.858219801,-0.8967120313,-0.3287711981,-0.4910753854,-0.9098145769
2010-11-21,-0.888005853,-0.8441914187,-0.4249768858,-0.6328649713,-0.5757085443,-0.9634100905,-0.9770032434,-0.9966697495,-0.9457342058,-1.019585039,-0.9149352907,-0.6657610432,-0.9331930835
2010-12-01,-1.187104212,-1.176162043,-1.343659889,-0.9806164173,-1.107045815,-1.174540388,-0.9770032434,-0.9977210731,-0.9895918679,-1.052168076,-1.065962855,-1.230760336,-0.9331930835
2010-12-11,-1.289824286,-1.252585706,-1.436894959,-1.332909421,-1.17412458,-1.191444143,-0.9770032434,-0.9977383577,-0.9913946967,-1.052204235,-1.066205111,-1.379070037,-0.9331930835
2010-12-21,-1.114453347,-1.126588056,-1.026094209,-0.7682567804,-1.039839813,-1.155139811,-0.9770032434,-0.9961768654,-0.9923208647,-1.050408779,-1.064403798,-1.276073546,-0.9331930835
2011-01-01,-1.281987587,-1.25493137,-1.437157305,-1.3420302,-1.180903916,-1.191444143,-0.9769796099,-0.9976552865,-0.9920155883,-1.052204235,-1.066153611,-1.38004203,-0.9327160703
2011-01-11,-1.290956593,-1.251873834,-1.433995257,-1.336873239,-1.176119997,-1.191423685,-0.9770032434,-0.9976816126,-0.9922963735,-1.052204235,-1.066205111,-1.370006485,-0.9331930835
2011-01-21,-1.29360056,-1.254214561,-1.437157305,-1.343715632,-1.177420445,-1.19121039,-0.9770032434,-0.9977383577,-0.992478201,-1.052204235,-1.066205111,-1.378124589,-0.9331930835
2011-02-01,-1.138107336,-1.204082395,-1.386326261,-1.156711817,-1.170465957,-1.191444143,-0.9770032434,-0.9977383577,-0.992478201,-1.052204235,-1.066205111,-1.196643532,-0.9331930835
2011-02-11,-1.271792823,-1.225843771,-1.437138427,-1.037657157,-1.180949318,-1.191444143,-0.9770032434,-0.9977383577,-0.992478201,-1.052204235,-1.066156813,-1.379840734,-0.9331930835
2011-02-21,-1.050553907,-1.10676149,-1.389379828,-1.278123953,-1.164685641,-1.165257792,-0.9769995759,-0.9977383577,-0.992478201,-1.052164586,-0.8537027058,-0.7705445466,-0.9331930835
2011-03-01,-1.230070799,-1.19770792,-1.342354362,-1.170502936,-1.075688035,-1.087436095,-0.9770032434,-0.9977383577,-0.992478201,-1.052204235,-1.066205111,-1.330126117,-0.9331930835
2011-03-11,-1.179002963,-1.126952446,-1.128166707,-0.3990504257,-1.099082141,-1.191444143,-0.9770032434,-0.9977294689,-0.9834395162,-1.052204235,-1.066205111,-1.378548098,-0.9331930835
2011-03-21,-0.890991605,-0.9022323057,-0.6077414915,-0.7388817413,-0.8219518839,-0.4501845565,-0.9532509291,-0.8093319092,-0.9298046881,-0.8792314217,-1.048136707,-0.8130260579,-0.9323794412
2011-04-01,-0.806130438,-0.9302990188,-0.5967022451,-0.8321645258,-0.9232841006,-0.9221423123,-0.929075091,-0.9615886641,-0.9824542514,-1.015225409,-1.029695809,-0.4819126503,-0.9287495732
2011-04-11,-0.591831182,-0.7150726221,-0.1944894663,-0.04162448386,-0.4520860651,-0.9464972751,-0.8535585915,-0.9804068591,-0.8983595526,-0.9918788992,-0.7149632287,-0.8098438528,-0.9207335456
2011-04-21,-0.411636581,-0.4275711804,0.1327841648,-0.05081246125,-0.6543151438,-0.3755920948,-0.6648461338,-0.7016802301,-0.6974953362,-0.5019797727,-0.4926998618,0.08254308094,-0.6497729739
2011-05-01,-0.172822811,-0.09793002261,0.6057580405,0.4840683448,-0.4335329855,-0.05721117249,-0.02661197469,-0.3733593968,-0.4971906215,-0.2920361883,-0.2298391346,0.3365779243,-0.5369939499
2011-05-11,0.177557509,0.09997554328,0.9765879299,0.2138187004,0.0472070103,0.286464554,-0.005973225414,-0.4352298343,-0.4038303511,-0.1200385727,-0.1001228763,0.5990973741,-0.4605388763
2011-05-21,0.553256854,0.7946054202,1.241100277,1.814935808,0.9630858586,0.9168122967,0.6163982913,0.7420236366,0.5743247423,0.522582639,0.126979832,0.5409975119,0.5390378267
2011-06-01,0.8326705486,1.090782621,0.5341059058,-0.03746078104,0.483331218,1.848416757,1.245741735,1.134207897,0.2348093638,1.90393041,1.297508695,1.948177514,0.5499577958
2011-06-11,0.7993390761,0.8781282187,0.2017849234,0.4091272039,0.7589025573,1.342036167,0.5898320018,1.36405252,0.9663917543,0.9539582885,0.7259457462,0.956006698,1.177768985
2011-06-21,0.879885522,0.9242771248,0.9954232618,1.013138432,1.494914616,0.8687202016,0.4484640577,0.4529379887,0.6185367014,0.452478709,0.7218095033,0.7817480114,0.6177929844
2011-07-01,1.534647811,1.541751307,1.448256044,1.014980364,1.714477484,1.271764444,1.655946343,1.076606277,1.4180876,1.321295146,1.684718738,1.263888946,1.05670869
2011-07-11,1.217330576,1.26344162,1.677956985,0.9379699201,0.9481271351,1.426123766,0.8805712012,1.289275721,2.026833102,1.423299909,0.7510331487,1.178115453,0.8946806626
2011-07-21,1.569127053,1.600034829,1.787873362,1.987573636,1.926171868,0.9539640399,1.088764639,1.927625193,1.59742398,1.387785535,1.225333597,1.049622569,1.170750845
2011-08-01,1.877442858,1.620352858,0.7468412866,0.7449769375,0.6889314759,1.714140506,1.292808941,1.746595881,1.101679184,2.135520832,2.29745004,2.232539923,1.653985301
2011-08-11,1.43133919,1.34861001,0.8024124984,2.030035234,1.385952968,0.9465339639,1.513860477,1.511582195,2.178710201,1.296005675,0.7783518681,0.5791948361,2.038122007
2011-08-21,1.393765934,1.526386375,0.9111335325,0.7533176504,1.066858183,1.129145519,2.29073028,1.600081371,1.206069018,1.587145596,2.097955846,1.414455361,1.810398197
2011-09-01,1.043261956,1.133175912,1.235870456,1.974723113,1.347646623,1.062853396,0.5773919774,1.426919882,0.7737890146,0.9606759528,0.8309796115,0.5853051121,1.029654116
2011-09-11,0.9001211936,0.8821957717,0.53057686,1.009083651,1.164669844,0.7202640936,0.7919541396,0.8702533572,0.655525235,0.7774567054,0.6250034395,0.8286278009,0.9142128306
2011-09-21,0.8149987939,0.8492131793,0.7837637793,0.9140410963,0.6921985159,0.5433990436,0.8866265711,0.8306689866,0.6842708704,1.008212576,0.8611026521,0.7919436407,0.8205897813
2011-10-01,0.7502854322,0.6415269809,0.9297525644,0.7166806759,0.6973643661,0.1416487275,0.5825331649,0.3426540769,0.7896911066,0.5423063049,0.4677543071,0.637602871,0.3377762133
2011-10-11,1.284588531,1.104974992,1.348991961,0.2233406906,0.594540975,0.8780435979,1.695594651,0.8714169923,0.9945332287,1.219766012,1.10828301,1.580738983,1.655212391
2011-10-21,0.3150156691,0.2639994429,0.963561864,0.5691808053,0.8348142293,0.344011977,-0.7978797266,-0.1175618611,0.579905912,-0.3842682574,-0.4785029384,0.493158707,-0.404471611
2011-11-01,-0.764522663,-0.7256953849,-0.07996510505,0.7154168975,-0.5102558249,-0.8568383385,-0.9770032434,-0.9898967773,-0.9085098321,-1.004051218,-1.062961108,-0.8695555991,-0.9331930835
2011-11-11,-0.79202701,-0.8331631845,-0.2525993502,-0.3010312603,-0.5148575605,-0.9032769481,-0.976627429,-0.9937797773,-0.9626370519,-1.033915296,-1.065548612,-0.7741299219,-0.9328362494
2011-11-21,-1.081005741,-1.029366932,-1.295181792,0.278332127,-0.9082603359,-1.136365112,-0.9770032434,-0.9977383577,-0.992478201,-1.052204235,-1.066205111,-1.338192985,-0.9331930835
2011-12-01,-1.23999313,-1.204349989,-1.437157305,-0.9115504799,-1.129744946,-1.191444143,-0.9770032434,-0.9977383577,-0.9924242012,-1.052204235,-1.066205111,-1.38004203,-0.9331930835
2011-12-11,-1.20691137,-1.183368702,-1.340519053,-0.6978409376,-1.163007369,-1.191444143,-0.9770032434,-0.9977383577,-0.992478201,-1.052204235,-1.066205111,-1.38004203,-0.9331930835
2011-12-21,-1.295657216,-1.254392627,-1.435728922,-1.344013491,-1.177131824,-1.191444143,-0.9769326395,-0.9977383577,-0.992478201,-1.052204235,-1.066205111,-1.38004203,-0.9331930835
2012-01-01,-1.278571179,-1.25483598,-1.437157305,-1.344388555,-1.180956601,-1.191444143,-0.9769794257,-0.9977383577,-0.9923918914,-1.052160398,-1.066090953,-1.37762112,-0.9328276579
2012-01-11,-1.279484761,-1.232308181,-1.228683424,-1.328310742,-1.172618113,-1.186690055,-0.9766265459,-0.9853475909,-0.9919341846,-1.052160057,-1.066205111,-1.351844402,-0.9307262417
2012-01-21,-1.28141448,-1.244244477,-1.411258456,-1.344335988,-1.175323086,-1.178757346,-0.9770032434,-0.9972784025,-0.9902716399,-1.052164549,-1.066205111,-1.33379074,-0.93319009
2012-02-01,-1.21040061,-1.242537731,-1.429451712,-1.344388555,-1.180956601,-1.191294723,-0.9770032434,-0.9977383577,-0.992478201,-1.052204235,-1.066025654,-1.300110803,-0.9331930835
2012-02-11,-1.0555361,-1.144435276,-1.360565389,-1.06059693,-1.03274971,-1.178161173,-0.9770032434,-0.9963765229,-0.992478201,-1.051415114,-1.066174715,-1.050549095,-0.9331930835
2012-02-21,-1.194866857,-1.183902783,-1.273809417,-1.173271443,-1.161063588,-1.120988455,-0.9770032434,-0.9976593806,-0.9880241569,-1.048709469,-1.053079795,-1.17006286,-0.9331930835
2012-03-01,-1.074631848,-1.102638974,-1.353951843,-0.3545292192,-0.981973487,-1.186267484,-0.9770032434,-0.9965275112,-0.9924595123,-1.052204235,-1.066205111,-1.284023387,-0.9331930835
2012-03-11,-0.991348903,-0.9534123541,-0.87354845,-1.335916021,-0.9905472181,-0.6783330717,-0.9770032434,-0.8505958393,-0.9447433937,-0.8988796325,-0.9651598962,-0.4072585608,-0.9322445931
2012-03-21,-1.187951554,-1.230925342,-1.320237009,-1.284164285,-1.162605249,-1.191104584,-0.9770032434,-0.996773575,-0.9912626224,-1.051974209,-1.066205111,-1.334889898,-0.9331930835
2012-04-01,-0.728248224,-0.6478104529,0.4336486133,0.1208347086,-0.719881372,-0.5473129624,-0.9278968238,-0.9634941622,-0.9525990352,-0.8836097378,-0.9152684071,-0.3321274454,-0.927529118
2012-04-11,-0.117915745,0.1125754307,0.7015369313,1.734260961,0.03857372827,0.6358081145,-0.6637580607,-0.4141966517,-0.511997689,-0.05337605539,-0.2911941257,0.2692824592,-0.7640743196
2012-04-21,-0.452992747,-0.419839511,0.1164422956,0.6432745514,-0.3412625861,-0.2081471557,-0.8025044689,-0.570951059,-0.6869915768,-0.5386348211,-0.784137255,-0.3449138712,-0.9289443563
2012-05-01,0.1803770677,0.3318732433,0.5309927654,0.7440559947,0.5125543725,0.8618970567,-0.6758047409,0.3177866145,0.09340627498,0.2238588458,-0.2968300389,0.8720369826,-0.637195779
2012-05-11,0.9049860237,0.8680463761,0.9955438121,1.180187473,1.259402351,0.7248227511,0.4600208502,0.2008451418,0.6627163088,0.3357941618,0.5548407705,1.054363981,0.03906723687
2012-05-21,0.337794897,0.381467319,0.06412589439,0.4583236332,0.5663510011,0.4123003869,0.3243657877,0.2161352897,0.2462200376,0.2938780569,0.4052942493,0.2632998409,0.1862333866
2012-06-01,0.7054213653,0.9246371118,1.176750677,0.8842126903,0.6395364975,1.007653964,0.7137616138,0.6746199465,0.7150830523,0.9188004507,0.7360575764,1.327157611,0.4391905712
2012-06-11,0.6516859953,0.7422708406,0.6068989065,-0.3142042504,-0.07009403285,1.420426623,1.548731154,0.9879031104,-0.0377128143,1.906021633,1.245346512,0.7788996897,1.365088904
2012-06-21,1.14286211,1.269665422,1.150162311,1.628366091,1.221195208,1.071186113,1.090850174,1.160859477,1.335313771,0.9763911548,0.9972387162,1.110921122,1.683402351
2012-07-01,1.261087494,1.416095314,1.310681029,2.574381939,1.795670347,1.972056656,0.6998177207,1.298002638,1.137943404,1.197510545,0.6036800011,1.034632947,0.8521049324
2012-07-11,1.975798529,1.889059535,1.600552985,1.375135325,2.466753687,1.131843118,1.388273067,1.474688004,3.262894875,0.8389769818,1.471223186,1.429422733,1.185551952
2012-07-21,1.686198691,1.927817005,1.636060579,2.400852523,2.519115024,2.055421456,1.465422568,2.299927201,1.299483209,2.026539865,1.315002416,1.3132487,1.440576679
2012-08-01,2.480885861,2.27578725,1.750513193,1.592468043,1.881866449,2.272688133,2.595506431,1.968023669,2.014296658,2.616176743,2.298383817,2.298971766,2.65154196
2012-08-11,1.262171047,1.390988388,1.440241768,1.483475761,1.942762528,1.835797761,1.530907398,1.204478456,1.37601056,0.9877025571,0.7176229438,0.8461011354,1.060525852
2012-08-21,1.614367151,1.57575432,0.5927082655,1.618025763,1.913590139,1.258069499,1.326389118,1.492727744,1.653154712,1.452472406,1.327336712,1.39666208,1.485058767
2012-09-01,1.185586453,1.291539834,1.030567951,2.03096037,1.376936631,1.134842514,1.666656488,1.2709244,0.6583018869,1.095320907,1.190994443,0.8110044594,1.351381101
2012-09-11,0.769007033,0.78597434,0.1714511508,0.07225871425,0.5752099958,1.003476828,1.235678478,0.4295726526,0.5182620104,1.175446082,1.167892762,0.8336189008,0.6033325069
2012-09-21,0.847222681,0.7566670173,0.7150695485,0.9372174884,0.7916098624,0.1699789216,0.7114201787,0.6818026922,1.067829408,0.2818288709,0.8149112976,0.4633650725,0.642245456
2012-10-01,0.6687770951,0.5821255896,0.5132399832,-0.3529146385,0.3540629031,0.1919618807,0.2916418015,0.6641130173,0.6800281073,0.8971161044,0.7034180475,1.084562159,0.669991423
2012-10-11,0.1810494705,-0.1515160804,-0.2728889463,0.3123617026,-0.3736838625,-0.8364903653,-0.4010728481,-0.2666674854,0.05607505027,-0.2854136816,-0.1369700067,0.2217687668,0.4783547635
2012-10-21,0.704140642,0.5197315363,1.135506818,1.284722114,0.3293624787,0.02979047076,0.254830087,-0.2541722053,0.4281336534,-0.00447348509,0.3223012786,0.9373451333,0.2534964493
2012-11-01,0.1076921392,-0.0131001491,0.5754563066,0.7749822098,-0.0709856298,-0.4384344307,-0.27027614,0.2712097008,-0.1017313291,-0.1664276733,-0.2279645699,-0.2612084409,1.145922498
2012-11-11,-0.840382922,-0.9052626466,-0.1755432411,-0.3083285727,-0.8061026983,-0.9787258208,-0.9770032434,-0.990832501,-0.9757464905,-1.034827498,-1.034234526,-0.919176715,-0.9331880892
2012-11-21,-1.061162304,-1.012455527,-1.040525215,-0.1711362391,-0.7007918405,-1.16729058,-0.9761013791,-0.9977383577,-0.9919763384,-1.052167562,-1.065937221,-1.298626547,-0.9331930835
2012-12-01,-1.084013042,-1.114365928,-0.873367366,-0.8328291426,-1.016741775,-1.148421077,-0.9770032434,-0.9977383577,-0.9915094662,-1.052163922,-1.066205111,-1.251987199,-0.93315883
2012-12-11,-1.188934241,-1.157835744,-1.393170891,-0.764969322,-0.9784092026,-1.191444143,-0.9770032434,-0.9977383577,-0.9922343342,-1.052204235,-1.066165404,-1.373196514,-0.9331930835
2012-12-21,-1.243988409,-1.225933552,-1.437157305,-1.173079486,-1.111292783,-1.191444143,-0.9770032434,-0.9977383577,-0.9924331822,-1.052204235,-1.066205111,-1.38004203,-0.9331930835
2013-01-01,-1.247586738,-1.208369478,-1.410764564,-0.9779064506,-1.127032522,-1.191444143,-0.9770032434,-0.9977383577,-0.992478201,-1.052204235,-1.066205111,-1.38004203,-0.9331930835
2013-01-11,-1.157272034,-1.188701027,-1.265900083,-1.099210354,-1.122407773,-1.186760265,-0.9770032434,-0.9977279637,-0.9906775044,-1.052204235,-1.066205111,-1.248341853,-0.9331930835
2013-01-21,-1.099546365,-1.13957946,-0.9789515941,-1.181567488,-1.176979706,-1.081207121,-0.9770032434,-0.9787624462,-0.9924587325,-1.017784916,-1.042833425,-1.035031855,-0.9331930835
2013-02-01,-1.196790721,-1.228610773,-1.423660262,-1.185746176,-1.148863248,-1.191444143,-0.9770032434,-0.9977383577,-0.992478201,-1.052204235,-1.066205111,-1.34924714,-0.9331930835
2013-02-11,-1.171332442,-1.185152824,-1.436212964,-0.7403484738,-1.17600431,-1.166573308,-0.9770032434,-0.9977383577,-0.992478201,-1.050271929,-1.06618904,-1.31871373,-0.9331930835
2013-02-21,-1.086601153,-1.145375223,-1.018343144,-1.34358482,-1.172817865,-1.156769749,-0.9770032434,-0.9977383577,-0.992478201,-1.052204235,-1.061342,-0.8789460835,-0.9331930835
2013-03-01,-0.87933087,-1.009559849,-0.4524878398,-0.9789782335,-1.144266632,-1.043131618,-0.9767430851,-0.9888952009,-0.9750697205,-1.050626624,-1.065917628,-0.5690554561,-0.9276386948
2013-03-11,-0.767250533,-0.8602578426,-0.5603909082,-0.9943542363,-1.059894916,-0.7332242925,-0.9332699535,-0.9763511204,-0.9818993301,-0.6645137886,-0.6045562278,-0.5356198724,-0.9329281626
2013-03-21,-0.505546743,-0.4782988906,0.0867796237,0.1847949763,-0.4402492314,-0.4316769516,-0.7436500436,-0.7577229233,-0.9198904777,-0.9134595583,-0.5250196859,-0.157804394,-0.9322360353
2013-04-01,-0.406806563,-0.3536481802,1.057313494,0.9234691151,-0.4709817023,-0.1429039269,-0.9534672305,-0.7992090928,-0.8684088252,-0.7525821646,-0.878427194,0.09764912167,-0.8338336208
2013-04-11,-0.780336067,-0.6996597164,0.1182147238,-0.03839113163,-0.6129189837,-0.5010243299,-0.9770032434,-0.944938303,-0.9051292794,-0.840781784,-0.9593485129,-0.5681754146,-0.9331930835
2013-04-21,-0.145416579,-0.1910898586,0.3227684272,0.3369933446,-0.1118149375,0.09897776026,-0.3210340788,-0.5372051848,-0.7759151431,-0.3359151443,-0.4293750767,0.1243262907,-0.4728046003
2013-05-01,0.4660331463,0.7133631226,1.110135849,1.410942194,0.768497493,0.9919169959,0.5658505908,0.4511573542,0.4611753896,0.8717341946,0.2600226074,0.4844907156,0.1092050155
2013-05-11,0.2175138335,0.1060554738,-0.581767692,-0.9127273824,-0.1730206338,0.4739067069,0.1317386398,0.08378496606,0.0229364836,0.7332719434,0.4413660745,0.5435015963,0.2212664323
2013-05-21,0.3182875644,0.4293873363,0.4309939314,-0.5860840315,-0.1869934679,1.245915483,0.4525535796,0.7664582544,-0.1314404846,1.245843092,0.6163408601,0.9717704849,0.1930840927
2013-06-01,0.6138255479,0.6788813109,0.4084660987,-0.2306166069,0.5453918717,0.7147686175,0.8634587988,1.063869826,0.4929607035,1.04239039,0.55611089,1.055048804,1.192176228
2013-06-11,0.9051839294,1.245115754,1.061948081,0.8239966167,1.309477678,1.798512408,0.7538624552,1.084180309,0.8214432824,0.9329157025,1.197436102,1.458394408,0.6947472917
2013-06-21,1.189486256,1.11534513,0.5699757118,-0.1349856281,1.009482483,1.594250026,1.107973703,1.333159256,0.6268803574,1.489881766,1.24176589,1.436763695,1.443962681
2013-07-01,1.024650682,1.012882684,1.537567356,1.524511935,1.411207049,1.12598145,0.7092345799,0.7047525755,0.6752189821,0.5996956621,0.9172489994,0.2290302843,0.5759577616
2013-07-11,1.546432215,1.746378411,1.29460855,2.194882174,1.661205992,1.629450286,2.184872313,1.367110248,1.305108795,1.876536284,1.828648617,1.136600244,1.604418356
2013-07-21,1.467001113,1.49861999,1.069062599,0.8376714346,2.037316896,0.6534969548,1.975093807,1.179162866,0.889013664,1.021517826,1.839490941,1.182959794,2.06470003
2013-08-01,1.060254076,0.9316361333,0.8840852464,0.04252378945,0.495550848,0.5950957161,1.064283006,1.127058467,1.554120984,0.8985962685,1.125160746,0.8532302396,1.508611171
2013-08-11,1.461684043,1.472788614,1.246223561,1.258873789,1.424941865,1.078798896,2.243874967,1.311654944,1.705492119,1.168869343,1.335524884,1.090761763,1.771165147
2013-08-21,1.185244918,1.020273873,0.3099475623,0.1302654451,0.717663388,1.106663993,1.666260607,1.1838306,0.6929812414,1.322381568,1.202917812,1.222249358,1.787647602
2013-09-01,1.621596086,1.762384777,1.031450475,0.7252238608,1.605515344,1.751765633,1.726619766,2.258352757,2.027847074,2.174623605,1.40225822,1.933462016,2.263620115
2013-09-11,1.106365627,1.237213232,0.5636858516,0.5885492186,1.071605221,1.646268143,1.371578004,1.42759762,1.162302692,1.808243127,1.296973389,0.9740679322,1.292489347
2013-09-21,0.8780579097,0.9818218492,0.9745315209,0.4986672421,0.8396104756,0.9139273317,1.230854637,1.297249127,0.7940833592,1.037272338,0.9451335286,0.9026116476,1.397280298
2013-10-01,0.4343527885,0.3575957356,0.8124089948,0.4356238243,0.397713322,0.3114895213,-0.1694424868,0.3298959779,0.1361206205,0.1386659594,0.04476204943,0.7755756184,0.244949284
2013-10-11,0.2934890735,0.1319587423,0.8866637066,0.49936715,0.3514665599,0.2669129744,-0.3646372441,-0.6546376531,-0.1667078318,-0.209128638,-0.1992330948,0.5569329213,-0.8034223491
2013-10-21,0.1673801603,0.2478805191,0.3207092465,0.7889046718,0.1799270227,0.1367820713,-0.4973935232,-0.2349308484,0.4419064777,-0.2482624827,-0.2655287234,1.070736787,0.279052233
2013-11-01,-0.374635162,-0.4455435281,0.1096392109,0.6094322349,-0.008474723226,-0.7921756527,-0.9159573566,-0.8369745949,-0.5614658894,-0.8827929206,-0.7068050804,-0.5513470644,-0.759589058
2013-11-11,-0.794985494,-0.7878656568,-0.2783483758,0.5550904581,-0.6413085633,-1.033970639,-0.9770032434,-0.9976492535,-0.9733319119,-1.04136223,-1.004015436,-0.8537653221,-0.9331930835
2013-11-21,-0.90440483,-0.9599755838,-0.9910103948,-0.6384453161,-0.8030182269,-1.041003084,-0.9770032434,-0.9795714017,-0.9453023721,-0.9997088908,-0.9600090433,-0.8142222066,-0.9321253057
2013-12-01,-1.073973577,-1.079676633,-0.7367485733,-1.195688634,-1.132001683,-0.9275456978,-0.9749006079,-0.9972123588,-0.9810937456,-1.031280827,-0.9729793173,-0.9510010062,-0.9331930835
2013-12-11,-1.287839298,-1.250436305,-1.437157305,-1.324085788,-1.165534196,-1.191444143,-0.9770032434,-0.9977383577,-0.992478201,-1.052204235,-1.066205111,-1.379947641,-0.9331930835
2013-12-21,-1.282732435,-1.248413207,-1.432357945,-1.344388555,-1.180528953,-1.178446346,-0.9769727962,-0.9947446228,-0.992478201,-1.050730512,-1.063768475,-1.348705408,-0.9331930835
2014-01-01,-1.29418482,-1.253228957,-1.409477332,-1.344186549,-1.180600902,-1.191444143,-0.9770032434,-0.9977383577,-0.992478201,-1.052204235,-1.066205111,-1.38004203,-0.9331930835
2014-01-11,-1.277824657,-1.255229903,-1.437157305,-1.344388555,-1.180868107,-1.191444143,-0.9770032434,-0.9977383577,-0.992478201,-1.052204235,-1.066205111,-1.38004203,-0.9331930835
2014-01-21,-1.194353623,-1.196910865,-1.329690613,-1.344388555,-1.173798659,-1.111634166,-0.9767879379,-0.9964972943,-0.992478201,-1.043538596,-1.062249886,-1.098495683,-0.9331930835
2014-02-01,-1.14563165,-1.149637668,-1.011450965,-1.134106792,-1.166655936,-1.186284767,-0.9770032434,-0.9977383577,-0.9914163623,-1.052204235,-1.064302544,-1.033248228,-0.9331930835
2014-02-11,-1.265635511,-1.221454657,-1.353036436,-1.163343579,-1.17127756,-1.18401827,-0.9769547882,-0.9977383577,-0.9924731878,-1.051980209,-1.066026832,-1.325650831,-0.9331930835
2014-02-21,-1.065138086,-1.138811488,-1.324330241,-1.031412736,-0.932517082,-1.10341859,-0.9729800509,-0.9842295778,-0.9853700555,-0.9983924055,-1.039941965,-1.277590601,-0.9045647901
2014-03-01,0.030512851,-0.09842877585,0.2659116614,-0.4972609024,-0.7007347369,1.593875255,-0.9324598827,-0.7833598402,-0.5699082518,-0.6063598492,-0.460212292,1.694664019,-0.9315902496
2014-03-11,-0.492012368,-0.556230111,-0.4522253793,0.8917493405,-0.4219870968,-0.5611687263,-0.855516209,-0.9448931034,-0.4648046508,-1.008475198,-0.9708816977,-0.4486054354,-0.8734708502
2014-03-21,-0.738746959,-0.8504694414,-0.6283721679,-0.0172002354,-0.7894026476,-0.7061069336,-0.9731903986,-0.9840903776,-0.9909665566,-0.89150348,-0.9457074264,-0.8463378469,-0.9331930835
2014-04-01,-0.114396276,-0.09518593591,-0.01083544385,-0.1215847616,-0.1745885874,0.529838661,-0.2406792692,-0.1848163149,-0.6129573723,0.5641809245,-0.1564642913,0.05614835699,-0.3818119205
2014-04-11,0.108422908,0.1849243681,0.9835927512,-0.4027032865,0.1672695781,1.3091652,-0.1700845672,0.03558210556,-0.3673102104,0.3919189172,-0.02643188864,0.4643768447,-0.4012199329
2014-04-21,0.1333463834,0.111577078,0.6424899113,-0.5853401775,0.002397818137,0.7266421319,0.2277629324,0.1164436549,-0.0713915305,0.3965577345,0.04526463118,0.2036747864,-0.1681464873
2014-05-01,0.7223361781,1.074587852,1.460274802,0.9424098826,1.005659857,1.806844573,0.8659444708,0.8971365167,0.5041897467,1.314551595,0.6820231657,1.249704928,0.5110658153
2014-05-11,0.6486954685,0.5735147354,0.6950619592,0.4103089301,0.686932743,0.6173822879,0.3602908243,0.1498828112,0.6507848073,0.4452631885,0.3964590849,0.7482778128,-0.2762665827
2014-05-21,0.4569007301,0.6164062473,0.7101654013,1.14755711,0.9584877274,0.158557767,0.571620502,0.7415252083,0.6123511269,0.4205564986,0.1910751966,0.3423676213,0.4397189465
2014-06-01,0.699003636,0.8509094117,1.266973413,1.561733655,0.6046214041,0.7520421366,0.5094059724,0.4618560461,0.4232229703,0.4722741581,0.7091953619,1.151442974,0.1571416533
2014-06-11,0.7360036625,0.9954898883,0.9796951816,0.3012628393,0.7097687809,1.869025082,1.052956813,1.766237279,0.4665461886,1.69738453,0.8459930285,0.8147716952,1.435138465
2014-06-21,0.499387482,0.538204482,0.5169814854,-0.2931970704,-0.1519998252,0.9204672518,0.9342709269,0.5029005123,0.1867385167,1.113613064,0.8752273292,0.9236693752,0.6591831342
2014-07-01,1.148135001,1.28982551,0.4451038999,1.495038996,1.119388178,0.7349353959,1.426804489,1.2413579,1.275889343,1.263984589,1.86376852,0.624217932,1.248875037
2014-07-11,0.9179175825,0.8589500236,0.8039561471,0.5236106655,1.252928257,0.7058488809,0.4713459781,1.475612482,1.29256772,0.9017301871,0.434391652,0.3218238351,1.182595485
2014-07-21,0.9206714949,0.9214974122,0.6675942157,1.049555433,0.8798231353,0.6407021696,0.9751231963,1.068035647,1.387509148,1.04854714,0.8368177969,0.2239236439,1.693982398
2014-08-01,1.287632508,1.210258338,1.093255772,1.518836513,0.9784505285,1.030694241,1.326243264,1.611075266,0.6612854522,1.1770572,1.247651368,0.9250342436,1.839815427
2014-08-11,1.389192299,1.189037952,0.6060979018,0.7108590229,0.9628923052,0.702919666,1.033170776,1.29398945,2.140894001,0.641738277,1.337374235,0.96604728,1.523116675
2014-08-21,1.461436165,1.621718911,0.8044600171,2.486042443,2.180767613,1.276402055,1.245819824,1.548747939,1.851076101,1.340976408,1.157551271,0.8251227152,1.68187639
2014-09-01,0.8097677813,1.047825127,1.23362309,0.8116310768,1.23186394,0.9146620158,1.467125288,1.386350213,0.43578577,0.9069238819,1.096050744,0.5723622394,1.130023176
2014-09-11,1.050478372,0.9176804781,0.6490060155,0.1404397582,0.9275001745,0.8811251743,0.6113422269,1.535510422,0.8549194112,1.098696094,0.7865347195,1.056862308,1.136007419
2014-09-21,0.9394989737,0.9759062233,0.6574202559,0.4096742693,1.211521602,0.9499546245,0.7268545019,1.018928364,0.6015234825,0.8124005074,1.019832201,1.083028802,0.9042327627
2014-10-01,0.4075670411,0.4251918705,0.50536654,0.3109181051,0.7225269471,0.5269700896,-0.349428136,0.8864366476,0.616723157,0.3361384596,-0.1589290545,0.5807529874,0.4729483178
2014-10-11,0.8269859492,0.9616795653,1.213333454,1.478939628,1.152022003,0.960440293,-0.01680405642,0.3919386747,1.30615712,0.3008180873,0.2569051712,1.400378926,0.3017304635
2014-10-21,0.4099162161,0.5104003827,0.7436201038,-0.3883320975,0.3369229474,0.3601777488,0.0603099357,0.7737065772,0.4564986584,0.434476116,0.4016028127,1.20930645,1.056641211
2014-11-01,-0.826594601,-0.8468830084,-0.3820336911,-0.614195389,-0.5788122984,-0.8739888931,-0.9770032434,-0.9649354162,-0.8380373554,-1.020433567,-1.015938942,-0.7171721712,-0.9331930835
2014-11-11,-0.7143812,-0.6374143742,0.1305716706,0.3966461111,-0.5727796043,-0.8946835566,-0.7384651111,-0.8443477089,-0.897692127,-0.8524713485,-0.7228389427,-0.7393358151,-0.9295237068
2014-11-21,-0.601009499,-0.5745102399,-0.4133397326,1.50762157,-0.2245570461,-1.060425892,-0.9712423951,-0.9782581479,-0.898568893,-1.008983895,-0.7475042984,-0.8973261353,-0.9331930835
2014-12-01,-1.180576744,-1.216163019,-1.340600843,-1.239840286,-1.122771611,-1.182392019,-0.9770032434,-0.9947463472,-0.9919602235,-1.052095462,-1.065475729,-1.31042867,-0.9331930835
2014-12-11,-1.229061662,-1.249735646,-1.437157305,-1.309787566,-1.17584209,-1.191444143,-0.9770032434,-0.9977383577,-0.9919620608,-1.052204235,-1.066103375,-1.372418431,-0.9331930835
2014-12-21,-1.296819019,-1.253145422,-1.415466127,-1.344019269,-1.177985375,-1.191444143,-0.9770032434,-0.9977383577,-0.992478201,-1.052204235,-1.066205111,-1.38004203,-0.9331930835
2015-01-01,-1.301316528,-1.255244345,-1.437157305,-1.344388555,-1.180956601,-1.191444143,-0.9770032434,-0.9977383577,-0.992478201,-1.052204235,-1.066205111,-1.38004203,-0.9331930835
2015-01-11,-1.302165302,-1.255244345,-1.437157305,-1.344388555,-1.180956601,-1.191444143,-0.9770032434,-0.9977383577,-0.992478201,-1.052204235,-1.066205111,-1.38004203,-0.9331930835
2015-01-21,-1.189310993,-1.204054379,-1.352780768,-1.344223994,-1.176571976,-1.157494729,-0.9639230343,-0.9976173599,-0.992478201,-1.050805197,-1.066183924,-1.108674012,-0.9228695437
2015-02-01,-1.127072301,-1.165197307,-1.232026413,-1.340724916,-1.148339681,-1.180941076,-0.9761976964,-0.9977130259,-0.992478201,-1.052035456,-1.047126705,-0.9515191781,-0.9330867983
2015-02-11,-1.145119677,-1.185161899,-1.134622246,-1.337372427,-1.179033206,-1.191444143,-0.9770032434,-0.9977383577,-0.992478201,-1.052204235,-1.065074204,-1.064983862,-0.9331930835
2015-02-21,-0.893079294,-0.8652416306,-0.5510313322,-1.092065062,-0.9866021508,-0.2205500412,-0.9622695266,-0.991356611,-0.992478201,-0.9352187789,-0.8549351596,-0.3760804234,-0.9313448526
2015-03-01,-0.247466816,-0.3364336071,-0.3310978056,-1.089358373,-1.016538861,0.7910311191,-0.7989051039,-0.8831003935,-0.8740457433,-0.7873831611,-0.1341169448,1.402160504,-0.9216506053
2015-03-11,-0.88068352,-0.8150797173,-0.394378088,-1.307276738,-1.035278935,0.2569267297,-0.9308341216,-0.8503472455,-0.9834521684,-0.8278932351,-0.7304191813,-0.4193910485,-0.9292500585
2015-03-21,-0.369230357,-0.3120116028,-0.5152230854,-0.3453599978,-0.5894590241,-0.464583142,0.484771292,-0.3991566687,-0.5618573532,-0.1236905558,-0.006503425136,-0.2054731193,-0.05908653686
2015-04-01,-0.372844254,-0.2819950695,0.6968586512,0.9583369693,-0.311126567,0.05987648054,-0.8968740809,-0.7085019721,-0.7203730977,-0.6767727578,-0.7601827218,0.06951483623,-0.7750576815
2015-04-11,-0.749987588,-0.611702032,-0.0906981419,1.336081025,-0.5456896027,-0.7243646178,-0.9770032434,-0.7656661027,-0.8874450738,-0.5947736412,-0.8877020823,-1.016699928,-0.9281046612
2015-04-21,-0.541056133,-0.5383347326,-0.344593398,0.08769394677,-0.3335744074,-0.1756220609,-0.8837531051,-0.7612059937,-0.5811195274,-0.8095804509,-0.9505145335,-0.243817296,-0.8620501782
2015-05-01,0.5213285939,0.6195917688,0.4441643726,0.780105204,1.151013259,0.7862367369,0.2723083153,0.3810779573,1.065937811,0.3125922504,-0.03534097462,0.4405266213,0.5151483371
2015-05-11,0.4727373283,0.3785405642,0.1174004055,-0.5300173381,0.3726609186,0.4168527633,0.1494874363,-0.1771589528,0.4889483566,0.2134381433,0.5071697231,1.102371806,-0.4794168792
2015-05-21,0.3714661511,0.5111775949,0.5553398823,-0.313302651,0.4640604736,0.7904853864,0.7231510528,0.7632778692,0.09673101039,0.5968965741,0.3845155122,0.9821142601,0.1582028291
2015-06-01,0.8552217299,0.8323615742,1.025239819,1.737798571,0.9502613409,0.179852219,0.8408766941,0.1830615402,0.6535367248,0.4235767211,0.6912459658,0.6819461024,0.5940669968
2015-06-11,1.025027429,1.303762176,1.682129741,1.165490754,1.312417084,1.564359841,0.5411346637,1.658105698,0.7472854837,1.59729607,1.062797599,1.198362345,1.198954575
2015-06-21,0.7695456697,1.093145136,0.9215933602,0.05405527361,0.7968837326,1.582903331,1.373581029,1.220034222,1.013563397,1.48375858,1.224546494,0.9628717135,1.454493767
2015-07-01,0.528943565,0.06154692217,-0.5561370469,-0.9833937634,-0.6419499988,-0.4168238086,1.120520959,-0.06487904993,0.02062900876,0.2277993392,1.368674496,-0.04667488638,0.3157241098
2015-07-11,1.476386585,1.63456084,1.889078466,-0.01836626085,1.292976651,1.848814221,1.747118735,1.736840311,1.279861692,2.409677768,1.941831874,1.561318507,1.501456286
2015-07-21,0.9689877308,0.8943439296,0.3656522986,1.463264486,1.010601079,0.627456453,1.173176112,0.6131265188,1.050817963,0.6705827262,0.8897885276,0.310417086,0.8170253668
2015-08-01,1.777255953,1.548425516,0.57676675,0.387782792,1.185576871,1.187115004,1.454542516,1.566936865,1.835907151,1.941958554,2.117793138,1.482872513,1.59463689
2015-08-11,1.46256505,1.269803805,0.6731096913,0.139696943,0.9523602591,0.7474141993,1.417885375,1.595316572,1.75889636,1.684677817,1.684416399,0.9849585717,1.421343022
2015-08-21,1.417441255,1.316341609,0.1740730039,-0.3602129627,0.6929438439,1.567961371,1.542512522,1.941254579,1.816363756,1.915184858,1.746765829,1.345306573,1.688725148
2015-09-01,1.138508947,1.086069162,0.6370391055,1.002064808,1.432279567,1.258954818,0.1019607626,1.740088491,1.371134368,0.7757272336,0.7569784385,0.767046289,0.8456612122
2015-09-11,1.01043958,0.8432296255,0.448994939,-0.6498283422,0.87711237,0.6055876188,1.093079727,1.421983412,1.094567103,0.877594583,0.8905138119,0.9787876662,1.263316655
2015-09-21,0.4127911137,0.5011842198,0.1195884109,-0.05471805446,0.5275107915,0.2016766128,0.4473605448,0.6820110113,1.001406564,0.4988447349,0.6288009729,0.2912313436,0.5312209289
2015-10-01,0.574258579,0.3450761322,0.9887384105,0.01180628616,0.3172657347,-0.2254548231,0.2714707164,0.2498862103,0.872183715,-0.2348788997,0.3120189959,0.3397385781,0.3523558155
2015-10-11,0.9012800763,0.8194811546,1.466147424,0.7060733512,0.6731631858,0.3734986722,0.7913333499,0.496668885,1.081514249,0.3416203295,0.8276651612,0.7855694498,0.125346225
2015-10-21,1.153697041,1.212705092,1.522305057,1.499671773,0.8155963961,0.7762806908,0.795658799,0.6380983719,1.189278334,0.8033774344,1.334132159,1.468032811,0.5209441646
2015-11-01,-0.406143084,-0.3895431127,0.7019402406,1.59308049,-0.1714417879,-0.6788327817,-0.754457292,-0.8841424706,-0.8469173918,-0.8371821831,-0.88030753,-0.5302415076,-0.9070375934
2015-11-11,-0.812090134,-0.7044212072,-0.005988850465,0.4963006019,-0.4055161104,-0.8735330569,-0.7408217924,-0.9545207574,-0.9483875678,-0.9619195397,-0.8966348765,-1.043516957,-0.9330909881
2015-11-21,-1.068230239,-0.9980140068,-0.5044613189,-0.868789892,-0.7795530919,-1.084118888,-0.9324027318,-0.9940024828,-0.965230531,-1.022042444,-1.006829184,-1.076107075,-0.9322452971
2015-12-01,-1.111516084,-1.091214873,-1.266033357,-0.8259641294,-0.8233372523,-1.049590006,-0.9767800078,-0.9721158112,-0.927375313,-1.030343138,-1.058822138,-1.283561683,-0.9331930835
2015-12-11,-1.25750882,-1.215853757,-1.437157305,-0.952319082,-1.170994949,-1.191444143,-0.9770032434,-0.9977383577,-0.992478201,-1.052204235,-1.066205111,-1.38004203,-0.9331930835
2015-12-21,-1.283510553,-1.251179783,-1.437114864,-1.312010013,-1.175926171,-1.191444085,-0.9770032434,-0.9977383577,-0.992478201,-1.052204235,-1.066205111,-1.379863946,-0.9331930835
2016-01-01,-1.293902013,-1.252041473,-1.430874992,-1.344388555,-1.180639638,-1.191386366,-0.9768186486,-0.9977383577,-0.992478201,-1.052204235,-1.0661312,-1.362275927,-0.9331930835
2016-01-11,-1.277408405,-1.235326783,-1.320566609,-1.244496625,-1.171697036,-1.19082014,-0.9770032434,-0.9977312011,-0.9919392032,-1.052204235,-1.066205111,-1.377089645,-0.9331930835
2016-01-21,-1.290369195,-1.254818509,-1.437157305,-1.34436605,-1.180956601,-1.191444143,-0.9770032434,-0.9977383577,-0.992478201,-1.052204235,-1.066205111,-1.377231512,-0.9331930835
2016-02-01,-1.302135711,-1.255244345,-1.437157305,-1.344388555,-1.180956601,-1.191444143,-0.9770032434,-0.9977383577,-0.992478201,-1.052204235,-1.066205111,-1.38004203,-0.9331930835
2016-02-11,-1.291876556,-1.249722049,-1.392740999,-1.324531161,-1.180956601,-1.191444143,-0.9770032434,-0.9977383577,-0.992478201,-1.052204235,-1.066205111,-1.375855565,-0.9331930835
2016-02-21,-1.268245805,-1.240906983,-1.365489625,-1.335729166,-1.176104918,-1.187273715,-0.9770032434,-0.9945497108,-0.9859871837,-1.051133229,-1.066191666,-1.337599959,-0.9331930835
2016-03-01,-0.325186199,-0.4732988451,0.01643785446,-0.2397481018,-0.902926433,-0.1460856221,-0.9763976362,-0.9582977315,-0.9908332748,-1.011681776,-0.6512328673,1.031088424,-0.9331930835
2016-03-11,-0.498983243,-0.6790487379,-0.8429312993,-0.9873184342,-0.5440528026,-0.3115749651,-0.971075751,-0.9962896929,-0.6127895621,-0.9400151772,-0.8559082333,0.1398341517,-0.9331930835
2016-03-21,-0.571239052,-0.5706748037,-0.4114258916,-0.9178417886,-0.9987565762,-0.2795780073,-0.1860246412,-0.7800860491,-0.9595179446,-0.3342210157,-0.2701249867,0.01069005666,-0.6616661417
2016-04-01,-0.407829966,-0.3869691393,0.703404719,0.07461344014,-0.6035561081,-0.30641074,-0.7635455257,-0.753541799,-0.724726047,-0.8411920983,-0.5839267646,0.2668600699,-0.768805946
2016-04-11,0.000291599,0.320139463,1.483673803,0.8176025023,0.1866006087,1.367381413,-0.4179714828,-0.1741270132,-0.4140129563,0.5502030461,-0.1166426149,0.5990384273,-0.6079567175
2016-04-21,0.040837566,0.2949750326,1.193863633,1.150574071,0.3288906824,1.00617959,-0.3920365621,-0.08865783831,-0.2529960563,0.2371026782,-0.2790764127,0.5075530604,-0.5286857795
2016-05-01,0.6758257786,0.8295271531,1.025694199,0.8601830755,1.230868193,0.9283137023,0.1682477558,0.5570197519,1.202458639,0.3466788353,0.3404950472,0.7836410865,-0.09516951432
2016-05-11,0.4308271005,0.6792591608,0.5925409751,0.342016352,0.9135563172,0.8238991315,0.4986617343,0.9161971432,1.198717539,0.6013018699,0.1495824827,0.5762582835,0.4142026818
2016-05-21,-0.052126673,0.05744404015,0.1429406142,-0.4928911741,-0.3805556058,0.7812487438,-0.3086202124,0.2941125015,-0.1992021462,0.7435829983,0.001853743157,0.5967931903,-0.1849984347
2016-06-01,0.5939221253,0.570349681,0.431328623,-0.7385281671,0.1835521241,0.8339175289,1.046857376,0.8886001594,0.4607372277,1.16520055,1.042915436,0.4600244358,0.5385181304
2016-06-11,1.387551312,1.592106805,1.716447091,0.4814322563,1.457623016,2.049810587,1.732444387,1.300441474,0.9797750576,1.617000961,1.617472216,1.9351435,1.136199233
2016-06-21,0.556420617,0.5736394624,0.2208197223,0.4846333605,0.3935274317,0.9030714709,0.7020839371,0.6028406732,0.2293239718,0.4548085721,0.7771435741,0.5400728596,0.725086764
2016-07-01,1.068442653,1.443060088,1.360320232,0.8665846967,1.921834729,1.864698865,2.06177004,1.375095574,0.5861634821,1.602114409,1.606280206,0.5135486832,1.355119789
2016-07-11,1.615629256,1.239399089,0.851753156,0.06693192238,1.431648552,1.114791735,0.6194404044,1.200289529,2.611685757,0.8712576071,1.108393451,0.9441344077,0.9305764966
2016-07-21,1.551610712,1.57765927,1.449613492,1.385785782,1.332520998,1.575122912,1.512144994,1.530797822,2.167637438,1.84888009,1.260318192,1.180140805,1.648491357
2016-08-01,1.479641724,1.495685388,1.248620868,1.010423165,1.136750849,1.182386091,1.869948566,1.227129073,1.200419202,2.08342392,1.958171109,1.192108542,0.8320441874
2016-08-11,0.8933215911,0.678072989,-0.06901148016,-0.5379990862,0.2176676828,0.4427391131,1.18551515,0.707069156,1.141006608,0.9851697201,1.003162291,0.9874384124,1.130718715
2016-08-21,0.420325424,0.3945361303,-0.2057169064,-0.2192830272,0.2322878403,0.4414209614,0.6547767194,0.7388910876,0.4677611207,0.631497522,0.387618371,0.6223567688,0.7443024741
2016-09-01,0.785828234,0.6072246187,0.3195229081,-0.6995232621,0.390955358,0.5916005688,0.6958050612,1.327861268,0.7714715445,1.235326368,0.6352318678,0.749568826,1.060545866
2016-09-11,0.80689069,0.7373859088,0.1083372575,0.5054563828,0.6378522675,0.2688121,1.404151982,0.6838414975,0.7425820464,0.4577001326,0.9807019048,0.6423850712,1.357057068
2016-09-21,0.5623628169,0.6520011077,0.3059019767,0.686480246,0.7706227408,0.6455150722,0.5522162551,0.3771983994,0.532504525,0.594020103,0.5390998881,0.7293032843,0.6363769965
2016-10-01,0.686663128,0.5750537896,0.422716752,-0.05358911566,0.3872594861,0.07885600505,0.5279401757,0.5245561413,0.9775949088,0.6409720065,0.8284548146,0.5764014209,0.7944174639
2016-10-11,0.473295063,0.2851543886,0.1610318089,-0.4277624556,-0.2027204246,0.1236749182,0.7468410075,0.4511910548,0.4529180441,0.3754072875,0.3326144046,0.7958851144,0.902026948
2016-10-21,-0.323364511,-0.2778702474,-0.2316504684,0.4302176412,0.1048904562,-0.1982561876,-0.6690907657,-0.2122397346,-0.08093596336,-0.3821599151,-0.6971618538,-0.5082981854,-0.7488487196
2016-11-01,-0.867404535,-0.9003826834,-0.3098055086,-0.5353998747,-0.7616610966,-0.9630594788,-0.9762796921,-0.988331756,-0.9457693098,-1.038426371,-1.062256303,-0.732208294,-0.9331930835
2016-11-11,-0.789010474,-0.7820287344,-0.03367017161,-0.4466349021,-0.8178450449,-0.8794653784,-0.8861477221,-0.9358385081,-0.9700369841,-1.012400296,-0.6284070114,-0.707749581,-0.9331881567
2016-11-21,-0.728646482,-0.6788490652,0.1916601971,-0.02789959335,-0.1824982668,-0.8373460507,-0.8984788884,-0.9739365468,-0.9832024199,-1.034031951,-0.9626933032,-0.7228863163,-0.9303867888
2016-12-01,-1.167976769,-1.156382179,-1.280508286,-1.22892333,-1.057695689,-1.156336434,-0.9770032434,-0.9977383577,-0.9632985642,-1.038927872,-0.9814358546,-1.17487746,-0.9331930835
2016-12-11,-1.282815932,-1.237224104,-1.331403227,-1.311083894,-1.14694787,-1.191232229,-0.9770032434,-0.9966845824,-0.9916651096,-1.052032358,-1.066205111,-1.37349277,-0.9331930835
2016-12-21,-1.29969757,-1.252001094,-1.436342143,-1.341162314,-1.167292134,-1.191223029,-0.9770032434,-0.9977009943,-0.9921396261,-1.052204235,-1.066205111,-1.378307252,-0.9331930835
2017-01-01,-1.297064353,-1.255244345,-1.437157305,-1.344388555,-1.180956601,-1.191444143,-0.9770032434,-0.9977383577,-0.992478201,-1.052204235,-1.066205111,-1.38004203,-0.9331930835
2017-01-11,-1.26495739,-1.254058857,-1.43326115,-1.343480196,-1.179788271,-1.188989537,-0.9770032434,-0.9977383577,-0.992478201,-1.052204235,-1.066205111,-1.377099799,-0.9331930835
2017-01-21,-1.238717104,-1.24326995,-1.431465737,-1.301488668,-1.180956601,-1.191444143,-0.9770032434,-0.9977383577,-0.992478201,-1.052204235,-1.065552222,-1.331486812,-0.9331930835
2017-02-01,-1.251861912,-1.251020492,-1.417575911,-1.34163934,-1.180191967,-1.191444143,-0.9770032434,-0.9977383577,-0.992478201,-1.052204235,-1.066205111,-1.36389846,-0.9331930835
2017-02-11,-1.018170124,-0.994793792,-0.9275416197,0.4189062825,-0.955252292,-1.191444143,-0.9770032434,-0.9977383577,-0.9886215652,-1.052204235,-1.066205111,-1.287922804,-0.9331930835
2017-02-21,-1.085231799,-0.9958200456,-1.101620362,0.4360859655,-0.8791735457,-1.128099399,-0.9770032434,-0.9971696044,-0.9900823816,-1.052204235,-1.066205111,-1.34735125,-0.9331930835
2017-03-01,-1.032893792,-1.131866629,-1.140056171,-1.32744976,-1.009711223,-1.084424239,-0.9770032434,-0.9776588421,-0.992478201,-1.052204235,-1.065846098,-0.9795830771,-0.9331930835
2017-03-11,-0.656043687,-0.9816848587,-0.8024433116,-0.5833286993,-0.992899212,-0.9400309005,-0.9770032434,-0.9823106142,-0.9914073877,-1.003423365,-1.02821884,-0.7656892803,-0.9331930835
2017-03-21,-0.770018463,-0.9461059326,-1.078566986,-0.5185516066,-1.08725853,-0.9711012783,-0.9694735635,-0.9735594555,-0.992478201,-0.9016653332,-0.7875138343,-0.6725724959,-0.9331930835
2017-04-01,-0.442580455,-0.7245218101,-0.889616716,-0.9334789727,-0.8388589145,-0.6622248551,-0.8770673093,-0.9658056502,-0.9544207212,-0.6510089589,-0.6673298168,0.1746030113,-0.7329900001
2017-04-11,-0.594127705,-0.6492013787,-0.3950956005,-0.4843570684,-0.7662347241,-0.2586484585,-0.7810800058,-0.774255653,-0.8981575114,-0.6061591232,-0.6062202557,-0.3631196688,-0.7447115979
2017-04-21,-0.012338084,0.002738554479,1.253925989,0.140569356,-0.1869626851,0.7267263056,-0.5495981838,-0.5486130445,-0.3802370513,-0.2727353955,-0.3906112837,0.671340948,-0.8514014696
2017-05-01,0.2214686718,0.08899711123,0.5566525837,0.09426703933,0.2415721134,0.339161037,-0.3634164211,-0.4064734864,-0.2094692372,-0.4193091022,0.1425878039,0.3264832218,-0.6191672898
2017-05-11,0.774934182,0.8510969032,0.8027778565,0.8408892258,1.209902125,0.8550121842,0.6238619318,0.8183272753,0.9085318084,0.556811359,0.537602497,0.6237615643,0.5647162326
2017-05-21,0.2286877311,0.3297157815,0.6745604624,0.3279653177,0.205456602,0.2996570045,0.1342479488,0.1241793074,0.242798738,0.3949920266,0.3146710497,0.4365216796,-0.06365516163
2017-06-01,0.5235891862,0.7166014913,0.6255155479,0.5803752598,0.7746108044,0.6631485608,0.5493371846,0.9450168648,1.241105156,0.8083587922,0.4029546902,0.4301010799,0.3770915976
2017-06-11,0.8089651348,0.5805774196,0.6938373539,-0.6581763517,0.01216398891,0.3849613167,0.8400333916,0.9844370289,0.8674551574,0.9115347921,0.9110686599,0.7363373568,0.9412382779
2017-06-21,0.8221782745,0.6562872768,1.506521462,0.3934819702,0.8068116165,0.3573092457,0.4895394437,0.5352988619,1.009036439,0.4639918838,0.4922289793,0.2201544666,0.5332509736
2017-07-01,1.424233969,1.496738817,1.238555355,2.468794678,1.642498598,1.282298676,1.063856741,1.029189616,1.19372484,1.161169649,1.47158371,0.9851764568,0.9020162196
2017-07-11,1.285949636,1.289649424,0.4472559321,1.496374551,1.714940902,0.7480657255,1.099356259,1.225778117,2.349448764,1.204469232,0.8448089455,0.5761306626,1.103675
2017-07-21,1.587227645,1.47590387,1.459666723,0.9416637942,1.772687151,1.34738567,1.670896777,2.128588073,1.999014836,1.252701449,1.037598919,0.6628196127,1.956575335
2017-08-01,1.301367499,1.183305999,0.6871230763,0.8133339961,0.810573677,0.9410647045,1.588744028,1.194231487,1.160179425,1.201322432,1.687771148,0.7829178474,1.569966699
2017-08-11,1.531354771,1.282692481,0.6909791013,0.06445769819,0.8721790641,0.9219727936,1.707625589,1.53830615,1.567438395,0.9273182081,1.692031964,1.430076732,1.893107357
2017-08-21,1.171783265,1.344037915,1.209901918,0.9935858291,1.93605582,1.570547269,1.094936164,2.271927899,1.33245694,1.242296409,0.778248891,0.5970580391,1.62697784
2017-09-01,0.9986738318,1.045385953,1.148045599,1.075636024,1.251459438,1.118750729,0.6619428517,1.608464068,1.011519756,0.9065617716,0.4782499261,0.9061055624,1.007687354
2017-09-11,1.149657211,1.334009113,1.857157853,1.48419249,1.306667415,1.361964937,0.9646110846,0.9133977116,1.296749748,1.35712168,0.8813400747,1.328141726,0.8680970204
2017-09-21,0.8638240618,0.7970075285,0.6861501962,0.7375207519,0.802617616,0.3910151215,0.6365472174,0.9791733039,0.9629222778,0.7143387231,0.6525594958,0.7251265458,1.041182478
2017-10-01,0.579536503,0.4159099214,0.07400720475,-0.4387646685,0.2072763169,0.4567456722,0.3809212337,0.6551153678,0.668702204,0.5497887894,0.5887792727,0.585941836,0.4995656283
2017-10-11,0.000375502,0.248747775,1.260390247,1.678522649,0.4308243969,0.2599454608,-0.2561496043,-0.3918381071,-0.04403982658,-0.5328549992,-0.3824611284,0.4128634291,-0.5061309315
2017-10-21,0.06517007,-0.06227821842,-0.1783614318,-0.03341045813,-0.24353213,-0.4656637732,0.2568191826,-0.5264908118,-0.1352982488,0.03335142724,0.1213729124,0.2790394348,-0.2013150472
2017-11-01,-0.495160802,-0.479623251,0.06063090586,0.1770779071,-0.3383868502,-0.9042041307,-0.6319438005,-0.6078621506,-0.4522572922,-0.678683728,-0.6423792815,-0.4560478345,-0.8961208157
2017-11-11,-0.910649948,-0.9594334786,-0.8029621739,-0.6510321805,-0.775170583,-1.014451401,-0.9602609517,-0.9742826471,-0.8843997598,-1.045269805,-0.9566401571,-0.974333965,-0.9221372169
2017-11-21,-1.173141693,-1.110725136,-1.05467687,-0.6918738105,-0.9505397276,-1.060698347,-0.9770032434,-0.9977383577,-0.9918090464,-1.052204235,-1.066205111,-1.352681425,-0.9331930835
2017-12-01,-1.238083285,-1.224179895,-1.400479087,-1.152595767,-1.151902984,-1.175860606,-0.9770032434,-0.9962083085,-0.9884340143,-1.052204235,-1.066205111,-1.359304129,-0.9329706844
2017-12-11,-1.294982057,-1.254715524,-1.437157305,-1.343236661,-1.180797945,-1.191444143,-0.9770032434,-0.9977383577,-0.992478201,-1.052204235,-1.066205111,-1.377497429,-0.9331930835
2017-12-21,-1.265651932,-1.254504831,-1.437157305,-1.342064331,-1.178449764,-1.191174373,-0.9770032434,-0.9972352876,-0.992478201,-1.052204235,-1.066205111,-1.38004203,-0.9331930835
2018-01-01,-1.302061992,-1.255240793,-1.437157305,-1.344388555,-1.180956601,-1.191444143,-0.9770032434,-0.9977383577,-0.992478201,-1.052204235,-1.066205111,-1.38001804,-0.9331930835
2018-01-11,-1.293480589,-1.255214703,-1.437157305,-1.344080841,-1.180956601,-1.191444143,-0.9770032434,-0.9977383577,-0.992478201,-1.052204235,-1.066205111,-1.38004203,-0.9331930835
2018-01-21,-1.297857078,-1.255237604,-1.437157305,-1.344388555,-1.180920618,-1.191444143,-0.9770032434,-0.9977383577,-0.992478201,-1.052204235,-1.066205111,-1.38004203,-0.9331930835
2018-02-01,-1.252234714,-1.241999526,-1.432976496,-1.343140225,-1.17933739,-1.191001702,-0.9770032434,-0.9956513135,-0.992063296,-1.046860079,-1.05857542,-1.310789277,-0.9331930835
2018-02-11,-0.983396653,-1.102339673,-0.9363477551,-0.9779341319,-1.172124154,-1.189749806,-0.9767887307,-0.9977383577,-0.9924721942,-1.052204235,-1.030841663,-0.8889102121,-0.9331930835
2018-02-21,-0.479183073,-0.3880885981,-0.3666020716,0.1670615284,-0.7126273702,-0.04477294936,-0.7231737785,-0.9398314607,-0.9657848376,-0.6582719835,0.07205552909,0.04230803861,-0.9331930835
2018-03-01,-0.421295488,-0.2001461345,-0.19027966,1.699674509,-0.978920435,0.8522518369,-0.903387472,-0.8663452077,-0.992478201,-0.7253305473,-0.4170215059,0.8619347214,-0.9331930835
2018-03-11,-0.533904439,-0.4126124949,0.3309386943,0.9619935005,-0.4801605843,0.05645256821,-0.8934080978,-0.7228288097,-0.9901870086,-0.6764091213,-0.7712992393,-0.1829115104,-0.9331930835
2018-03-21,-0.066738226,-0.05878180177,-0.2161307606,-0.1672672852,-0.1217644685,0.4260746084,-0.09796446735,-0.4269735754,-0.6222747591,0.4954928804,0.1694759793,0.0751294525,-0.4905535185
2018-04-01,-0.532656962,-0.4052169494,0.3172280336,0.8932068609,-0.2700892971,-0.1172727504,-0.8681634365,-0.6042673518,-0.78824142,-0.5214066664,-0.817720091,-0.4888310008,-0.836623224
2018-04-11,-0.214068352,0.04881167442,0.6907483826,2.204502623,0.3373196003,0.4485023186,-0.8042858331,-0.5480054059,-0.6549354,-0.3239785775,-0.7491415974,0.2029746933,-0.9018615306
2018-04-21,-0.362694598,-0.3218879493,0.3113049562,-0.05588468572,-0.4233281214,-0.1013661541,-0.7975572334,-0.5784739623,-0.565426231,-0.3593106287,-0.5624821373,0.2511945375,-0.8318477522
2018-05-01,0.2445417925,0.1457361344,-0.2670377145,-0.2502226899,0.2506300761,0.1055699752,-0.002387530544,-0.2210545262,0.4030835842,0.04208392882,0.4114210888,0.1711639974,-0.3590505872
2018-05-11,0.8719783373,0.8624178,1.009234642,1.496022123,1.264106504,0.7773965163,0.6963539358,-0.1268354155,0.3478665229,0.1997937095,0.8608990499,0.7636998376,-0.3421952587
2018-05-21,0.572948823,0.7825767829,1.056260536,1.416138194,1.394202589,0.5718985798,0.07353288488,0.8511375919,0.9459287431,0.1455310091,0.009016735881,0.6467638915,0.2674527913
2018-06-01,0.408252586,0.6433893474,0.3164974178,1.044668489,0.7010102601,0.5490021671,0.05560460817,1.2256017,0.3223238628,0.7761083866,0.4011649338,0.6794986387,0.6257155967
2018-06-11,0.593343386,0.4895867953,-0.03221457125,0.002036203249,0.3179835289,0.3570651153,0.9732538306,0.9188119441,0.7636731353,0.5866494753,0.386929365,0.5052584273,1.349981798
2018-06-21,1.075289443,1.174987389,1.245752003,0.9174731108,0.9659306817,1.23315147,0.6990744928,0.5673381301,0.9672869288,1.122268434,1.480964539,1.256461181,0.2774582074
2018-07-01,1.296474711,1.329799021,0.5853581257,0.3523947249,1.29082904,1.04385998,1.506297336,0.9679008788,1.15445048,1.756816199,1.815973225,1.254591205,0.9645972877
2018-07-11,0.5625588513,0.3900559772,0.09789172254,-0.387970265,0.6321481701,0.4840816448,0.4251948896,0.4740113964,0.1757790587,0.4585130767,0.5763724183,0.3078076301,0.5199662047
2018-07-21,0.6793736612,0.4445569815,-0.4396989102,-0.4809079353,-0.1210474306,0.4994608915,0.8127422632,0.9523508977,0.2253711763,1.104817608,1.282855296,0.2819872652,1.031957106
2018-08-01,1.49830823,1.337700376,0.3312466117,-0.1324800022,1.024825543,0.9328961219,2.3630192,2.225579878,2.140245166,1.851545349,1.588899272,0.5580059431,3.221074539
2018-08-11,0.8723372985,0.9073486631,0.8111457944,0.3377414441,0.9259946963,0.7887799597,1.565465356,0.7946808273,0.8973424856,0.6559121056,0.783331249,0.9719292056,0.8649307074
2018-08-21,1.274106657,1.447855958,1.454025237,2.006420207,2.003179459,1.077620604,1.492604799,1.82388164,1.368295321,0.8941067421,0.8528500366,0.7621154643,1.311113448
2018-09-01,1.271315844,1.050356128,0.2952703415,-0.4448784737,0.9417870456,1.231761531,1.589726471,1.653998263,1.321393716,1.707191862,1.019130397,0.8502563882,2.365397871
2018-09-11,0.9654112516,1.016091574,1.393944798,0.4985488501,0.815561839,1.195662578,1.269135519,1.520783188,0.7725738312,1.351230085,0.8700824548,0.6953316932,1.649442957
2018-09-21,0.7141768309,0.6183680819,0.2216571729,-0.09738089576,0.5792590043,0.3801470945,0.8662512088,0.9405487641,0.7385020417,0.6770403422,0.7254847286,0.6236297178,0.6790406044
2018-10-01,0.3876039493,0.3706725862,0.338445424,-0.3933444058,-0.1298436509,0.2282355347,0.267856643,0.5857794059,0.6632846279,0.3414923661,0.3953917209,1.069877439,0.4697814223
2018-10-11,0.3680179324,0.4935502165,1.39481046,1.419936855,0.7114629722,0.2821657651,-0.3236468441,-0.4677858415,0.1366032246,-0.08127150453,-0.1703376386,1.244713634,-0.5210818888
2018-10-21,0.1778283326,-0.1915908148,-0.7129959173,-0.7969735972,-0.3006803709,-0.5597615524,0.2691189953,-0.1337417714,0.00770173043,0.1548933041,0.1568717807,-0.0801564276,-0.3716900495
2018-11-01,-0.621651743,-0.6163178116,-0.2088339941,-0.5848618553,-0.7315010247,-0.5372933927,-0.481811406,-0.5657264372,-0.7598854459,-0.6947671919,-0.5848398559,-0.3777241413,-0.6660566685
2018-11-11,-1.08966945,-1.123836172,-0.7773481095,-0.8379684509,-1.020185765,-1.187373738,-0.9770032434,-0.9977383577,-0.9876008765,-1.052204235,-1.066205111,-1.336256175,-0.9331930835
2018-11-21,-1.13006943,-1.149506944,-1.30055405,-0.982875967,-1.011173867,-1.186360575,-0.9770032434,-0.9977383577,-0.9850312254,-1.05213193,-1.066205111,-1.188789769,-0.9331930835
2018-12-01,-1.032179056,-1.076910839,-0.8539977921,-0.5498451263,-1.067125589,-1.189284838,-0.9770032434,-0.9977383577,-0.9746699203,-1.052204235,-1.066011555,-1.123986989,-0.9331930835
2018-12-11,-1.101770431,-1.12073883,-1.143721621,-0.5536807217,-1.008498299,-1.188188711,-0.9770032434,-0.997603844,-0.9889595983,-1.052204235,-1.066205111,-1.34019354,-0.9331930835
2018-12-21,-1.264844605,-1.244980058,-1.408051315,-1.265668447,-1.17757404,-1.1906821,-0.9770032434,-0.9977383577,-0.992478201,-1.052204235,-1.066205111,-1.379764215,-0.9331930835
2019-01-01,-1.296958506,-1.255244345,-1.437157305,-1.344388555,-1.180956601,-1.191444143,-0.9770032434,-0.9977383577,-0.992478201,-1.052204235,-1.066205111,-1.38004203,-0.9331930835
2019-01-11,-1.268388679,-1.244852141,-1.433721446,-1.344388555,-1.180956601,-1.191444143,-0.9770032434,-0.9977383577,-0.992478201,-1.052204235,-1.063670347,-1.316406632,-0.9331930835
2019-01-21,-1.189157137,-1.197953684,-1.325710986,-1.344388555,-1.163512997,-1.095212883,-0.9697463026,-0.9944912402,-0.992478121,-1.041521619,-1.06268886,-1.130990056,-0.9331930835
2019-02-01,-1.142978655,-1.189953432,-1.338914191,-1.22494417,-1.174544275,-1.149859403,-0.9770032434,-0.992602082,-0.9923928626,-1.029420216,-1.057405529,-1.118846829,-0.9331930835
2019-02-11,-1.235858395,-1.222316601,-1.371362528,-1.310069581,-1.168687856,-1.183283442,-0.9770032434,-0.9977383577,-0.9915621514,-1.050311521,-1.066205111,-1.234873952,-0.9331930835
2019-02-21,-0.918515005,-0.9366648604,-0.8325916769,-0.3216762122,-1.001791643,-1.084068555,-0.920002669,-0.9977383577,-0.992478201,-1.05147434,-0.8606673949,-0.7538961015,-0.9328949628
2019-03-01,-1.151729278,-1.213101885,-1.417558052,-1.128699851,-1.179301034,-1.191444143,-0.9770032434,-0.9977383577,-0.992478201,-1.052204235,-1.066205111,-1.249323545,-0.9331930835
2019-03-11,-1.177591464,-1.225506882,-1.397113964,-1.337851436,-1.148548439,-1.190103598,-0.9770032434,-0.9977383577,-0.992478201,-1.052204235,-1.066205111,-1.246757457,-0.9331930835
2019-03-21,-0.789016389,-0.9100565918,-0.7463987128,-0.6375966603,-0.9446994189,-0.8825071878,-0.9475038432,-0.899612775,-0.9781394531,-0.9425065861,-0.9499841018,-0.5537747103,-0.8770155105
2019-04-01,-0.686783807,-0.7573922642,-0.5425612978,-1.094038549,-0.9678871332,-0.8999156168,-0.6266076294,-0.6482669663,-0.7156595982,-0.4448962731,-0.5867563329,-0.4196890706,-0.6971210435
2019-04-11,-0.310448039,-0.357294564,-0.009527114153,0.05343879707,-0.6067391261,-0.04741695007,-0.367916561,-0.6448132772,-0.8862212689,-0.07238272254,-0.2862365419,-0.08732194318,-0.7129888251
2019-04-21,-0.335139198,-0.4061827015,0.2138763725,0.8471127015,-0.4007585369,-0.7289818823,-0.6111122495,-0.7710495943,-0.6899208226,-0.9278110225,-0.5960678628,-0.2328544762,-0.5513809024
2019-05-01,0.027625723,0.1021101694,0.3342868354,-0.5658280695,-0.02394096656,0.397194301,0.239625638,-0.2372881129,-0.159626077,0.05515545366,0.0203276231,0.8301955254,-0.2080906549
2019-05-11,0.4942837798,0.5803758108,1.246943315,0.9305929387,0.3404412734,0.3046873592,0.601657946,0.4028826939,-0.0853263774,0.6999908708,0.5415678116,0.7955783802,0.1773963391
2019-05-21,0.5840659013,0.7926930488,1.279735008,0.8640021767,0.8956132387,0.8841969084,0.4299982474,0.6856313484,0.5531350425,0.5436596547,0.3615051175,1.037364222,0.3287540575
2019-06-01,1.012238371,1.357750891,1.365518425,2.670387517,1.561690469,1.257818957,1.11283257,1.805413864,0.9553972987,1.308565693,0.7913039367,0.5784709807,1.577661866
2019-06-11,0.5966511454,0.7379204005,0.6603057301,0.01301279775,0.6341584875,1.595307902,0.6419422938,1.259567477,0.6452294404,0.9585318338,0.4398749934,0.7750843852,0.8868666973
2019-06-21,1.331980809,1.413597989,1.481680033,2.650359721,1.392150116,1.124523761,1.090574466,0.6872734692,1.235733881,0.7232229172,1.368386267,0.9915149684,0.9857396758
2019-07-01,1.31568827,1.297663352,1.325521572,0.5925991165,1.111874656,1.676051179,1.264575811,1.144818533,1.175758454,1.422520325,1.549998753,0.8850420509,1.642176429
2019-07-11,1.039594403,0.9303374163,0.3674724984,0.1837517412,0.8154932817,0.7801393703,1.254069779,0.8801448557,1.448739606,1.343330965,0.9421411281,0.7176850164,1.172711785
2019-07-21,1.423184006,1.566440646,1.045112486,2.264563991,2.33196683,1.118536568,1.087382908,1.053909037,1.925073985,1.186878325,1.144382914,0.7098244342,1.192196375
2019-08-01,1.10759644,1.034620763,0.4898546416,0.7333757274,0.8386200013,0.8420527063,1.250092349,0.6938441383,1.306336829,1.071089574,1.187816463,0.9449467723,0.9719374971
2019-08-11,0.9154132728,0.8524593934,0.5200063394,0.4167119645,1.141859907,0.6023442703,0.5587929103,1.575032366,1.062549127,0.992647878,0.5812311831,0.5627837076,0.926767546
2019-08-21,1.414678426,1.493431585,1.008826105,1.707946433,1.835131123,1.356039656,1.679535685,1.892013531,1.743882168,1.243269616,1.168755331,0.5564741323,1.750583768
2019-09-01,1.229277795,1.134189826,1.423089014,1.087983561,0.6251083219,1.116417604,1.430205842,0.9684827199,0.7495701624,1.366541143,1.210194067,1.170258055,0.9996273835
2019-09-11,0.8597973352,0.7733312867,0.8685348984,0.05537371012,0.9490492698,1.012061592,0.3773186232,1.194846121,0.8534114245,0.7927912435,0.3431881664,0.9379985476,0.7976972573
2019-09-21,1.035024033,1.133166647,0.741931947,1.198539775,1.749006155,0.9382701438,1.199855892,1.433298575,1.477001764,1.26034637,0.4629223501,0.3815197091,1.792135176
2019-10-01,1.213276032,0.9739734137,1.58086346,1.882436263,1.496555425,0.1282617339,0.4328749875,0.01623570183,0.5578422779,-0.07073732855,0.7897469463,1.041118049,0.09988250736
2019-10-11,1.680467784,1.398994115,1.115447686,1.506846258,1.573913273,0.6675885285,1.364994223,0.9528089948,1.116667429,0.9267735419,1.301563303,1.588380619,1.519231524
2019-10-21,0.5345466538,0.506641973,1.417430249,0.6107486459,0.3069360151,0.06813716975,0.3710923473,-0.02834127203,0.1220489454,-0.009214592508,0.6135017635,0.8749321499,0.2542562696
2019-11-01,-0.605431682,-0.5821969627,-0.4152954134,-0.5625595803,-0.1985647288,-0.3111013741,-0.8630955342,-0.6948838536,-0.4231821772,-0.786711375,-0.9196901765,-0.3911824191,-0.9020365662
2019-11-11,-0.817846045,-0.7825011192,-0.2465424264,0.03714622946,-0.381803687,-0.9208684564,-0.9770032434,-0.9797899496,-0.9114568505,-1.046024919,-1.064576604,-0.8507715895,-0.9331930835
2019-11-21,-0.424044384,-0.258839677,0.7017844492,2.058116493,0.4414051994,-0.675937903,-0.9770032434,-0.9967689997,-0.8905188382,-1.004218337,-0.8823080871,-0.4835944511,-0.9331930835
2019-12-01,-1.116516166,-1.040284073,-0.5347161701,-0.4579176015,-0.8903647715,-1.141491522,-0.9770032434,-0.9974302225,-0.9858930221,-1.052204235,-1.066205111,-1.315550639,-0.9331930835
2019-12-11,-1.020750794,-0.9835266246,-0.5778587087,-0.03906011947,-0.8775534554,-1.101730403,-0.9770032434,-0.9904578592,-0.9823668465,-1.048038251,-1.065345799,-1.229544241,-0.9331930835
2019-12-21,-1.233929249,-1.201558707,-1.384457408,-1.006326732,-1.086303147,-1.191181339,-0.9770032434,-0.9977383577,-0.9923575793,-1.052204235,-1.066205111,-1.379911258,-0.9331930835
2020-01-01,-1.182653529,-1.168212004,-1.408734573,-0.8473905855,-0.9833828661,-1.189857159,-0.9770032434,-0.9977383577,-0.9924781955,-1.052182437,-1.066205111,-1.374679508,-0.9331930835
2020-01-11,-1.299711728,-1.25474355,-1.437157305,-1.342086448,-1.179459466,-1.191444143,-0.9770032434,-0.9977383577,-0.992478201,-1.052204235,-1.066205111,-1.38004203,-0.9331930835
2020-01-21,-1.253019802,-1.206454242,-1.421173215,-0.8999495019,-1.153838409,-1.191444143,-0.9770032434,-0.9977383577,-0.9924717195,-1.052204235,-1.065436313,-1.37969213,-0.9331930835
2020-02-01,-1.209871869,-1.170309141,-1.370008332,-0.6394895136,-1.149326541,-1.191444143,-0.9770032434,-0.9977383577,-0.992478201,-1.052204235,-1.066205111,-1.334245195,-0.9331930835
2020-02-11,-1.234961438,-1.224721199,-1.254942545,-1.274385219,-1.159109773,-1.191444143,-0.9770032434,-0.9977383577,-0.992478201,-1.052204235,-1.066205111,-1.3331178,-0.9331930835
2020-02-21,-1.247343024,-1.196519141,-1.397557706,-1.03703381,-1.062230661,-1.144760642,-0.9769247827,-0.9977383577,-0.9923904046,-1.052204235,-1.065908365,-1.371957348,-0.9331930835
2020-03-01,-0.570283384,-0.5774815639,-0.6136254731,0.8148988631,-0.1201285504,-0.2468864216,-0.9764956586,-0.7982769518,-0.6074381647,-0.8943869959,-1.064669874,-0.8161299113,-0.9241488048
2020-03-11,-0.580348357,-0.4840610277,-0.02270525942,1.404042946,0.01444915157,-0.09838152416,-0.9759485998,-0.8616194417,-0.8257768873,-1.047394173,-1.064565015,-0.8212305548,-0.9326452722
2020-03-21,-0.55442518,-0.5940697342,-0.4544283364,0.3122630541,-0.480412369,-0.5290218171,-0.950746633,-0.8205187622,-0.9533274471,-0.7308511221,-0.7047652282,-0.3862636684,-0.8801245032
2020-04-01,-0.470730714,-0.5577349426,-0.8404878596,-1.022293823,-0.7678647345,0.481195973,-0.8855517107,-0.6659718523,-0.7916177168,-0.4119648152,-0.6971036256,0.4173566782,-0.8961495206
2020-04-11,-0.299986099,-0.186225488,1.246486247,1.382361844,-0.2595264848,0.1533718621,-0.880613854,-0.6143814949,-0.607904552,-0.5037665971,-0.7612083807,-0.108858617,-0.8995243002
2020-04-21,-0.326980371,-0.3907354641,-0.4383980179,0.008722982861,-0.1537024766,-0.179497464,-0.9052784696,-0.6170822389,-0.5561865525,-0.5179616993,-0.4862694987,-0.1863930053,-0.8544166471
2020-05-01,0.1983426032,0.2789457156,0.8982409198,0.276300302,0.09513099946,0.5636765153,0.1862213507,-0.03010638583,0.125532306,0.05686368499,0.1720373635,0.5099449365,-0.1825442747
2020-05-11,0.3213468962,0.5235555284,0.9623769763,0.3134046322,0.9877866754,0.5793822285,-0.0265752085,0.319192334,0.4719982181,0.3510367801,-0.0164596072,0.7877512322,-0.2709209708
2020-05-21,0.044891044,0.2058166992,0.5349919027,0.6031768382,0.579828089,0.2779187929,-0.1000651558,0.1262861294,0.2995983228,0.1008745564,-0.2238688058,-0.06554045136,-0.2043249209
2020-06-01,0.89652505,1.060590219,0.7174098087,0.3601124899,1.518023011,1.371252331,0.6110122511,1.722735435,0.9611458544,1.276029825,0.7540195241,0.7815735573,0.4174285337
2020-06-11,0.753196325,0.8219041518,0.8377591901,0.9034821327,0.8433654353,0.9269813522,0.6521505448,1.346568251,0.6628203277,0.9887956594,0.6095444991,0.4048552674,1.267900524
2020-06-21,1.028217106,1.052372725,1.666879092,1.287618865,0.4697384936,1.791028215,0.6371687927,0.6170896885,0.2588123838,0.8290690821,1.294134843,1.238490277,0.4436297688
2020-07-01,1.508713911,1.414075098,1.934723246,1.632998882,0.975534112,1.409488945,1.511155075,0.6587038453,0.935811577,0.8837115476,1.367609108,1.831267225,0.9749345378
2020-07-11,1.426965588,1.343574541,0.9617445247,1.292865331,1.63806889,0.8543636231,1.239554102,1.035640782,1.448745567,1.477849595,1.392151791,0.7718687356,0.809119442
2020-07-21,1.34129221,1.622156055,1.38324015,1.469195369,1.923485325,1.476692652,1.927471376,1.934473577,1.377197514,1.752332262,1.258385741,1.095659149,1.467072165
2020-08-01,0.813732101,1.002503996,0.9757343951,1.167046773,1.184322845,1.186231298,0.8433942777,1.282719469,0.768474837,0.7989967313,0.6808720895,0.6541794805,1.630487067
2020-08-11,2.07608725,1.854111673,0.9371602819,2.101030526,1.957605872,1.499311307,1.603976832,1.409803675,1.864309113,1.74184773,1.991195223,1.3906182,1.669213421
2020-08-21,1.451167441,1.233351437,0.8111082426,0.9242786934,1.486930981,0.7249311434,1.298144227,0.9553301734,1.864164056,0.9160429725,1.143915812,0.8854066664,0.4450485949
2020-09-01,0.9982351184,1.026013996,1.27222824,1.125459422,0.7348063617,1.105177036,0.9370304744,0.7009730082,0.2547952713,0.9141217499,1.218071709,1.221174093,0.8033136228
2020-09-11,0.9919353273,1.059719658,0.9052275243,1.026781349,1.177599038,0.8067572054,0.8878364386,1.226800754,0.6577813603,1.331944464,0.9598578034,0.9268463217,0.9271451946
2020-09-21,0.8152635838,0.8615098867,0.8418098327,1.181832176,1.002567918,0.8394608173,0.6268278375,1.008118014,0.871003929,0.5709328218,0.6128166681,0.5690843935,0.5770991546
2020-10-01,0.7628064372,0.921630937,1.292678457,0.593019855,1.06559021,0.5621313564,0.7008959191,0.7461239334,0.6425541829,0.7577368366,0.7137446269,1.148402261,1.256944385
2020-10-11,0.3854771778,0.4236494916,1.131985118,0.956214809,0.4216818531,0.2430051387,-0.13556241,0.01714045486,0.2428592219,-0.2084838762,0.154622851,0.7118410856,0.7651873151
2020-10-21,0.3367062,0.5770184195,0.8689959704,-0.03046128779,0.7710016167,0.5575605329,-0.232002718,0.8051661272,0.7712057437,0.3793526779,0.04360002863,1.17398765,0.284859409
2020-11-01,-0.541095624,-0.5704536852,-0.389563389,0.2037403332,-0.2811535866,-0.6313978969,-0.8678923421,-0.8294015813,-0.5583037879,-0.7210766722,-0.9252026805,-0.4217358851,-0.9330006656
2020-11-11,-1.030016593,-0.9081680071,-0.1678326,-0.2374941942,-0.5574496523,-1.147821198,-0.9770032434,-0.9977307561,-0.9415690678,-1.052204235,-1.066205111,-1.189300328,-0.9331930835
2020-11-21,-0.856215539,-0.6662477024,0.1405961022,1.92513503,-0.4302822095,-1.084469029,-0.9770032434,-0.9977383577,-0.9668336232,-1.051923318,-1.066205111,-1.263961795,-0.9331930835
2020-12-01,-1.132433801,-1.134994942,-1.206804776,-0.6348107331,-1.015505516,-1.188463504,-0.9770032434,-0.9977383577,-0.9794601031,-1.052204235,-1.066205111,-1.352249367,-0.9331930835
2020-12-11,-1.258689578,-1.250145118,-1.435283148,-1.338143418,-1.167123489,-1.191410858,-0.9760975388,-0.9977362172,-0.992478201,-1.05214611,-1.066205111,-1.368842244,-0.9306432271
2020-12-21,-1.158634537,-1.20432985,-1.328186216,-1.021901123,-1.118041772,-1.191444143,-0.9770032434,-0.9976667934,-0.9924781983,-1.052204235,-1.066205111,-1.375343099,-0.9331930835
2021-01-01,-1.152792447,-1.220615627,-1.273112852,-1.237998141,-1.149481607,-1.181939412,-0.9770032434,-0.9977379341,-0.9895527074,-1.052204235,-1.066205111,-1.338889558,-0.9331930835
2021-01-11,-1.298786783,-1.253115874,-1.437157305,-1.324025564,-1.18000501,-1.191444143,-0.9770032434,-0.9977383577,-0.992478201,-1.052204235,-1.066205111,-1.38004203,-0.9331930835
2021-01-21,-1.252169295,-1.246970665,-1.42998188,-1.324470709,-1.152117911,-1.191444143,-0.9770032434,-0.9977383577,-0.9917848658,-1.052204235,-1.066205111,-1.376892755,-0.9331930835
2021-02-01,-1.248928256,-1.245205643,-1.428376056,-1.344388555,-1.180956601,-1.191444143,-0.9770032434,-0.9977383577,-0.992478201,-1.052204235,-1.066205111,-1.317859529,-0.9331930835
2021-02-11,-1.092625868,-1.118763505,-1.13836065,-0.9447954371,-1.040399391,-1.148108248,-0.9770032434,-0.9953564069,-0.9913223915,-1.052204235,-1.065760902,-1.06322747,-0.9331930835
2021-02-21,-1.258029537,-1.236868562,-1.424658751,-1.181245971,-1.172573741,-1.191444143,-0.9768371671,-0.9977383577,-0.992478201,-1.052204235,-1.066151459,-1.37783569,-0.9331758641
2021-03-01,-1.275936466,-1.249011112,-1.427535696,-1.325899662,-1.160510102,-1.191444143,-0.9770032434,-0.9977383577,-0.992478201,-1.052204235,-1.066205111,-1.38004203,-0.9331930835
2021-03-11,-0.438172357,-0.751997059,-0.7584845357,-0.240516326,-0.4839347828,-0.9757656614,-0.8012794333,-0.9340410506,-0.6415155829,-0.9543373841,-0.8266669887,-0.728203757,-0.8468404839
2021-03-21,-0.701718934,-0.6900775946,-0.5210797311,-0.9305802416,-0.7149472114,-0.3310891945,-0.7806616953,-0.7316511249,-0.6778295153,-0.6752738524,-0.7117295466,-0.3268489363,-0.8409006392
2021-04-01,-0.809553711,-0.8488534634,-0.3156895991,-0.07082770943,-0.7697877425,-0.7600357518,-0.9770032434,-0.9426921951,-0.973552564,-0.9931364196,-1.059297533,-0.7844469372,-0.9331930835
2021-04-11,-0.644596975,-0.618014971,0.1720250036,-0.1917198167,-0.7744982756,0.1019079299,-0.9042085984,-0.8205150942,-0.931426148,-0.6961396127,-0.9114547553,-0.2127716619,-0.9276497641
2021-04-21,-0.0414544,0.03337853293,0.382667875,0.756529463,0.0564948121,0.319028198,-0.4164796977,-0.2243645856,-0.1025304726,-0.2157384806,-0.262208375,0.1789012399,-0.6831379681
2021-05-01,0.934603204,1.058692187,0.9862908538,1.829503997,0.7197491801,1.372607845,0.8913170029,0.9221569197,1.471199002,0.9669718492,0.4822407049,0.9908630426,0.6933429738
2021-05-11,0.362786319,0.4641661449,0.9299516189,0.3697779032,0.5564103456,0.5043818515,0.6257785088,0.4681536478,0.4826360615,0.4619055995,0.1813680535,0.2546645856,0.3607830718
2021-05-21,-0.185693913,-0.1916196753,0.06246442617,-0.8761156775,-0.3220260027,0.1664560539,-0.2025053802,-0.1107485263,-0.3981958261,-0.2527982367,-0.1430748254,0.3259638517,-0.3987103756
2021-06-01,0.6408990593,0.5924269487,0.1238531586,-0.8395279724,-0.1890298114,1.242209172,1.321987657,0.7738748102,0.4192585389,1.296041229,0.9412939671,1.100961198,0.8405522858
2021-06-11,1.210498402,1.190158032,0.7675730057,0.1774520693,0.8370462584,0.5261975441,1.504720302,1.65852062,1.122743228,1.820366179,1.880372324,0.7180941327,1.635780369
2021-06-21,1.210395882,0.9493901326,0.1585899238,-0.8966259281,0.259237283,1.038139689,1.343066582,0.6174063294,2.161214575,1.368033769,1.561406889,0.9629042894,0.7914355883
2021-07-01,1.719117046,1.60720836,1.216766559,1.380130092,1.691666718,1.322839862,1.16727833,0.9024599483,1.939004526,1.40988355,1.878564408,1.160211209,0.9808262767
2021-07-11,1.187592787,1.243101404,0.6720302161,0.6960616104,1.322350346,1.510981456,1.274045027,1.114584309,1.295123298,1.318400542,1.235796628,1.015296902,1.065262471
2021-07-21,0.8903299539,0.8780985729,0.31961859,0.4876164916,0.948365299,0.5159736592,1.492337808,1.091059446,1.100549765,1.233140101,0.9390766352,0.2762549257,1.293006952
2021-08-01,1.150670894,0.7545320218,0.3104708214,0.2602689437,0.7698603337,0.5149810962,0.9038664906,0.8530907226,1.119977985,0.2968522881,0.8645082355,0.6256027349,1.07889308
2021-08-11,1.390173427,1.350206935,1.018921519,0.6529582093,1.219221829,1.365879831,1.526646397,1.423920526,1.506778797,1.026767336,1.451739551,1.235813197,1.170685116
2021-08-21,1.173226188,1.081451814,1.097511554,0.6883613984,0.4109080447,0.7224224767,1.358039148,0.6981532126,1.359069187,0.6461476044,1.566047476,1.188147409,0.954384871
2021-09-01,1.589984029,1.631206383,1.539201433,1.555123435,2.107503297,1.727640968,1.179502601,1.441903653,1.128908566,1.47305915,1.376411992,1.265242331,1.875375856
2021-09-11,0.7714769116,0.9117568791,0.9430164858,0.9447305011,0.9382245309,1.066450696,1.215989057,1.169138361,0.5360374355,1.127293756,0.6508855468,0.6514645824,0.7667070441
2021-09-21,0.774014284,0.7374615513,0.7183920379,0.8053864286,1.07271622,0.8358326469,0.05987335773,1.117312502,0.9161813349,0.9112487244,0.3642393777,0.2674289368,0.6193107935
2021-10-01,0.5110805757,0.5603030834,0.2091355238,0.597133142,0.879898044,0.60828219,-0.191982481,0.7630374853,0.5655324406,0.4038659924,0.06344812841,0.9201402277,0.4377919053
2021-10-11,0.8148565935,0.7746851927,0.9097642445,-0.4322156737,0.2046263509,0.9657249723,1.277514739,0.7289651961,0.07079058356,0.8885002171,1.203436586,1.374900389,1.517496828
2021-10-21,0.1714593617,0.1321368754,0.3753655679,-0.6574404724,-0.198775245,0.2476568645,0.2537028536,0.4234958534,0.1491716931,0.1660612024,-0.08559535611,0.8460059803,0.6332327564
2021-11-01,-0.225278808,-0.1669405262,-0.09758455194,0.1424725607,-0.2895428255,-0.7272987036,-0.2540852066,0.09317962892,-0.02383455303,-0.5747863105,0.1513434322,-0.3973780962,0.3823612721
2021-11-11,-0.796547481,-0.8561973819,-0.5003338958,-0.630885356,-0.6201081153,-0.8912469435,-0.9770032434,-0.9415526535,-0.8628645872,-1.01543356,-0.9884311962,-0.6821210662,-0.9331930835
2021-11-21,-1.042823681,-0.9948103457,-0.9762391346,-0.5933118511,-0.9344098282,-1.08469017,-0.9770032434,-0.9965450569,-0.9215130225,-1.048365091,-0.9916825092,-0.8464618818,-0.9331930835
2021-12-01,-1.106570117,-1.149793075,-1.202779191,-1.342912216,-1.115938851,-1.034499579,-0.9770032434,-0.9934980211,-0.9603991035,-1.023221774,-0.997851999,-1.068409319,-0.9331930835
2021-12-11,-1.176728275,-1.162951659,-1.155329846,-0.8037403473,-1.091090399,-1.182621876,-0.9768848088,-0.9977165976,-0.9920722987,-1.052204235,-1.066205111,-1.354643121,-0.9328212704
2021-12-21,-1.186028938,-1.189493438,-1.296510484,-0.9752121346,-1.071335038,-1.19119672,-0.9770032434,-0.9976554102,-0.9919211506,-1.052204235,-1.066205111,-1.37807751,-0.9331930835
2022-01-01,-1.168665326,-1.190481,-1.180077143,-1.086776699,-1.146747255,-1.175030109,-0.9770032434,-0.9956546836,-0.9696917173,-1.052204235,-1.066205111,-1.299032722,-0.9331930835
2022-01-11,-0.823221353,-0.8610129718,-0.09237801658,-0.1446246764,-0.963859957,-0.9982819242,-0.975654611,-0.9496072629,-0.9825727435,-0.9610770998,-1.039729743,-0.6010361481,-0.9167149655
2022-01-21,-1.295078276,-1.245900827,-1.426490267,-1.28155807,-1.169010776,-1.190523894,-0.9770032434,-0.9977383577,-0.9917986792,-1.052204235,-1.066205111,-1.378613681,-0.9331930835
2022-02-01,-1.271177659,-1.22835674,-1.381990054,-1.266215385,-1.175393733,-1.191372525,-0.9770032434,-0.9977383577,-0.9923996374,-1.052204235,-1.066205111,-1.28341328,-0.9321890946
2022-02-11,-1.282792113,-1.254129982,-1.436961471,-1.341565692,-1.179900837,-1.191444143,-0.9770032434,-0.9977383577,-0.9924753394,-1.052204235,-1.066205111,-1.375896577,-0.9331930835
2022-02-21,-1.202845998,-1.155388279,-1.116502378,-0.7315564303,-1.130087643,-1.156560751,-0.9770032434,-0.9971520125,-0.9924089391,-1.052204235,-1.066205111,-1.332006867,-0.9331930835
2022-03-01,-0.817283397,-0.9142821963,-0.6973931214,-1.191114078,-0.9352563639,-0.700510058,-0.9185015019,-0.9977383577,-0.9743752017,-1.03955294,-0.9786227203,-0.2420326696,-0.9331930835
2022-03-11,-1.063759987,-1.180703208,-1.295681503,-1.260817116,-1.135808125,-1.178755136,-0.9763371255,-0.9824228316,-0.9924350613,-1.013718785,-1.006702615,-1.164041113,-0.9331930835
2022-03-21,-1.047752668,-1.110586306,-0.9225121354,-0.6424759587,-1.108052123,-1.188991488,-0.9770032434,-0.9977383577,-0.992478201,-1.052204235,-1.065168288,-1.195207854,-0.9331930835
2022-04-01,-0.366562804,-0.4846844753,-0.1934999758,-0.5818417901,-0.3178117967,-0.2085955493,-0.6363887689,-0.7901516193,-0.6684435226,-0.4117402132,-0.4915815713,-0.3217903348,-0.7443299356
2022-04-11,-0.128920865,0.002871688778,0.8265363048,1.204504605,0.0134551653,0.2871133674,-0.4749143619,-0.4015781882,-0.4925053846,-0.2051592808,-0.3607789276,0.05920444049,-0.6361181507
2022-04-21,-0.010178091,0.03468843399,0.5281947004,0.9135952116,0.06841773042,0.1401372505,-0.343973156,-0.4963858292,-0.4676824062,-0.1626713595,-0.02741028104,0.1169856879,-0.7003463246
2022-05-01,0.3598433945,0.2532670503,0.06473209705,-0.1898042433,0.163457733,0.2956861648,0.9094983704,-0.07763204388,0.008563520588,0.3191228709,0.591791487,0.1856919999,0.3157259226
2022-05-11,0.019157137,-0.01546723196,-0.07068032704,-1.094451901,-0.2515473392,0.2199438043,0.1362242839,-0.1329477526,0.003689773202,0.2082902153,0.256989997,0.4624550191,-0.4213656739
2022-05-21,0.2954932827,0.3816376238,0.9661808384,2.069288086,0.7285424419,0.2050421807,-0.2648978515,0.006918006854,-0.05466922435,0.1813704332,-0.1573903949,0.08503591455,-0.2911069184
2022-06-01,0.5691014306,0.3531158678,-0.2813125853,-0.536788432,-0.1654595965,0.06489265514,1.527659568,-0.06639142065,0.01730791161,0.1373420432,1.286351198,0.59211711,0.9996946152
2022-06-11,1.271760522,0.9465305959,0.8944454226,0.4057713564,0.8293319952,0.5294099087,0.6056216765,0.3044362506,1.851556069,0.3142410843,1.117254985,1.02220282,0.1489784494
2022-06-21,0.9666397569,0.8590065248,0.5388070029,-0.0337084235,0.5210425627,1.427069388,0.9637291065,0.8830931364,0.9926726841,1.078855654,1.114201427,0.7448862344,0.7199362266
2022-07-01,1.007843974,1.027763802,0.1864896481,0.4720037001,1.365274424,1.156747145,1.140358161,0.883528457,1.146119618,1.112854736,1.189288804,0.4782033503,0.8764287392
2022-07-11,0.8264692816,0.8312455096,0.7772095207,0.03463995094,0.4951756646,0.4643172796,1.754536549,0.9636415098,0.8585611339,0.9212066975,1.247836002,0.5308523486,0.8785185315
2022-07-21,2.002123095,1.900244771,1.615155259,1.553997685,1.868002971,1.645270356,1.385421634,2.092156879,1.68770532,2.396730738,2.1749923,1.175758734,1.904890335
2022-08-01,1.456619748,1.524885668,0.8112999744,0.5522605605,1.611848606,1.194312306,1.229434341,1.559990652,1.996857338,1.399378191,1.60771195,1.437444983,1.65623496
2022-08-11,1.206379296,1.034577229,0.6981119211,0.7348405571,0.9340861205,0.3710889114,2.026049024,0.8711554041,1.365695499,1.011496658,1.186938334,0.4663587049,1.819280639
2022-08-21,1.615687956,1.441379487,1.377992021,0.799899756,1.227143602,1.222052643,1.15449986,1.40041085,1.936757329,1.326106546,1.274979319,1.55458654,1.341810899
2022-09-01,0.9738866632,1.09648214,0.691623492,0.75509066,1.274418496,1.251925202,0.7250406924,1.571543229,0.9943555015,0.9863992859,0.7985063011,1.0947403,1.252864471
2022-09-11,0.7399237639,0.8594330182,0.9942932104,0.4750960196,1.00933257,1.218542897,0.7403013843,0.5639796119,1.110301711,0.4542572306,0.686870066,0.6659293958,0.5982368542
2022-09-21,0.8227330073,0.7564495342,0.03263317723,-0.1000827068,0.672307915,0.5465442726,1.090313599,1.114183365,0.8442223456,0.764363566,1.118221616,0.5804747754,1.332941375
2022-10-01,0.5745448185,0.655507697,0.8788203303,0.3489158183,0.8272816277,0.8635344635,-0.2254629079,0.5321686956,0.6684684659,0.2273736718,0.36820145,1.047102996,0.4891557748
2022-10-11,0.4639034714,0.5943535328,0.850573599,0.5490149931,0.6461061938,0.5703780494,0.2773487101,0.9186981684,0.8123988778,0.8374970562,0.1130764692,0.5093646849,0.614633618
2022-10-21,-0.057516154,-0.05683119462,0.4635708987,0.03106517757,-0.1602319096,-0.006613006279,-0.3765593649,-0.04696771355,0.05961986305,-0.2551664899,-0.3450154991,0.2877792655,-0.2710769313
2022-11-01,-0.65686455,-0.5876178458,0.05487153923,1.06942359,-0.3874547943,-0.6376629271,-0.976308389,-0.9630300248,-0.8208953992,-1.004503981,-1.028990331,-0.6111600511,-0.9331930835
2022-11-11,-1.063160502,-1.013755487,-0.8509604935,0.162873297,-0.9653033495,-1.154703602,-0.9770032434,-0.9977383577,-0.9713162219,-1.045768238,-1.065833592,-1.305491032,-0.9331930835
2022-11-21,-0.769077943,-0.7406557372,-0.001071440035,0.4608650567,-0.4607784364,-1.094422261,-0.9770032434,-0.9825893529,-0.9624343882,-1.050891545,-1.057598735,-0.747331366,-0.9331930835
2022-12-01,-1.09428943,-1.047412467,-1.142689376,-0.5070525543,-0.75154966,-1.141041406,-0.9770032434,-0.9952882177,-0.9689485677,-1.051530819,-1.066205111,-1.23988101,-0.9331930835
2022-12-11,-1.181316165,-1.169367874,-1.251263384,-0.9170706037,-1.0177211,-1.191408969,-0.9770032434,-0.9975852721,-0.9924669726,-1.052183272,-1.065942687,-1.369520379,-0.9331930835
2022-12-21,-1.214564837,-1.19810439,-1.378491319,-0.8936483726,-1.148819962,-1.179160803,-0.9770032434,-0.997693821,-0.9924673177,-1.052204235,-1.066205111,-1.359320033,-0.9331930835
2023-01-01,-1.290686064,-1.235793986,-1.431987357,-1.230409592,-1.137208019,-1.191444143,-0.9770032434,-0.9977383577,-0.9904338019,-1.052204235,-1.066205111,-1.38004203,-0.9331930835
2023-01-11,-1.296023862,-1.25439413,-1.437157305,-1.34434568,-1.176390335,-1.191444143,-0.9770032434,-0.9977383577,-0.992478201,-1.052204235,-1.066205111,-1.38004203,-0.9331930835
2023-01-21,-1.247437509,-1.252718724,-1.435801521,-1.343948881,-1.172736189,-1.191444143,-0.9770032434,-0.9977383577,-0.992478201,-1.052204235,-1.066205111,-1.374371673,-0.9331930835
2023-02-01,-1.246599175,-1.225908707,-1.347040136,-1.325960199,-1.179387039,-1.191444143,-0.9770032434,-0.9977383577,-0.992478201,-1.052204235,-1.066205111,-1.241208682,-0.9331930835
2023-02-11,-1.302139294,-1.255244345,-1.437157305,-1.344388555,-1.180956601,-1.191444143,-0.9770032434,-0.9977383577,-0.992478201,-1.052204235,-1.066205111,-1.38004203,-0.9331930835
2023-02-21,-1.105757368,-1.217841011,-1.32935407,-1.177055241,-1.167851034,-1.191444143,-0.9770032434,-0.9977383577,-0.992478201,-1.052204235,-1.066205111,-1.303797157,-0.9331930835
2023-03-01,-0.864939608,-1.056890566,-0.7128361451,-1.245325514,-1.137257734,-1.080095165,-0.9650534021,-0.9937366479,-0.9233476413,-1.052204235,-1.05414095,-0.6405022212,-0.9331930835
2023-03-11,-0.138035485,-0.02882776796,0.4278678476,2.795579777,-0.2034618319,0.0168537768,-0.7842733925,-0.5606845302,-0.8509677744,-0.1916939542,-0.4574699143,0.01649836111,-0.9276527361
2023-03-21,-0.517594648,-0.489641437,-0.510412873,1.072008793,-0.4070781889,-0.5882008268,-0.8489358262,-0.865271943,-0.9462589375,-0.600788297,-0.727042217,-0.2965490278,-0.5611310884
2023-04-01,-0.721793369,-0.9032246155,-0.9763894185,-0.322348273,-0.7567878108,-0.9853578217,-0.9611286717,-0.9977089463,-0.95340928,-0.966172608,-0.8859030042,-0.829315728,-0.931233498
2023-04-11,-0.131093677,-0.1698448277,-0.1516513481,-0.3438732053,-0.2671469963,0.1179504063,-0.4847951328,-0.694322395,-0.595494214,0.1433726019,0.01780780722,0.3569991168,-0.8562084669
2023-04-21,0.4856426116,0.7633099619,1.89082135,2.25251837,0.8659431042,1.014800739,-0.03483390806,0.4398788283,0.243772306,0.6414152284,-0.2115132771,0.8936586024,0.02663407976
2023-05-01,0.059007254,-0.04049594581,0.3137700391,0.09217711301,0.03023589727,0.2032181525,-0.3156224672,-0.5517175097,-0.4511391411,-0.1799846993,-0.1895971106,0.451355234,-0.5277686041
2023-05-11,0.05212415,0.004021831773,0.01156829187,-0.8739386998,-0.6253134766,0.4156910202,0.07859145463,-0.240843493,-0.4131589061,0.2320916007,0.4358128096,0.9314975391,-0.5594512443
2023-05-21,0.071813463,0.03405391309,0.2691851288,-0.661615678,-0.4057236988,0.6012358269,0.0914971504,-0.2767211035,-0.389741033,0.4315922144,0.1961857469,0.7205938637,-0.2986396827
2023-06-01,1.009298951,1.218232287,1.258912876,-0.6486247334,0.7952203126,1.565751894,1.5986309,1.761553433,0.8655908813,1.908180813,1.386254185,1.465328096,1.89738066
2023-06-11,1.351904466,1.302844037,1.255393117,1.261755615,1.683775685,1.589924519,0.2617342521,1.249254957,1.367722472,0.9735695596,0.7349276237,1.401008805,0.6823843573
2023-06-21,1.416886716,1.653121854,1.465716521,1.253196057,1.5694512,1.833558014,1.463743662,1.254307095,1.339619891,1.582853612,1.775919612,1.584799686,1.131042742
2023-07-01,0.9170205199,0.7387714305,0.5955728083,0.1607326047,0.5368708977,0.8605518284,0.9790650143,0.4889553296,1.080176377,0.7263922319,1.026074161,0.4040643772,0.5740315808
2023-07-11,0.9839486859,0.7789149939,0.340535551,-0.1919296428,0.2305678911,1.013084068,1.057548679,0.8172304187,1.244123961,1.265855933,0.9443858649,0.9031791587,0.7015125264
2023-07-21,1.357740474,1.322008898,1.174992968,1.286350087,1.628772499,1.244761257,1.616892824,0.972129433,0.856823799,1.188883927,1.431040025,0.7304645805,1.087936486
2023-08-01,1.119981149,0.7672289132,0.4105978056,-0.4882827512,0.3090326534,0.630833374,1.143860761,0.8057069322,1.105224112,1.047226723,1.056315095,1.038077418,1.103200212
2023-08-11,1.472661989,1.03093195,0.02349141099,-0.4507134096,0.8604405489,0.4367203706,1.34485364,1.56707524,2.080505721,1.320918569,1.481890136,0.542260612,1.42173887
2023-08-21,1.132219968,1.056688092,0.2111336226,-0.5285344241,0.7016764245,1.003751269,2.163561239,1.738332256,1.172185534,1.331436442,1.410827538,0.9131397742,2.208115823
2023-09-01,1.088362939,1.116478566,1.075413812,0.6611741821,1.066016581,1.475764475,1.247849583,1.709738611,0.5119992266,1.639544755,1.053219133,0.7339387341,1.622619374
2023-09-11,1.215482207,1.605653937,1.18178706,1.827841054,1.598100131,1.55780898,1.141106959,1.668875033,1.226991833,1.718551223,1.540961889,1.413474269,1.118032403
2023-09-21,0.991726923,0.8780379177,0.4433395883,0.6961907792,1.21845531,0.7727769575,0.6282571002,0.8661707874,0.9757630975,0.8028445366,0.6345614159,0.7196831337,1.208980066
2023-10-01,0.7783164427,0.7096523926,0.837261396,-0.1653148229,0.3523793643,0.8999373618,0.3905032931,0.922145361,0.3396505829,0.728267043,0.9399105605,1.232039812,0.4539470884
2023-10-11,1.08075459,1.272565577,2.018279753,2.906676594,1.174860726,0.5999545828,0.475466334,0.5373089373,0.6129593867,0.5051910281,0.923920517,1.591566314,0.8176673613
2023-10-21,0.6709473848,0.3930245078,0.1901239436,0.1046761196,0.4330935957,0.2255119955,0.4211625652,0.2540732854,0.472937882,0.1937726985,0.4718617119,0.4354987049,0.624511344
2023-11-01,0.537655371,0.6156865457,1.310861292,1.051480719,0.5003630428,-0.05268309585,0.5264943069,1.062884786,0.2053840785,0.1360900427,0.6529978852,0.386856979,1.290366954
2023-11-11,-0.209206725,-0.2541347817,0.05689809673,0.07965402944,0.1511355139,-0.6178145085,-0.4151111574,-0.6861248196,-0.6791412108,-0.7562908144,-0.005546192175,-0.3160943089,-0.8432058415
2023-11-21,-0.25326079,0.01285227382,0.5068524318,0.5012685599,0.8569199329,-0.3171108737,-0.8635022699,-0.9590994602,-0.7992067344,-0.8666522699,0.2635572768,0.0443589013,-0.9331930835
2023-12-01,-0.96482966,-0.9936054859,-0.6000209029,-0.9646312318,-0.8094238442,-1.002154424,-0.9756142392,-0.9942719413,-0.9642237916,-1.040306313,-1.027100356,-0.8945456147,-0.9331930835
2023-12-11,-1.260466569,-1.236651533,-1.377031017,-1.250746984,-1.172911781,-1.191384175,-0.9769814488,-0.9883387151,-0.9903001278,-1.051355987,-1.066205111,-1.359957395,-0.9305427303
2023-12-21,-1.206488556,-1.178931845,-1.432456308,-0.7422199557,-1.086478834,-1.191040233,-0.9768285926,-0.9977002458,-0.9923442528,-1.051984321,-1.065576041,-1.377097914,-0.9272712483
2024-01-01,-1.262716737,-1.222146409,-1.395846965,-1.108089941,-1.1412613,-1.191397379,-0.9770032434,-0.9977383577,-0.992478201,-1.052180369,-1.066205111,-1.377891642,-0.9331930835
2024-01-11,-1.293537003,-1.252004808,-1.437157305,-1.310584508,-1.180956601,-1.191444143,-0.9770032434,-0.9977383577,-0.992478201,-1.052204235,-1.066205111,-1.38004203,-0.9331930835
2024-01-21,-1.232645814,-1.199601614,-1.364238673,-1.205854252,-1.113942775,-1.10777961,-0.9730894668,-0.9841504713,-0.9610391091,-1.050997703,-1.065922192,-1.284203626,-0.9276586759
2024-02-01,-1.234553779,-1.171135982,-1.433933075,-0.6039440344,-1.110527701,-1.191444143,-0.9770032434,-0.9977383577,-0.992478201,-1.052204235,-1.066205111,-1.38004203,-0.9331930835
2024-02-11,-1.145593339,-1.149977898,-1.387965725,-0.887515671,-1.180424165,-1.124728908,-0.9770032434,-0.9974553593,-0.9924632052,-1.046336293,-1.066097319,-1.030471049,-0.9330162555
2024-02-21,-1.082222926,-1.124701543,-1.250704828,-0.2416794441,-1.1765533,-1.190809527,-0.9770032434,-0.9977383577,-0.9921679206,-1.052204235,-1.065998729,-1.306942811,-0.9331930835
2024-03-01,-0.971029364,-1.056531447,-1.082044017,-0.537374163,-0.9780949165,-1.131705547,-0.9770032434,-0.9975790283,-0.992478201,-1.052016628,-1.066199476,-1.015719065,-0.9331930835
2024-03-11,-0.936756842,-1.087449774,-1.189180041,-1.24849821,-1.09140863,-1.048497,-0.9763552757,-0.9762606446,-0.9336197056,-0.9828701578,-0.9817050375,-0.8091670066,-0.9331930835
2024-03-21,-0.882645856,-0.886147927,-0.2844501095,-0.4541338201,-0.919926433,-0.7430005517,-0.9769816806,-0.9293073457,-0.974256408,-1.018660723,-0.9947494179,-0.7040837528,-0.9225061016
2024-04-01,-0.177554488,-0.1105785061,0.7789758964,0.755732276,-0.04935937599,0.04501039422,-0.7921573366,-0.6139926369,-0.4383474994,-0.1904320689,-0.4974144012,0.1390141869,-0.623147379
2024-04-11,-0.367735814,-0.2042379334,0.6209498251,1.426568429,-0.06581087589,0.03897012605,-0.7103770925,-0.6296086498,-0.7433644123,-0.4509721386,-0.6808214535,-0.2399110252,-0.8512938651
2024-04-21,-0.343932723,-0.2896055367,-0.1850240556,0.6782994479,-0.3479151599,-0.120893112,-0.3480873763,-0.4350398995,-0.4635674558,-0.5581764751,-0.4309282453,-0.2711328251,-0.6500765466
2024-05-01,-0.540463739,-0.4687099622,0.09695168434,0.3481475088,-0.1892408122,-0.3059744496,-0.9730382902,-0.7725561347,-0.6662564056,-0.792984552,-0.900505673,-0.2377664425,-0.8819881377
2024-05-11,0.2548917931,0.1240392717,0.0820025295,-0.1685381166,0.2610070168,0.02129228483,0.04894936682,-0.4013359286,0.3752508201,0.00394964458,0.100924724,0.3252733937,-0.2928724874
2024-05-21,0.3985187884,0.6067285896,0.3950470942,0.09697280668,0.7234513672,1.114073624,0.2818866232,0.4804314601,0.4910289375,0.6813286973,0.4078142906,0.8891945066,0.101536373
2024-06-01,0.8234935905,1.084946108,1.382991274,1.103723919,0.8893985638,1.533069817,0.718217822,0.8670569061,0.599103238,1.136430232,0.7042730131,1.496263339,1.026484055
2024-06-11,0.7165748237,0.4710303739,-0.03691332343,-0.7240263761,0.01837157928,0.567930943,0.6814493542,0.6829648343,1.355210237,0.4546752504,0.7492226877,0.547437037,0.5819092095
2024-06-21,0.940872685,0.7079029305,0.1166126344,-0.7027239803,0.04122640138,0.8229089319,0.9486407528,0.7043871444,1.168235405,1.039832127,1.213894134,1.033251206,1.013996371
2024-07-01,2.027126874,2.255836344,2.618630051,2.969081332,2.604913093,2.041303517,1.664244903,1.632438542,1.790970375,1.612337525,1.868775401,1.867314026,1.371834057
2024-07-11,1.935235701,1.829225574,1.816880369,1.505197823,2.077170087,1.566007737,1.50046354,1.582092138,1.723354182,1.390897339,2.039052222,1.271637406,0.8205736379
2024-07-21,1.18417199,1.393260547,1.17154692,2.481929102,1.710866334,0.8195588386,1.797450066,1.74047245,1.086692263,1.193751765,1.11518911,0.363685402,1.410316848
2024-08-01,1.159229134,0.9253708771,0.3163132084,0.6254065933,1.330408992,1.076201273,0.961258628,1.16996319,1.253111572,0.443578492,0.761671168,0.3720655297,1.357253146
2024-08-11,1.635476133,1.574622501,0.4256990035,1.243707502,1.412998474,1.781200555,1.838725494,1.873337098,1.729777934,1.782071705,1.549854964,1.228719573,1.759270185
2024-08-21,0.7408928364,0.6744702615,0.8046062393,0.4306143254,0.333100819,0.2630298499,1.08640749,0.6776550146,0.8870071105,0.7049777536,0.6387664854,0.6924708931,1.34356226
2024-09-01,0.585407209,0.3882917305,0.1358981507,-0.3129690649,0.2357594822,0.4801503822,1.331442578,0.7453237122,0.05196013201,0.1189688977,0.4872377397,0.5957130962,0.7596707767
2024-09-11,0.7532468835,0.8489349716,0.7276114923,0.382328927,0.9657912888,0.8538324916,0.7949668804,1.418723579,0.682051285,0.7662365501,0.5659179317,0.9088549345,1.141395722
2024-09-21,0.6163880737,0.7659595049,0.4711783832,0.4799841296,0.9119191745,1.002950664,0.4984569788,1.107316487,0.6678911027,0.7471232899,0.703467496,0.5202408064,0.8729826894
2024-10-01,1.025130051,0.8007486905,0.6255485396,-0.1016838419,0.8329902257,0.2693525831,0.6666479435,0.5460541748,0.8725969871,0.5853868965,1.009482093,1.143119482,1.049612687
2024-10-11,0.9328476513,1.049560542,1.790806955,1.564861057,0.7134602032,0.9620018048,0.8482326609,1.234251311,0.5656495649,0.86257256,0.7678154249,1.098623736,1.195515127
2024-10-21,0.1722522341,0.07602516257,-0.2398552711,-0.5704307561,-7.02e-05,0.2328850456,-0.467274084,-0.04971665573,0.5971493753,-0.1634257763,0.06257893856,0.5863585554,0.1654896878
2024-11-01,-0.745881771,-0.7844767535,-0.6509321355,-0.4753317415,-0.5388851024,-0.7075975246,-0.8794734076,-0.9433734692,-0.8817885878,-0.7911748625,-0.9227753006,-0.6185646309,-0.9331930842
2024-11-11,-0.833537534,-0.7772666542,-0.007025307189,-0.4273494633,-0.3385297729,-0.9494293369,-0.975845091,-0.935328295,-0.8807914863,-1.028414892,-1.012773547,-0.7870927399,-0.9331930842
2024-11-21,-0.8067382574,-0.6661362114,0.4223123719,1.740101037,-0.4942633477,-1.173738462,-0.9770032439,-0.9977383583,-0.9783872367,-1.052204236,-1.066205111,-1.144524145,-0.9331930842
2024-12-01,-1.279456496,-1.238979622,-1.435751603,-1.311991235,-1.110916824,-1.191444083,-0.9770031888,-0.9977382985,-0.9924781323,-1.052204178,-1.066205065,-1.379788678,-0.9331930217
2024-12-11,-1.237428904,-1.234756308,-1.326316943,-1.271491106,-1.176986225,-1.18786786,-0.9770031888,-0.9976632002,-0.9918338313,-1.052204178,-1.066205065,-1.347251414,-0.9331930217
2024-12-21,-1.286347508,-1.250851595,-1.437090279,-1.325321685,-1.171018404,-1.191444083,-0.9770031888,-0.9977382985,-0.9924781323,-1.052204178,-1.066205065,-1.375377841,-0.9331930217
2025-01-01,-1.302018523,-1.255197556,-1.437157243,-1.344388479,-1.180871922,-1.191444083,-0.9770031888,-0.9972471223,-0.9924781323,-1.052204178,-1.066205065,-1.380041978,-0.9331930217
2025-01-11,-1.141757846,-1.220889941,-1.399314235,-1.343237378,-1.180541867,-1.191444083,-0.9770031888,-0.9977382985,-0.9924781323,-1.052204178,-1.065807522,-1.172627795,-0.9331930217
2025-01-21,-1.247603655,-1.252238007,-1.417079221,-1.344388479,-1.180956536,-1.191444083,-0.9770031888,-0.9977382985,-0.9924781323,-1.052204178,-1.066205065,-1.369405755,-0.9331930217
2025-02-01,-1.263587475,-1.23573655,-1.426711992,-1.344388479,-1.179250841,-1.182004473,-0.9770031888,-0.9976525835,-0.9920331461,-1.050437936,-1.06610864,-1.263541441,-0.9331930217
2025-02-11,-1.200083375,-1.243148411,-1.424988857,-1.344388479,-1.180872954,-1.190861083,-0.9770031888,-0.9977382985,-0.9901301999,-1.052204178,-1.066205065,-1.308094525,-0.9331930217
2025-02-21,-1.192220807,-1.254989758,-1.437157243,-1.344388479,-1.180956536,-1.191444083,-0.9770031888,-0.9977382985,-0.9924781323,-1.052204178,-1.066205065,-1.378396332,-0.9331930217
2025-03-01,-1.009279847,-1.112979503,-1.137371193,-0.9248547853,-0.9152137247,-1.191444083,-0.9770031888,-0.9977382985,-0.9924781323,-1.052204178,-1.066205065,-1.16803587,-0.9331930217
2025-03-11,-0.7392976880073547,-0.7155812594803358,-0.4528705775737762,0.9334773759510768,-0.7137120729089249,-0.7590892314910889,-0.9770031571388244,-0.984075665473938,-0.9850589671818638,-0.8678568601608276,-0.9304439427291336,-0.7368004820655237,-0.9331927299499512
2025-03-21,-0.701107919216156,-0.7819080404817806,-0.8985366225242615,-0.1157032381161082,-0.3689986612617951,-0.8520976901054382,-0.8916404247283936,-0.8460874557495117,-0.825657571820804,-0.7471458315849304,-0.8012986475262646,-1.1141861588081998,-0.9185783863067628
2025-04-01,-0.0055468692444264,0.1871209881714741,1.6522854566574097,-0.1470859634702923,0.5866419932842187,1.4237693548202517,-0.6739779114723206,-0.2083564698696136,-0.390455094487094,0.0581151843070983,-0.5009142146694427,0.52194038646787,-0.6402547955513
2025-04-11,-0.4502979516983032,-0.2414817723044543,0.700882613658905,1.4005561192247409,-0.207037782702899,0.1575406640768051,-0.7477877736091614,-0.6067251563072205,-0.8157124853102589,-0.3211046457290649,-0.6261284444561298,-0.4492006606057565,-0.9015687704086304
2025-04-21,-0.3838536143302917,-0.3868241613995551,-0.3819977641105652,-0.4933342049107031,-0.447181793671788,-0.0884570255875587,-0.5120183229446411,-0.6176916360855103,-0.3314388750596011,-0.2903962135314941,-0.3558567861150259,-0.128338483436173,-0.7621492743492126
2025-05-01,-0.1344168037176132,-0.1837808076469511,0.2411270290613174,0.1968290502529797,-0.0464722586063715,-0.1015161499381065,-0.5437331199645996,-0.5989633202552795,-0.5348962343543663,-0.3514702618122101,-0.2104903981128434,-0.0028467547145536,-0.7620823383331299
2025-05-11,0.2176821529865265,0.3209830957926423,0.3141220510005951,0.684187754305491,0.7102586363620719,0.4800207912921905,-0.2581532895565033,-0.0124185467138886,0.4257823261236093,0.1580381989479065,0.0773438912376894,0.1196967051634528,-0.3751785457134247
2025-05-21,0.2679569721221924,0.4649811005141237,0.8631185293197632,0.5266260167342681,0.6367968453982603,1.034261703491211,0.0504841059446334,0.1704878360033035,0.2612452356824808,0.1684503108263015,0.0554006429110583,0.6655339187692793,0.0352130569517612
2025-06-01,-0.0008487972081638,0.0440363309623875,0.0751804336905479,-0.0403458262719036,-0.0072636765322138,0.2749727964401245,0.0167718678712844,0.1070282310247421,-0.2886984207718803,0.0806744173169136,0.0224324758390101,0.2367960995357405,0.2583665251731872
2025-06-11,0.737127423286438,0.7246832184235872,0.3622429370880127,-0.3156445755251864,-0.0046472325233662,0.8787388205528259,1.2295188903808594,0.7355160713195801,-0.0936471088831761,1.2632832527160645,1.6095913857422015,1.0056669725972762,1.201220154762268
2025-06-21,0.951953649520874,1.090579186012586,1.263662576675415,1.2914236198114168,0.9520333847907304,0.7582224607467651,1.6948078870773315,1.6429461240768433,0.5730936688548481,1.4369171857833862,1.009127203959397,0.5167797507656673,1.5803333520889282
2025-07-01,1.5910749435424805,1.5851992176596483,1.1045225858688354,1.4829597432452737,1.582661773915974,1.1504623889923096,2.157264947891236,1.5489739179611206,0.9090731118971156,1.5623499155044556,2.033737286481594,1.041910054224668,1.349403977394104
2025-07-11,1.029640555381775,0.9544001138460422,0.3110271692276001,0.6908950193220346,1.4602342388269631,1.014400839805603,0.7051774859428406,1.1979655027389526,0.7156126669210969,0.7116582989692688,1.0586441873498749,0.4389381312492043,0.817170262336731
2025-07-21,1.0955133438110352,1.1045695809761509,0.4795839190483093,0.6463442709600612,0.90425168143283,1.5074313879013062,1.2249746322631836,1.038658857345581,0.904175948134315,1.515661597251892,1.3376002616131568,0.8505331473313869,1.0882676839828491
2025-08-01,1.811910629272461,1.7118178363897378,1.2669450044631958,1.4316696394635635,1.6534376841007266,1.370081067085266,1.777312397956848,1.4877471923828125,2.144657367261297,1.533827543258667,1.5761297391592295,1.4675892792055447,1.7595903873443604
2025-08-11,1.7175076007843018,2.09718749604548,1.6770542860031128,2.752339183979277,2.7840155481546853,2.3026249408721924,1.6182465553283691,1.8436287641525269,2.043359880875342,1.716005563735962,1.375957578434091,1.365680784913306,1.5828860998153689
2025-08-21,0.882775068283081,0.9182024795387788,0.7176870107650757,0.0995885477797862,1.282388359699436,1.2059320211410522,1.0479998588562012,1.0771609544754028,1.105227474675193,1.066368818283081,0.5054148119177735,0.7018442840542073,1.0410833358764648
2025-09-01,0.9019638299942015,0.710523013148745,0.0356764569878578,0.3811080258114713,0.4499984948358447,0.5634403824806213,0.8059441447257996,1.093298316001892,0.682844235501381,0.9250736236572266,0.9816062714040652,0.639505350420945,0.8396356105804443
2025-09-11,1.0350227355957031,1.132141383116671,0.7962566018104553,0.8555879942200226,1.314724158348861,0.9588246941566468,0.7078872323036194,1.178409218788147,1.538169483917065,0.9176026582717896,0.8786431070780922,0.986529354815936,1.311225652694702
2025-09-21,0.7820936441421509,0.742135958925143,0.4229488382919688,0.2349641587419322,0.8769612308204383,0.6251217612965257,0.649984827393796,1.1797199095423976,0.7675272073726008,0.5773099328500948,0.6274107398570077,0.7377984417404123,1.084351178434625
2025-10-01,0.5895019173622131,0.5403637141500044,0.5835607074006357,0.37802433991696577,0.3621626220870939,0.7323977575786749,0.3251625939549237,0.5094123273738635,0.3226112203999213,0.3912762346950154,0.510507391928837,0.8512006720390525,0.4198826764424989
2025-10-11,0.594088077545166,0.4674763880382634,0.03903225255679576,-0.2826286175453365,0.41680764477782384,0.05785886695145084,0.11443298989793027,0.1364186021902087,1.0749470601052258,-0.19549860231948818,0.32701580273546405,1.3992824101339092,0.602032918659094
2025-10-21,-0.020676851272583008,0.08514609877691665,0.9978593569061507,0.7388229221694597,0.151800371759102,0.07598776687598588,-0.4475052578323226,-0.5251573432957477,-0.47952996187667274,-0.7767632106867655,-0.1055162269518901,0.6447804516643747,-0.3609071493752104
2025-11-01,-0.4473945200443268,-0.4271311356194024,-0.17735670583437477,0.03668019385103741,-0.3929665769350506,-0.6143250303345417,-0.826195851811109,-0.2938724331847447,-0.32066066534647714,-0.7761569927600805,-0.6346902436744335,-0.10331023872235225,-0.8957494685008768
2025-11-11,-1.0177479982376099,-1.0068571459083961,-0.7329705339207888,-0.5588054656875312,-0.8192204086257275,-1.1562161478553277,-0.9742668887647346,-0.9716694878303744,-0.9421468112438441,-1.0521145735557007,-0.9854327844002839,-1.1720844231211818,-0.929795131140844
2025-11-21,-1.1516892910003662,-1.196544820577661,-1.3485958867453611,-1.2216115285460971,-1.0374764505709495,-1.1579297475031392,-0.9770031932094476,-0.9901544807325645,-0.9847653467827493,-1.0522036634438783,-1.0658875789914506,-1.3114574161490653,-0.9331928264918345
2025-12-01,-1.096389651298523,-1.1573726260730757,-1.1247684419310366,-1.0750940801621078,-1.0898189066789528,-1.115170833417398,-0.9770031932094476,-0.9852158939782205,-0.9760200564035518,-1.025371720888482,-1.0533793496102881,-1.2376484936826495,-0.9331928264918345
2025-12-11,-1.1976877450942993,-1.185343542571745,-1.3935225769107995,-0.7554309046182794,-1.126318694631635,-1.191444207411181,-0.9770031932094476,-0.9977385097073334,-0.9924778887552629,-1.0522041718027266,-1.066205076920172,-1.3782255100559246,-0.9331928264918345
2025-12-21,-0.9996331930160522,-1.0621353072978128,-0.6159960569937422,-0.4664802222592505,-1.0763595217228599,-1.1329541158207332,-0.9770026333231221,-0.9960127670922299,-0.9807718555043029,-1.0499007978607489,-1.0639710226686827,-1.2017438613511793,-0.9331928264918345
2026-01-01,-1.285857081413269,-1.2452484178541918,-1.4352799777740393,-1.3208056424488497,-1.1548152284250393,-1.1913775489394443,-0.9770031932094476,-0.9977385097073334,-0.9924781708113619,-1.0522041718027266,-1.066205076920172,-1.3620454568866727,-0.9331928264918345
2026-01-11,-1.2360535860061646,-1.2395871458738936,-1.4371573910064035,-1.340211644371546,-1.1717377214912506,-1.1898127939989054,-0.9739946440389191,-0.9959419047851552,-0.9924502472575556,-1.0521218176692901,-1.062253705936813,-1.2987137247648053,-0.9315066236058215
2026-01-21,-1.1713687181472778,-1.2377013210379557,-1.3933580326955892,-1.3201353278907537,-1.1795379489740248,-1.1903747881358284,-0.9682683366582124,-0.9977385097073334,-0.9868532670559913,-1.0522041718027266,-1.065706977942927,-1.310260996065284,-0.9296894692013357
2026-02-01,-1.1814649105072021,-1.2026090043885933,-1.2991485369151987,-1.1954072220804688,-1.1608154099082264,-1.1795156683482364,-0.9770031932094476,-0.9977385097073334,-0.9920091115186361,-1.0518574710681363,-1.066198489159505,-1.2196431890327477,-0.9331928264918345
2026-02-11,-0.892783522605896,-0.9755276814529864,-0.630586947284059,-0.019454242593431887,-1.122133760812665,-1.1589504761477225,-0.9763748607805605,-0.9977385097073334,-0.9922124739660536,-1.0497542634227053,-1.0654993028048334,-0.8275640269584441,-0.928765995397785
2026-02-21,-1.130426049232483,-1.0970235730923268,-1.1656718447186378,-0.13494817010750207,-1.1355284542403876,-1.1810236360383106,-0.9769612717208196,-0.9874802153002036,-0.9923447582765097,-1.0377258576216413,-1.0661406454073088,-1.2936409952653285,-0.9296407376838792
2026-03-01,-1.092044711112976,-1.1069975079911643,-1.3933053377506353,0.08907230586813614,-1.1576118279948207,-1.1841734429249255,-0.9770031932094476,-0.9786731507342334,-0.9911234553676088,-1.0205222316544285,-1.066205076920172,-1.3800419605008754,-0.9331928264918345
2026-03-11,0.12102861702442169,0.4613038180334947,0.6385174553787942,1.9611653291952582,0.24959940494969934,0.5600445704773701,-0.22250192053910037,-0.2954758344810617,-0.4426939289384844,0.796089788630113,0.3570944735389496,0.7920602118412251,-0.7443926086523032
2026-03-21,0.07160849124193192,0.18180875138093258,0.8927690915888081,1.3398009530809676,0.3109648090988899,0.16923482369192472,-0.06642309191735403,-0.3135314999775106,-0.32049939977184344,0.45512153082102064,-0.23951575276712442,0.0367194730078262,-0.29872925516556753
