date,moisture,moisture_ssd,moisture_ceq,moisture_eeq,moisture_jon,moisture_lak,moisture_nbg,moisture_uni,moisture_upn,moisture_war,moisture_wbg,moisture_weq,moisture_aby
2002-07-01,0.05164578702,0.06577870092,0.3942333851,-0.5699151231,-0.4752990381,0.4810700679,0.4501081523,0.03380923771,-0.4086029576,0.5450719429,0.4723524509,0.6147670787,0.1376022177
2002-07-11,0.1892471409,0.1819353838,0.2676577067,-0.4801623109,-0.3369958903,0.4809203976,0.4807189474,0.193723289,0.001627783856,0.6282455335,0.5710911617,0.6375183676,0.1511151589
2002-07-21,0.5189139052,0.4577670832,0.3875117711,-0.3868617445,-0.07078084578,0.6368803997,0.8658753771,0.498626407,0.6707339379,0.8329636616,0.8275142981,0.7022563996,0.4537368989
2002-08-01,0.7795762144,0.7214995191,0.6316876743,0.2463125154,0.3770124764,0.8010623753,0.9946017653,0.7691933976,0.824039497,0.9310399665,0.9695208939,0.7732302684,0.8189098675
2002-08-11,0.8813414252,0.7910699461,0.6501494335,0.181788515,0.4737277532,0.87671317,1.05262872,0.9522745617,0.9528938306,0.9621779981,1.001105271,0.8123281183,1.04894003
2002-08-21,1.012977472,0.9274527688,0.615439678,0.1637072264,0.7325635113,1.009633008,1.166072186,1.200145544,1.126894473,1.113875586,1.073651177,0.8622532663,1.241797564
2002-09-01,1.050577632,0.9376243802,0.6905436629,0.1240040685,0.7340753102,1.014984858,1.196388705,1.214585176,1.077315293,1.131851985,1.109886898,0.8879171713,1.335905968
2002-09-11,1.034173223,0.9029486171,0.6084206681,0.3570901271,0.7351154977,0.8910887029,1.178132058,1.090951738,0.9347392761,1.021845755,1.084358703,0.8777115229,1.292728431
2002-09-21,0.9755392902,0.7862982002,0.5443356647,0.05540674393,0.5308300467,0.7300351997,1.206373648,0.994555315,0.7323867414,0.9070814433,1.104262373,0.880208922,1.378560644
2002-10-01,0.9978686897,0.9101742057,0.8083700552,0.4288679997,0.7659393823,0.8483588628,1.161205569,0.8952163241,0.8868524443,0.9180856917,1.134186667,0.9236844963,1.255967441
2002-10-11,0.8513471212,0.7827692812,0.8339653315,0.1397377467,0.5130789645,0.617452664,1.055003792,0.7965454739,0.8222432127,0.8439179138,1.078760694,0.9343115338,1.16238454
2002-10-21,0.6603921934,0.6780146548,0.9210173933,0.3879138427,0.4442631716,0.5088752937,0.8043604184,0.4549556695,0.5450145574,0.71470704,0.9636222014,0.9433068496,0.6269475228
2002-11-01,0.5604466526,0.6036239427,0.9438796777,0.6527436308,0.3122091734,0.3771114913,0.8070021542,0.1899384345,0.3777852136,0.6017158874,0.8971359254,0.9258004415,0.5248023563
2002-11-11,0.2964965496,0.3520147023,0.8577727628,0.5447128707,0.03387363187,-0.03747646675,0.6312895827,-0.2590625966,-0.05253667825,0.179600982,0.8598753072,0.8417411818,-0.02796671183
2002-11-21,-0.06776257807,-0.08306828746,0.6157151719,0.2589269078,-0.4148386389,-0.4823046133,0.006291520448,-0.5865178077,-0.5110196423,-0.3950740785,0.3346792738,0.5868882704,-0.4147199703
2002-12-01,-0.3470309845,-0.4114401729,0.3354331168,-0.1729359583,-0.6954518963,-0.7669805164,-0.3700066433,-0.7392230212,-0.7033208262,-0.6570766844,-0.1837839415,0.2363020259,-0.5977727263
2002-12-11,-0.5575854801,-0.6546155754,-0.05889779245,-0.3065488766,-0.873616404,-0.9864375473,-0.5813734074,-0.8511730055,-0.8269940314,-0.8176829891,-0.5060039337,-0.2691745847,-0.7282728595
2002-12-21,-0.8127828559,-0.8937232,-0.7032368414,-0.4731925998,-1.031633839,-1.145736004,-0.7501232739,-0.9551753878,-0.9268072042,-0.9618764057,-0.7146525642,-0.8676349834,-0.8368012559
2003-01-01,-1.045905615,-1.074246054,-1.046090632,-0.9258420909,-1.143270806,-1.26944846,-0.8885028724,-1.036130877,-0.9943841678,-1.079035447,-0.8834870218,-1.149930333,-0.915332428
2003-01-11,-1.165185679,-1.168450963,-1.210251054,-1.102555135,-1.209181815,-1.340183402,-0.9803275993,-1.082234892,-1.030317231,-1.147188438,-0.9895750158,-1.289006349,-0.9628690988
2003-01-21,-1.24048138,-1.248050811,-1.350568809,-1.226760583,-1.25967586,-1.403704817,-1.056463341,-1.1215577,-1.060221779,-1.205271596,-1.086024815,-1.424041452,-1.000191494
2003-02-01,-1.320754267,-1.312352801,-1.466466773,-1.323288914,-1.295939245,-1.457253494,-1.110384186,-1.150822235,-1.07985082,-1.248589336,-1.163983152,-1.555202811,-1.026145181
2003-02-11,-1.380426419,-1.365670902,-1.559774884,-1.390892585,-1.326245478,-1.503549634,-1.163391655,-1.179186417,-1.0973027,-1.290470645,-1.235174474,-1.652373585,-1.049397573
2003-02-21,-1.362519597,-1.39574826,-1.63055912,-1.435839291,-1.344991051,-1.536612653,-1.192945987,-1.197929876,-1.10994992,-1.315579404,-1.279340278,-1.673206369,-1.062237613
2003-03-01,-1.350459503,-1.406936946,-1.684621463,-1.349100699,-1.343727828,-1.571346732,-1.223323832,-1.215358754,-1.121529329,-1.341015291,-1.32297307,-1.672135145,-1.073907455
2003-03-11,-1.3855739,-1.452593024,-1.772109792,-1.4437296,-1.359162509,-1.605243515,-1.252399899,-1.230436255,-1.130191963,-1.364908167,-1.364713307,-1.803149712,-1.084792143
2003-03-21,-1.33876718,-1.458508454,-1.699245123,-1.431291266,-1.378492659,-1.642681845,-1.276990419,-1.241935649,-1.137592404,-1.387790336,-1.416885412,-1.733548931,-1.091716141
2003-04-01,-1.297847433,-1.424541491,-1.771414886,-1.522157779,-1.400189339,-1.547485861,-1.275182237,-1.252359058,-1.143921614,-1.373979996,-1.319794501,-1.463533656,-1.098497298
2003-04-11,-1.11318736,-1.166514294,-0.909888209,-1.129501076,-1.366543188,-0.9870784632,-1.239006055,-1.240084266,-1.149383946,-1.09548776,-1.080055147,-0.8623977316,-1.10563886
2003-04-21,-1.041117763,-1.060435755,-0.4148636954,-0.6408033264,-1.30199086,-0.8915972022,-1.245591532,-1.242504502,-1.154809185,-1.11089809,-1.147103582,-0.6319144181,-1.111918492
2003-05-01,-1.09122268,-1.099193944,-0.3397442079,-0.5838000942,-1.209475373,-1.031021999,-1.304068944,-1.262331036,-1.157644271,-1.239477637,-1.324354875,-0.7912732565,-1.118029496
2003-05-11,-0.9420764808,-0.9330861046,-0.294360925,-0.3749495654,-1.005413554,-0.8178958679,-1.268495485,-1.242822243,-1.095749429,-1.131213839,-1.139450845,-0.4193110353,-1.123358454
2003-05-21,-0.6274893985,-0.6294477259,-0.5849248015,-0.7156310447,-0.8331568735,-0.619042554,-0.3040778087,-1.056726588,-0.7467252185,-0.7412716195,-0.24704698,-0.2273542372,-0.8257627064
2003-06-01,-0.1794135605,-0.1888011846,-0.05530617831,-0.5141183289,-0.4147399171,-0.240498856,0.2264413954,-0.7132581762,-0.3899580846,-0.3881018131,0.2804923183,0.3341382485,-0.323124968
2003-06-11,0.07445853272,0.0710449487,0.1483760214,-0.210278772,-0.2061466402,0.006098871901,0.432667957,-0.2266078655,-0.2478213385,0.1043589944,0.51813154,0.530516571,-0.005900724433
2003-06-21,0.275085978,0.2794969562,0.3809401162,-0.10497918,0.02789745503,0.3277778792,0.6280375159,0.07089120654,-0.126855522,0.4240364421,0.6990852423,0.6482661165,0.2037101043
2003-07-01,0.5752937121,0.5881046025,0.5714005915,0.342393831,0.4372227099,0.5632774008,0.8739367692,0.4322970555,0.3701272966,0.710124609,0.8088313107,0.7381260413,0.6324866207
2003-07-11,0.6951937022,0.6736653183,0.5234480346,0.3245437352,0.4826896728,0.5839885939,0.9560329165,0.4559720829,0.7373457313,0.8620368574,0.9071694774,0.7502539415,0.6609716321
2003-07-21,0.8121650894,0.7643009752,0.5781651975,0.4860121022,0.5668289468,0.6875659253,1.036029042,0.7541744193,0.6511397756,0.9993480434,1.003306467,0.7863426489,0.9839667559
2003-08-01,1.078238723,1.02141077,0.7287461682,0.8247380662,0.9586223915,0.9525435768,1.164603235,1.181388958,0.9775092853,1.152359392,1.103132157,0.8548234622,1.316584941
2003-08-11,1.125203129,1.06693485,0.7226151614,0.9759930615,1.004319044,0.9870500323,1.20597774,1.160065995,1.077953634,1.172253198,1.130141258,0.884044569,1.273509129
2003-08-21,1.277515292,1.222555648,0.9105451853,1.357847586,1.216888864,1.083497578,1.274502594,1.276649849,1.32786342,1.235792439,1.172565154,0.9173897102,1.37526207
2003-09-01,1.310370966,1.253627344,0.9121644853,1.194610913,1.275693383,1.127814449,1.313106646,1.345751777,1.420318238,1.270019013,1.196697385,0.9445803192,1.449232295
2003-09-11,1.26044855,1.238702796,0.9119175464,1.168018403,1.283320664,1.149258894,1.327548152,1.35660441,1.252426,1.285554625,1.202088247,0.9592716785,1.455847912
2003-09-21,1.204179249,1.16895442,0.7847846296,0.8300586361,1.117986229,1.119060464,1.33476592,1.320312494,1.296508778,1.297920167,1.196693083,0.9604531558,1.464130722
2003-10-01,1.105850289,1.085050147,0.766512798,0.4251141573,0.9580779283,1.091225814,1.309478621,1.24408378,1.281174868,1.266904363,1.197791016,0.9652162601,1.317395428
2003-10-11,1.0672748,1.116905565,0.8955092761,0.5837505795,1.09983683,1.139318817,1.168709242,1.232120589,1.235360014,1.229351911,1.183982075,0.9749005991,1.073434172
2003-10-21,0.8805196221,0.9316762554,0.8837651459,0.4662003023,0.8581807195,0.9923117224,0.8935845161,0.9055393434,0.8280793789,1.042849251,1.12851222,0.9760054326,0.9176785272
2003-11-01,0.7153966902,0.8591542245,0.9489374124,0.5277127107,0.8472980279,0.9604599656,0.6612318925,0.8073929479,0.661870305,0.9352014339,0.9938503789,0.9779226892,0.4768160914
2003-11-11,0.4602298994,0.5708120857,0.8677716754,0.6926844111,0.5566747105,0.5758465545,0.3108253939,0.2338380651,0.1594900259,0.515919588,0.7471339823,0.8764581466,0.01320265643
2003-11-21,0.09301609639,0.1186588302,0.6744113092,0.3973554705,0.08999167347,-0.03619663665,-0.1409903941,-0.2628619311,-0.3311274867,-0.07458771767,0.2385079213,0.6236310143,-0.3552345633
2003-12-01,-0.1935542698,-0.2187841275,0.3399693625,0.3820924162,-0.2248073458,-0.4617907724,-0.4299052929,-0.4832342519,-0.570365195,-0.4329941206,-0.2323958535,0.1060828885,-0.5496350522
2003-12-11,-0.499520061,-0.5667184509,-0.3262526295,-0.2936099992,-0.550938282,-0.7097440831,-0.5905943114,-0.6339587213,-0.7228480408,-0.6147545172,-0.5045706201,-0.5023559072,-0.677732147
2003-12-21,-0.7270310338,-0.7992198025,-0.7932136292,-0.7204268918,-0.7891597814,-0.8693484771,-0.7232545911,-0.7556344168,-0.832419388,-0.7598094265,-0.6635693543,-0.8588825346,-0.7799789541
2004-01-01,-0.8757075112,-0.9431319625,-1.024162482,-0.9495755703,-0.9363237818,-0.9950891204,-0.8251619948,-0.840324971,-0.9064733701,-0.86815019,-0.7882225607,-1.05278868,-0.8458763937
2004-01-11,-1.025214272,-1.063687001,-1.219413322,-1.102416881,-1.042761369,-1.107197126,-0.9162301518,-0.9163813495,-0.9622781633,-0.9655449291,-0.9061090452,-1.24998137,-0.9019475891
2004-01-21,-1.152308713,-1.152376677,-1.353836203,-1.195251512,-1.11392208,-1.197133427,-0.9888616806,-0.9737218112,-0.9994221585,-1.041864932,-1.008075527,-1.401072995,-0.9437679367
2004-02-01,-1.274064674,-1.242172133,-1.4940548,-1.303367887,-1.178438698,-1.287641189,-1.06854693,-1.033111719,-1.033050618,-1.123841948,-1.119456056,-1.542454872,-0.9865768128
2004-02-11,-1.348456212,-1.312333228,-1.597184739,-1.384084759,-1.228433988,-1.360816595,-1.132949216,-1.079285179,-1.058534111,-1.188405263,-1.209995868,-1.653820472,-1.018490362
2004-02-21,-1.402203834,-1.357481418,-1.673761679,-1.439952212,-1.259913031,-1.402959517,-1.176685455,-1.108833627,-1.073836943,-1.228364241,-1.267880076,-1.722722324,-1.038777737
2004-03-01,-1.385844632,-1.365410833,-1.695527884,-1.482291771,-1.284473666,-1.437895598,-1.18099527,-1.127384311,-1.085475788,-1.253239751,-1.262696166,-1.644009433,-1.049241929
2004-03-11,-1.472045456,-1.417340429,-1.78421803,-1.522787804,-1.309118499,-1.481329969,-1.220775856,-1.15275314,-1.096840403,-1.290101729,-1.326342078,-1.795135907,-1.062956879
2004-03-21,-1.514002012,-1.454228135,-1.828497542,-1.561324846,-1.330354261,-1.520882422,-1.256512422,-1.174075838,-1.106295602,-1.322644071,-1.385114602,-1.863132434,-1.075481977
2004-04-01,-1.407688722,-1.357099453,-1.408810695,-1.308598614,-1.298573287,-1.373949979,-1.276581805,-1.15943214,-1.108520651,-1.206570734,-1.392719877,-1.627637906,-1.084560227
2004-04-11,-1.226029286,-1.173548031,-0.7696909674,-0.6288667705,-1.192786404,-1.035293351,-1.307738135,-1.162523409,-1.113549522,-1.2028182,-1.436386876,-1.192374169,-1.093107497
2004-04-21,-1.09690598,-1.082299391,-0.5572038292,-0.6128664582,-1.052501884,-0.963684278,-1.289660347,-1.190494857,-1.10513287,-1.211660315,-1.331359546,-0.9570502856,-1.101107241
2004-05-01,-0.936746108,-0.9279622879,-0.3642458592,-0.3331679732,-0.9534437855,-0.8874740062,-1.200548132,-1.2035192,-1.053366511,-1.107360141,-1.097211765,-0.6022395639,-1.108660315
2004-05-11,-0.7851684965,-0.7880999264,-0.4256550987,-0.4767968195,-0.8824886223,-0.6974414955,-0.8460087897,-1.185952294,-0.9279613844,-0.9565156524,-0.7647134552,-0.346411351,-1.035258943
2004-05-21,-0.7575362251,-0.8023814213,-0.5537812251,-0.9521267507,-1.021082514,-0.7072785782,-0.5944690213,-1.156092372,-0.9257398615,-0.79523649,-0.5612078814,-0.3290020145,-0.8631474438
2004-06-01,-0.4445577079,-0.5355261488,-0.3954326607,-0.8759783412,-0.8618546756,-0.5041186444,-0.3996569179,-0.9027681941,-0.4881253436,-0.6890901717,-0.1686384541,0.09946988974,-0.6298991591
2004-06-11,-0.3643223346,-0.4157494264,-0.4080704003,-0.8962887751,-0.6701119742,-0.3143517354,-0.3194685555,-0.5105027289,-0.6706697253,-0.3721755207,-0.01281820554,0.2269224579,-0.5726527639
2004-06-21,0.02020680512,-0.02703288113,0.06600517889,-0.6791003226,-0.3708583093,-0.05888532261,0.1522748237,0.1191445907,-0.2930957953,0.1453458878,0.4805377365,0.4417054247,-0.1647273403
2004-07-01,0.1009133431,-0.05880595497,-0.2479504091,-1.024222082,-0.6486149408,-0.1211694501,0.4082483444,0.06070536193,-0.09362305796,0.2900978675,0.6732739692,0.4799971472,-0.0768869525
2004-07-11,0.4530416486,0.3197841916,0.2515754101,-0.6205615491,-0.3308099008,0.2525403465,0.8611099588,0.2669730742,0.6477438156,0.6593068023,0.9218060257,0.6388563866,0.246454779
2004-07-21,0.7587712146,0.6366277841,0.5182067735,0.09572498164,0.2304320581,0.4678861942,1.084905614,0.6573253711,0.7951281256,0.8987757772,1.032867772,0.7012714885,0.6353861915
2004-08-01,0.9857512279,0.933120287,0.7563253549,0.7746785701,0.772015966,0.8122906284,1.167605025,0.9449597419,1.058400486,1.030306433,1.081474371,0.7652629276,0.8670062967
2004-08-11,1.097060616,1.046709783,0.7997747647,0.8406886421,1.032838693,0.9153654236,1.220685719,1.177117313,1.178676369,1.114845031,1.091948746,0.7135501444,1.21551034
2004-08-21,1.130983171,1.051264904,0.8066683305,0.7339122091,0.9860577821,0.957482821,1.257063553,1.07647112,1.234567945,1.108581769,1.145615506,0.7879829141,1.301371379
2004-09-01,1.193727123,1.112331628,0.8082289856,0.9057690352,1.042369879,1.013867366,1.300740871,1.21465569,1.257726532,1.195273705,1.165354986,0.8347455644,1.393967776
2004-09-11,1.125720421,1.075977488,0.763184332,0.6859469796,1.052042813,1.030604221,1.317512358,1.132509152,1.113100553,1.231235416,1.172460755,0.8543042916,1.33522009
2004-09-21,1.175028819,1.090446,0.8193863001,0.6994240933,1.051506234,1.049090576,1.330454673,1.221995518,1.054927882,1.260110904,1.183467791,0.8880421394,1.421549091
2004-10-01,1.087367495,1.029919533,0.7952936133,0.6905865296,0.9673025897,0.9491141052,1.324707991,1.002758502,0.9290034943,1.214445388,1.189682194,0.9034440386,1.333215424
2004-10-11,0.8756960884,0.8926882883,0.8244834147,0.3558356906,0.776964715,0.8563452493,1.165326427,0.8419724131,0.8811827113,1.078991876,1.057342724,0.915316918,0.8303578607
2004-10-21,0.7979370356,0.8141653911,0.8477337427,0.1383272702,0.5721754033,0.7804476865,1.226883189,0.6281916502,0.7622957334,0.9618871718,1.135210193,0.9291673166,1.173837522
2004-11-01,0.7129777495,0.7881748808,0.9215296911,0.4316145902,0.6151643209,0.6511646263,1.113411623,0.4842232327,0.6343967327,0.9188589077,1.033865862,0.9354737817,0.9169891316
2004-11-11,0.3306651219,0.3621002357,0.7361454689,-0.06524632413,0.1535890633,0.2230319325,0.676027436,-0.0840745392,0.001715786918,0.4018709348,0.7266078819,0.8797994374,0.2192609955
2004-11-21,0.1344261922,0.1438347034,0.7449715453,0.4557202256,0.02749369958,-0.16321992,0.2267925229,-0.4422896913,-0.3460625993,-0.07693681564,0.3617919166,0.7074121609,-0.2010778868
2004-12-01,-0.2616341435,-0.2976434921,0.2268497895,-0.1019274356,-0.3962693355,-0.6020148037,-0.1733316584,-0.6316060702,-0.5876141548,-0.4675621778,-0.1431401703,0.09823592293,-0.436346921
2004-12-11,-0.5548174931,-0.619093906,-0.3719146038,-0.595138602,-0.6688829725,-0.8410969952,-0.417165653,-0.7617064704,-0.7353497196,-0.6533956145,-0.4580810138,-0.4635177213,-0.6036464412
2004-12-21,-0.785282273,-0.8393042943,-0.8343890753,-0.7993134231,-0.8655143926,-0.9962904703,-0.5816130804,-0.8742455729,-0.8481797993,-0.8056085188,-0.6448368824,-0.9001965722,-0.7349023745
2005-01-01,-0.9919664936,-1.003751787,-1.11874099,-1.078166093,-1.015249818,-1.12250625,-0.7203263112,-0.9593775559,-0.926699057,-0.9313432184,-0.7868823592,-1.141094678,-0.8317905296
2005-01-11,-1.145106962,-1.124392253,-1.291835127,-1.220734829,-1.11437052,-1.232927543,-0.8449061588,-1.031729164,-0.9848326644,-1.039621521,-0.9293460504,-1.313789587,-0.9057325611
2005-01-21,-1.248170288,-1.209646924,-1.425078218,-1.330716943,-1.183560482,-1.309405424,-0.9342019402,-1.082130169,-1.02326643,-1.112953289,-1.025690606,-1.436090444,-0.9560093208
2005-02-01,-1.334133781,-1.277133587,-1.535063446,-1.413189596,-1.232541506,-1.37267646,-1.00267109,-1.117697861,-1.048243823,-1.168836552,-1.107317817,-1.548270714,-0.9894365327
2005-02-11,-1.402156581,-1.334179602,-1.633660626,-1.472035847,-1.267666421,-1.426688826,-1.06335307,-1.145947074,-1.066687161,-1.216010172,-1.184882783,-1.650937903,-1.016562592
2005-02-21,-1.429900908,-1.366768338,-1.691863199,-1.518931705,-1.292811174,-1.465836387,-1.093177047,-1.163317477,-1.07878839,-1.24371111,-1.224514482,-1.689895213,-1.030040213
2005-03-01,-1.393623213,-1.373991728,-1.611517736,-1.482686207,-1.312337244,-1.494999641,-1.118678387,-1.176955407,-1.08802424,-1.265748615,-1.248144964,-1.694070269,-1.039711118
2005-03-11,-1.329200268,-1.381166449,-1.689111638,-1.501142942,-1.334803603,-1.524395924,-1.135576452,-1.194319294,-1.099981327,-1.295871189,-1.275206414,-1.548092042,-1.050983243
2005-03-21,-1.376729624,-1.417584217,-1.686458366,-1.30438179,-1.345034222,-1.579980847,-1.174551188,-1.210194269,-1.110667421,-1.324289477,-1.360541311,-1.794256542,-1.062510535
2005-04-01,-1.38885296,-1.454253348,-1.734687262,-1.476725394,-1.373333647,-1.623759888,-1.200494621,-1.224663589,-1.120070897,-1.351769765,-1.409098846,-1.768383005,-1.07104705
2005-04-11,-1.276632306,-1.367591185,-1.403848221,-1.469410333,-1.385847372,-1.563293576,-1.22857986,-1.236663367,-1.128340388,-1.35867386,-1.385525207,-1.193798916,-1.077350113
2005-04-21,-1.098911175,-1.168583488,-1.225288706,-1.42151773,-1.354520943,-1.10790763,-1.195591991,-1.213351041,-1.133043009,-1.167560916,-1.088918893,-0.4297284936,-1.085723933
2005-05-01,-0.8235474752,-0.7996697277,-0.492413259,-0.4700008855,-0.9890968294,-0.6444855682,-0.9239658801,-1.15851757,-1.047684208,-0.9308371761,-0.8380627308,0.007437058095,-1.083509178
2005-05-11,-0.7970020863,-0.7696036473,-0.3675307093,-0.5555039036,-0.9534356381,-0.4190661555,-1.024779534,-1.108319759,-1.02312971,-0.822588967,-0.9247258902,0.108649221,-1.09167246
2005-05-21,-0.4710604847,-0.4081609363,-0.1704251517,-0.208213903,-0.462459972,-0.0726840171,-0.7777328996,-0.7862967499,-0.5884836001,-0.5909804283,-0.5920899118,0.4091114649,-1.00940585
2005-06-01,-0.143304109,-0.106028155,0.04713672418,-0.4871908148,-0.2240324272,0.09549913819,-0.1525326286,-0.370247563,-0.2814638936,-0.147066728,0.01407162856,0.5329486273,-0.4603547966
2005-06-11,0.1089603055,0.1420993594,0.3425421957,-0.5149022373,-0.1398596962,0.4061931084,0.3946207338,0.06634283528,-0.3291420545,0.3970611051,0.4967726811,0.6708524665,0.12944893
2005-06-21,0.2946733678,0.2735109335,0.4207049209,-0.3845731324,-0.04108583682,0.4040475057,0.5006057766,0.2814265859,-0.0488450898,0.4696413781,0.6560657442,0.7057520438,0.4070310261
2005-07-01,0.6050250094,0.565872707,0.7031423099,-0.1870192779,0.3185493322,0.7103830069,0.8101174195,0.6447029133,0.3474576626,0.8341775282,0.8550011297,0.7862178449,0.6356342734
2005-07-11,0.7287052386,0.6763893816,0.643396611,-0.1614030821,0.4735595937,0.81215655,1.002195308,0.7733634049,0.5471423522,0.9308433528,0.9585869699,0.8163478526,0.7295019579
2005-07-21,0.9515987221,0.8841707249,0.7591739418,0.101290901,0.7644260736,0.9563177705,1.110992464,1.029795147,0.9309370749,1.093803475,1.053373236,0.845861042,1.026663277
2005-08-01,1.014656654,0.9376912121,0.8390151717,0.1831008004,0.8236936382,1.009665623,1.175147159,1.157349691,0.8413081933,1.170400983,1.117007359,0.8893863879,1.246443125
2005-08-11,1.188271402,1.053402559,0.8561436646,0.3770646889,0.9105389697,1.024196531,1.241065781,1.272743395,1.252200196,1.208357078,1.158316915,0.9233697705,1.391424682
2005-08-21,1.315909349,1.200164069,0.9287441229,0.7111598003,1.175038052,1.118451328,1.297774862,1.387487984,1.475384807,1.267049849,1.180052896,0.9537646122,1.479224773
2005-09-01,1.335374887,1.212696781,0.9033400813,0.5766761237,1.20157967,1.159437201,1.304208162,1.412095101,1.551775406,1.296704833,1.189435209,0.9651370805,1.511582426
2005-09-11,1.28153551,1.223308305,0.9931661211,0.8391946638,1.285962659,1.196675059,1.286193842,1.387698637,1.262066207,1.308428889,1.192526962,0.9727493188,1.484083678
2005-09-21,1.209798845,1.138451519,0.8674309569,0.5978134755,1.197965611,1.146615093,1.201190459,1.364544496,1.037365611,1.315404076,1.19618096,0.9713856161,1.457268469
2005-10-01,1.109915317,1.054653877,0.8274727264,0.1740721374,1.075321892,1.133983923,1.218352951,1.311316219,0.9364803896,1.279247463,1.189928509,0.9750614248,1.41967121
2005-10-11,1.127496089,1.127118668,0.9618456182,0.5376399621,1.113979455,1.155450426,1.188946614,1.250432836,1.187576735,1.260355885,1.184347958,0.9756994023,1.423619838
2005-10-21,0.9616943963,1.047363292,0.9906078593,0.6691905315,1.103311757,1.108442634,0.9205402009,0.9541112005,1.043167451,1.027429835,1.091427541,0.9771004891,1.232173205
2005-11-01,0.6119243563,0.7019066307,0.9430993783,0.5346825509,0.7688220853,0.6885723892,0.4966346178,0.4664453853,0.4440059457,0.526756722,0.7871608738,0.9142318159,0.6596016094
2005-11-11,0.1375288038,0.1384333121,0.5225315962,-0.00542932286,0.1662499015,0.06564910809,-0.03471259481,-0.09669274648,-0.1429506928,-0.04074397483,0.2358934625,0.5262834123,0.02368053005
2005-11-21,-0.2283369447,-0.2853594154,-0.03530598923,-0.5049713708,-0.2546934654,-0.3998901908,-0.3498644595,-0.3663939259,-0.4376241121,-0.3870061632,-0.2079712944,0.03307496064,-0.2615460463
2005-12-01,-0.4754781969,-0.5650262034,-0.5568083408,-0.8650722988,-0.5663689356,-0.6322576094,-0.5371187089,-0.5298792171,-0.6185540646,-0.5762884675,-0.4695192608,-0.2629089515,-0.4572862806
2005-12-11,-0.6692891844,-0.7681576037,-0.9114950579,-1.066278525,-0.7509108169,-0.8023831616,-0.6681810808,-0.6495310608,-0.7377947666,-0.7129819981,-0.6335431634,-0.669361078,-0.5942719971
2005-12-21,-0.876342861,-0.9385921233,-1.159290565,-1.217445477,-0.9001004381,-0.9457500951,-0.7848342616,-0.7522299737,-0.8353974465,-0.8345795499,-0.7734736947,-1.053583208,-0.705964555
2006-01-01,-0.994793326,-1.056307864,-1.31876357,-1.331320398,-1.010062981,-1.061030234,-0.8848156894,-0.8373468325,-0.9051449413,-0.9362980004,-0.897985222,-1.223932008,-0.789476917
2006-01-11,-1.087604615,-1.147833969,-1.44455607,-1.408519076,-1.085055673,-1.155798829,-0.9634980836,-0.901327578,-0.9566124472,-1.017395942,-1.00559808,-1.369844382,-0.8487952831
2006-01-21,-1.21597507,-1.233733562,-1.567282381,-1.476660846,-1.148548003,-1.247657485,-1.040793628,-0.9630345875,-0.9970487002,-1.09376086,-1.110756107,-1.519222619,-0.9027458848
2006-02-01,-1.280639766,-1.291865742,-1.653162559,-1.527035972,-1.192802876,-1.309581746,-1.089754611,-1.004422334,-1.022844659,-1.142924274,-1.178443128,-1.623347101,-0.9381340801
2006-02-11,-1.346722254,-1.34215796,-1.728398492,-1.569870081,-1.231382701,-1.362159984,-1.133302402,-1.041235497,-1.043895863,-1.186029576,-1.236671564,-1.713849849,-0.9686725272
2006-02-21,-1.409330586,-1.383396031,-1.803668898,-1.606894453,-1.258348916,-1.407889343,-1.163791107,-1.066767766,-1.058151726,-1.217384242,-1.282077075,-1.801371941,-0.9894153893
2006-03-01,-1.417966859,-1.40904995,-1.852011638,-1.608689637,-1.280105135,-1.453862739,-1.187159937,-1.08547709,-1.069690956,-1.245894744,-1.326737835,-1.81607904,-1.001446903
2006-03-11,-1.323107727,-1.397128547,-1.687143747,-1.508901134,-1.243428493,-1.493083088,-1.223470452,-1.112053472,-1.084097141,-1.28620024,-1.394442666,-1.755228012,-1.015149742
2006-03-21,-1.282478845,-1.390372362,-1.653087204,-1.424471045,-1.305284948,-1.501106008,-1.256808839,-1.135714904,-1.096342619,-1.304472921,-1.430284661,-1.546993983,-1.025974849
2006-04-01,-1.314388264,-1.410260173,-1.71464929,-1.350023687,-1.333375245,-1.549986842,-1.283410199,-1.154572067,-1.106174474,-1.34393958,-1.500717324,-1.504134341,-1.037423749
2006-04-11,-1.290035564,-1.381047689,-1.324516605,-1.407049433,-1.342651158,-1.485865457,-1.307652566,-1.171566859,-1.114862057,-1.372226953,-1.552160189,-1.324695336,-1.047393206
2006-04-21,-1.202556395,-1.268419478,-1.03305451,-0.929127874,-1.258018679,-1.369743131,-1.334363646,-1.190240401,-1.123874058,-1.38316845,-1.570459321,-1.005103316,-1.056588565
2006-05-01,-0.8430590925,-0.8623749853,-0.6630093166,-0.4894256416,-0.929939523,-0.8164811314,-1.110256918,-1.087596641,-1.060825369,-0.9111959063,-0.9383017805,-0.266137208,-1.030376025
2006-05-11,-0.3431230146,-0.2622472595,0.05356519025,0.3431993575,-0.3486478554,-0.2879511317,-0.4073196406,-0.5142400031,-0.546292446,-0.3502922587,-0.3944484482,0.1975416496,-0.5872819212
2006-05-21,-0.07863727609,0.05382847358,0.3758745292,0.468345096,0.01940575088,0.1298877009,-0.1349853708,-0.1949890714,-0.1683105652,0.03762797051,-0.159911107,0.474918717,-0.545125548
2006-06-01,-0.1207084611,-0.006787946062,0.2208067255,0.0770091343,-0.06157307643,0.2440271568,-0.2113165753,-0.2409912784,-0.2875591993,0.02520262927,-0.1016631958,0.5275788382,-0.5547427112
2006-06-11,0.1510121798,0.2298214515,0.45363058,-0.04491599773,0.122180214,0.5056874838,0.01894565065,0.1337894331,0.04327784643,0.2979185518,0.2526940846,0.6532388429,-0.1473757518
2006-06-21,0.2735979904,0.3924328475,0.5701454145,0.435721829,0.3025699573,0.5004152319,0.3476036314,0.2856366583,0.007283035401,0.4679080302,0.4671557039,0.7000755813,0.02020916715
2006-07-01,0.4249742975,0.5547898968,0.574134374,0.5321881823,0.3883586983,0.6530818435,0.6269421005,0.5365386034,0.4080892083,0.7319151381,0.5661252098,0.7375877271,0.2742958045
2006-07-11,0.5728394965,0.6070026581,0.4580092685,0.3993249966,0.4326595615,0.7037778625,0.7878400944,0.6399890545,0.5236800547,0.7555447435,0.7309705647,0.6947002666,0.5136157983
2006-07-21,0.8912546955,0.8876760124,0.6277578522,0.7395915893,0.7733043633,0.8162686698,1.04180326,0.889490526,0.9783133915,0.9877126627,0.9859681037,0.7786561731,0.9606196551
2006-08-01,1.039049821,1.015748903,0.8043211642,1.038196268,0.9476417024,0.9676733906,1.094521745,0.9963690545,1.05610751,1.040834019,1.054636973,0.8406072445,1.114886019
2006-08-11,1.133868983,1.118591823,0.8990394754,1.038219357,1.15331494,1.062484835,1.156764533,1.174690375,1.145696029,1.112010409,1.102434799,0.8881509941,1.230192217
2006-08-21,1.241520593,1.194542773,0.9419013279,1.075621009,1.264720744,1.107593074,1.225788076,1.292725468,1.257217272,1.203660429,1.137557826,0.9173331505,1.354523453
2006-09-01,1.251602115,1.202650826,0.9715869625,0.9427977897,1.255396626,1.122575471,1.241556689,1.246894839,1.362410003,1.226606773,1.166986318,0.9361489841,1.315833308
2006-09-11,1.222485428,1.149197103,1.006114927,0.7919962945,1.174415994,1.119319837,1.245458986,1.320379487,1.065369528,1.241749422,1.185669022,0.947579931,1.376839331
2006-09-21,1.234877489,1.192610266,1.046059723,0.9022732947,1.269983065,1.178943568,1.299752547,1.40513472,0.993526928,1.282145334,1.191589497,0.9612208973,1.482761512
2006-10-01,1.174360268,1.163877182,1.013323812,0.8700254321,1.256573292,1.175120592,1.245011091,1.370924909,0.9301713126,1.252972939,1.158603793,0.9680154372,1.41858307
2006-10-11,1.025978746,0.9879171689,0.8424797041,0.3729481931,0.939610911,0.9749000668,1.103600985,1.190208641,0.9566986974,1.065189618,1.106997252,0.9376609966,1.344626905
2006-10-21,1.166855914,1.175250804,1.030843442,0.7156607853,1.182716901,1.137664111,1.240236486,1.336412379,1.247233465,1.22269545,1.190465147,0.9689577793,1.478695595
2006-11-01,0.8854895661,0.9607172633,0.9609274537,0.5690010821,1.015794735,1.004290061,1.003966169,0.9284847651,0.7170530862,0.966661946,1.06555006,0.9693042781,1.025718685
2006-11-11,0.5132783194,0.5885523366,0.8710613539,0.6491732191,0.7114374839,0.5778474143,0.4435414163,0.3113433021,0.1477432544,0.4303912368,0.6125013901,0.8436256174,0.3123523752
2006-11-21,0.1705659316,0.2028537165,0.746535291,1.219581488,0.3346013745,-0.016360292,-0.09496515445,-0.1842097455,-0.3104062985,-0.1426534552,0.03248285305,0.4235502482,-0.137437916
2006-12-01,-0.1522915315,-0.1461309031,0.4185252419,1.221884093,-0.02107574635,-0.4745942855,-0.3880686274,-0.4190077937,-0.5405793721,-0.4652925601,-0.3770595704,-0.2110938194,-0.3771381088
2006-12-11,-0.4323646279,-0.421459466,0.03191477997,0.7302754921,-0.3019116034,-0.6806229544,-0.5703678917,-0.5828252323,-0.6946639674,-0.6436806635,-0.5828320945,-0.6406827682,-0.5538008313
2006-12-21,-0.6652370526,-0.6443217754,-0.4137370252,0.3350078589,-0.5349431369,-0.8358348966,-0.7253472559,-0.7157441628,-0.8123006723,-0.792118935,-0.7457001313,-0.917215152,-0.6933273246
2007-01-01,-0.9078302926,-0.8748564502,-0.845774446,-0.3295414076,-0.7639129517,-0.9927428452,-0.8590521295,-0.829597181,-0.8999125856,-0.9267500323,-0.9076592162,-1.14793536,-0.7960450804
2007-01-11,-1.091260245,-1.037187974,-1.121187562,-0.6770820464,-0.9212474346,-1.127972191,-0.9741003935,-0.9204593747,-0.9644406121,-1.040809552,-1.053649102,-1.332860875,-0.8745946547
2007-01-21,-1.217470876,-1.150279403,-1.286597233,-0.8796770024,-1.026207647,-1.234903493,-1.065167009,-0.9906674229,-1.008254097,-1.128410019,-1.166896989,-1.477456774,-0.9341065056
2007-02-01,-1.302195761,-1.223790694,-1.386490788,-0.9616281675,-1.097241374,-1.30713234,-1.132521391,-1.039889756,-1.036505386,-1.189381561,-1.249378424,-1.585038292,-0.9761604567
2007-02-11,-1.37770247,-1.293197543,-1.524229661,-1.119285103,-1.149394615,-1.367903827,-1.177067857,-1.073215963,-1.055749243,-1.230716488,-1.315014835,-1.689221722,-1.002048672
2007-02-21,-1.427625608,-1.344695363,-1.618875838,-1.220329907,-1.187115899,-1.413155918,-1.212831507,-1.100635819,-1.072101329,-1.265167642,-1.370334508,-1.768232951,-1.020021399
2007-03-01,-1.484330733,-1.39431967,-1.710451983,-1.289883475,-1.224247433,-1.468286247,-1.246304478,-1.123990441,-1.085520189,-1.299961323,-1.418940259,-1.867027792,-1.036697902
2007-03-11,-1.422873102,-1.38668099,-1.622874429,-1.131632637,-1.245550512,-1.521857772,-1.275887268,-1.149408844,-1.09853043,-1.333446294,-1.454910367,-1.776283912,-1.051274353
2007-03-21,-1.397155095,-1.434434459,-1.734008346,-1.282068887,-1.272987466,-1.570772287,-1.30096882,-1.169230791,-1.108415319,-1.361562443,-1.495554347,-1.835160433,-1.062028234
2007-04-01,-1.379613059,-1.486492357,-1.855014551,-1.405308562,-1.302858189,-1.610786303,-1.325001433,-1.186513427,-1.118085464,-1.385001472,-1.548928071,-1.936878389,-1.069061204
2007-04-11,-1.1553538,-1.242656452,-1.255324739,-0.8008436566,-1.200694131,-1.282360962,-1.291544252,-1.134658761,-1.11328735,-1.061579113,-1.33861607,-1.475834386,-1.077261029
2007-04-21,-1.059214684,-1.12110858,-1.023147711,-0.6733251885,-1.039618678,-1.094201515,-1.258024511,-1.161734049,-1.111356913,-1.097494726,-1.289805189,-1.08577264,-1.084401986
2007-05-01,-0.8498484568,-0.8850911431,-0.6606552013,-0.6991992957,-0.9349348969,-0.7817852852,-0.9200596651,-1.02600353,-1.03736923,-0.8505183993,-0.9103666677,-0.5570651008,-1.063921751
2007-05-11,-0.6512409378,-0.6875683425,-0.524582493,-0.5584471361,-0.8133729315,-0.6550343209,-0.668505176,-0.9592185966,-0.8430998714,-0.8181980644,-0.5047818304,-0.2587604055,-0.9623216989
2007-05-21,-0.4835190409,-0.4769435433,-0.04862563856,-0.3181859429,-0.5686096216,-0.4899246999,-0.5127504272,-0.9844020961,-0.6562725412,-0.7045391893,-0.3537080813,0.05707829765,-0.9281603008
2007-06-01,-0.09535467129,0.003860097942,0.4994928616,0.2547076797,-0.1034723722,0.2231261536,-0.03681177786,-0.4977751463,-0.5294913822,-0.168636564,0.129358246,0.5362929528,-0.4083370809
2007-06-11,0.2690920293,0.4114865948,0.6527904468,0.851931875,0.4179915004,0.6144003804,0.249838281,-0.007061269569,-0.04010245646,0.3395543712,0.4000098726,0.698456391,-0.1243698052
2007-06-21,0.4076701063,0.5822884898,0.6136175988,1.074316662,0.7219324371,0.7503371831,0.4122733393,0.328298102,0.1831329767,0.4791701328,0.441929067,0.6928329894,0.1439630813
2007-07-01,0.5910762603,0.7457149968,0.6376885818,1.081435177,0.9156822701,0.8203157999,0.4498711019,0.7733291715,0.6191079126,0.6109550508,0.5138329288,0.7117909238,0.4464434712
2007-07-11,0.7356922545,0.815358717,0.6058683867,0.6453972276,0.8747391637,0.8063857041,0.6770384353,1.042026913,0.8964735734,0.8077496249,0.720742952,0.7264564369,0.7099606525
2007-07-21,0.9151563098,0.9079802722,0.6297851108,0.54337004,0.9148801651,0.8659106124,0.8290698262,1.146377614,1.179646431,0.8750514654,0.8647143744,0.7765192384,0.8872523484
2007-08-01,1.194266002,1.151926836,0.8630137081,1.31923652,1.206635881,1.033493256,1.062718115,1.292611907,1.295916663,1.091073415,1.02529219,0.8374084942,1.229626115
2007-08-11,1.230518359,1.195228653,0.9814398369,1.427878678,1.299280659,1.102723778,1.106043295,1.320134441,1.156048066,1.146869751,1.068227082,0.8700054063,1.300591665
2007-08-21,1.31051854,1.244737542,0.9992438484,1.359638645,1.306320918,1.121594415,1.189481522,1.366645257,1.377804665,1.18893848,1.105718351,0.9176027605,1.384877367
2007-09-01,1.370730267,1.322470556,1.054658033,1.591209829,1.421688512,1.166244575,1.249975982,1.414821434,1.420049242,1.224782711,1.155253619,0.9519593616,1.45700307
2007-09-11,1.367728503,1.36195721,1.08077887,1.754570885,1.480619817,1.192821147,1.269617236,1.428813585,1.435861006,1.246917436,1.167006526,0.9740735639,1.457457355
2007-09-21,1.271181332,1.305366084,1.070945725,1.5577143,1.437663195,1.193928933,1.215314644,1.402804245,1.321379796,1.256147238,1.106784369,0.9832771913,1.281508779
2007-10-01,1.204083854,1.304392382,1.036865441,1.543794591,1.438836279,1.19938172,1.228983664,1.434212351,1.306246332,1.253169774,1.106766528,0.9845450231,1.313936106
2007-10-11,1.013459773,1.146292323,0.9399414503,1.16549978,1.198595298,1.101996981,1.114372268,1.277510998,1.096169436,1.156084925,1.059802789,0.9808390406,1.078352957
2007-10-21,0.9133003902,1.043676902,0.9409630972,1.038367725,0.9670380376,0.9097040109,1.086581501,1.061185519,1.098392933,1.055056191,1.034006994,0.9518690195,1.104695213
2007-11-01,0.6462096693,0.7719200982,0.811731571,0.8781649959,0.7280155937,0.4884986356,0.8313748366,0.6186866321,0.6646425669,0.6573215751,0.8358633066,0.862556134,0.9004534384
2007-11-11,0.4774521772,0.6019398867,0.7043448228,0.7752933959,0.6546005012,0.2214499588,0.5407261269,0.3391661512,0.373973948,0.421948784,0.7059382547,0.8305816374,0.4578065683
2007-11-21,0.08693000995,0.1296462541,0.2420799452,0.3876251275,0.2256187444,-0.2621435723,0.02799430655,-0.1779850522,-0.1652798517,-0.1222308596,0.2949007535,0.444745774,-0.1268706955
2007-12-01,-0.3203263698,-0.3508148545,-0.4000241036,-0.1376861949,-0.2816832172,-0.6447786555,-0.3433276441,-0.4224240698,-0.4680488795,-0.4930496547,-0.2221149587,-0.2465350881,-0.3872237088
2007-12-11,-0.5817971278,-0.6168972717,-0.673130357,-0.4531800288,-0.5338526755,-0.8091065005,-0.5561717596,-0.5776783904,-0.6396541163,-0.6700198854,-0.5335968982,-0.6976680064,-0.5688619508
2007-12-21,-0.8281714271,-0.8338868087,-1.027438798,-0.7787355774,-0.7406210909,-0.9550907532,-0.721436948,-0.7142431912,-0.7772894077,-0.8257796105,-0.7310047355,-1.000041262,-0.7138503494
2008-01-01,-0.9658398367,-0.9723539989,-1.213050065,-0.9660526054,-0.8789501306,-1.070662535,-0.8346950522,-0.8066651682,-0.8636355209,-0.9333508323,-0.8648684409,-1.185161258,-0.8022483613
2008-01-11,-1.079502285,-1.074026106,-1.345046861,-1.095530182,-0.9787225037,-1.160144747,-0.9193953951,-0.8787798158,-0.9215732747,-1.013291182,-0.9694031053,-1.324035097,-0.8659532916
2008-01-21,-1.152261101,-1.169292831,-1.476561428,-1.200297964,-1.056068807,-1.254065455,-1.005220108,-0.9459397159,-0.9695497497,-1.096245235,-1.085018882,-1.462828018,-0.9202481666
2008-02-01,-1.283596294,-1.259407295,-1.591095882,-1.257038074,-1.126543066,-1.347882338,-1.090245397,-1.007507787,-1.010573016,-1.178650981,-1.203470227,-1.623948559,-0.968416678
2008-02-11,-1.339306927,-1.320783465,-1.637922631,-1.316788902,-1.173531313,-1.412294792,-1.150896237,-1.048002834,-1.036481142,-1.23429147,-1.289227793,-1.732596379,-0.9997236222
2008-02-21,-1.42598032,-1.382018754,-1.751100435,-1.391984132,-1.211261079,-1.46842039,-1.204275085,-1.084575433,-1.056223937,-1.28314571,-1.3676815,-1.841048121,-1.026081471
2008-03-01,-1.445061915,-1.417845228,-1.816405485,-1.439303105,-1.238556897,-1.503700682,-1.227733659,-1.106037564,-1.069064899,-1.30918446,-1.405478668,-1.90619374,-1.040786496
2008-03-11,-1.260583998,-1.297976707,-1.508772066,-1.273681397,-1.232975011,-1.435702355,-1.192763741,-1.124405559,-1.082367713,-1.308610535,-1.278266667,-1.345020069,-1.054434775
2008-03-21,-1.24237607,-1.268082424,-1.233798189,-1.118133403,-1.239209487,-1.39381428,-1.257459495,-1.144862248,-1.094232479,-1.304362916,-1.388287123,-1.156487042,-1.063897508
2008-04-01,-1.075783534,-1.150793902,-1.086950331,-1.031747502,-1.143231949,-1.20133716,-1.239219461,-1.167858228,-1.101990873,-1.135807955,-1.203505383,-0.8901485361,-1.076321521
2008-04-11,-0.8976370574,-0.9325813914,-0.4698830316,-0.6639227554,-1.029283079,-0.6876880784,-1.186119317,-1.066528639,-1.085338946,-0.901885039,-1.074641684,-0.5231158209,-1.086393015
2008-04-21,-0.771033351,-0.779489645,-0.3024555356,-0.5463518076,-0.9001374253,-0.6036126418,-1.007826822,-0.8699110466,-0.9931976582,-0.6354300028,-0.8744819194,-0.3837784968,-1.057822593
2008-05-01,-0.6753094052,-0.6965216009,-0.267971444,-0.8619619425,-0.9579048553,-0.3780992896,-0.7222248761,-0.8726275545,-0.91379804,-0.4247520848,-0.6457861838,-0.1219836316,-1.063333594
2008-05-11,-0.5964457259,-0.6670105522,-0.237011194,-0.7734383183,-0.8482665416,-0.4506073494,-0.7752882603,-0.9715339386,-0.8338560739,-0.563610678,-0.6521304193,-0.01395044079,-1.082827695
2008-05-21,-0.2375546148,-0.1979545839,0.1524339949,-0.3786124085,-0.4185093033,0.09503815704,-0.2781123712,-0.6110779807,-0.4908063718,-0.006902612082,-0.03154596116,0.4382645005,-0.8651286757
2008-06-01,-0.004653352135,0.07108428868,0.5268275542,0.08986599737,-0.2104147964,0.3400531805,0.1920203808,-0.4394396145,-0.4917902621,0.2113255271,0.3638030717,0.6444180854,-0.4488827854
2008-06-11,0.1014484458,0.1355761845,0.5055046162,0.1257996671,-0.1639906635,0.4278220267,0.2754002122,-0.366815117,-0.4220405501,0.2112925508,0.4664808364,0.7287384073,-0.2871749185
2008-06-21,0.3054213796,0.2627240769,0.5305306549,-0.1510975574,-0.224982233,0.5735479837,0.6177042225,-0.01269095424,-0.147590976,0.5094315397,0.7269980643,0.7894639576,0.05619274538
2008-07-01,0.6452197853,0.6499203787,0.7430027424,0.6455892354,0.3720476746,0.7969241572,0.9205789078,0.3022877076,0.3705043835,0.7619493046,0.9313916141,0.8529401567,0.3493753562
2008-07-11,0.9376452678,0.9676993282,0.8822130304,1.199152664,0.8731997347,0.9930361839,1.08229763,0.8125037863,0.7416098017,1.049936794,1.045072112,0.8876091914,0.913450758
2008-07-21,1.066100354,1.075145467,0.9455197303,1.247823297,1.017176232,1.062927611,1.165989812,0.89882906,1.000444514,1.106774229,1.105646032,0.924942044,1.089742556
2008-08-01,1.136902527,1.154495798,0.9905855158,1.352341177,1.168096904,1.113910798,1.233212926,1.052600238,1.020049462,1.159617388,1.150352617,0.9509074784,1.19112414
2008-08-11,1.218906344,1.222266767,1.03091548,1.357631554,1.276708165,1.176143913,1.276470757,1.174527302,1.143845464,1.214915612,1.178881967,0.9689051208,1.248268685
2008-08-21,1.330423441,1.305320901,1.069382466,1.442809676,1.356495191,1.206713859,1.324659675,1.241160483,1.441256893,1.261631606,1.197776148,0.9800057243,1.374592699
2008-09-01,1.372022217,1.346115975,1.089962725,1.44810534,1.412512669,1.223296409,1.345765255,1.32641026,1.556701639,1.285484424,1.207530531,0.9856609079,1.412211279
2008-09-11,1.408363138,1.384595402,1.110464613,1.649769906,1.463328427,1.245391136,1.350832836,1.369458642,1.580725034,1.294982874,1.210935149,0.9897063477,1.41695629
2008-09-21,1.385240566,1.378749191,1.125225643,1.612925403,1.480240401,1.259624229,1.352761283,1.356171219,1.510128279,1.311458077,1.212991547,0.991726163,1.404633189
2008-10-01,1.346610517,1.368734667,1.122623982,1.558833934,1.468959367,1.255878648,1.352591427,1.356273286,1.487606223,1.313045777,1.21222447,0.9918609529,1.407244926
2008-10-11,1.212943506,1.328506861,1.129711644,1.522082002,1.462724096,1.267116458,1.265852377,1.23942214,1.39462907,1.243092804,1.189997525,0.992034821,1.189394758
2008-10-21,0.9869138442,1.189217313,1.136377419,1.652794593,1.374114028,1.256754321,0.9163195035,0.9006861252,1.142531273,1.04278256,0.9864327614,0.9920313902,0.5993480145
2008-11-01,0.6524594078,0.8314217564,1.119703389,1.788296911,1.07397096,1.042011277,0.3581212512,0.2556568039,0.3689823485,0.5080936531,0.5547611258,0.9727785761,-0.04528694097
2008-11-11,0.3807742161,0.5083553202,0.9515894912,1.553668539,0.7507252999,0.6758448089,-0.01317491308,-0.1201117252,-0.02316629853,0.1057009815,0.185667461,0.8466469664,-0.3232799361
2008-11-21,-0.0294717828,-0.004013049231,0.3413969595,0.6886908515,0.137645556,0.01153717041,-0.3004669085,-0.3965585763,-0.3504851204,-0.2937766613,-0.1998476361,0.3143253019,-0.5100698776
2008-12-01,-0.3045107115,-0.3249181029,-0.09827646993,0.1116120149,-0.2339660013,-0.33638367,-0.4466333563,-0.5494058243,-0.545322147,-0.5001689324,-0.4144834488,-0.1259322838,-0.6465856808
2008-12-11,-0.5238415834,-0.5652239874,-0.5462324635,-0.3070037191,-0.4961109364,-0.5327528089,-0.5898829105,-0.6667822819,-0.6740064723,-0.6439487201,-0.5743205991,-0.47773168,-0.7459113126
2008-12-21,-0.7240639128,-0.757313437,-0.8313558693,-0.5718596927,-0.6894921917,-0.6927828653,-0.7281124601,-0.7659785136,-0.7781480752,-0.7744001038,-0.7299267788,-0.8184208081,-0.8231689413
2009-01-01,-0.8797505176,-0.8952987901,-1.004673998,-0.760496602,-0.8256528923,-0.8307922888,-0.8434478689,-0.8536350848,-0.8590086565,-0.8875961217,-0.8630591164,-1.004786212,-0.8913935366
2009-01-11,-1.025475056,-1.002312127,-1.14035608,-0.9016369059,-0.9273094573,-0.94211524,-0.9357244496,-0.9234852298,-0.9120730566,-0.9787242678,-0.9743493199,-1.153144543,-0.9413744847
2009-01-21,-1.077728024,-1.082032179,-1.19138576,-1.016835595,-0.9985191303,-1.044851857,-1.000771809,-0.9707185357,-0.9493727273,-1.046255672,-1.068696881,-1.274275995,-0.973060441
2009-02-01,-1.130879031,-1.159552492,-1.330198276,-1.118714137,-1.063053545,-1.126907297,-1.046953393,-1.006798783,-0.9824864306,-1.096319808,-1.141474635,-1.423300146,-0.9962034223
2009-02-11,-1.175333167,-1.218201942,-1.491462966,-1.207607121,-1.114351626,-1.195474386,-1.09118314,-1.041944699,-1.010206152,-1.145087898,-1.215578158,-1.440625156,-1.015194154
2009-02-21,-1.196351232,-1.261269329,-1.57727466,-1.26488508,-1.149803886,-1.250716707,-1.122309009,-1.065567509,-1.028220542,-1.177846486,-1.264880713,-1.493175831,-1.027483652
2009-03-01,-1.215225768,-1.289218167,-1.609597388,-1.311967482,-1.181053537,-1.291806305,-1.157868882,-1.089694185,-1.045070311,-1.211655933,-1.313167619,-1.464579723,-1.039499562
2009-03-11,-1.271916095,-1.338068483,-1.701973055,-1.365135803,-1.215376827,-1.346700206,-1.196306879,-1.113210599,-1.060620336,-1.251096917,-1.38018717,-1.541889789,-1.051812889
2009-03-21,-1.234441753,-1.354924785,-1.713505838,-1.378103143,-1.23802202,-1.408013227,-1.234082025,-1.137628217,-1.074037761,-1.289816368,-1.439442989,-1.439839717,-1.062572398
2009-04-01,-1.186790176,-1.28179157,-1.529711502,-0.9568363358,-1.190921553,-1.334399908,-1.26336031,-1.154419167,-1.084314177,-1.260188744,-1.441855014,-1.317082233,-1.071857464
2009-04-11,-0.8346438055,-0.8738351192,-0.6189500741,-0.3322317977,-0.923999739,-0.6903014261,-1.098975051,-1.127911532,-1.07023207,-0.9158003445,-0.9392567442,-0.5627445251,-1.080616371
2009-04-21,-0.7029309576,-0.7477008379,-0.5151173216,-0.1345809337,-0.7842956891,-0.6052234893,-0.9713432881,-1.132333002,-1.039418728,-0.7881314351,-0.6703758714,-0.4955783702,-1.092853544
2009-05-01,-0.5928620255,-0.6596352534,-0.2872556307,-0.2008488188,-0.8455261929,-0.5725111458,-0.6810021335,-1.107157149,-0.9337388211,-0.7524231409,-0.4494892496,-0.3009724333,-1.068796299
2009-05-11,-0.5936451362,-0.6745248404,-0.0005694436518,-0.016276008,-0.8091258695,-0.5117175381,-0.9157611827,-1.160803095,-0.9605202568,-0.9974117328,-0.6765771212,-0.2054925527,-1.096198354
2009-05-21,-0.3948071033,-0.3852496637,0.1145784388,0.17047875,-0.6669451971,-0.1323399753,-0.594834364,-0.850844736,-0.8255304443,-0.5320514178,-0.2421776804,0.2944562709,-1.031941783
2009-06-01,-0.2238737789,-0.1710286842,0.4095277485,0.2380189023,-0.5147295545,0.3665668121,-0.4761893383,-0.6161808256,-0.7202293756,-0.2802972876,-0.01472054577,0.5821544824,-0.8750041598
2009-06-11,0.03217391171,0.05003106782,0.457513737,-0.1013093009,-0.4819078294,0.4234437378,0.2567517028,-0.2578923638,-0.4877808199,0.1163859379,0.5705847381,0.6882351793,-0.2388354217
2009-06-21,0.4194095574,0.4489185646,0.7197091116,0.1384567342,0.01103608216,0.7923580875,0.6968074044,0.3402619954,0.002062958468,0.6269053546,0.8657057643,0.8098372335,0.3440520137
2009-07-01,0.6358653543,0.6001950855,0.7390168436,0.4172212619,0.1833565333,0.7960204717,0.9091089362,0.6379017303,0.122677665,0.8545672551,0.9726563986,0.8467617441,0.6831943046
2009-07-11,0.7364669254,0.6715073424,0.7126280219,0.2026091595,0.2846091861,0.8120231774,0.9977075423,0.8586153904,0.3354541393,0.9748071356,1.029870885,0.8603590021,0.8523370192
2009-07-21,0.8900887426,0.8097889642,0.7883452132,0.2714528156,0.531678132,0.8865655478,1.081875675,1.011246412,0.6735077558,1.02455745,1.052948332,0.8652048406,1.09510271
2009-08-01,1.057254195,0.9247204235,0.7941455374,0.09670828478,0.660182845,0.9687610076,1.198160631,1.1907518,1.072406234,1.145285265,1.12420463,0.895341831,1.33807444
2009-08-11,1.154384278,1.036365175,0.8987158452,0.3068544015,0.8943552921,1.019139781,1.26016948,1.238048238,1.186767269,1.189042644,1.161090222,0.9180950772,1.432585341
2009-08-21,1.235557119,1.087687235,0.9036423243,0.369174246,0.9459087419,1.082173453,1.318767551,1.31684206,1.290445129,1.23382395,1.188236513,0.9264192888,1.462516255
2009-09-01,1.256273341,1.091721058,0.8203654449,0.2592051433,0.9425699485,1.07275652,1.348909459,1.382125092,1.353588773,1.266427349,1.202815846,0.930705463,1.509705823
2009-09-11,1.275619069,1.14659213,0.8709919457,0.3916111422,1.05315785,1.125374688,1.354667224,1.374783075,1.440953231,1.26735474,1.206710315,0.9444537618,1.529821295
2009-09-21,1.34335085,1.239076599,0.9744461795,0.6264091764,1.230902157,1.195395452,1.362137781,1.448114828,1.537490325,1.316102766,1.20880118,0.9615542692,1.558875074
2009-10-01,1.293722432,1.220419647,1.018741836,0.6627856926,1.225463367,1.210154889,1.356402815,1.446348379,1.332599879,1.323229985,1.210286267,0.9674717202,1.576167395
2009-10-11,1.12807776,1.132572415,0.977859679,0.6503517892,1.158631109,1.199882515,1.206861009,1.238334894,1.088696046,1.212743046,1.172480051,0.9728661526,1.40405199
2009-10-21,1.099183298,1.069519115,0.983279986,0.4347849237,0.9850721595,1.116930359,1.238365228,1.226269849,1.017036863,1.207539978,1.190177531,0.9759590929,1.523009123
2009-11-01,0.8788810107,0.8734912729,0.9489513386,0.1417027899,0.6095629553,0.9228193286,1.239768916,0.9515740475,0.6817218546,1.086759009,1.159956512,0.9729214746,1.412732361
2009-11-11,0.5194690967,0.5355100803,0.9017534778,-0.05728536487,0.1818597089,0.5522955426,0.8927892577,0.4099499904,0.09442691248,0.662800288,0.9806320939,0.9279829053,0.8909011777
2009-11-21,0.120976995,0.08735039686,0.64318134,-0.3346151289,-0.2468323904,-0.001029825111,0.32501611,-0.1079585732,-0.3116206675,0.1001342577,0.5025745756,0.5994477454,0.2318206818
2009-12-01,-0.1967837569,-0.2589367339,0.3927051339,-0.4962939798,-0.4922590431,-0.4234823636,-0.1258573235,-0.3638433377,-0.525422517,-0.3108632492,-0.02838769739,0.1511924884,-0.1287501234
2009-12-11,-0.3757046533,-0.4443401799,0.2184873548,-0.2898704499,-0.6238966178,-0.6523511322,-0.3554037078,-0.529132354,-0.6784629689,-0.5174061126,-0.3450463674,-0.1886215433,-0.3477220419
2009-12-21,-0.5901284237,-0.6639906351,-0.2264707733,-0.5544278042,-0.8000420932,-0.8137714699,-0.5234850172,-0.6618678642,-0.7910439032,-0.6741894042,-0.5390106767,-0.5855229223,-0.5246295534
2010-01-01,-0.7565945941,-0.8166981594,-0.5848433702,-0.5543212137,-0.9216518004,-0.9402434379,-0.6663528954,-0.7710696215,-0.8735042489,-0.8069968038,-0.6850337317,-0.903738157,-0.6598776237
2010-01-11,-0.8936267028,-0.9631139776,-0.8952281869,-0.9745692658,-1.036748716,-1.049156671,-0.7688852178,-0.8424826422,-0.9270295373,-0.9013692888,-0.8036209969,-1.047338659,-0.7383119999
2010-01-21,-0.9765371596,-1.064255088,-1.061721807,-1.144224585,-1.111499171,-1.145711735,-0.8636721554,-0.9086994185,-0.9734291618,-0.9874094558,-0.9192731796,-1.166981092,-0.8040555443
2010-02-01,-1.084372984,-1.159365472,-1.254177226,-1.257358915,-1.168709456,-1.22456214,-0.9354924955,-0.9568579949,-1.005937586,-1.052552184,-1.013798887,-1.387690172,-0.8507491928
2010-02-11,-1.1185535,-1.196283912,-1.134990354,-1.312487986,-1.212988989,-1.286374841,-0.987477458,-0.9946719834,-1.030933278,-1.100350735,-1.086063032,-1.412589025,-0.8864836867
2010-02-21,-1.106017096,-1.173965558,-0.7722203548,-1.067906985,-1.241730314,-1.328472603,-1.028986096,-1.022047602,-1.046566629,-1.13515895,-1.13866623,-1.371299024,-0.9101856119
2010-03-01,-1.181018391,-1.231236936,-0.9486175784,-1.015451601,-1.259651471,-1.389827405,-1.07844851,-1.053834786,-1.063205309,-1.180397588,-1.211359788,-1.555822047,-0.9387002953
2010-03-11,-1.097151762,-1.19936292,-1.187685723,-1.238159753,-1.28922892,-1.284233016,-1.076817967,-1.080444046,-1.077019723,-1.117288518,-1.106323344,-1.116916852,-0.961990035
2010-03-21,-1.122171544,-1.205221502,-1.221994833,-1.040956233,-1.309755262,-1.305730591,-1.124438761,-1.111647593,-1.090720173,-1.120213804,-1.115500035,-1.167247222,-0.9849789976
2010-04-01,-1.213052806,-1.312889411,-1.403352423,-1.249905025,-1.33826799,-1.438797442,-1.189120187,-1.134725278,-1.101429637,-1.210058294,-1.297869311,-1.371610263,-1.001535665
2010-04-11,-1.057589608,-1.14657359,-0.9134328477,-1.218741689,-1.350766107,-1.09411807,-1.228431709,-1.150419556,-1.11157843,-1.086064612,-1.221946236,-0.5064794971,-1.016677084
2010-04-21,-0.9983048201,-1.0718847,-0.5603125304,-1.010265867,-1.31178737,-1.035600714,-1.213027021,-1.168102179,-1.119766273,-1.146190613,-1.184480709,-0.3053245999,-1.031793169
2010-05-01,-0.6210763491,-0.5856901905,0.0411978399,-0.4845489804,-0.7724028871,-0.4578754,-0.7282924317,-0.9224994656,-0.9019610321,-0.6184838154,-0.6637586542,0.2512803372,-0.9610660359
2010-05-11,-0.5467625038,-0.4871647532,0.1841836051,-0.2021582717,-0.6314189198,-0.4615920284,-0.7286801156,-0.8259027142,-0.6973017821,-0.4897007303,-0.705394012,0.2704166396,-0.9753310502
2010-05-21,-0.3200548615,-0.2700690925,0.4918730354,0.2094921343,-0.5244990267,-0.1893572317,-0.5255905084,-0.5694814103,-0.5708717366,-0.328701009,-0.4044176807,0.3902878155,-0.6760364579
2010-06-01,0.007352747823,0.1225084934,0.7231886537,0.3780036773,-0.1662260856,0.376755923,-0.1291823918,0.04356835664,-0.3321434452,0.2459192027,0.1059334622,0.6629430297,-0.2972733455
2010-06-11,0.2845147457,0.3611530178,0.8039072357,0.3327975468,-0.01418744058,0.6062723681,0.2706614642,0.5288821065,-0.1149402713,0.7019084536,0.48089849,0.7376729456,0.2055573133
2010-06-21,0.537350344,0.5653953738,0.8613731205,0.2869341379,0.2286127185,0.8117006134,0.4967398889,0.7433458056,0.3987419325,0.8447735628,0.6637380055,0.7828504308,0.4054511756
2010-07-01,0.7585994865,0.801191505,0.9505393125,0.4357142747,0.6323740295,0.9227000781,0.8435536107,0.9848223757,0.6250519833,1.02486148,0.8866779142,0.8361483867,0.7807140876
2010-07-11,0.9924824249,0.9626113026,1.005975838,0.4448267506,0.8466505461,0.9632965714,0.9873570477,1.114727465,1.145661949,1.063625936,1.006569329,0.8611857969,0.9160776485
2010-07-21,1.185284053,1.14847562,1.052582808,0.7375615441,1.129768228,1.089202386,1.147708026,1.330664366,1.440319443,1.172493633,1.078868405,0.891396733,1.251138834
2010-08-01,1.201466622,1.138104886,1.042375491,0.7278163938,1.063494277,1.076590162,1.15123335,1.335677424,1.410569963,1.193593335,1.10545555,0.9130487864,1.321588965
2010-08-11,1.308937845,1.217388289,1.069732345,0.8361476522,1.198236022,1.139330467,1.253968454,1.410330335,1.44585112,1.25735964,1.167344929,0.9478496326,1.444581097
2010-08-21,1.370977239,1.282379855,1.092929514,1.076254409,1.330692883,1.180453591,1.296351105,1.466282193,1.41493889,1.304561128,1.192277054,0.9670322781,1.496207263
2010-09-01,1.386389523,1.303810984,1.093744832,1.077204013,1.376009252,1.208951752,1.311984237,1.488938767,1.44394713,1.322881986,1.201746516,0.9746516815,1.499146537
2010-09-11,1.403834711,1.343696598,1.120089813,1.284984449,1.444042033,1.235655352,1.334002428,1.485007858,1.451711704,1.333520427,1.20735255,0.9796322959,1.521539899
2010-09-21,1.405117244,1.356789843,1.130548642,1.319163277,1.476829522,1.254001565,1.328276992,1.491237827,1.465366472,1.321486443,1.209176839,0.9817857899,1.513081384
2010-10-01,1.333957706,1.296496979,1.122324172,1.083510999,1.425101005,1.234112921,1.303921172,1.451375247,1.3054513,1.294523281,1.208495398,0.9819902165,1.433996965
2010-10-11,1.316107396,1.312695014,1.118759936,1.260420561,1.447787388,1.229780209,1.264746726,1.413522763,1.356214742,1.255853269,1.193888049,0.984061612,1.436339906
2010-10-21,1.323337652,1.31245878,1.109968679,1.192645785,1.419292715,1.206693028,1.283712634,1.371048581,1.427777508,1.279712199,1.207490694,0.9871138369,1.552111726
2010-11-01,1.096446045,1.13736432,1.007709686,0.7858419025,1.216937735,1.040438972,1.155977375,1.170420038,1.13215042,1.19662689,1.148370156,0.9736333203,1.26851235
2010-11-11,0.7368611225,0.8041351467,0.8822846876,0.5179206486,0.9282637824,0.6368405617,0.7374478995,0.6716853776,0.5531703806,0.789863693,0.9226458033,0.8981532676,0.6457919274
2010-11-21,0.4162227231,0.4580488599,0.8292023959,0.3142881801,0.6430598718,0.2020192611,0.241909885,0.09729867422,0.09211633791,0.2602924259,0.5856833169,0.7983816469,0.06818730449
2010-12-01,0.0760177789,0.05917609472,0.4012496988,-0.1139929141,0.1717133745,-0.196353833,-0.110550897,-0.2182363525,-0.2394571561,-0.1636880386,0.1850924555,0.5299265661,-0.2145657195
2010-12-11,-0.2535846092,-0.3085241224,-0.1353284646,-0.4714309475,-0.2178498255,-0.5498924762,-0.3610804055,-0.4034120657,-0.4582550053,-0.4358568052,-0.2001291465,-0.02125992754,-0.4076621796
2010-12-21,-0.5366236271,-0.5929521177,-0.5461070591,-0.7411084392,-0.4893297223,-0.7495139176,-0.5556380368,-0.5580398263,-0.6184022545,-0.6142265247,-0.5027489567,-0.5712836252,-0.5726752445
2011-01-01,-0.7139876858,-0.7745464505,-0.8002644276,-0.9304636199,-0.6820255587,-0.88782784,-0.691141427,-0.6788555453,-0.7356574548,-0.7492143568,-0.6600797076,-0.8676563514,-0.691238031
2011-01-11,-0.9061892943,-0.9255259766,-1.071683274,-1.101534727,-0.8270368107,-1.008856502,-0.8082750966,-0.7793176735,-0.8251417925,-0.866734267,-0.7972830984,-1.090363793,-0.7817369254
2011-01-21,-1.062815058,-1.04559092,-1.237297935,-1.212483112,-0.9462055422,-1.119070184,-0.9145315448,-0.8658175592,-0.8972818814,-0.9708878649,-0.9249894971,-1.255317371,-0.8562797938
2011-02-01,-1.131726044,-1.125818113,-1.360741548,-1.287362176,-1.026312908,-1.194757701,-0.9760262163,-0.9202260072,-0.9430033422,-1.032915833,-1.0087531,-1.3730477,-0.8990500244
2011-02-11,-1.208211601,-1.192800803,-1.466307003,-1.358589199,-1.080592269,-1.252742415,-1.027131949,-0.9592676144,-0.9724218453,-1.07929389,-1.080308139,-1.506147022,-0.9317119966
2011-02-21,-1.26148326,-1.241278173,-1.559995384,-1.414583257,-1.124647473,-1.30869061,-1.068568486,-0.9925360321,-0.9960926788,-1.122931815,-1.125759013,-1.56609561,-0.9559462983
2011-03-01,-1.308798298,-1.295115067,-1.646716689,-1.459795595,-1.161245692,-1.356740567,-1.11089381,-1.021255598,-1.015721832,-1.165089991,-1.201726294,-1.672454684,-0.9758622145
2011-03-11,-1.393114788,-1.348190988,-1.731119029,-1.486539124,-1.195499767,-1.406396528,-1.147595142,-1.048921449,-1.033981821,-1.200281148,-1.265619613,-1.815938419,-0.9964778378
2011-03-21,-1.342812462,-1.363348809,-1.673316676,-1.400481376,-1.225341729,-1.443456036,-1.183980002,-1.068127133,-1.051528905,-1.242184644,-1.331716961,-1.802479502,-1.011436718
2011-04-01,-1.309835819,-1.369282163,-1.620478529,-1.435074452,-1.254825269,-1.501709827,-1.224224841,-1.101836887,-1.064873795,-1.28924472,-1.402206948,-1.583513353,-1.025145154
2011-04-11,-1.231417309,-1.346874074,-1.372245421,-1.347856599,-1.197046174,-1.554200077,-1.262220908,-1.129439775,-1.077721426,-1.328867721,-1.430755539,-1.551800795,-1.03936828
2011-04-21,-1.153068283,-1.273862043,-1.037865606,-1.132076597,-1.227840755,-1.484805522,-1.296455253,-1.154131215,-1.088833955,-1.350496634,-1.438362735,-1.163973829,-1.053431386
2011-05-01,-1.009664612,-1.118531294,-0.7123996969,-0.6119022281,-1.198320342,-1.426484679,-1.21483621,-1.174170468,-1.09670116,-1.296059322,-1.207879451,-0.8034557434,-1.065093458
2011-05-11,-0.7260744345,-0.7623368468,-0.2725875253,-0.4880017118,-1.019375788,-0.7598946985,-0.6420187952,-1.073380196,-1.03071721,-0.8757581762,-0.6724343131,-0.1263966904,-1.029486356
2011-05-21,-0.4024517268,-0.3564382547,0.3635179245,0.232666886,-0.4474652977,-0.2985568165,-0.4415428282,-0.7122739658,-0.6902487055,-0.6481337713,-0.595415538,0.2344863367,-0.7691708587
2011-06-01,-0.09398629288,0.03781369371,0.4536111812,0.3752058408,-0.1171108538,0.1711558295,0.02052651557,-0.06015073844,-0.3967501386,0.03558441627,-0.04910537666,0.4981813526,-0.3455722613
2011-06-11,0.2976082026,0.4429233338,0.6241300468,0.5681419959,0.1949067245,0.6457570208,0.6134036971,0.4215222164,-0.05733007308,0.6362309372,0.5708862293,0.7121790361,0.2200277803
2011-06-21,0.5172712622,0.6627092725,0.7507968176,0.7690118662,0.6065510573,0.8783111392,0.7037144811,0.6660792239,0.1405156031,0.7549429948,0.7342539327,0.7757685414,0.4461581433
2011-07-01,0.7359978967,0.8665350477,0.8782489592,1.040018884,0.9651827092,0.9481056072,0.8961311938,0.7689543816,0.4234066909,0.8526438773,0.8668274687,0.8348948995,0.7076997177
2011-07-11,0.9354329173,1.052132747,0.9783862475,1.087186325,1.117220015,1.060056689,1.046285842,1.006594443,1.015937298,1.045447783,0.9567397252,0.8832055228,0.9136054388
2011-07-21,1.122534509,1.191660894,1.034060318,1.396734992,1.266222343,1.102326782,1.142423224,1.239114576,1.194902127,1.156313726,1.058055472,0.9212876133,1.141479366
2011-08-01,1.276978694,1.284070197,1.052619789,1.453914921,1.341021331,1.135968036,1.222619489,1.388934828,1.427045446,1.221894883,1.134624441,0.9538753076,1.363293486
2011-08-11,1.370726627,1.354906295,1.072361374,1.706430624,1.397384728,1.186952741,1.222505016,1.421325946,1.599518067,1.270678563,1.154057342,0.9756145427,1.388462783
2011-08-21,1.455030953,1.38743101,1.085051879,1.645492813,1.416473682,1.221288058,1.295998431,1.469596086,1.708061704,1.306578479,1.179879665,0.9824913784,1.491896996
2011-09-01,1.473030228,1.419223113,1.113827272,1.829140536,1.467284259,1.242946855,1.332636382,1.508175597,1.64426042,1.333864572,1.196203241,0.9880853104,1.525356672
2011-09-11,1.491972995,1.431167959,1.122635172,1.798891045,1.519110977,1.255887451,1.343619195,1.525584412,1.632229218,1.339361319,1.202559361,0.9904819118,1.530025168
2011-09-21,1.43972791,1.418807041,1.126168514,1.730610147,1.501446203,1.245582173,1.353429721,1.521585306,1.606394515,1.341061461,1.208229909,0.9911592892,1.506744393
2011-10-01,1.429270381,1.434129421,1.133944542,1.829490255,1.5406637,1.245836543,1.356009367,1.519775459,1.600015968,1.342509748,1.199456252,0.9913791264,1.51639699
2011-10-11,1.396891045,1.396079902,1.123821265,1.627155167,1.491201669,1.209350519,1.354329919,1.471873734,1.582149297,1.338099749,1.193156003,0.9913179933,1.489928083
2011-10-21,1.332067946,1.400205394,1.142437741,1.633990976,1.539189847,1.251825128,1.282287993,1.455915892,1.599972501,1.310692108,1.166132769,0.9917593538,1.39842086
2011-11-01,1.004854281,1.162051693,1.138043138,1.768622315,1.38427146,1.178062838,0.8125757888,0.9599156651,1.077477969,0.9589635824,0.8663161992,0.9847185203,0.6641389204
2011-11-11,0.6372601082,0.7740014409,1.074087773,1.698207327,1.060467683,0.8350722834,0.2430333412,0.3683864921,0.4215027281,0.4414708866,0.3654127299,0.9148514714,0.07363534347
2011-11-21,0.2890138996,0.3708560615,0.9136462283,1.558434806,0.6758739821,0.3259389385,-0.1803589251,-0.07131999332,-0.03690538227,-0.05434110745,-0.1381681323,0.5811083336,-0.2201854892
2011-12-01,-0.08396153887,-0.05172968163,0.3667396809,1.211004449,0.1841118128,-0.2407880203,-0.4074990087,-0.3183919085,-0.3432523164,-0.3589283038,-0.4519863869,-0.08636923289,-0.4265267344
2011-12-11,-0.3680575236,-0.3431715195,-0.09112594626,0.615513438,-0.1254841203,-0.4868482527,-0.5733883886,-0.4751643943,-0.5153206573,-0.5290998559,-0.6203118064,-0.5146318961,-0.5815835081
2011-12-21,-0.6031628126,-0.5685008529,-0.4594050587,0.2043183112,-0.403102151,-0.6556537957,-0.7059278984,-0.6052982546,-0.6543429076,-0.6722668528,-0.7502708321,-0.7941065405,-0.6997257364
2012-01-01,-0.8026864591,-0.7624457951,-0.783604126,-0.3028984709,-0.6229161513,-0.7991545843,-0.8178794062,-0.711159881,-0.7599655191,-0.7910319892,-0.8630653562,-0.9766246786,-0.7894661152
2012-01-11,-0.9499811785,-0.8936350234,-0.9615582734,-0.5354093819,-0.7641557313,-0.9244010351,-0.9180372622,-0.8022967086,-0.831733158,-0.8967224185,-0.9709925475,-1.119233601,-0.858746657
2012-01-21,-1.08546715,-1.01288911,-1.11845168,-0.7168616888,-0.8815562644,-1.04434924,-1.014797361,-0.8859512203,-0.8948370844,-0.9989468894,-1.08761597,-1.261914439,-0.9185114788
2012-02-01,-1.175004491,-1.099394489,-1.255611044,-0.8686497598,-0.9702896847,-1.125214363,-1.069616544,-0.9383477769,-0.9348177235,-1.058306914,-1.161856387,-1.378142937,-0.9515392896
2012-02-11,-1.197774554,-1.16073198,-1.362057439,-0.9796239093,-1.031737424,-1.192558854,-1.110363681,-0.9761488647,-0.9605647078,-1.106069255,-1.223539702,-1.435165512,-0.9754396667
2012-02-21,-1.240853715,-1.218424783,-1.462978676,-1.06911261,-1.078215577,-1.251688161,-1.146879892,-1.004575922,-0.982097882,-1.147700155,-1.284803298,-1.530450554,-0.9936228533
2012-03-01,-1.298640338,-1.273926777,-1.557025024,-1.117019195,-1.116664319,-1.310408274,-1.178403229,-1.032270995,-1.003461215,-1.184428579,-1.334822589,-1.678595275,-1.009970146
2012-03-11,-1.276476574,-1.282109694,-1.559907876,-1.205826889,-1.151894264,-1.342104423,-1.208994946,-1.056031228,-1.020105518,-1.221084681,-1.390895526,-1.446788508,-1.022197901
2012-03-21,-1.362993144,-1.358171463,-1.672329064,-1.276451622,-1.189459867,-1.431353096,-1.23570499,-1.077992114,-1.035099711,-1.255794387,-1.448867628,-1.739360582,-1.033538402
2012-04-01,-1.378783212,-1.382618408,-1.560473532,-1.251933108,-1.220183166,-1.478795527,-1.265178863,-1.100996082,-1.048595774,-1.293922788,-1.50762903,-1.804617628,-1.042466749
2012-04-11,-1.173184806,-1.145041223,-0.8908624024,-0.5065207888,-1.111081339,-1.159526554,-1.295291864,-1.118209078,-1.061787352,-1.22932644,-1.438924641,-1.112357699,-1.053447703
2012-04-21,-0.959955604,-0.9459375266,-0.3999603329,0.1019507043,-0.9786277993,-0.9112896988,-1.313407793,-1.100395518,-1.062765371,-1.106581167,-1.294550059,-0.7393298668,-1.066859167
2012-05-01,-0.8400195515,-0.8186724289,-0.3307573186,0.2741746661,-0.8421843081,-0.687153651,-1.322217369,-1.031572675,-1.019681719,-0.9669996845,-1.238801715,-0.4093057325,-1.078017083
2012-05-11,-0.3356667756,-0.253485856,0.2278463802,0.5809019258,-0.1872236355,-0.08020766535,-0.9028875942,-0.5617117633,-0.4381808437,-0.511081929,-0.6630441307,0.2558502164,-0.986230043
2012-05-21,-0.02146334423,0.07806377929,0.4057862562,0.7616160755,0.09515929694,0.1783801682,-0.3640216702,-0.3257687155,-0.171751704,-0.1465422177,-0.0926156559,0.5259545384,-0.6952579628
2012-06-01,0.1503721213,0.2514743565,0.4682121633,0.694906449,0.1690836241,0.3487667448,0.03874131377,-0.06517571448,-0.2250923792,0.2621959098,0.3226627581,0.6632128715,-0.3073132483
2012-06-11,0.3170358761,0.3970567665,0.6049438735,0.6989153603,0.1800864618,0.5368374237,0.3994150266,0.1728429163,-0.09976402439,0.4929015886,0.5744553715,0.7297208998,0.05278470643
2012-06-21,0.6988398705,0.7640500142,0.7779409564,1.055462363,0.6049493618,0.8545783445,0.8572750742,0.7248968393,0.4138504114,0.9224056298,0.7895002272,0.8161296211,0.7739858958
2012-07-01,0.9242802299,0.9896337414,0.9047683853,1.506980436,0.9790457239,1.036893929,0.9949620338,0.9925408534,0.6199286879,1.032675069,0.905090976,0.8634807319,1.038507781
2012-07-11,1.177410107,1.223588075,1.000012166,1.764595573,1.278777161,1.11354045,1.127577005,1.242197059,1.232272251,1.154265214,1.022017985,0.9096225658,1.275804562
2012-07-21,1.330755744,1.349372306,1.041814112,1.976801646,1.423355712,1.151863015,1.196483501,1.347798015,1.57004254,1.203369575,1.085375043,0.9473319902,1.339004715
2012-08-01,1.452779554,1.407653691,1.083091774,1.892322458,1.4897582,1.210396776,1.257316334,1.439601515,1.705488825,1.26327689,1.14413573,0.9706515843,1.447392929
2012-08-11,1.495958517,1.446519124,1.110132189,1.981544045,1.533271351,1.252759866,1.318275563,1.481132779,1.698695595,1.313717329,1.181466599,0.9860536948,1.510915051
2012-08-21,1.524079667,1.476275731,1.125419694,2.079720152,1.567822198,1.273060276,1.348611922,1.503439397,1.733322894,1.329884384,1.196447637,0.9902302037,1.529407755
2012-09-01,1.529111334,1.499416627,1.135515661,2.246367151,1.606361488,1.28556471,1.363037168,1.512856018,1.695643984,1.338455183,1.207260423,0.9916850811,1.548377154
2012-09-11,1.535972116,1.506669004,1.145088625,2.184652981,1.630009103,1.293935145,1.367024091,1.53299863,1.719434857,1.343342753,1.212593997,0.9921829224,1.568010412
2012-09-21,1.498852881,1.481207359,1.146428417,1.997940061,1.629113942,1.297575437,1.367446897,1.517365011,1.657023203,1.343834843,1.213726806,0.9920787719,1.50749692
2012-10-01,1.44384141,1.452158672,1.130528054,1.774542471,1.625142883,1.297103069,1.35835288,1.525484,1.595756558,1.34106189,1.208238529,0.9921974809,1.518438117
2012-10-11,1.361143044,1.418142169,1.13094998,1.838322302,1.556246122,1.213623057,1.300519854,1.456346664,1.547369993,1.32103608,1.194864214,0.9889901028,1.469312457
2012-10-21,1.26841441,1.327954536,1.094172572,1.657629358,1.439012551,1.13996891,1.236893254,1.261680615,1.401082829,1.252190603,1.179347534,0.9906207133,1.440262803
2012-11-01,1.242209827,1.312893053,1.144736485,1.997255408,1.412893315,1.137792471,1.145817294,1.121979645,1.303823008,1.170578635,1.135090122,0.9915721021,1.333460767
2012-11-11,0.9232129734,1.004340422,1.110652168,1.842041522,1.118403201,0.8438046172,0.7395846763,0.7390920318,0.6897337373,0.8371813738,0.8208849599,0.9505519939,0.8730742218
2012-11-21,0.4828197077,0.545011361,0.9415351749,1.479242783,0.7723060213,0.3785538384,0.1662442824,0.16424588,0.1225091264,0.2779447504,0.2445641113,0.6733443797,0.2077135958
2012-12-01,0.1147885941,0.1256636313,0.6026583555,1.100090891,0.3603355216,-0.1265429806,-0.2026047255,-0.1930341616,-0.211925612,-0.1697406347,-0.1997477333,0.210794672,-0.1495623311
2012-12-11,-0.1271134985,-0.1416100393,0.299953,0.734700278,0.08407486797,-0.4024145116,-0.3921679748,-0.3713079281,-0.3928687621,-0.3850760955,-0.4328020038,-0.147154938,-0.3606058074
2012-12-21,-0.396058432,-0.419622458,-0.2242505893,0.285253662,-0.1687385581,-0.6270469614,-0.5656576386,-0.5342219046,-0.5488454773,-0.5665865096,-0.6288036438,-0.6113239385,-0.5323468709
2013-01-01,-0.6625693844,-0.668113603,-0.6831512305,-0.2196229032,-0.4649578442,-0.7828294196,-0.7167313814,-0.6705005567,-0.682884999,-0.7218841402,-0.7820948512,-0.8977877838,-0.6720791572
2013-01-11,-0.830285561,-0.8200771929,-0.8953509003,-0.4368908835,-0.6381035941,-0.9133806198,-0.8357681432,-0.772614844,-0.7784346319,-0.8442443845,-0.9156084822,-1.061292248,-0.7693678095
2013-01-21,-0.8999091916,-0.9339888656,-1.018899413,-0.6691462512,-0.7807392382,-1.011978837,-0.9145864297,-0.8364126363,-0.8432144973,-0.9267045241,-1.010709358,-1.163344118,-0.8263210992
2013-02-01,-1.013440612,-1.035416715,-1.141941534,-0.822271974,-0.882446465,-1.108295235,-0.9905011227,-0.8974089392,-0.8969704368,-1.005267302,-1.106715084,-1.310601318,-0.8764180739
2013-02-11,-1.095761611,-1.123417409,-1.333134829,-0.9451176191,-0.9588112285,-1.186960066,-1.044373567,-0.9392085602,-0.9344310654,-1.062794583,-1.185187013,-1.46158285,-0.9066791463
2013-02-21,-1.17404363,-1.190067829,-1.447179528,-1.032090646,-1.014324425,-1.250904428,-1.089238281,-0.971657792,-0.9604937413,-1.108789581,-1.254592731,-1.584599542,-0.9313917431
2013-03-01,-1.114552912,-1.183662111,-1.283251824,-1.100577576,-1.059760157,-1.291613347,-1.118087813,-0.9940123407,-0.979667243,-1.141888879,-1.309835011,-1.310026817,-0.9473597396
2013-03-11,-1.096198355,-1.190995738,-1.253094987,-1.122227006,-1.10773064,-1.305397032,-1.143960175,-1.02084402,-1.000683534,-1.133847621,-1.305750773,-1.229146639,-0.966700568
2013-03-21,-1.046265199,-1.13911054,-0.8880580351,-1.020048952,-1.115492187,-1.26474906,-1.195613158,-1.040592566,-1.02369411,-1.163149934,-1.298941516,-0.982962445,-0.9906771983
2013-04-01,-0.9517660489,-1.037997727,-0.556682178,-0.5582207831,-1.063407364,-1.217658175,-1.200443442,-1.077646251,-1.042427065,-1.222885556,-1.25555888,-0.7148674602,-1.006899799
2013-04-11,-0.9400617344,-0.9876270987,-0.1253112547,-0.1972881705,-1.041770269,-1.132648783,-1.257422938,-1.106082506,-1.056377529,-1.263965406,-1.402287306,-0.5881354003,-1.019262801
2013-04-21,-0.8771425679,-0.9241589522,-0.08905078409,-0.2484282955,-0.8657172677,-0.94367895,-1.266780417,-1.122020826,-1.066491399,-1.219574647,-1.39063096,-0.4690178164,-1.037254428
2013-05-01,-0.5617311887,-0.520877251,0.3109372029,0.2773575994,-0.4881834323,-0.3893092896,-0.8022498174,-0.9080051874,-0.9231243419,-0.7347815781,-0.8644154395,-0.08886436919,-0.9639259715
2013-05-11,-0.2703948167,-0.217482282,0.3531833497,0.187110503,-0.352017857,-0.03950800121,-0.4131080966,-0.6080033658,-0.6044725248,-0.1929240645,-0.2958061344,0.2846182468,-0.5449531629
2013-05-21,-0.2205118692,-0.1502378382,0.1585533956,-0.29213033,-0.5098795904,0.2970907424,-0.2636277495,-0.1550853741,-0.6133185244,0.2877304731,-0.06161011153,0.4952009601,-0.4916934039
2013-06-01,0.08072022503,0.1694448342,0.5161450434,-0.155169229,-0.2438896911,0.5996402292,0.2066394793,0.2531014501,-0.3618235554,0.657775481,0.3593937855,0.6990255102,0.01100345643
2013-06-11,0.3032480457,0.4329621347,0.6311029403,0.1877686725,0.1717261617,0.7589829878,0.4617341753,0.4871012873,-0.05733480452,0.7353937075,0.6388492896,0.7643196421,0.2202322926
2013-06-21,0.4746977657,0.5802253996,0.7127376516,0.1749038528,0.3334568265,0.9192506984,0.670253063,0.7662523355,0.1237501184,0.8604162062,0.7722934986,0.8271565111,0.6245894017
2013-07-01,0.7318371441,0.8388069532,0.8803699208,0.5561819168,0.8163194164,1.029100686,0.8922923718,0.975319854,0.4149422776,1.035258486,0.9233452589,0.8692410324,0.7790373032
2013-07-11,0.9782702607,1.046154144,0.9680304334,1.071478344,1.084021251,1.101849313,1.118657766,1.16127445,0.6910660538,1.150725295,1.04046446,0.890804199,1.188092231
2013-07-21,1.153531295,1.175091634,1.000056159,1.417107285,1.272599503,1.139695685,1.20546531,1.235357522,0.8805884373,1.207494214,1.116404651,0.9179459859,1.338934333
2013-08-01,1.243458128,1.239676333,1.023859918,1.353068937,1.371248384,1.162428106,1.2515019,1.371060062,1.042872389,1.238263913,1.15730463,0.9446927961,1.448256928
2013-08-11,1.358472108,1.296700146,1.038836041,1.257580171,1.372104665,1.183053493,1.302564993,1.408976751,1.424616694,1.267768898,1.184399095,0.9610224847,1.503168767
2013-08-21,1.411215696,1.321779431,1.047090923,1.272317889,1.425372497,1.212080495,1.351718378,1.454289445,1.400602939,1.296962683,1.204174389,0.9724771599,1.545752381
2013-09-01,1.478831682,1.373582628,1.05973201,1.351380917,1.470543301,1.236253877,1.367913549,1.493324418,1.598818907,1.323677214,1.212724734,0.9780937012,1.590527657
2013-09-11,1.482580659,1.375864415,1.071336904,1.175421295,1.487906783,1.255722328,1.369529417,1.519912505,1.656244192,1.338793742,1.214272423,0.9814224131,1.614758572
2013-09-21,1.491448531,1.405678115,1.092136625,1.326148048,1.531752771,1.269128915,1.369871871,1.541096494,1.685057462,1.344281807,1.211941578,0.9837137925,1.628860525
2013-10-01,1.409830045,1.379146773,1.100359838,1.25254011,1.524104847,1.276069175,1.368857162,1.554027808,1.529815652,1.343828538,1.201725328,0.9857573185,1.63989177
2013-10-11,1.300726295,1.332771549,1.111545946,1.311132948,1.522123973,1.277833339,1.299910104,1.430298047,1.311149365,1.307877568,1.168454322,0.9877955479,1.417345237
2013-10-21,1.143214611,1.262977162,1.101367652,1.329268493,1.452171162,1.269483104,1.139109338,1.227021693,1.287023176,1.208557352,1.038201141,0.9892731032,1.274178889
2013-11-01,0.8707395864,1.022404142,1.093208173,1.441569032,1.226925199,1.127492096,0.70328217,0.761223148,0.8078237526,0.8712777617,0.7665657661,0.986512096,0.7432656171
2013-11-11,0.6557146278,0.7934620965,1.072518385,1.615627429,1.023580837,0.8375988601,0.3320524268,0.3476217012,0.353597165,0.5284977043,0.523047905,0.9524511021,0.3177650332
2013-11-21,0.3554744556,0.4317038712,0.8512939883,1.387783905,0.6572760887,0.3944156347,-0.07396643199,-0.08183623722,-0.08298916567,0.09503182624,0.1421153893,0.792896233,-0.08637831351
2013-12-01,0.06206891872,0.06654909567,0.5233888149,0.6604665108,0.1800691011,0.0003274201663,-0.3113162289,-0.3200221019,-0.3562860866,-0.2370288134,-0.1153394995,0.5684659659,-0.2978206208
2013-12-11,-0.2241901506,-0.2546892921,0.1360835906,0.1213446306,-0.1906518806,-0.3248717984,-0.4854857448,-0.4815064877,-0.5354387609,-0.4595836512,-0.3838617729,0.139488236,-0.45703129
2013-12-21,-0.5674815077,-0.5864584,-0.5041066743,-0.356720944,-0.4782768458,-0.6273385091,-0.6469839691,-0.6228664927,-0.6831509047,-0.636444278,-0.6558300311,-0.5377681244,-0.6002232018
2014-01-01,-0.7805180002,-0.7749993892,-0.8178806151,-0.6166984406,-0.6646374399,-0.7804414055,-0.7818855178,-0.7348005314,-0.7908858045,-0.770540241,-0.8187312219,-0.822031186,-0.7138647252
2014-01-11,-0.9405221279,-0.911759569,-1.00471764,-0.7902769853,-0.8008884632,-0.9132477821,-0.892578453,-0.8266475667,-0.8666989133,-0.8860616606,-0.9442316613,-1.015299193,-0.7998948899
2014-01-21,-1.045146433,-1.013848235,-1.150729036,-0.9372300113,-0.9055145415,-1.010497915,-0.9711463927,-0.8874480985,-0.9193845259,-0.9650907064,-1.038556831,-1.154727573,-0.854801148
2014-02-01,-1.0902062,-1.085310118,-1.246442017,-1.046434124,-0.9813631769,-1.096912478,-1.029435016,-0.9317029632,-0.9603406514,-1.026252352,-1.121728712,-1.201346985,-0.8901633186
2014-02-11,-1.224070755,-1.176528911,-1.389604304,-1.140365766,-1.042745532,-1.174858045,-1.101367679,-0.9845222169,-0.991873195,-1.098602253,-1.210737391,-1.42436692,-0.9356939917
2014-02-21,-1.277632171,-1.235207139,-1.486793083,-1.211063411,-1.089749907,-1.233399521,-1.147543026,-1.018724111,-1.014383376,-1.144733997,-1.275169728,-1.525684585,-0.9633743884
2014-03-01,-1.094015762,-1.137113597,-1.317149593,-1.247993366,-1.110861732,-0.9115068828,-1.178749872,-1.03688927,-1.027055194,-1.16305971,-1.21075537,-0.9112781885,-0.9792978088
2014-03-11,-0.944240929,-0.9915673293,-0.8755043303,-0.8667286549,-1.05348687,-0.6069442512,-1.211931084,-1.054336382,-0.9568688963,-1.173229757,-1.224869137,-0.4675410023,-0.9987860946
2014-03-21,-1.016552706,-1.13222232,-1.13935982,-0.9993486536,-1.128353624,-1.004289253,-1.251190973,-1.086811796,-1.014607613,-1.231017354,-1.339473441,-0.7875885614,-1.011142329
2014-04-01,-0.8808282301,-0.9858473754,-0.880700448,-0.8083478406,-1.00667474,-0.5903734154,-1.225834844,-1.069527682,-1.046006205,-0.9425117324,-1.192948863,-0.6151507304,-1.023218524
2014-04-11,-0.6622248472,-0.6830272503,-0.3778439556,-0.7412362824,-0.8013891817,0.002377169339,-1.016055874,-0.8426817444,-1.038941403,-0.4382817126,-0.8114507996,-0.06973018575,-1.02473319
2014-04-21,-0.5034203675,-0.4971352701,0.04431090689,-0.7442915027,-0.5683613231,0.2530305329,-0.7867276037,-0.6802841294,-0.9191091782,-0.3181907143,-0.6881248034,0.1520499239,-0.9371258164
2014-05-01,-0.1474429881,-0.02184238741,0.5297770686,-0.4010883119,-0.1161592292,0.7367712736,-0.1970025836,-0.1522481973,-0.5952578133,0.2627399971,-0.1032396877,0.5091015493,-0.5223802712
2014-05-11,0.1837305417,0.3793541479,0.8006349222,0.370289977,0.346930614,0.9518845494,0.1661001165,0.03427654708,-0.08833487229,0.5769392571,0.2754242452,0.7491833911,-0.3185269959
2014-05-21,0.3091329011,0.4909433992,0.8575869147,0.4661337812,0.4864516386,0.8925548843,0.358987977,0.2682976239,0.12096184,0.6297478666,0.3437745446,0.7714531825,-0.08679498328
2014-06-01,0.528701781,0.690496971,0.9364729753,0.966759901,0.7456221942,0.9341419827,0.5887251812,0.4568081016,0.2148498784,0.7664686786,0.5847650676,0.8270064422,0.1494942005
2014-06-11,0.5922143452,0.7859614556,0.9462990094,1.028483533,0.832885998,1.006921134,0.7599112105,0.7294464963,0.2067458582,0.8729650854,0.7312915378,0.8644313771,0.3918603538
2014-06-21,0.647445883,0.8236163358,0.961355861,0.8987684988,0.7862867725,1.092835112,0.8847413446,0.9282047876,0.1991529022,1.031457491,0.815218982,0.8946598284,0.6413660485
2014-07-01,0.8213484909,0.9168822693,0.9323807926,0.8118182615,0.8150297033,1.113060214,1.070606141,0.9696111561,0.5731986752,1.117382446,0.9555485804,0.9184807427,0.878091334
2014-07-11,1.002494839,1.082698499,1.015859485,1.160015353,1.101903916,1.144911189,1.076239045,1.111666279,0.9100222257,1.126053342,1.019128086,0.9370667299,1.055012028
2014-07-21,1.150533089,1.200133767,1.047117755,1.380533507,1.259364051,1.172045789,1.154329508,1.313958201,1.092010866,1.208482963,1.074234766,0.9494543722,1.310922377
2014-08-01,1.238112322,1.213699278,1.019810354,1.229874399,1.228564556,1.179912956,1.200530682,1.387801951,1.182649028,1.252758822,1.128344633,0.9592846802,1.433260051
2014-08-11,1.349483608,1.307875754,1.082350879,1.479394232,1.345122432,1.216440723,1.251698862,1.442590783,1.398275719,1.277759669,1.158070637,0.9683232338,1.486474495
2014-08-21,1.435629055,1.371058397,1.098923805,1.473988054,1.399823261,1.243996724,1.287914142,1.480365914,1.691980043,1.299936621,1.18489432,0.9778145419,1.530040298
2014-09-01,1.4353727,1.398852747,1.112501312,1.784625696,1.487342013,1.260263495,1.311991514,1.503517242,1.49405586,1.313343029,1.193218069,0.9832803807,1.54955703
2014-09-11,1.421316614,1.36695232,1.111648364,1.430442502,1.473700457,1.268163527,1.338089848,1.528985046,1.44624422,1.328583291,1.199612268,0.9862334723,1.574256088
2014-09-21,1.430096304,1.391198315,1.122472866,1.512913434,1.520217618,1.276457956,1.34271433,1.545860938,1.476358659,1.334195908,1.202084348,0.9881115944,1.578096425
2014-10-01,1.384491346,1.389779883,1.12297152,1.457819978,1.541974257,1.279375021,1.277736482,1.553432513,1.511302873,1.329853276,1.191753119,0.988880938,1.527873859
2014-10-11,1.370268286,1.380121307,1.10854936,1.427099141,1.536441081,1.281829173,1.173607452,1.543842576,1.55301761,1.304585334,1.181771324,0.9896756157,1.495082683
2014-10-21,1.247299057,1.376239945,1.128363297,1.548890552,1.562169214,1.282815037,1.058347588,1.532408218,1.570573495,1.248749819,1.102139883,0.9907318426,1.490390525
2014-11-01,0.9032258692,1.107651355,1.091329317,1.200140082,1.387679391,1.189818832,0.5778928761,1.224969809,0.9667775405,0.9831465891,0.8284925029,0.9838389287,1.03740404
2014-11-11,0.5654086022,0.7275692828,0.9584785026,0.9158764207,1.044455753,0.7577182403,0.1732163274,0.6590729527,0.389124215,0.4994159318,0.4872269296,0.8719837635,0.3502121781
2014-11-21,0.4245477765,0.5530471813,0.9575337258,1.571066497,0.8670857316,0.3944862723,-0.1212015796,0.1980815598,0.047336677,0.114786151,0.287863097,0.7702249411,-0.03988777372
2014-12-01,0.0593760877,0.10599902,0.5611871264,1.168079362,0.3662307488,-0.1412167326,-0.4251261132,-0.1751832411,-0.3044265381,-0.2994669832,-0.1597561541,0.2577021817,-0.2872626912
2014-12-11,-0.2598271799,-0.2737330229,-0.01803583581,0.3283077637,-0.07330605595,-0.44486871,-0.5954421483,-0.3550029243,-0.5031556742,-0.5020036568,-0.4528989996,-0.1887679399,-0.4532186831
2014-12-21,-0.5486614019,-0.5626570797,-0.5194931859,-0.1707515925,-0.3825720996,-0.6227364806,-0.7415118721,-0.5125791024,-0.65515761,-0.6599106326,-0.6788361439,-0.6459293514,-0.6073885823
2015-01-01,-0.7715235515,-0.7557959654,-0.8175851337,-0.455435626,-0.5941304153,-0.7724590114,-0.8610466017,-0.6467988893,-0.7738901106,-0.796703926,-0.8217279592,-0.9227961934,-0.7243357133
2015-01-11,-0.9554361851,-0.908015807,-1.013975992,-0.6651538362,-0.7553229844,-0.9189728343,-0.9716237684,-0.7611221714,-0.8590066234,-0.9229417818,-0.968368531,-1.106035056,-0.8134655177
2015-01-21,-1.075358608,-1.01943706,-1.166556147,-0.8344539111,-0.8718592782,-1.029711162,-1.047317185,-0.8408837549,-0.9165024935,-1.012958544,-1.072241436,-1.241443607,-0.8731488769
2015-02-01,-1.144924925,-1.091822897,-1.274905407,-0.9637423196,-0.9492493573,-1.094662792,-1.087235118,-0.8852508353,-0.9487924561,-1.059298741,-1.130623868,-1.346593426,-0.9050055825
2015-02-11,-1.197977207,-1.149147437,-1.347053151,-1.066550587,-1.012801146,-1.157564474,-1.125994033,-0.9256512285,-0.9762123908,-1.103459261,-1.191393165,-1.392553367,-0.9317453851
2015-02-21,-1.210618543,-1.198893103,-1.433738526,-1.145412977,-1.063429173,-1.202050543,-1.15982241,-0.9615578779,-1.000000067,-1.141126694,-1.239300484,-1.447470962,-0.9561887093
2015-03-01,-1.020316734,-1.031524296,-1.192475611,-1.19975353,-1.091347338,-0.6970933526,-1.141973556,-0.9896495617,-1.016718815,-1.154434427,-1.058910875,-0.5136931393,-0.9734804717
2015-03-11,-0.9959337267,-1.033682445,-1.120471912,-1.276009515,-1.114876604,-0.5464410119,-1.182669345,-1.013047679,-1.032533667,-1.166551363,-1.130142179,-0.4068478571,-0.9886211327
2015-03-21,-1.065384479,-1.115225841,-1.223868991,-1.319822176,-1.162107781,-0.8898243414,-1.092596398,-1.040380469,-1.047170162,-1.178103306,-1.161889184,-0.7021403771,-0.9952002551
2015-04-01,-0.8506164993,-0.8583502776,-0.6985015798,-0.7064957001,-1.076453837,-0.583891566,-0.8110881249,-1.05022417,-1.053614146,-0.9769827734,-0.8162569501,-0.2315192072,-1.004563636
2015-04-11,-0.8457308821,-0.8303505392,-0.40219713,-0.1017970508,-0.9869949597,-0.5931617699,-1.090458657,-1.069199361,-1.060266312,-0.978109371,-1.010560103,-0.3345163654,-1.035925137
2015-04-21,-0.8752609341,-0.8561876694,-0.3762111894,0.2893508967,-0.9051898483,-0.6733515587,-1.181599515,-1.111286017,-1.077623553,-1.149396636,-1.259584483,-0.4474574182,-1.052565509
2015-05-01,-0.6166137342,-0.5751571751,-0.2433526396,0.2188341783,-0.4738221868,-0.2443763642,-1.029931379,-0.9514407133,-0.69934978,-0.8981448946,-1.050429614,-0.09460953906,-0.9418182151
2015-05-11,-0.2625486554,-0.1901755075,0.07262610534,0.4282036516,-0.07513979752,0.02872954881,-0.6607691884,-0.7123211082,-0.1852672273,-0.5847553265,-0.5894024335,0.3386078699,-0.7994598267
2015-05-21,-0.1345962554,-0.02028441821,0.1669621051,-0.01063085521,0.01925425041,0.3319353223,-0.257936145,-0.4681071954,-0.206552709,-0.2657995645,-0.1453442951,0.6229094461,-0.6934756004
2015-06-01,0.2186720798,0.3538834685,0.5683716667,0.6200296649,0.4002137537,0.4750954258,0.2558431922,-0.02197036866,0.1226193069,0.06798051353,0.2559087921,0.7176918491,-0.2059683382
2015-06-11,0.4426230679,0.6023362736,0.750587119,1.025646368,0.6610893431,0.7021026794,0.4534482458,0.1752490492,0.2597815073,0.4666677617,0.5725588152,0.8061214569,0.06290645978
2015-06-21,0.6605251392,0.8391552252,0.8789992767,1.126936025,0.9852392407,0.9407819814,0.6332726131,0.6707206281,0.4971886133,0.7616813322,0.7534026535,0.8602709551,0.4345322957
2015-07-01,0.735996055,0.8085052252,0.7831155216,0.6198516198,0.7606719063,0.9002599882,0.9492712525,0.7722398496,0.5083526818,0.9247258351,0.9131790575,0.8563698234,0.7824843718
2015-07-11,0.7498557117,0.7191613462,0.6660727751,0.0822877546,0.4294950414,0.8683143447,1.087828998,0.7587552196,0.5253694168,1.017365646,1.028933826,0.8467227998,0.9690428845
2015-07-21,1.000411588,1.025184553,0.9064474957,0.774998506,0.9466773538,1.015260669,1.18390329,1.098041449,0.9387051579,1.1405128,1.112419439,0.9136416437,1.164210734
2015-08-01,1.149938364,1.145560673,0.9650024953,0.9935989636,1.122911999,1.095053105,1.22072937,1.220213374,1.202316131,1.17195685,1.144385424,0.9320024161,1.301334523
2015-08-11,1.193983348,1.136495758,0.9337236909,0.4985291108,1.085051546,1.104175794,1.234001492,1.329600904,1.382232275,1.249906844,1.168701585,0.9434033103,1.341122179
2015-08-21,1.23658287,1.135945056,0.8444318926,0.3777290887,0.9966760289,1.102735752,1.29317354,1.399188979,1.527064766,1.291491248,1.185608877,0.9461230592,1.447647295
2015-09-01,1.343269219,1.274140043,0.9856315679,0.8571232981,1.246040235,1.191676248,1.276782101,1.452430926,1.717289484,1.307461417,1.196677375,0.9610192792,1.399407205
2015-09-11,1.311027792,1.223549235,0.9165772033,0.3917526499,1.2143833,1.201613887,1.277134964,1.491187746,1.666569566,1.319240112,1.198521565,0.9642534823,1.450875709
2015-09-21,1.265571569,1.215145985,0.9210403631,0.35467632,1.233914382,1.188423249,1.276596861,1.49575543,1.613663549,1.307231058,1.188753596,0.9672425481,1.425148607
2015-10-01,1.206027058,1.193017212,0.9378352319,0.3615874954,1.203418461,1.153150145,1.229397265,1.417662477,1.598482641,1.265792397,1.182139344,0.9692022669,1.360231603
2015-10-11,1.181276182,1.209486823,1.025363048,0.5353516043,1.218095568,1.125705117,1.257020535,1.30349573,1.631852586,1.226973881,1.190948392,0.9731811693,1.260416878
2015-10-21,1.301727674,1.296851877,1.077479071,0.8616116568,1.322839481,1.191099824,1.271443789,1.399569734,1.752866008,1.283699408,1.205141967,0.9792878562,1.294470928
2015-11-01,1.137301118,1.235595891,1.108752718,1.572836109,1.315169596,1.128947584,1.047937926,1.111744845,1.353675577,1.127447784,1.109489291,0.9828644116,0.8253765746
2015-11-11,0.7724808193,0.8963734605,1.076784078,1.645754868,1.020785956,0.7786098417,0.5989713519,0.5209440649,0.6683855474,0.6782172555,0.7662725642,0.9048973405,0.1705266349
2015-11-21,0.381627629,0.4651190356,0.9090216989,1.274713633,0.6319244443,0.2770974288,0.1511916009,0.03005162954,0.1546792417,0.1817446807,0.3074648839,0.5591193522,-0.1885164922
2015-12-01,0.09082901329,0.1358734424,0.8083701185,0.7595656375,0.344478387,-0.07016149474,-0.1783196689,-0.2656073926,-0.1605587964,-0.2018254837,-0.05261948297,0.275145537,-0.4002858316
2015-12-11,-0.3159031622,-0.3081489808,0.1353134092,0.1243000483,-0.1467264239,-0.5144581063,-0.4511741329,-0.4681159242,-0.4098713781,-0.4926304517,-0.4163613661,-0.3900860135,-0.569118688
2015-12-21,-0.6334263714,-0.6053675347,-0.4755418652,-0.2866144553,-0.4706774345,-0.7417234512,-0.6335399196,-0.6264559307,-0.5834566112,-0.6726065512,-0.6326847827,-0.8274626703,-0.7025341672
2016-01-01,-0.8444895908,-0.7957609739,-0.8012982261,-0.6406469144,-0.6724184882,-0.8900181301,-0.7708438606,-0.744501731,-0.7007941424,-0.8093009215,-0.783689847,-1.02538265,-0.8044695842
2016-01-11,-0.9919979252,-0.9292513549,-0.9818648442,-0.8262813275,-0.8179216187,-1.001682849,-0.8816508317,-0.8359478986,-0.7924025819,-0.9181327857,-0.9043386912,-1.174427215,-0.8798338295
2016-01-21,-1.11792723,-1.044536955,-1.149283799,-0.9813495999,-0.9389596849,-1.100672779,-0.9776232726,-0.912839578,-0.8653281954,-1.011345346,-1.016792049,-1.306370025,-0.9375376645
2016-02-01,-1.236052107,-1.148632691,-1.300710487,-1.111459289,-1.035608455,-1.204248247,-1.062558234,-0.9811483157,-0.9232475276,-1.098552979,-1.127474893,-1.445498601,-0.9834138606
2016-02-11,-1.317497253,-1.219595501,-1.422443487,-1.209417854,-1.099093192,-1.270541798,-1.112044861,-1.020585918,-0.9588808211,-1.148334352,-1.193670512,-1.562257891,-1.010017892
2016-02-21,-1.379646864,-1.276365103,-1.526854742,-1.283532863,-1.145305596,-1.333899512,-1.145218936,-1.047011463,-0.9825332635,-1.184864565,-1.245412672,-1.67361454,-1.025878543
2016-03-01,-1.26909855,-1.217391237,-1.389243351,-1.281443369,-1.184486584,-1.20618799,-1.181226705,-1.074087482,-1.003576516,-1.219153508,-1.230481696,-1.169221245,-1.039151728
2016-03-11,-1.134857441,-1.185298319,-1.385406694,-1.342437982,-1.202074816,-1.13932105,-1.225246569,-1.104517801,-1.006608869,-1.248494531,-1.252531854,-0.7505329859,-1.055168229
2016-03-21,-1.11337461,-1.17761105,-1.289642896,-1.393800783,-1.249599845,-1.138630543,-1.191551965,-1.130931772,-1.031486461,-1.236445199,-1.225766597,-0.6202445872,-1.06759327
2016-04-01,-1.004098099,-1.05586141,-0.8829077356,-1.146023083,-1.266183425,-0.9190982591,-1.122882768,-1.153385504,-1.050508501,-1.202786974,-1.054879491,-0.3035779175,-1.079459098
2016-04-11,-0.8090120248,-0.7769404865,-0.09207905768,-0.6241140823,-1.047411626,-0.4307508962,-1.064877146,-1.099753813,-1.033262961,-0.8388236566,-0.8792458996,0.09737824016,-1.088248409
2016-04-21,-0.6906644723,-0.5935013948,0.2334989704,-0.2896218341,-0.8295051712,-0.02140223776,-1.077535332,-0.9552628612,-0.9507235763,-0.6049747433,-0.8436882301,0.2749730428,-1.097714007
2016-05-01,-0.4420057905,-0.3113795122,0.4920874055,0.2037148671,-0.422573354,0.2330976612,-0.9122047302,-0.7789088758,-0.6134258057,-0.4700935091,-0.639520381,0.4188449049,-1.081885859
2016-05-11,-0.1775033921,-0.02120965475,0.5886041336,0.2820195207,-0.06509904969,0.3641116259,-0.6884916428,-0.3353019738,0.007133332557,-0.2547576866,-0.3740561563,0.5366957506,-0.8916299092
2016-05-21,-0.01707307021,0.1738023592,0.7184210752,0.4089558674,0.08227058177,0.5790438582,-0.3795678843,0.03912295643,0.1114627015,0.123477986,-0.2136349139,0.6906248979,-0.5420926943
2016-06-01,0.03177592278,0.1909369323,0.6778700867,-0.07967122942,-0.05909309478,0.6963981136,-0.1780591297,0.08321921509,0.03507555582,0.4204948297,0.1341622917,0.7396599562,-0.558510349
2016-06-11,0.3632719461,0.4793160399,0.7518152131,-0.08303401198,0.2542479511,0.9040272829,0.4782577647,0.4142080762,0.2602467044,0.727636386,0.6238915323,0.8006672001,0.05961420703
2016-06-21,0.5941192468,0.7206308821,0.9209833447,0.4979020844,0.6218255036,1.053278083,0.7915680346,0.6829744098,0.2386593376,0.8773353652,0.8625067515,0.8646359578,0.3705694392
2016-07-01,0.7293189379,0.8376204072,0.9554520979,0.6967587814,0.8299575455,1.102719285,0.9367935584,0.8069323982,0.2902489628,0.9287102175,0.9746963121,0.8895938913,0.5669929405
2016-07-11,0.9849297791,1.020879604,0.983236461,0.6643967871,1.081960587,1.151695744,1.132108219,1.076074917,0.7572168013,1.118528536,1.070866997,0.9090056107,1.037236462
2016-07-21,1.226443813,1.195170517,1.027960148,0.8324784975,1.209381358,1.190346612,1.166542986,1.258170124,1.484041948,1.187383766,1.133514242,0.9456859992,1.22474976
2016-08-01,1.353933266,1.293888922,1.073179238,1.269100685,1.298686584,1.225857186,1.23380494,1.34012116,1.614862036,1.247087746,1.158022897,0.9698904111,1.301436794
2016-08-11,1.321435469,1.233329365,1.055668267,0.8310800726,1.146190919,1.196698623,1.259310231,1.340505353,1.642527228,1.280574417,1.182525717,0.9804138846,1.281889973
2016-08-21,1.289607809,1.2025815,0.9820881523,0.6913725382,1.115668167,1.194682761,1.28607118,1.345521641,1.565883363,1.288949484,1.176865461,0.9820457149,1.290576768
2016-09-01,1.21369498,1.097632169,0.9464822908,0.1899183842,0.9263071518,1.150112049,1.222619009,1.390174248,1.424436569,1.288883382,1.177173969,0.982734126,1.329407948
2016-09-11,1.239050746,1.133542554,0.9452960826,0.302303762,1.032537656,1.159266169,1.293202101,1.343359526,1.424997197,1.290607305,1.197807431,0.9841123881,1.282590015
2016-09-21,1.278334976,1.191896648,0.9742429028,0.4914351498,1.169260746,1.171116923,1.317715017,1.356507412,1.47986276,1.287897238,1.195747736,0.9821175461,1.391356991
2016-10-01,1.209293531,1.190783974,1.002986799,0.6200096938,1.210781718,1.181879809,1.267428682,1.280974294,1.394331771,1.298970366,1.170252264,0.9839418029,1.317014768
2016-10-11,1.088751111,1.08868225,0.9043133216,0.1855784092,0.9776946973,1.082447262,1.266961418,1.312689525,1.407207928,1.285607205,1.124714783,0.9734783023,1.421748496
2016-10-21,0.9312628127,1.014951031,0.9556263767,0.426137117,0.9900855061,1.027271913,1.024718934,1.13397679,1.253212325,1.124988255,0.9199405292,0.9720180572,1.006476815
2016-11-01,0.5546922398,0.6413192408,0.8091670812,0.1244200622,0.6923410191,0.7634387272,0.5322122271,0.5895125589,0.5699548523,0.706493393,0.5424328259,0.9009607706,0.3583892399
2016-11-11,0.2051401771,0.2365973481,0.6749519769,-0.1578655037,0.2363851946,0.3099199078,0.08822746102,0.04147798768,0.04663899744,0.18686967,0.2043104219,0.722481392,-0.1283630225
2016-11-21,0.03203958873,0.05881571672,0.7894934447,-0.1061832751,0.1577217518,0.05873601825,-0.2216329364,-0.2791876144,-0.2837358799,-0.202427717,0.002284617772,0.6073968073,-0.3736160591
2016-12-01,-0.2578830152,-0.2797445975,0.3872131696,-0.5292153602,-0.1959761047,-0.3906695912,-0.4622508509,-0.4740041903,-0.4927749503,-0.4527223088,-0.3123634856,0.1616644066,-0.5550736385
2016-12-11,-0.5840377185,-0.619767878,-0.2343577364,-0.9166934066,-0.5688311725,-0.6717735661,-0.634208841,-0.6214174974,-0.6527472525,-0.6219326542,-0.6121168449,-0.4632748904,-0.69423362
2016-12-21,-0.8377117493,-0.8466696848,-0.7871879484,-1.128630361,-0.7782987612,-0.8338369378,-0.7712276339,-0.742901325,-0.7709610196,-0.7615031457,-0.7907149653,-0.8991033592,-0.7987736604
2017-01-01,-1.004566787,-0.9886106788,-1.030058653,-1.261850986,-0.9273675433,-0.9630009533,-0.8849855349,-0.8407482782,-0.8573648595,-0.8770498717,-0.9202004698,-1.093308739,-0.8771218686
2017-01-11,-1.115217047,-1.0833728,-1.184032966,-1.36131044,-1.03393484,-1.056630723,-0.956330108,-0.9038647301,-0.9094650935,-0.9511875175,-1.005097434,-1.217007881,-0.9220100694
2017-01-21,-1.1834254,-1.157836454,-1.313778636,-1.439660696,-1.108657428,-1.133034873,-1.007511946,-0.9497045257,-0.9473911978,-1.005101835,-1.074318776,-1.332848182,-0.9519055895
2017-02-01,-1.273377911,-1.23038388,-1.435208194,-1.500631621,-1.16822939,-1.211127542,-1.063270797,-1.001763247,-0.984980723,-1.065974553,-1.151539291,-1.455897864,-0.9846702591
2017-02-11,-1.309225883,-1.28647574,-1.478722923,-1.515986,-1.211576996,-1.282124112,-1.112234137,-1.042843328,-1.012089083,-1.120794528,-1.224843386,-1.578304885,-1.009589794
2017-02-21,-1.371446244,-1.315679784,-1.581784582,-1.302143325,-1.226169602,-1.340117121,-1.160139753,-1.077764848,-1.032448897,-1.169981168,-1.290036643,-1.687220776,-1.031474232
2017-03-01,-1.362690563,-1.348563355,-1.603291396,-1.36164376,-1.242496375,-1.382691665,-1.192439182,-1.099404508,-1.044961731,-1.207700629,-1.346086133,-1.723088103,-1.04332458
2017-03-11,-1.337899815,-1.401906654,-1.704871749,-1.472978195,-1.282408875,-1.447613984,-1.236203638,-1.129228068,-1.060700499,-1.256316676,-1.41578699,-1.758315266,-1.057630223
2017-03-21,-1.273716267,-1.409858681,-1.710815359,-1.410567001,-1.310029478,-1.492362744,-1.270205145,-1.151926367,-1.073947441,-1.290510945,-1.449546444,-1.677911438,-1.068552616
2017-04-01,-1.214287318,-1.374720118,-1.740680261,-1.509721085,-1.334417912,-1.423349813,-1.306842901,-1.176582092,-1.086092783,-1.296232366,-1.452649794,-1.20845998,-1.080965879
2017-04-11,-1.091043472,-1.255073599,-1.599474741,-1.565033549,-1.349007084,-1.239451556,-1.298544852,-1.196820376,-1.097079457,-1.168971158,-1.177335756,-0.6872521173,-1.093568197
2017-04-21,-0.9655126065,-1.087867607,-0.900765876,-1.328259672,-1.230477488,-0.7928040765,-1.304406703,-1.183973392,-1.101197555,-1.107938018,-1.147621169,-0.3494904494,-1.104645374
2017-05-01,-0.7592270591,-0.8395895713,-0.3021696971,-0.8932575638,-0.9683401896,-0.4529980327,-1.234675665,-1.164356678,-1.010673115,-1.064127839,-0.8701158322,-0.05898217154,-1.114383025
2017-05-11,-0.3797565049,-0.362007583,0.1591401058,-0.4535724967,-0.3519576923,-0.002963131321,-0.7553383453,-0.7878730857,-0.5743061489,-0.7323817321,-0.3288505658,0.2363822768,-0.9308449971
2017-05-21,-0.1370527025,-0.09848142258,0.3925491701,-0.164885287,-0.2049884049,0.2287898022,-0.4189910453,-0.4552583545,-0.3616666291,-0.3385523649,-0.0184562806,0.4989661742,-0.6216308675
2017-06-01,0.02416375807,0.1203892316,0.6161354284,0.2271512994,0.05292797541,0.2699834201,-0.2443528864,-0.2787339149,-0.1044380713,-0.0253882577,0.1645950153,0.6069826419,-0.6236159852
2017-06-11,0.1648692313,0.23108405,0.6148054818,-0.02479601134,-0.02595386991,0.4443268566,0.1405250913,0.04012485435,0.03841746122,0.26820379,0.4116114109,0.6836399659,-0.177467129
2017-06-21,0.4138470811,0.4511297989,0.8138736438,0.04196047954,0.2989642359,0.5665975087,0.3399130925,0.1905521676,0.4113509186,0.4384158977,0.6268166688,0.7564998572,0.01128696416
2017-07-01,0.6365997216,0.6877862243,0.9284673466,0.6385181161,0.6068552291,0.7783400779,0.6534071504,0.438549339,0.467658449,0.7138130644,0.8219223602,0.7976108456,0.2485207521
2017-07-11,0.9259983368,0.9675891511,0.9486570428,1.119836399,0.976944766,0.917853324,0.8690605727,0.7988129182,0.9686901383,0.9549852572,0.9575474636,0.8390084877,0.684850104
2017-07-21,1.082219639,1.112891488,0.9837934075,1.327690282,1.163265493,0.9940153675,1.05444034,1.108331505,1.154348856,1.058865919,1.021977127,0.8635109156,0.9935608616
2017-08-01,1.18758047,1.179750567,1.038533691,1.229320365,1.263947733,1.07915131,1.14065358,1.251548549,1.222191265,1.124585814,1.075217902,0.891454055,1.251441802
2017-08-11,1.26423281,1.210109901,1.059713496,1.193937224,1.27412425,1.116281716,1.202047249,1.321437138,1.254910805,1.151238389,1.124136976,0.9234177883,1.353250336
2017-08-21,1.332798081,1.26482062,1.067250549,1.18327378,1.318948922,1.155546579,1.255897355,1.398903791,1.416054902,1.212697257,1.15927638,0.9525491005,1.433799753
2017-09-01,1.355843252,1.319155547,1.108789644,1.445876914,1.433194424,1.204569759,1.281980798,1.457211215,1.333669788,1.231822273,1.178758541,0.9713475302,1.463991177
2017-09-11,1.385292475,1.347678132,1.124311708,1.479790142,1.455494222,1.229748104,1.279971236,1.486577589,1.457648879,1.261389206,1.163564451,0.9826453962,1.456359745
2017-09-21,1.406295004,1.376307912,1.139454693,1.554612323,1.486949222,1.244578155,1.278934188,1.481969057,1.542139389,1.274030015,1.176345675,0.9890592562,1.455737674
2017-10-01,1.298904949,1.317367621,1.138534558,1.241825349,1.392416425,1.240886303,1.255714621,1.464188722,1.47758666,1.281073125,1.171916807,0.9907500326,1.37837316
2017-10-11,1.174851579,1.314146492,1.14826677,1.503523259,1.445850059,1.253555141,1.174922251,1.398952066,1.355114256,1.187046856,1.143782172,0.9915218359,1.224459294
2017-10-21,0.9052347037,1.102979579,1.136932102,1.59633308,1.301835437,1.171240217,0.7769462881,0.9051515868,0.9294415608,0.8557819716,0.9089663821,0.989705843,0.5388368442
2017-11-01,0.7670117093,0.9735561617,1.096271306,1.422673893,1.1050412,0.9156376726,0.7888050548,0.7306422602,0.7872862656,0.8562940382,0.7806928548,0.9823122961,0.3940757359
2017-11-11,0.4717241207,0.6170800611,1.027745602,1.232177181,0.8446415624,0.540912347,0.2134632695,0.1991852554,0.2471222141,0.2926362988,0.3938019614,0.8881006664,-0.1560145789
2017-11-21,0.09872988218,0.1445970677,0.6769104023,0.6349199839,0.3484240095,0.03375928964,-0.2379244524,-0.214310766,-0.1563491843,-0.2254319764,-0.05621903553,0.4660466089,-0.4133191762
2017-12-01,-0.2293329785,-0.2056363993,0.3785231989,0.2820763285,0.01177182379,-0.3291450084,-0.4965449737,-0.4206495219,-0.4219842007,-0.5011430174,-0.4595908902,-0.06989399186,-0.5850030689
2017-12-11,-0.5614806378,-0.5503615801,-0.3275755758,-0.3064753296,-0.3780376567,-0.6042790656,-0.6588955752,-0.5668168272,-0.5986885163,-0.6674439493,-0.6720617825,-0.6194105108,-0.7109505902
2017-12-21,-0.7860525408,-0.7623242249,-0.716976658,-0.6393562764,-0.6176501552,-0.7762149418,-0.7941538928,-0.6886261811,-0.728873854,-0.8081757813,-0.8175194727,-0.8952191556,-0.8040503112
2018-01-01,-0.9462704915,-0.9181421683,-0.9262040727,-0.8418692984,-0.7895192445,-0.9219203676,-0.9152363675,-0.7958868108,-0.8309350065,-0.9329104016,-0.9579668396,-1.080966602,-0.8801597413
2018-01-11,-1.087130786,-1.039284377,-1.086840579,-0.9846833602,-0.9078188378,-1.042329344,-1.017136048,-0.8815121103,-0.898645414,-1.037573687,-1.084617649,-1.241833617,-0.9384858211
2018-01-21,-1.202100652,-1.141194033,-1.232782476,-1.105731964,-1.00210793,-1.147318859,-1.104202364,-0.9549708227,-0.9502267662,-1.12690332,-1.192737223,-1.379882661,-0.985333202
2018-02-01,-1.301836305,-1.228894833,-1.363785391,-1.209168194,-1.076756647,-1.242530201,-1.175706696,-1.011980053,-0.9879813382,-1.199546128,-1.292599706,-1.512835515,-1.019654057
2018-02-11,-1.304297848,-1.270228986,-1.458452087,-1.283896881,-1.123525174,-1.29850822,-1.208684017,-1.039166779,-1.00837353,-1.232836382,-1.343391956,-1.500925,-1.034285827
2018-02-21,-1.250929889,-1.240116792,-1.312099603,-1.155171328,-1.16042668,-1.276745345,-1.198941464,-1.059581771,-1.0251182,-1.233077664,-1.230214385,-1.480211965,-1.044184905
2018-03-01,-1.117615892,-1.114859166,-1.157072327,-0.8618801059,-1.182472211,-1.056534598,-1.166169188,-1.073959527,-1.03744959,-1.235957391,-1.056985413,-0.9874601036,-1.051159476
2018-03-11,-1.105676264,-1.06688363,-0.8917641818,-0.6899039368,-1.173574467,-0.6963044362,-1.225531598,-1.030351435,-1.050604831,-1.159527465,-1.211040809,-0.8984591941,-1.058009326
2018-03-21,-0.9719841655,-0.9910288548,-0.8281794975,-0.7263240271,-1.108441568,-0.7649784908,-1.140886535,-1.05536669,-1.061165318,-1.039605803,-0.948666504,-0.7488626828,-1.06514454
2018-04-01,-0.9306896372,-0.9566050941,-0.7056771216,-0.5535602325,-1.024827831,-0.6880503529,-1.173718049,-1.075237012,-1.06679219,-1.057286735,-0.9983476589,-0.7338605989,-1.074472341
2018-04-11,-0.8398567295,-0.811652756,-0.2360543102,0.2262796526,-0.7807926104,-0.5407821867,-1.250661617,-1.066771949,-1.067513921,-1.059255382,-1.151353186,-0.6003487133,-1.084276007
2018-04-21,-0.7188554588,-0.6903280569,-0.09827478317,0.4037317182,-0.7278803485,-0.3978538256,-1.268392962,-1.039143164,-1.023468637,-0.9055117872,-1.079813092,-0.1544557468,-1.095604738
2018-05-01,-0.6874733006,-0.6943406845,-0.1619981355,-0.03073669301,-0.8110963718,-0.3945603914,-1.19426897,-1.101676094,-0.9951206465,-0.9417680291,-0.8475942824,0.004033803449,-1.102528864
2018-05-11,-0.3213067522,-0.2954150688,-0.01256037136,-0.01380536559,-0.357020465,-0.0880875779,-0.5275100755,-0.9961011266,-0.5891106679,-0.5369588116,-0.09507582087,0.2958567299,-1.078692419
2018-05-21,0.01247136953,0.1070205224,0.5567304447,0.8139801307,0.195695613,0.1948851688,-0.3333927624,-0.6467080397,-0.193566937,-0.4381263366,0.1433479444,0.5527664608,-0.9016391582
2018-06-01,0.2434692251,0.4075837492,0.7574008805,1.152914252,0.6198995529,0.4432071338,-0.2589466001,0.03769545471,0.1585890407,-0.08304288991,0.2169129515,0.6732359639,-0.466401886
2018-06-11,0.395612358,0.5179088022,0.5350654392,0.7923163602,0.6009401712,0.6071955617,0.09357736945,0.3784799886,0.3183115213,0.2366861751,0.499445591,0.753570588,0.06105051648
2018-06-21,0.6094626846,0.6906080597,0.7282798739,0.9824947592,0.7477670186,0.6782704316,0.452559348,0.4446623634,0.5122722042,0.4450090577,0.7380589928,0.7917205979,0.289520323
2018-07-01,0.8119719092,0.9015024124,0.8426558741,0.9470260918,1.015550636,0.9199635801,0.7619334431,0.6807731531,0.7709471802,0.8237366544,0.937339903,0.8531990117,0.5009518361
2018-07-11,0.9245266498,0.9845953797,0.8566607967,0.9024371682,1.138182036,1.005259326,0.9410735461,0.8289297452,0.7495384966,1.009890244,1.029288083,0.891468441,0.7764105301
2018-07-21,0.9086677663,0.8604848313,0.5538877148,0.3793347994,0.8974473122,0.9142210692,0.9735071282,0.9130270622,0.569987003,1.020712453,1.073727567,0.9004001452,0.9138325624
2018-08-01,1.122773342,1.03987885,0.7025213568,0.3597458895,1.020441244,1.03126351,1.108343716,1.229087595,1.226920939,1.151697325,1.121354227,0.9190464326,1.280359399
2018-08-11,1.158586956,1.031389701,0.6790719877,0.2008131628,0.9399168184,1.035676333,1.1841693,1.268950748,1.292304534,1.172391278,1.146773198,0.9252158938,1.372577282
2018-08-21,1.306194942,1.214594481,0.8993906487,0.8251368538,1.26527369,1.127460328,1.248805359,1.379576347,1.450810436,1.215131364,1.172821774,0.9479214472,1.416246694
2018-09-01,1.379928461,1.270821422,0.9798691994,0.7825568723,1.334576821,1.175024575,1.284106144,1.43300715,1.637307957,1.246266879,1.188110664,0.9668407794,1.463875633
2018-09-11,1.359051064,1.251579436,0.9956499946,0.6155201413,1.27325241,1.194107411,1.311106179,1.447647083,1.621028845,1.282481213,1.195587293,0.9732787579,1.497931386
2018-09-21,1.281984091,1.169870909,0.9018908515,0.314941594,1.122119136,1.170171202,1.302276123,1.460720634,1.525973325,1.250152129,1.180980682,0.9746383195,1.446717511
2018-10-01,1.204656223,1.122370391,0.8276768333,0.09401389315,1.050178309,1.138836428,1.296135862,1.453733902,1.482065946,1.254024079,1.186485203,0.9778673492,1.359817564
2018-10-11,1.109114553,1.135906371,0.974725429,0.5323289975,1.133986081,1.161584053,1.170843048,1.278094669,1.402749713,1.142395306,1.105425492,0.9817686876,1.185641223
2018-10-21,0.9396657237,0.9920270015,0.8899987213,0.4445510502,1.015177597,0.9265660782,1.003366487,1.037546244,1.173248088,0.9782149874,1.006169629,0.9696635202,0.8407268831
2018-11-01,0.6559018236,0.7131410353,0.7203700861,-0.01981881885,0.6771222172,0.7730566563,0.7675621053,0.7032676352,0.7531236876,0.7768836989,0.7990773037,0.9437738307,0.3722153413
2018-11-11,0.1701300999,0.1128351437,0.320454963,-0.4085158284,0.0403045994,0.06878672073,0.149490952,0.03822535398,0.03048540765,0.08131544955,0.2426620505,0.5366395325,-0.154976302
2018-11-21,-0.2243405458,-0.328456322,-0.2345970998,-0.7774179637,-0.3847906065,-0.4067875641,-0.2338033204,-0.2470671226,-0.334200729,-0.3277689343,-0.2102343965,-0.03754475763,-0.3930203761
2018-12-01,-0.4494938659,-0.5771253222,-0.577427464,-0.9778915905,-0.6085280375,-0.6195440901,-0.4505318872,-0.4235729831,-0.5435208737,-0.5268219138,-0.4921406298,-0.3757896889,-0.5562523522
2018-12-11,-0.6419524794,-0.761006236,-0.8600256196,-1.029010054,-0.7613741886,-0.7756676586,-0.6092174967,-0.5647656944,-0.6864725257,-0.6832906482,-0.6718564466,-0.7469642339,-0.6821790773
2018-12-21,-0.8568397745,-0.9362630165,-1.187003597,-1.252744257,-0.9082850416,-0.9162428831,-0.7407680558,-0.6834075201,-0.7965486138,-0.8151248116,-0.8112943663,-1.047057939,-0.7752711271
2019-01-01,-1.005874801,-1.039061252,-1.35375072,-1.358289113,-1.000701089,-1.026727072,-0.8231844552,-0.7610283644,-0.8618275299,-0.9022796861,-0.9049756156,-1.197796049,-0.8248356716
2019-01-11,-1.111126072,-1.110587321,-1.454302507,-1.425780799,-1.061517413,-1.100790736,-0.8935586901,-0.8195909942,-0.9062161442,-0.967038663,-0.9827488602,-1.295210141,-0.8662699955
2019-01-21,-1.190665918,-1.175338838,-1.532114676,-1.475129023,-1.113760898,-1.167960781,-0.9563409539,-0.8757321373,-0.9469116148,-1.026518185,-1.060961574,-1.392217044,-0.9024572581
2019-02-01,-1.232514568,-1.240160952,-1.620141325,-1.522533556,-1.162205159,-1.236096116,-1.019576623,-0.9324249319,-0.9826615175,-1.087775666,-1.139484059,-1.494920831,-0.9422372156
2019-02-11,-1.299953937,-1.283167713,-1.677983314,-1.559472074,-1.194325049,-1.273848177,-1.061607725,-0.9675793684,-1.005380974,-1.124932784,-1.191653919,-1.568893363,-0.9669877356
2019-02-21,-1.356351161,-1.321435518,-1.737116197,-1.588649257,-1.221539948,-1.315888369,-1.098513058,-0.9977189409,-1.022749604,-1.160015271,-1.23620599,-1.636604231,-0.9850243473
2019-03-01,-1.372429275,-1.354256836,-1.793077851,-1.612875976,-1.245378576,-1.354655535,-1.130994915,-1.024231744,-1.037251122,-1.189257128,-1.282216589,-1.679466997,-0.9989276765
2019-03-11,-1.401728087,-1.385828948,-1.847526719,-1.635555561,-1.265049435,-1.387639005,-1.15068345,-1.045318291,-1.0493521,-1.21113017,-1.312401795,-1.763700731,-1.010321429
2019-03-21,-1.382177516,-1.401949483,-1.864509629,-1.653076991,-1.2839858,-1.416340745,-1.174238771,-1.065907675,-1.061486034,-1.236162881,-1.349281034,-1.726184522,-1.020507893
2019-04-01,-1.362052538,-1.416873064,-1.888788574,-1.671183324,-1.300458913,-1.451439945,-1.194786994,-1.081386435,-1.070386386,-1.249998274,-1.378673626,-1.699215877,-1.028636759
2019-04-11,-1.174807072,-1.269253068,-1.513448004,-1.612030138,-1.299792953,-1.338002034,-1.095433452,-1.099113335,-1.081268119,-1.033520657,-1.104929356,-1.231871848,-1.035392047
2019-04-21,-1.181320807,-1.308396346,-1.340448023,-1.39075603,-1.300365545,-1.447144535,-1.191181515,-1.120419306,-1.091235057,-1.182656316,-1.288481985,-1.367360359,-1.048570462
2019-05-01,-0.9724022905,-1.095445898,-1.147591196,-1.430103643,-1.227391364,-1.179801442,-0.9905872693,-1.13022437,-1.081008317,-1.075448703,-0.851708656,-0.6093129394,-1.043112519
2019-05-11,-0.7050252273,-0.713939965,-0.4514113023,-1.084504621,-0.9538388747,-0.6620359781,-0.4825218971,-0.8900765071,-0.9696981073,-0.6434730913,-0.492073603,-0.01248034491,-0.80451289
2019-05-21,-0.3815716764,-0.3091701083,0.01058556981,-0.6734190623,-0.5930908882,-0.2525679619,-0.1276909089,-0.4538502392,-0.678143257,-0.1604557958,-0.03884592258,0.360998136,-0.4644725022
2019-06-01,0.1596129583,0.3097596716,0.4538466116,0.3466449569,0.1410609714,0.2698184963,0.3797844326,0.2932210253,-0.07849990604,0.3599383071,0.4640528169,0.6562274164,0.2170442287
2019-06-11,0.4209806545,0.588362,0.5920465948,0.5080251231,0.4940042608,0.7331294486,0.6466315562,0.7153895988,0.2425557348,0.701932089,0.6180087564,0.745158981,0.6304076844
2019-06-21,0.6941316667,0.8402983023,0.7769259086,0.9885631074,0.8273998327,0.9266884721,0.8391653454,0.9652862039,0.5213929353,0.8700379877,0.8105981055,0.7950500585,0.9431403096
2019-07-01,0.9047986865,0.9840997118,0.8802640625,1.02298516,0.963120947,1.015440425,0.9887071223,1.004749016,0.9444152954,0.9521098866,0.950003331,0.840709795,1.101622661
2019-07-11,1.071218382,1.1026366,0.877291567,0.9610884574,1.069573115,1.061263557,1.153021624,1.217188568,1.275720662,1.120478932,1.044448502,0.8698217621,1.289127328
2019-07-21,1.209805972,1.195289097,0.9049633129,1.204735468,1.159387068,1.081114551,1.204883532,1.276875502,1.490428111,1.194868917,1.082988834,0.8984830252,1.391161516
2019-08-01,1.296365982,1.25689904,0.9354560217,1.208615065,1.264659656,1.120999955,1.235734227,1.305256919,1.623763738,1.228941373,1.133261232,0.9266487723,1.419833923
2019-08-11,1.335987069,1.297443794,1.001923945,1.25165448,1.342627718,1.167295943,1.264696418,1.380873364,1.630668294,1.252497666,1.148595512,0.9366682343,1.429946529
2019-08-21,1.443334227,1.354794296,1.031627002,1.255091057,1.395180463,1.201992051,1.299845157,1.471945354,1.807568322,1.288580663,1.178521839,0.9580829115,1.515404004
2019-09-01,1.463146373,1.402829543,1.065768545,1.521079011,1.4582528,1.228789213,1.327498232,1.502761291,1.812595505,1.310947399,1.184581455,0.9676675119,1.54470671
2019-09-11,1.450970578,1.389374606,1.086918574,1.342787645,1.45616843,1.241145471,1.3385094,1.501575438,1.791369329,1.323031831,1.186817079,0.9734987948,1.546027195
2019-09-21,1.43349709,1.364235408,1.074278425,1.146842072,1.439977452,1.249926865,1.327460082,1.524385416,1.7348302,1.331402305,1.186810571,0.9784179859,1.542992527
2019-10-01,1.479373883,1.429222065,1.110789877,1.41571161,1.531886965,1.262421868,1.350694642,1.528650781,1.852702406,1.334403767,1.200470809,0.9828405687,1.5726694
2019-10-11,1.488176796,1.446112084,1.125502834,1.595177189,1.572562931,1.267609253,1.34381329,1.508897379,1.800884274,1.32669574,1.206848834,0.9867239013,1.5394521
2019-10-21,1.444741098,1.407136574,1.132571026,1.474328803,1.570176417,1.267601707,1.31718822,1.457639697,1.645994907,1.299437136,1.201917172,0.989799365,1.435916798
2019-11-01,1.082421305,1.159546545,1.132680032,1.271158406,1.429416848,1.197183645,0.9329772192,0.9640618072,1.091750623,0.9362791368,0.9945962325,0.9890596989,0.7120823287
2019-11-11,0.7391875511,0.8307997749,1.078221388,1.039490249,1.208049855,0.8611625279,0.4711655786,0.4789998001,0.6225933807,0.4454043647,0.5673307161,0.9117624563,0.1763721814
2019-11-21,0.4963459631,0.5979245576,1.074962531,1.572782515,1.052679298,0.5484143815,0.03135384686,0.02570617199,0.1881517679,0.01181601145,0.1316782732,0.8164651904,-0.1414474374
2019-12-01,0.2216603135,0.3149376312,1.007929079,1.394654374,0.7898214473,0.1372484625,-0.2537659144,-0.2485098652,-0.1801727827,-0.3055938837,-0.1550925,0.552559432,-0.3515317089
2019-12-11,-0.01079715298,0.06524558473,0.8675519318,1.317642384,0.5150030119,-0.2244022389,-0.4381325416,-0.4187135907,-0.4000455592,-0.5063497418,-0.421251033,0.1558458844,-0.5036752453
2019-12-21,-0.3496063801,-0.3082895373,0.2976389539,0.5964904109,0.03689292544,-0.5570917532,-0.5890870031,-0.5622565135,-0.5729444024,-0.6644463836,-0.6262911961,-0.4513041901,-0.6379378861
2020-01-01,-0.6368557732,-0.5972791864,-0.3596019753,-0.09173637733,-0.3343858546,-0.7180933171,-0.7142383568,-0.6714728728,-0.6949976342,-0.7839964515,-0.7584637355,-0.8052164101,-0.7323031482
2020-01-11,-0.8357792154,-0.7777298061,-0.6890305715,-0.4486946776,-0.5557548031,-0.8585124259,-0.8286231788,-0.7687261033,-0.7851399895,-0.8964267657,-0.8858957384,-0.9831967213,-0.8103552568
2020-01-21,-1.010538587,-0.9322816222,-0.8985653777,-0.6750678848,-0.7367421253,-1.000861897,-0.9442268402,-0.8620479,-0.8600449377,-1.008350109,-1.030232449,-1.169186959,-0.8811824747
2020-02-01,-1.12256986,-1.036477487,-1.075387691,-0.7967443223,-0.851649191,-1.110465577,-1.015789357,-0.918911463,-0.9019001852,-1.081415529,-1.125655453,-1.324498647,-0.9213529966
2020-02-11,-1.218083972,-1.126183298,-1.217275807,-0.9682902694,-0.9408887579,-1.196755526,-1.075444706,-0.9689506243,-0.9353086853,-1.142345359,-1.203440568,-1.448071741,-0.9553705609
2020-02-21,-1.282696215,-1.178975241,-1.312993141,-1.064843255,-0.9925082332,-1.240576586,-1.106903159,-0.993322737,-0.9534942548,-1.170596266,-1.250215673,-1.533577176,-0.9716375256
2020-03-01,-1.285326846,-1.207689772,-1.374524127,-1.046254093,-1.019659221,-1.251283689,-1.132732188,-1.012718563,-0.9631197477,-1.194858226,-1.289879372,-1.604911012,-0.9845576725
2020-03-11,-1.189300005,-1.128655301,-1.188239581,-0.6257418296,-0.9049656276,-1.075900437,-1.157189632,-1.020815117,-0.9514225767,-1.222739601,-1.334293339,-1.564827417,-0.9951255355
2020-03-21,-1.147113854,-1.146615661,-1.164776023,-0.6235042825,-0.9657627131,-1.206711233,-1.18508753,-1.048025845,-0.9837057501,-1.245357156,-1.365917049,-1.416748245,-1.005203456
2020-04-01,-1.086150863,-1.174186043,-1.403937645,-0.9794110977,-1.038387478,-1.141361711,-1.218131279,-1.064860552,-1.001657778,-1.230905539,-1.377742733,-1.1046755,-1.016049174
2020-04-11,-0.9311336357,-0.9922240486,-0.7188864182,-0.7802243922,-1.078339312,-0.6166539249,-1.252551377,-1.050930624,-1.019139492,-1.062687041,-1.277607897,-0.4743472713,-1.028398296
2020-04-21,-0.9693622221,-1.064021409,-0.7749692947,-0.8082702557,-1.077840596,-0.865702414,-1.283946053,-1.094515571,-1.034259458,-1.193929605,-1.352325769,-0.6688542458,-1.039147597
2020-05-01,-0.7207855057,-0.7821219865,-0.4077908937,-0.5203286892,-0.823264496,-0.5331673026,-1.098309122,-1.035252056,-0.8785907001,-1.026690601,-0.9291729982,-0.2429400978,-1.036255143
2020-05-11,-0.3837957226,-0.2959406745,0.2628193782,-0.1928856845,-0.2985993802,0.02326561815,-0.6878083575,-0.6586787942,-0.5529699137,-0.3938311001,-0.4845478463,0.3391337365,-0.9243798136
2020-05-21,-0.1971534048,-0.06120078701,0.4949688617,0.1339984529,0.07975944008,0.2164123035,-0.5536507916,-0.4058536233,-0.1849788758,-0.3204100942,-0.4249977244,0.4400414845,-0.8082357
2020-06-01,-0.1045826542,0.0520751714,0.3980514175,0.07037500616,0.1073109768,0.3209468003,-0.2492152441,-0.1492557452,-0.3403868243,0.06407898831,-0.01564798087,0.4957751013,-0.6821733646
2020-06-11,0.3755590275,0.5548031525,0.7434229235,0.420156116,0.7024234397,0.7577997864,0.1824299608,0.5155666126,0.3540357797,0.5342104486,0.4550252851,0.6938706773,-0.0608859226
2020-06-21,0.6147661799,0.7705491163,0.872125773,0.8670450167,0.8765502808,0.9753195418,0.4984696275,0.8152647621,0.4290033971,0.7559738625,0.7052363401,0.7732552512,0.338962938
2020-07-01,0.770518572,0.8801154564,0.9342518395,0.9032340162,0.9079193947,1.060071713,0.7787196883,0.8602993105,0.5743687269,0.9141888203,0.9020919203,0.8379020941,0.5931127005
2020-07-11,1.064567572,1.119394476,1.005474615,1.162986095,1.241740694,1.103765645,1.065981897,1.088401465,1.09671346,1.037767509,1.033680939,0.8945277454,0.9302319067
2020-07-21,1.214232633,1.230728583,1.045060034,1.385097606,1.377732123,1.152761317,1.179747783,1.242690016,1.190060003,1.177441889,1.105290223,0.9297852892,1.181103998
2020-08-01,1.311683099,1.284709819,1.079260759,1.365871846,1.42954376,1.193853332,1.222830291,1.337828126,1.342094616,1.193152782,1.131705694,0.949048034,1.383310682
2020-08-11,1.403146832,1.359404488,1.087709357,1.681522811,1.474708798,1.221156857,1.237987649,1.410369542,1.501246718,1.251853605,1.15842775,0.962819597,1.43400252
2020-08-21,1.459256713,1.396770413,1.107739273,1.510030402,1.512980012,1.241737718,1.301028625,1.448748562,1.707154856,1.28599327,1.187737527,0.9767247754,1.46064362
2020-09-01,1.474679982,1.419969933,1.123573491,1.575329797,1.550270869,1.25832782,1.323018482,1.443615387,1.734981741,1.30384281,1.203608655,0.9829233679,1.413705032
2020-09-11,1.433246237,1.393768484,1.134736332,1.441453586,1.549470884,1.269099828,1.319196635,1.422158964,1.618944837,1.304323111,1.208432285,0.9862223474,1.357406799
2020-09-21,1.449397223,1.417356505,1.138618351,1.633054644,1.573718738,1.272615541,1.326449616,1.491235085,1.588014118,1.320302848,1.202772512,0.9872653969,1.373468019
2020-10-01,1.436641515,1.413220292,1.144623665,1.61484143,1.588221135,1.276879149,1.322773162,1.485120323,1.52193827,1.315973922,1.212161288,0.9886054402,1.43563069
2020-10-11,1.363213425,1.383951893,1.149135221,1.661004392,1.573054555,1.264500767,1.234801429,1.419416732,1.447931027,1.225813505,1.178287818,0.98960963,1.456660365
2020-10-21,1.1472804,1.280154335,1.144669068,1.434705385,1.513628119,1.239294815,1.047324659,1.266095325,1.242275918,1.06610983,1.123077701,0.9902839502,1.242975945
2020-11-01,0.8530079195,1.039868677,1.090309881,1.137613995,1.354811244,1.089614459,0.5703626031,0.9012943538,0.951225093,0.8330795946,0.7929249521,0.9796045052,0.6509215906
2020-11-11,0.4194361511,0.5425361796,0.9699006715,0.9873265897,0.9135372254,0.4619327711,0.001721697599,0.179446624,0.2114974089,0.173325709,0.2361395574,0.7675923134,0.01058566556
2020-11-21,0.045487564,0.1132853232,0.7619313496,0.7586138953,0.4208039859,-0.1034651755,-0.3030811958,-0.1558655564,-0.2151693833,-0.2414481572,-0.211826435,0.2494213286,-0.282226535
2020-12-01,-0.2243917896,-0.1739380197,0.3954925047,0.6028235711,0.05603423071,-0.338682728,-0.4615065157,-0.3423702537,-0.4372010578,-0.4242119044,-0.4100117026,-0.3006914198,-0.4727968757
2020-12-11,-0.4794854125,-0.462097897,-0.274206844,-0.08883500925,-0.3049856897,-0.4873902895,-0.5800389838,-0.4866213909,-0.5869677214,-0.5599207912,-0.5252610963,-0.6217279395,-0.6045086447
2020-12-21,-0.6618215911,-0.6372949163,-0.5894713014,-0.4591152114,-0.5312579511,-0.605971071,-0.6767361035,-0.5892710588,-0.6940715095,-0.6570664807,-0.6331863717,-0.7755986927,-0.6886612644
2021-01-01,-0.7717758847,-0.7672236447,-0.7827148608,-0.7073096421,-0.6882553834,-0.7219385537,-0.7638367019,-0.6721840903,-0.7679454891,-0.7396973892,-0.7352930015,-0.8940791059,-0.750786385
2021-01-11,-0.9159627142,-0.8694131927,-0.9303582968,-0.8506429055,-0.7926709047,-0.8126290959,-0.8551454101,-0.7529062817,-0.8286332611,-0.8280165762,-0.836109714,-0.9965077416,-0.816244786
2021-01-21,-1.027739999,-0.9585862647,-1.049290175,-0.9677731908,-0.8783334189,-0.8974930586,-0.9281144024,-0.8245358024,-0.8789981504,-0.9049003558,-0.9242922605,-1.110519859,-0.8697523302
2021-02-01,-1.110532039,-1.032634353,-1.144995156,-1.057677503,-0.9424109837,-0.9677374261,-0.9884469676,-0.8763801481,-0.9146867259,-0.9641864176,-1.009064421,-1.22577632,-0.9089103782
2021-02-11,-1.175959831,-1.092546797,-1.229269895,-1.115996761,-0.9890880137,-1.031310837,-1.042432185,-0.9207165477,-0.9425446521,-1.018390096,-1.082233373,-1.318303273,-0.9429922895
2021-02-21,-1.245406986,-1.152562564,-1.335396036,-1.195762998,-1.03405128,-1.091545931,-1.085225753,-0.9575551517,-0.9647589115,-1.062829088,-1.142056839,-1.430451451,-0.9694783638
2021-03-01,-1.312545973,-1.193833288,-1.41050625,-1.252157589,-1.06834882,-1.135070369,-1.110197955,-0.9827347794,-0.981301013,-1.092135992,-1.179160873,-1.505189922,-0.9847994013
2021-03-11,-1.264129037,-1.228468918,-1.486548568,-1.302587367,-1.082927933,-1.188861955,-1.12977485,-1.004143388,-0.9893222058,-1.122817118,-1.220687273,-1.56423524,-0.9948961694
2021-03-21,-1.161028577,-1.207181455,-1.434882404,-1.338323231,-1.113269194,-1.185212889,-1.150216311,-1.021485669,-0.9819169021,-1.131462265,-1.239393799,-1.274258571,-1.004096883
2021-04-01,-1.225973968,-1.282220143,-1.48576674,-1.316878754,-1.15646162,-1.286723908,-1.18807197,-1.04666478,-1.01053284,-1.181464944,-1.337716553,-1.557343524,-1.014713405
2021-04-11,-1.196301035,-1.257158878,-1.332859514,-1.249275752,-1.183115328,-1.188949153,-1.220868895,-1.066746686,-1.026869983,-1.210279336,-1.397669667,-1.333335736,-1.025898768
2021-04-21,-1.041465559,-1.112314833,-0.9275959316,-1.030006945,-1.128240627,-0.9427583157,-1.216605026,-1.068453601,-1.035030762,-1.152438466,-1.245021857,-0.921167109,-1.039302226
2021-05-01,-0.6244305639,-0.5973541718,-0.2431671691,-0.2478376159,-0.740559277,-0.2469450595,-0.9338992263,-0.7194455542,-0.6070443699,-0.6766054375,-0.8373457075,-0.1492257942,-0.9323512191
2021-05-11,-0.1040000532,-0.03874115011,0.2458413633,0.3419040132,-0.2341596382,0.2234465493,-0.1006978422,-0.1776408675,-0.1455282881,-0.1083851156,-0.1948825031,0.2753225304,-0.3214622164
2021-05-21,-0.181690386,-0.07991240261,0.4295296011,-0.04205565705,-0.2192337629,0.2990868822,-0.1769529903,-0.2611205474,-0.26897723,-0.1858420205,-0.2420556459,0.3854966491,-0.5074899028
2021-06-01,-0.0428160943,0.02815035841,0.313944689,-0.4842670692,-0.4474665493,0.5851209562,0.3385018753,-0.02027415532,-0.3620329249,0.2831175061,0.2733745865,0.6565903023,-0.1529807614
2021-06-11,0.1763667772,0.1856354915,0.2759569518,-0.5643067199,-0.3598054258,0.4931874343,0.647020381,0.1899013271,-0.100546714,0.5506873856,0.6696267534,0.7014015869,0.1888959826
2021-06-21,0.4190133237,0.3654018602,0.2996473587,-0.6485649195,-0.2582528825,0.5724660563,0.9415015513,0.4720574408,0.2817586056,0.896008698,0.9262244509,0.7530750219,0.513639551
2021-07-01,0.7160626487,0.6766910246,0.6135241455,-0.2321961682,0.2240403151,0.8783574661,1.073354449,0.6785310874,0.8361533444,1.043175409,1.051247788,0.8287779254,0.7179119781
2021-07-11,0.9391584644,0.9107456027,0.7581631467,0.2866235103,0.6652308899,1.006731256,1.151350823,0.9008386849,1.096943769,1.153166846,1.108892478,0.87281018,0.9822500122
2021-07-21,1.084253123,1.022705875,0.7942037078,0.3902570648,0.8528616585,1.064648032,1.225433014,1.158010655,1.225560432,1.217132806,1.149786229,0.9008691305,1.255541067
2021-08-01,1.09022215,0.9937449735,0.7601907885,0.03548336396,0.8158260466,1.084243656,1.251122084,1.084826319,1.290026182,1.204457333,1.167531147,0.9192313168,1.2995005
2021-08-11,1.262003976,1.142739559,0.8305832146,0.405162089,1.033029178,1.135059442,1.294428123,1.309424028,1.591535746,1.225656521,1.183137267,0.9393972575,1.40418807
2021-08-21,1.287734036,1.16141744,0.9036851093,0.3922495981,1.005829254,1.167500845,1.325817299,1.351698641,1.639483005,1.262682439,1.202167914,0.9589506987,1.416438066
2021-09-01,1.361759971,1.26004407,0.9933530295,0.7725376773,1.193671651,1.205861829,1.351772231,1.383825098,1.701390539,1.292164147,1.21284177,0.9753305359,1.49575318
2021-09-11,1.331390612,1.256667571,1.045064478,0.8100943799,1.262965506,1.217114167,1.349483145,1.327084598,1.546485395,1.257807889,1.21334832,0.9807401841,1.478476787
2021-09-21,1.364870739,1.30862539,1.065879201,0.9862625164,1.354402902,1.24160076,1.353336967,1.424811878,1.581870712,1.312709512,1.212325453,0.9851522181,1.458258553
2021-10-01,1.270559637,1.314670794,1.048919154,1.102124912,1.400762842,1.25185877,1.263289879,1.415266085,1.608237803,1.294564906,1.166607647,0.9869279701,1.331215183
2021-10-11,1.210893975,1.245641911,1.028326324,0.727784987,1.336389148,1.254330247,1.226228733,1.381034029,1.468568061,1.268468742,1.161253044,0.9880271648,1.402619458
2021-10-21,1.002995984,1.074738967,0.9668708042,0.3016615513,1.053492272,1.218000295,1.187355499,1.246596049,1.074981754,1.220392684,1.134469607,0.9890476981,1.359685012
2021-11-01,0.7366103133,0.8421782858,0.9146498547,0.09949654367,0.7153907914,0.9855890657,0.9449854419,0.9574199809,0.7721886196,0.886160922,0.9774491976,0.9801976704,1.076066636
2021-11-11,0.3458223999,0.3703771955,0.5590170556,-0.37795455,0.2396976485,0.4641163383,0.395117796,0.2998270206,0.1648765935,0.2963120533,0.6263450215,0.8707123111,0.3693491945
2021-11-21,-0.0001395073802,-0.02770384115,0.2862843738,-0.4773033578,-0.1894813969,-0.009106642999,-0.03487864073,-0.1457875434,-0.2621121785,-0.132827178,0.1833123874,0.5621224421,-0.09048486788
2021-12-01,-0.2413079622,-0.290150284,0.02643714131,-0.8089457419,-0.4750074703,-0.2522445054,-0.3228395098,-0.3606936185,-0.4703009113,-0.3970889011,-0.1395405558,0.4565862328,-0.3319593146
2021-12-11,-0.5442662331,-0.6106891737,-0.5959860573,-1.063659657,-0.7040526794,-0.5819029552,-0.4942358201,-0.5171518984,-0.6336280898,-0.5766065372,-0.4357882896,-0.3201166293,-0.5072315476
2021-12-21,-0.7516388519,-0.8044346964,-0.9327647529,-1.200811348,-0.8439741964,-0.750656316,-0.6316042093,-0.6426328172,-0.7432293907,-0.7072658156,-0.6187589701,-0.7694452476,-0.6351170333
2022-01-01,-0.8880589347,-0.9366780796,-1.140467933,-1.312973143,-0.953434553,-0.8715748096,-0.7561685903,-0.7430939455,-0.8248570924,-0.8187604128,-0.7605853811,-0.9724912281,-0.739448153
2022-01-11,-0.9266897853,-0.9868082342,-1.032561717,-1.274469963,-1.019020443,-0.971041109,-0.8454710408,-0.8143340092,-0.8803954288,-0.9025201467,-0.8730262813,-0.9592596541,-0.8023542625
2022-01-21,-1.07734846,-1.104615893,-1.211349289,-1.342832995,-1.088615324,-1.091548971,-0.9533615424,-0.8989494682,-0.9352574839,-1.005447142,-1.013329995,-1.220385109,-0.8746335574
2022-02-01,-1.228535594,-1.208282102,-1.43430924,-1.437382149,-1.153029675,-1.18182542,-1.043760652,-0.96717237,-0.9786148785,-1.086832822,-1.128827815,-1.419663531,-0.9314206317
2022-02-11,-1.311851631,-1.265037585,-1.531785123,-1.485889529,-1.186715946,-1.236514345,-1.090150096,-1.002210427,-1.002833721,-1.130507179,-1.194961608,-1.544443081,-0.961107906
2022-02-21,-1.378195292,-1.315951278,-1.623510697,-1.52389934,-1.214005747,-1.294910324,-1.130051682,-1.028926018,-1.021157431,-1.171686561,-1.259429892,-1.658511764,-0.9807349911
2022-03-01,-1.386961817,-1.339709512,-1.682756456,-1.555998912,-1.235918642,-1.297430409,-1.144490061,-1.05275522,-1.034594983,-1.20189783,-1.304497762,-1.650773887,-0.9959448732
2022-03-11,-1.320322281,-1.360291297,-1.73151976,-1.573802997,-1.258004374,-1.356722965,-1.178647098,-1.075144082,-1.046111549,-1.229971254,-1.342894659,-1.598738377,-1.00977885
2022-03-21,-1.388523241,-1.412149873,-1.80784467,-1.607044755,-1.280969289,-1.40914731,-1.203143559,-1.094952636,-1.058550347,-1.256070646,-1.391156029,-1.797369491,-1.021417922
2022-04-01,-1.344431589,-1.417457294,-1.754762887,-1.579052714,-1.28922257,-1.434161047,-1.227746114,-1.114022912,-1.067841706,-1.267260413,-1.409899101,-1.796410754,-1.031989548
2022-04-11,-1.179398482,-1.260661758,-1.26703271,-1.345605854,-1.206074557,-1.22057017,-1.22737775,-1.120890012,-1.07507675,-1.224335685,-1.277743966,-1.328777311,-1.042507645
2022-04-21,-0.9547753737,-0.9925410031,-0.5640607223,-0.7858800646,-1.040479029,-0.9095312563,-1.156498958,-1.117086184,-1.058660316,-1.06514862,-1.010551007,-0.7685000954,-1.05511757
2022-05-01,-0.7449104303,-0.8296661119,-0.5909002751,-0.8258065167,-0.9645467454,-0.8453507647,-0.7311616937,-1.108700978,-0.9592565924,-0.8703484369,-0.5141819387,-0.583641631,-1.000578474
2022-05-11,-0.6323007511,-0.7016790314,-0.5450914993,-1.162582711,-0.925692524,-0.625774064,-0.4405589897,-1.071227523,-0.8665600912,-0.7014334791,-0.2492009667,-0.1562404028,-0.9989163858
2022-05-21,-0.46329454,-0.455940285,-0.09368533628,-0.5862492901,-0.7073315413,-0.3294461453,-0.4311429411,-0.842596781,-0.7487866087,-0.3387709478,-0.1537942257,0.1182836747,-0.8996810146
2022-06-01,-0.2493186079,-0.2897864568,-0.1771391455,-0.4404992426,-0.6291866012,-0.3430116586,0.1307431601,-0.8194585565,-0.6935043609,-0.2444293108,0.368017316,0.1996588494,-0.4997268317
2022-06-11,0.06353518446,-0.022808874,0.001344052279,-0.5173348946,-0.4456212221,-0.1244706896,0.448354866,-0.6016871232,-0.03060513841,-0.05655470764,0.6696464127,0.4390236272,-0.1658715168
2022-06-21,0.3605754768,0.3100329289,0.324428758,-0.2013340992,-0.05745449246,0.3183547428,0.6396465546,-0.2011416155,0.5159583712,0.2202054861,0.8259190965,0.6210910914,-0.01852278232
2022-07-01,0.5826729198,0.5057187708,0.2378201055,-0.3148767935,0.2270275157,0.6002686612,0.9206866509,0.1258782548,0.7542838961,0.615769796,0.9715966841,0.6694145001,0.3955345242
2022-07-11,0.7509127498,0.6549282265,0.4194972051,-0.2271539382,0.4116888811,0.7033674937,1.110534869,0.4047864441,0.8645330341,0.8478919706,1.060015233,0.7272170335,0.6387575229
2022-07-21,0.9606185023,0.8439147369,0.5667251342,0.00262685561,0.635348426,0.8343124394,1.180549946,0.806274456,1.139892705,1.049456112,1.123143886,0.7907517084,1.01228276
2022-08-01,1.194903498,1.076261132,0.7697065096,0.4068672693,1.01612704,0.9811799283,1.200645224,1.174588571,1.508760071,1.134491747,1.161764768,0.850897206,1.189660595
2022-08-11,1.26384382,1.123829098,0.8074964609,0.3829944042,1.043478757,1.023176534,1.274262447,1.26696199,1.583478466,1.206484654,1.191698028,0.8948280243,1.395474879
2022-08-21,1.312060946,1.177105831,0.846766123,0.4461007016,1.114128601,1.062950837,1.306078945,1.273712199,1.731637217,1.23347447,1.204278658,0.921973226,1.401092239
2022-09-01,1.388024927,1.262441463,0.9383193235,0.7595830521,1.255131407,1.140092994,1.320328427,1.325989009,1.793369153,1.257272948,1.211699218,0.9483399517,1.412347939
2022-09-11,1.391002932,1.276361002,0.9846530985,0.7407652865,1.310392646,1.170470212,1.331801132,1.379307047,1.716901182,1.271459301,1.213981859,0.964949444,1.452449163
2022-09-21,1.362266784,1.260835585,0.9601693391,0.5269336879,1.298341836,1.195850259,1.330293938,1.363563293,1.761732937,1.267862369,1.214202045,0.9698043809,1.44957713
2022-10-01,1.323659198,1.245711523,0.9627864582,0.5278738002,1.294512285,1.20199898,1.26866843,1.347963444,1.702403019,1.220987791,1.212962564,0.9706812163,1.45789391
2022-10-11,1.232054254,1.209619567,0.9966917073,0.506521857,1.26328065,1.198932637,1.123446376,1.305410939,1.650303352,1.192082058,1.16159407,0.9747990686,1.336644918
2022-10-21,1.066079077,1.152789407,1.009621094,0.5389148796,1.237812814,1.189631396,1.024718613,1.253890622,1.481298645,1.142357037,1.044427331,0.97636803,1.195769277
2022-11-01,0.6696806018,0.7928198196,0.9941712905,0.5786846545,0.8919856614,0.9649503421,0.4993897965,0.5782844399,0.8036635622,0.5593837175,0.6849493255,0.9555664581,0.3939138488
2022-11-11,0.3276191265,0.4105292094,0.8122281029,0.7407979106,0.4936062413,0.5211756756,0.06141721289,0.04677225263,0.212967639,0.06972134593,0.2586517269,0.7166406055,-0.0778863025
2022-11-21,0.006594023807,0.04449290137,0.6112810456,0.6794304544,0.1213283728,-0.003806832258,-0.2787632811,-0.2845410599,-0.1693607745,-0.3313501598,-0.178354027,0.3194506293,-0.3421632494
2022-12-01,-0.2227890448,-0.2103852214,0.3837065194,0.2648918658,-0.09234704826,-0.3821328872,-0.4762578481,-0.4706006538,-0.3955696693,-0.5389858209,-0.439245358,0.09825779676,-0.5158483327
2022-12-11,-0.4726090834,-0.4955144652,-0.06176798731,-0.04478424142,-0.4380888055,-0.6478869331,-0.6144915582,-0.6151366251,-0.5682051379,-0.6875712835,-0.6099566377,-0.4483300455,-0.6508427508
2022-12-21,-0.7236238125,-0.7540480966,-0.6306201312,-0.5525011139,-0.7195421415,-0.8011178534,-0.736042428,-0.7271578224,-0.6947708359,-0.8077627028,-0.7444193182,-0.881190688,-0.7539387361
2023-01-01,-0.9250598414,-0.9268362041,-0.9918648341,-0.9017138464,-0.8754175769,-0.9276058127,-0.8444474601,-0.817846093,-0.7893145325,-0.9105968047,-0.8682906258,-1.123920716,-0.8318329312
2023-01-11,-1.056941638,-1.028801492,-1.156851303,-1.071970994,-0.9794180773,-1.015370452,-0.9161127339,-0.8754815506,-0.846443122,-0.977753704,-0.9615652213,-1.251508793,-0.8774833849
2023-01-21,-1.145971078,-1.104870616,-1.280995923,-1.180231122,-1.047805021,-1.085783195,-0.9681377988,-0.9212454,-0.8885800399,-1.029254716,-1.034439546,-1.369165373,-0.9101243616
2023-02-01,-1.21886415,-1.172852752,-1.394518467,-1.272411518,-1.104884039,-1.156643846,-1.017642201,-0.9678554689,-0.9240354039,-1.079678662,-1.098810556,-1.474179415,-0.9430142902
2023-02-11,-1.30618261,-1.227738478,-1.481511607,-1.339924489,-1.14712061,-1.216047559,-1.0659119,-1.006068096,-0.9515127789,-1.12365398,-1.160147583,-1.55452251,-0.9707885127
2023-02-21,-1.348981407,-1.274396691,-1.552628472,-1.387871652,-1.179588036,-1.265036053,-1.108755133,-1.036780467,-0.9728143245,-1.162221908,-1.219585351,-1.631200362,-0.9930503027
2023-03-01,-1.292367096,-1.296363439,-1.596908139,-1.429494648,-1.201197802,-1.289625226,-1.125401166,-1.052251069,-0.9853932186,-1.181522943,-1.252188774,-1.625275286,-1.002937157
2023-03-11,-1.187433631,-1.228930332,-1.376143591,-0.9684067898,-1.200653346,-1.275472127,-1.156657524,-1.068602948,-1.001455168,-1.201769635,-1.296298175,-1.384470516,-1.014247801
2023-03-21,-1.040890495,-1.086953728,-1.294351471,-0.2614234065,-1.153020554,-1.213449429,-1.161753209,-1.085807004,-1.01833861,-1.094049631,-1.178182285,-1.004192018,-1.030174543
2023-04-01,-1.088596167,-1.167987116,-1.306049694,-0.3491759577,-1.173180985,-1.334994095,-1.227732709,-1.122260501,-1.035112363,-1.227142102,-1.345608617,-1.160229262,-1.046254204
2023-04-11,-0.9530903426,-1.061554689,-1.293231765,-0.8866546923,-1.167488621,-1.068655424,-1.194212103,-1.141270803,-1.046669766,-0.9097596947,-0.9838048779,-0.6541557508,-1.058386835
2023-04-21,-0.8286816529,-0.8936645473,-0.8032842076,-0.2964566507,-0.9692847575,-0.906376137,-1.164817617,-1.077271891,-0.9927019678,-0.8482482059,-1.038022232,-0.4291580432,-1.057609551
2023-05-01,-0.5743083402,-0.5866122394,-0.1790682274,0.20231779,-0.5520683767,-0.5962554091,-1.027034757,-0.9594541314,-0.8541113768,-0.6308258075,-0.8765627399,-0.04570560192,-1.040023124
2023-05-11,-0.5458946242,-0.6042309746,-0.2165476086,-0.3985326761,-0.9176545361,-0.3848882063,-0.8477316741,-1.033505836,-0.9291489245,-0.5779482235,-0.4978654646,0.3259801405,-1.059158224
2023-05-21,-0.5223755992,-0.5926329785,-0.08900390535,-0.6217065266,-1.026456984,-0.2146297961,-0.8357585531,-1.069851502,-0.9325513793,-0.4874878653,-0.3984694528,0.45721112,-1.060254495
2023-06-01,-0.2693113127,-0.2990017494,-0.003162637099,-0.8288545019,-0.750354574,0.1303603925,-0.3446771052,-0.5070378914,-0.6630735215,-0.02471450099,0.04794945842,0.5881755051,-0.5952418395
2023-06-11,0.2277987346,0.1698707361,0.4083041835,-0.3309016864,-0.1889133917,0.4396495243,0.1368500054,-0.01779426146,-0.1420943962,0.3898271895,0.556372378,0.721877635,0.09069396309
2023-06-21,0.52357083,0.5312705004,0.655432529,0.456610308,0.3176803541,0.7827153823,0.4164394985,0.4248844323,0.1487656525,0.6932004549,0.7576138569,0.8066309734,0.3444528358
2023-07-01,0.6664662024,0.6492577198,0.7307012683,0.3308497396,0.4512791573,0.9023973191,0.7342117271,0.4790868953,0.3308173582,0.8176660612,0.9375898819,0.8518097813,0.4182651294
2023-07-11,0.7449130419,0.661794545,0.6532113507,0.2985165484,0.3305597013,0.8525142409,0.8500779335,0.4722792672,0.565977748,0.8346731121,1.007325077,0.8606727734,0.4630340999
2023-07-21,0.7563063905,0.6638697196,0.6669808312,0.3496615102,0.3925950813,0.8828901161,0.8620482094,0.5382207002,0.3504419929,0.8627489542,1.000318007,0.8762783042,0.5097463046
2023-08-01,0.9174659269,0.845203238,0.822128693,0.5338280902,0.6750652022,0.9892974987,1.088441166,0.7347141992,0.5665109058,1.042019561,1.090753638,0.9065429852,0.8134312933
2023-08-11,1.00953605,0.9298335552,0.8374847324,0.2646507707,0.764067962,0.9985025899,1.148252898,1.017872586,0.9145957106,1.138215913,1.132779662,0.9260131257,1.074062573
2023-08-21,1.099212478,0.9489994385,0.769225645,-0.0634034774,0.7196503283,1.011610128,1.191830084,1.19925898,1.202184507,1.160977661,1.166679171,0.9117354181,1.236073815
2023-09-01,1.11274573,1.001743694,0.8338411102,0.1481339395,0.8541247109,1.055268404,1.270875203,1.272885792,1.022864626,1.22489303,1.187729866,0.9237014423,1.403013801
2023-09-11,1.200665048,1.135330303,0.9395485639,0.707367654,1.117164416,1.131548004,1.256309951,1.325776356,1.131347158,1.241547508,1.197872726,0.9484592298,1.260778111
2023-09-21,1.273190879,1.224253542,0.9957124352,0.9918576151,1.267639864,1.165457161,1.300138999,1.365090215,1.252760592,1.279990355,1.207450272,0.9534484947,1.372898555
2023-10-01,1.196162201,1.153160351,0.9569617114,0.7450019684,1.165380911,1.144492745,1.247714338,1.36315249,1.090934317,1.27608812,1.210335418,0.9449706806,1.339096891
2023-10-11,1.148839026,1.181424028,1.007422011,1.194224087,1.192082868,1.165506695,1.221588971,1.315613232,0.9763381563,1.248793857,1.203027698,0.9603894064,1.366169659
2023-10-21,1.127239871,1.205898738,1.014359367,1.327648651,1.219040181,1.151724133,1.187341549,1.31097218,1.075707806,1.253517224,1.184974431,0.9683380116,1.339171538
2023-11-01,1.131032606,1.18885898,1.04971134,1.456192133,1.181852712,1.141917247,1.209012136,1.30026684,0.9287527491,1.242458204,1.165333193,0.9716831112,1.321451288
2023-11-11,0.8921386557,0.9711615242,1.002750434,1.172461159,1.000857203,0.8878608972,0.9988235892,0.9256297062,0.5173490894,0.9433476851,1.075853739,0.9580219237,0.809030221
2023-11-21,0.5990736004,0.6833101714,0.9728006986,1.131662584,0.8421440728,0.5718140906,0.5333741109,0.2732168517,-0.02788925472,0.4509418102,0.8507638389,0.9003739991,0.1326707655
2023-12-01,0.3047766155,0.3496797692,0.8539203414,0.6214123193,0.5226185135,0.2030703675,0.09126308144,-0.1753844058,-0.3698466833,-0.006887004589,0.5716980765,0.8014911669,-0.2241022261
2023-12-11,-0.1121088377,-0.1480130118,0.2595806352,0.000256554085,-0.1072671098,-0.3557364634,-0.2781347865,-0.4076293044,-0.6014503594,-0.3778431439,0.05388781315,0.2510473758,-0.4441404597
2023-12-21,-0.4475303919,-0.502469185,-0.3925332081,-0.4195371709,-0.4465543881,-0.6288613231,-0.5007381583,-0.5719463577,-0.7462004506,-0.5822998118,-0.3329485187,-0.3667120633,-0.6109194502
2024-01-01,-0.7058325939,-0.7303603017,-0.7676256413,-0.6426764854,-0.6690646298,-0.8012041852,-0.6704223217,-0.7142333391,-0.85252687,-0.7457332909,-0.5585738783,-0.7746422432,-0.7426227145
2024-01-11,-0.8871130636,-0.8776845601,-0.9720244325,-0.9040835915,-0.8266580617,-0.919916872,-0.7960817125,-0.8130878296,-0.9181555957,-0.863871061,-0.6935418927,-0.9387944245,-0.8322598052
2024-01-21,-1.030897951,-1.000940307,-1.139903646,-1.050381281,-0.9468602358,-1.030611907,-0.911440999,-0.8983072036,-0.971314806,-0.9679922293,-0.8382450098,-1.096942839,-0.9035002042
2024-02-01,-1.164336685,-1.11754119,-1.292852095,-1.16240244,-1.048730245,-1.150988926,-1.019193598,-0.9770349416,-1.015948625,-1.071185257,-0.9915818728,-1.267334328,-0.9615438922
2024-02-11,-1.235805394,-1.18670932,-1.403406651,-1.227888802,-1.118721305,-1.218885881,-1.078245217,-1.02170681,-1.042095457,-1.127450446,-1.076066335,-1.358222364,-0.9930966903
2024-02-21,-1.294012027,-1.248021666,-1.495371412,-1.293538051,-1.164178312,-1.281622912,-1.125690715,-1.05656831,-1.059727051,-1.173001876,-1.147836469,-1.485880272,-1.016967506
2024-03-01,-1.300323274,-1.283736053,-1.581275898,-1.273947101,-1.199630643,-1.328941811,-1.153406492,-1.079356813,-1.073049495,-1.202787361,-1.19391622,-1.548474077,-1.031840358
2024-03-11,-1.294868109,-1.327800173,-1.662691682,-1.360551833,-1.235908059,-1.383635388,-1.184623322,-1.104543412,-1.084847555,-1.239359251,-1.252385771,-1.580282384,-1.043635765
2024-03-21,-1.316752866,-1.370200926,-1.687812225,-1.411404934,-1.267283408,-1.44133923,-1.22008701,-1.129149582,-1.096921484,-1.275308304,-1.314265565,-1.65752251,-1.056862178
2024-04-01,-1.173231514,-1.198124603,-0.9155561855,-1.066990874,-1.163394546,-1.193023385,-1.256300568,-1.150120356,-1.102778387,-1.225093747,-1.274031729,-1.211674562,-1.067307565
2024-04-11,-1.117452181,-1.142731111,-0.6277653628,-0.6396490449,-1.109345728,-1.229812699,-1.283742267,-1.170741156,-1.116529115,-1.238580643,-1.338715465,-1.139351031,-1.076350749
2024-04-21,-1.034641941,-1.039686327,-0.5233281053,-0.2436252098,-1.015898482,-1.064261675,-1.261194124,-1.166770211,-1.106977887,-1.214859679,-1.266319932,-0.9912800179,-1.084268543
2024-05-01,-0.9706040825,-0.9868018533,-0.4471325102,-0.1101231518,-1.011775378,-0.9741469182,-1.230964926,-1.162563903,-1.094744781,-1.194318262,-1.221679739,-0.8305555022,-1.08723269
2024-05-11,-0.9208162267,-1.011831269,-0.7223302973,-0.6438949692,-1.026391035,-1.090489491,-1.153870312,-1.194477707,-0.8978615129,-1.180180942,-1.105038735,-0.8035227537,-1.0921209
2024-05-21,-0.5820547445,-0.593327142,-0.3350200163,-0.3083495909,-0.6674388515,-0.4650232476,-0.864490262,-0.9245068347,-0.6529473332,-0.6289369637,-0.6734650488,-0.1282119924,-0.9390327522
2024-06-01,-0.2632090637,-0.1885050629,0.1271398503,0.06918787502,-0.3003964275,-0.01276758731,-0.4090615276,-0.5611497129,-0.5139167422,-0.1853687084,-0.1381304437,0.3213693323,-0.6817928747
2024-06-11,0.04420102368,0.08742407483,0.2857046931,-0.03194677633,-0.1973105403,0.3714036774,0.002096312038,-0.1484287684,-0.1216309227,0.1368406127,0.2831029726,0.5799128275,-0.1721642024
2024-06-21,0.1835986017,0.09810722862,0.2014170736,-0.3594533256,-0.3542144915,0.3480092189,0.1633101642,-0.08408470199,0.1109002349,0.2025921466,0.491110325,0.553060166,-0.04937062738
2024-07-01,0.3768503684,0.330674489,0.3966339525,-0.01935101412,-0.07123679387,0.4983614516,0.3528906655,0.06242196097,0.3901542248,0.408201631,0.7206780999,0.6817597368,0.07409767971
2024-07-11,0.7384528503,0.7303924641,0.740389618,0.7937506748,0.5895754702,0.7886496157,0.6113952145,0.4722677927,0.7749825468,0.6497745994,0.8902581459,0.7876153084,0.2990226983
2024-07-21,0.9961536538,0.9759844865,0.8820272032,1.25861749,0.9277853387,0.9199570318,0.9556507491,0.8806069872,0.8779957335,0.9221096806,1.046962504,0.8394027639,0.7194929951
2024-08-01,1.107751561,1.089891236,0.9071640237,1.481705911,1.113442374,0.9670577457,1.080557517,1.12253322,1.0293197,0.9484645491,1.05719337,0.8457364815,0.92399669
2024-08-11,1.275118764,1.192040802,0.9121726098,1.422951335,1.238054463,1.059392917,1.141383361,1.278755479,1.343121906,1.036932919,1.092916003,0.8712978272,1.223536885
2024-08-21,1.297911451,1.190811764,0.8613803187,1.319538626,1.175357312,1.060993707,1.207111245,1.295679024,1.360607875,1.116787263,1.140424865,0.8933510606,1.315771988
2024-09-01,1.252653487,1.160968304,0.9236472127,1.247209058,1.143989658,1.059732053,1.205072216,1.238098043,1.235074325,1.078828935,1.134234313,0.9159819496,1.300681339
2024-09-11,1.159805294,1.041620275,0.9165511118,0.9420513104,1.002677757,1.044772048,1.2225998,1.171384992,0.823247575,0.9819673662,1.130853084,0.9230081531,1.243871438
2024-09-21,1.174411847,1.109210812,0.9559148933,0.9893023985,1.127622961,1.090863985,1.19296715,1.285772836,0.9949555199,1.032011322,1.127519334,0.934766885,1.230049006
2024-10-01,1.195925683,1.148398936,0.9231648842,0.9855501642,1.213736296,1.103540513,1.193739398,1.301100451,1.074853724,1.085122635,1.164567251,0.9430606813,1.286923201
2024-10-11,1.129944215,1.103797565,0.9405810594,0.9900182154,1.162461728,1.061809843,1.108029236,1.19712813,0.9798020343,1.007251043,1.152394015,0.9470849917,1.19550693
2024-10-21,1.090534825,1.116019746,1.021980762,1.233209275,1.149494054,1.079859252,1.055464491,1.191754542,0.9626874236,0.9796649519,1.114128858,0.959167622,1.188307255
2024-11-01,0.5900657773,0.7152981779,0.9198078283,0.8804625328,0.8886285851,0.9590466936,0.3977297452,0.4268363933,0.3298869032,0.4553315859,0.6176948768,0.9439006032,0.2316589316
2024-11-11,0.1979050934,0.2443787128,0.8093658565,0.4239639431,0.425629017,0.4018962195,-0.1332902056,-0.1032732524,-0.2249784597,-0.1438205737,0.05164050737,0.7839068926,-0.204834735
2024-11-21,-0.07679425925,-0.02524775163,0.8287812987,0.986917213,0.1787721187,-0.1971061492,-0.4524982462,-0.3937736323,-0.5302656252,-0.5318259334,-0.3929196243,0.342310102,-0.4516070937
2024-12-01,-0.4507804811,-0.4192179685,0.1975184009,0.3652913853,-0.2645592923,-0.5650293371,-0.6410149344,-0.578549761,-0.7167534112,-0.7350553654,-0.6398429358,-0.3804997024,-0.6284354736
2024-12-11,-0.7555993795,-0.7238452863,-0.4993540705,-0.3330059008,-0.611084783,-0.7466977895,-0.7878858913,-0.7149850548,-0.8331403581,-0.8801749846,-0.8001198978,-0.7974325604,-0.7579822631
2024-12-21,-0.9424064755,-0.9052110427,-0.7881061059,-0.6277659352,-0.8092260381,-0.9094880213,-0.9170763908,-0.8304953458,-0.9207157693,-1.007960128,-0.9526744412,-1.020564301,-0.8568768503
2025-01-01,-1.115597963,-1.049681837,-1.032874303,-0.863791641,-0.9508846082,-1.048551248,-1.023513435,-0.9198450065,-0.9786878891,-1.109768892,-1.088909233,-1.208777183,-0.9279295376
2025-01-11,-1.22439599,-1.154790473,-1.20083714,-1.022167552,-1.046435546,-1.159702443,-1.103270262,-0.9855912263,-1.016263909,-1.185717357,-1.197712375,-1.359224784,-0.9766382311
2025-01-21,-1.270420194,-1.238524919,-1.337667408,-1.145513341,-1.121043276,-1.247900001,-1.167476338,-1.039365328,-1.046211751,-1.245343072,-1.285697609,-1.480270603,-1.014302009
2025-02-01,-1.378887296,-1.313952134,-1.464318622,-1.24128604,-1.179510851,-1.328384617,-1.229153409,-1.087756798,-1.070431017,-1.300790277,-1.370571485,-1.607871093,-1.046048291
2025-02-11,-1.442935109,-1.367710393,-1.559528342,-1.31906885,-1.220674051,-1.388645311,-1.271500087,-1.122502528,-1.086752632,-1.339869191,-1.429481433,-1.692533084,-1.06640533
2025-02-21,-1.467269778,-1.404205257,-1.629526615,-1.374880898,-1.250199484,-1.426859617,-1.293762207,-1.145848989,-1.097768957,-1.363253951,-1.461722307,-1.759643477,-1.078441024
2025-03-01,-1.4683456420898438,-1.437107457816147,-1.6896604299545288,-1.4208933053533257,-1.27269968892166,-1.4649364948272705,-1.3159973621368408,-1.1656012535095217,-1.1066029488064226,-1.3868677616119385,-1.4980369063693952,-1.8204529117623351,-1.088579773902893
2025-03-11,-1.4659371376037598,-1.442951699061941,-1.7157868146896362,-1.2535241722320292,-1.2740904053122633,-1.4980676174163818,-1.3386000394821167,-1.1840722560882568,-1.115756188347824,-1.4070277214050293,-1.535819310180112,-1.861647239589516,-1.0978449583053589
2025-03-21,-1.4332185983657837,-1.4578669747241375,-1.7187045812606812,-1.1656656446679567,-1.2938347937965438,-1.5339776277542114,-1.361246943473816,-1.1999728679656982,-1.124918708332712,-1.42147958278656,-1.5858714776363088,-1.890624201349996,-1.10597026348114
2025-04-01,-1.198868989944458,-1.2227458223419485,-1.0677942037582395,-1.0876820551686033,-0.9917995757246448,-1.0682919025421145,-1.3602614402770996,-1.133623719215393,-1.0946066763376538,-1.2532387971878052,-1.4984098821293577,-1.3729526667418055,-1.1146036386489868
2025-04-11,-1.0224539041519165,-0.9807630711168964,-0.2880147397518158,-0.4736923453364924,-0.8112613004564039,-0.6315679550170898,-1.3560733795166016,-1.061355471611023,-1.0955317509444176,-1.0921090841293335,-1.4288067890135396,-0.9630037530578226,-1.1225963830947876
2025-04-21,-1.074817180633545,-1.0645070463884825,-0.5007179975509644,-0.7135314083173326,-0.973902125559418,-0.7117915749549866,-1.3823550939559937,-1.1276910305023191,-1.1034422772333137,-1.1606355905532837,-1.399631807532446,-0.9864026486321056,-1.1293394565582275
2025-05-01,-0.8975954651832581,-0.8966707742917852,-0.3271131813526153,-0.5472025063456546,-0.8587791903846135,-0.599078357219696,-1.2640670537948608,-1.1711524724960327,-1.0285567701281717,-1.0496060848236084,-1.1024297134823655,-0.5802505106559489,-1.1353243589401243
2025-05-11,-0.7796390056610107,-0.7876083237712552,-0.2732540369033813,-0.34145678584021,-0.7076489995456151,-0.5736157894134521,-1.2454793453216553,-1.1798003911972046,-0.9135697242811148,-0.970221757888794,-0.924600148515594,-0.5110367716127512,-1.1371521949768066
2025-05-21,-0.5884672999382019,-0.5549226864286203,-0.0162479914724826,-0.1250968429155577,-0.5243467573221091,-0.1912887990474701,-1.0135583877563477,-1.0362236499786377,-0.8134535373380501,-0.7596172094345093,-0.6821371534778411,-0.1120221537436939,-1.0596470832824707
2025-06-01,-0.5241475701332092,-0.4821622186800637,0.2169446051120758,-0.1069031991841622,-0.4719414198755042,-0.0357140786945819,-0.9750027060508728,-0.9438142776489258,-0.7889261913771801,-0.7939696311950684,-0.6832022900878756,0.1029065924138325,-1.0032310485839844
2025-06-11,-0.3299131095409393,-0.2934495659910041,0.0765036270022392,-0.2874381767375693,-0.539894617252536,0.1159255877137184,-0.3885233700275421,-0.7218713164329529,-0.8523353783273069,-0.2900262176990509,0.0443831479065845,0.3077271740357157,-0.5593997836112976
2025-06-21,-0.0238868501037359,0.0260460473023185,0.4333001971244812,0.1221525841685933,-0.3025603142187853,0.2403049767017364,0.1561692059040069,-0.2450125366449356,-0.7764475833255908,0.1353077590465545,0.5136053128956474,0.4953855760971543,-0.0717643797397613
2025-07-01,0.3495923280715942,0.3928175754677161,0.6693915128707886,0.5025413819305303,0.084301426317072,0.5624829530715942,0.7221654653549194,0.2547159194946289,-0.3146663886094764,0.5134734511375427,0.7836024451956897,0.6291883667787158,0.4037017226219177
2025-07-11,0.6276126503944397,0.6595408256830915,0.7139505743980408,0.8661106631881903,0.5679720373330932,0.7717654705047607,0.8786542415618896,0.6317455768585205,-0.0666077441711417,0.7519604563713074,0.9203762559763824,0.7176914656414182,0.607495903968811
2025-07-21,0.769216001033783,0.7949533478278843,0.7183812856674194,0.9997169058968084,0.765166815833407,0.8751175999641418,0.9405053853988647,0.8429224491119385,0.179221180915056,0.8783197402954102,0.9893202354400532,0.7461203380239383,0.7997332811355591
2025-08-01,0.9531841278076172,0.966196667322906,0.8229225277900696,1.1387702278117977,0.9663134557758418,0.9983258843421936,1.1160321235656738,1.0498830080032349,0.5151504361808199,1.0521113872528076,1.0663068860417355,0.8009491047859819,1.092579007148743
2025-08-11,1.1272687911987305,1.1562881498245678,0.9334004521369934,1.477256506705998,1.2097896165019717,1.0894291400909424,1.1788090467453003,1.2368367910385132,0.981124813677572,1.1436930894851685,1.1069564647443986,0.8576973713160357,1.2587159872055054
2025-08-21,1.1956236362457275,1.2073227912643243,0.9626940488815308,1.5318414135414105,1.3152267323522882,1.1356302499771118,1.1651949882507324,1.2511190176010132,1.1128485206568286,1.136035680770874,1.1072980202454108,0.8845503994615418,1.2403132915496826
2025-09-01,1.174283146858215,1.1800223900034887,0.908382773399353,1.3580212940186978,1.256482318928713,1.1529090404510498,1.2175339460372925,1.276174545288086,1.017717571411188,1.1619585752487185,1.141165703831811,0.907643883575756,1.2324026823043823
2025-09-11,1.199507474899292,1.2081738846996424,0.9463781714439392,1.421708246527465,1.278179896173193,1.1631759405136108,1.217961311340332,1.2649407386779783,1.098112259118207,1.16378653049469,1.1573544584164166,0.9267118083045344,1.279653549194336
2025-09-21,1.202688217163086,1.2022930827481229,0.935325801372528,1.127661777714136,1.282181171347874,1.174244046211243,1.2241177558898926,1.3069453239440918,1.1514628992647955,1.202183961868286,1.17049016033121,0.9464634134395532,1.3311821222305298
2025-10-01,1.144706964492798,1.1759395291518862,0.967128336429596,1.2699003279053234,1.2510074374644808,1.178255319595337,1.1535217761993408,1.315407156944275,0.9403854609896224,1.1299118995666504,1.175872582878127,0.9599137362356036,1.253699779510498
2025-10-11,0.9839574098587036,1.0417571379629917,0.8600364511366009,0.8815409935684955,1.0462860523717148,1.085634196014681,0.9644396659473008,1.1137917975257965,0.969460657346384,0.9467498499245388,1.109123445775085,0.9676981414493018,1.1225266344381901
2025-10-21,0.8008109331130981,0.8921633522837007,0.9136646899536893,1.0464177001256085,0.9142961507622405,0.9509980863548648,0.7948555203530205,0.6789598969001576,0.5232836699122907,0.5482233934076364,1.0927627440775851,0.9689473663092334,0.8480589070709958
2025-11-01,0.5011035203933716,0.6431270585107278,0.9328197094312536,1.1973829677213859,0.7124881745979527,0.7633533817365585,0.30558755412890404,0.22640529746664864,0.06161612196037506,0.1295162968728183,0.7913020355773996,0.961535661872548,0.0922752883926806
2025-11-11,0.13046616315841675,0.1924755249989987,0.6230000256730442,0.7825787196450723,0.2348514697344931,0.16011720338504537,-0.16114193272836477,-0.2499029846176255,-0.38370985653968226,-0.33333801626044884,0.3034833480047811,0.737010045257697,-0.2893449473866032
2025-11-21,-0.25109970569610596,-0.2617160703493588,0.11630804526462975,0.14277825707740768,-0.2236649588250006,-0.3774820895523395,-0.47315138528403866,-0.494094645823179,-0.6371454043253955,-0.6122986143801582,-0.2105751197711026,0.14392183116401083,-0.5098237012149373
2025-12-01,-0.5711995363235474,-0.6125494469516936,-0.5395424890661596,-0.4550075712285283,-0.5722186940970109,-0.6318508729366185,-0.6495127118255298,-0.6416429085353065,-0.7789331335698471,-0.766101812038405,-0.5247983891901294,-0.46899112483200794,-0.656030699137688
2025-12-11,-0.7621036767959595,-0.8119331934462377,-0.8607836981222942,-0.6946582997633839,-0.7649274479784881,-0.7953443977998241,-0.7880194598615237,-0.7641939501481356,-0.8816786557615903,-0.8934868528699559,-0.705687781502288,-0.8192663885687645,-0.7720001808438632
2025-12-21,-0.899224579334259,-0.939659075924582,-0.9401674098103487,-0.7900099864707179,-0.9003862809427972,-0.9326135166230091,-0.9022040937698198,-0.8605251595408319,-0.9524060292276632,-0.9976740919001729,-0.8527589974726296,-1.0282870366957062,-0.8604936660359267
2026-01-01,-1.0239112377166748,-1.0566537073137867,-1.1177731591820432,-1.0000918371588983,-1.00467669254577,-1.0328414280481963,-0.9927766422010116,-0.9339975099498619,-1.0003553584605032,-1.076398138136353,-0.9659869847830354,-1.1986276908342457,-0.9249682142013077
2026-01-11,-1.1768581867218018,-1.1593464497108286,-1.3630776598759533,-1.1571296655854413,-1.0801734529212725,-1.1203585248222332,-1.0754776695729495,-0.9961421254674386,-1.0329668368730958,-1.1468164580042393,-1.0765009328324933,-1.3435274237263968,-0.9755750966127948
2026-01-21,-1.2349333763122559,-1.2342899273527652,-1.484823716923963,-1.2600825009465468,-1.1405336007929991,-1.2014912692170452,-1.1345364103057138,-1.0445281054713789,-1.059059236823579,-1.2031999156401956,-1.163701963894269,-1.4552034272978902,-1.0093597269023975
2026-02-01,-1.31159508228302,-1.2949380446999899,-1.5864107649558459,-1.3341102349692693,-1.1859764778250668,-1.266596379639975,-1.1772540455531448,-1.0810220343680017,-1.0788109903053915,-1.2443521611022432,-1.2286994978236159,-1.5742959179968192,-1.0336550287724477
2026-02-11,-1.3034907579421997,-1.3186277653801024,-1.5819836976168846,-1.249204961638697,-1.2211495947519975,-1.3240946978323118,-1.21542556884816,-1.1065931194294878,-1.0935840952046556,-1.2780694494364544,-1.2965874922089853,-1.5831825763327922,-1.0496415225100024
2026-02-21,-1.3147021532058716,-1.3351559402030349,-1.5436753339720704,-1.0841810870136432,-1.2491033580744992,-1.3762038272568475,-1.2479162602544864,-1.1290863885451943,-1.1050135181852514,-1.3086222866727824,-1.352516875027796,-1.6519035585880977,-1.0632788225254026
2026-03-01,-1.4031561613082886,-1.3902713284399812,-1.7451292453377631,-1.0828528530170725,-1.2746356301787416,-1.4170910584532226,-1.2841506903894802,-1.15590678511113,-1.1165252277647628,-1.3405683311181205,-1.4071493841163556,-1.813324468294616,-1.0794702297804444
2026-03-11,-1.3253928422927856,-1.2856066085224018,-1.5558127178716306,-0.8753033008763008,-1.2608890063228213,-1.3107154961051144,-1.223753589512346,-1.1577623785071465,-1.1224327868707162,-1.1937810616236504,-1.2570994462506107,-1.5411288303969097,-1.08845125420811
2026-03-21,-0.9167899489402771,-0.8053446185129656,-0.635663946577822,0.1596166232062182,-0.8680983001386017,-0.8294570940806328,-1.035045478805014,-1.067326125327307,-1.034103629330605,-0.5527535642024417,-0.8874760957293802,-0.7182880248954332,-1.0614389508839752
