date,percent_inundation,percent_inundation_ssd,percent_inundation_ceq,percent_inundation_eeq,percent_inundation_jon,percent_inundation_lak,percent_inundation_nbg,percent_inundation_uni,percent_inundation_upn,percent_inundation_war,percent_inundation_wbg,percent_inundation_weq,percent_inundation_aby
2002-07-01,0.372964995414073,0.2923176073285288,1.081754118931698,-0.3396896407076045,-0.2387300120773763,0.9163452272765038,0.2421963427562916,-0.6413158154445384,0.8146115241966683,1.4327230377013227,4.439686126552969,1.8310775891609568,2.9726470416588686
2002-07-11,-0.2613074136463836,-0.3449250858685078,0.0528345487832319,-0.3396896407076045,-0.6325100069215722,-0.2083769012147719,0.0138500322652444,-0.7895503282052121,0.2307497998506817,0.2963204077009405,2.451939066136545,0.8925067689397124,1.4678808642081975
2002-07-21,-0.7841554193637764,-0.8597217675529716,-0.3813432953080794,-0.3396896407076045,-0.9670681494815078,-0.7813061262039304,-0.1641026097036406,-0.9164274874789996,-0.3910985490383026,-0.5961044687938246,0.2795379072114924,-0.0967976091313291,0.5062302931304198
2002-08-01,-0.9880383701617234,-1.0411661931622895,-0.5943361999566472,-0.3396896407076045,-1.0989576317370162,-0.9324083393878844,-0.279063166019823,-0.9785086082078288,-0.6476908927061509,-0.7889993801592031,-0.2554158781738018,-0.4265657351550096,0.1772814078272498
2002-08-11,-1.0609553125318196,-1.0940703477547449,-0.759815302798996,-0.3396896407076045,-1.1553090370993355,-0.96478738507016,-0.3389056473898906,-0.9871963452194435,-0.7240293977973684,-0.7581209457311485,-0.3341654201848349,-0.4265657351550096,0.0037083789864282
2002-08-21,-1.0803953148172054,-1.103679088200159,-0.86631175512328,-0.3396896407076045,-1.1828048970884564,-0.948597862229022,-0.2822127703024582,-0.9747077232652476,-0.7295082378756854,-0.7089441797901725,-0.3531739303254291,-0.4265657351550096,-0.1334703050974469
2002-09-01,-1.060582768934016,-1.0801619763707213,-0.9564241378592124,-0.3396896407076045,-1.1755532417067105,-0.8716976287336171,-0.1892994439647217,-0.9546173314258888,-0.7141674856563976,-0.628888979421142,-0.3531739303254291,-0.4265657351550096,-0.204859212120688
2002-09-11,-1.0625470897224347,-1.0775448097124374,-0.9777234283240692,-0.3396896407076045,-1.1860530343948636,-0.8636028673130481,-0.1420553797251947,-0.971449821885892,-0.6942610333718457,-0.5648448191259174,-0.3504584288767728,-0.4265657351550096,-0.2370542094056791
2002-09-21,-1.0775165688341777,-1.0886490739625851,-0.9777234283240692,-0.3396896407076045,-1.1924737709307849,-0.9166685255145558,-0.1688270161275934,-1.0076487261009528,-0.6745372090899044,-0.5560768686093093,-0.3586049332227418,-0.4265657351550096,-0.2384539918963309
2002-10-01,-1.1070491158600595,-1.1164658167306325,-0.9629777656945532,-0.3396896407076045,-1.2065993913098108,-0.989071669331867,-0.2396931124868839,-1.072263770124836,-0.6714325330455247,-0.5671321105650327,-0.3586049332227418,-0.4265657351550096,-0.2384539918963309
2002-10-11,-1.1104697434398925,-1.1185221619621413,-0.949870510023872,-0.3396896407076045,-1.1979880505439873,-0.990420796235295,-0.3184332195527622,-1.103756816791939,-0.6730761850690199,-0.5461652723731436,-0.3586049332227418,-0.4265657351550096,-0.2384539918963309
2002-10-21,-1.0739604708551438,-1.0784421239952775,-0.8859726386293016,-0.3396896407076045,-1.1382374317214747,-0.8950824950597052,-0.3814253052054649,-1.0932591345695712,-0.677641885134284,-0.5099498245871535,-0.3586049332227418,-0.4265657351550096,-0.2384539918963309
2002-11-01,-1.0224817191586524,-1.0214252789398046,-0.7516232680048204,-0.3396896407076045,-1.0500844959871227,-0.7709628199443145,-0.4491417972821203,-1.0633950385921462,-0.703027177497153,-0.4847896187568867,-0.3586049332227418,-0.4265657351550096,-0.2384539918963309
2002-11-11,-0.9675146046827272,-0.9595853696140656,-0.6697029200630635,-0.3396896407076045,-0.9601186464073344,-0.6324524578590234,-0.4475669951408028,-1.0157934795493415,-0.7247599098078107,-0.4706846548823433,-0.3586049332227418,-0.4265657351550096,-0.2384539918963309
2002-11-21,-0.9297860985051672,-0.9169629411791546,-0.6893638035690852,-0.3396896407076045,-0.8881308591281248,-0.5537533884923809,-0.431818973727627,-0.9611331341845996,-0.7612855103299243,-0.4809774663583615,-0.3586049332227418,-0.4265657351550096,-0.2384539918963309
2002-12-01,-0.8871806579563603,-0.869592224664214,-0.7680073375931717,-0.3396896407076045,-0.8190890568477498,-0.4844982074497352,-0.4412677865755325,-0.8856584188961983,-0.773704214507443,-0.4958448607126101,-0.3586049332227418,-0.4265657351550096,-0.2384539918963309
2002-12-11,-0.8620508989045204,-0.8417754818961669,-0.8482892785760935,-0.3211244745821685,-0.7755035864803796,-0.4692081025442161,-0.4696142251192487,-0.8119936488185497,-0.783018242640582,-0.5381597523362406,-0.3586049332227418,-0.4265657351550096,-0.2384539918963309
2002-12-21,-0.8566998181360691,-0.8358307747723503,-0.9252944056413448,-0.2839941423312964,-0.7563924530264027,-0.5254217235203894,-0.4837874443911069,-0.758600265101335,-0.7930627827841631,-0.5922923163952993,-0.3586049332227418,-0.4265657351550096,-0.2384539918963309
2003-01-01,-0.8443720118087514,-0.8221841200541552,-0.9449552891473666,-0.2688044609559398,-0.7323713445743685,-0.5816353444965628,-0.4853622465324244,-0.6885553854451927,-0.796532714833764,-0.6494746023731784,-0.3586049332227418,-0.4265657351550096,-0.2384539918963309
2003-01-11,-0.833026365875643,-0.8095469439041554,-0.9334864404355206,-0.295808338956574,-0.7193032572718467,-0.6050202108226509,-0.4853622465324244,-0.635704985291204,-0.7978111108520379,-0.6620547052883118,-0.3586049332227418,-0.4265657351550096,-0.2384539918963309
2003-01-21,-0.8209017651471273,-0.7961246177566702,-0.9187407778060044,-0.3160612474570495,-0.7031381088167042,-0.6338015847624516,-0.4853622465324244,-0.5844835358268932,-0.7987242508650908,-0.6773033148824129,-0.3586049332227418,-0.4265657351550096,-0.2384539918963309
2003-02-01,-0.8121977919984442,-0.7865532654063745,-0.8941646734234773,-0.3228122169572081,-0.6970195245883559,-0.626156532309692,-0.4853622465324244,-0.5430357905006487,-0.7992721348729225,-0.687596126358431,-0.3586049332227418,-0.4265657351550096,-0.2384539918963309
2003-02-11,-0.8281155639045962,-0.8041256701119955,-0.8581197203291043,-0.3380018983325649,-0.7163572722730124,-0.673825682897487,-0.4853622465324244,-0.5370629713051637,-0.7994547628755331,-0.7283861570226513,-0.3586049332227418,-0.4265657351550096,-0.2384539918963309
2003-02-21,-0.8553451141440563,-0.8341856985871433,-0.8040522906875448,-0.3396896407076045,-0.7474034218761132,-0.752974461231939,-0.4853622465324244,-0.5609542480871037,-0.7994547628755331,-0.7680325419673142,-0.3586049332227418,-0.4265657351550096,-0.2384539918963309
2003-03-01,-0.8849792639693392,-0.8669002818156932,-0.7352391984164691,-0.3396896407076045,-0.7709713018667883,-0.8465139265362914,-0.4853622465324244,-0.6103657523406616,-0.7994547628755331,-0.8210214603068154,-0.3586049332227418,-0.4265657351550096,-0.2384539918963309
2003-03-11,-0.910921845416387,-0.8955021745812257,-0.5926977929978121,-0.3396896407076045,-0.7929528822427063,-0.9198164882892214,-0.4853622465324244,-0.650546536019379,-0.7994547628755331,-0.887352912041155,-0.3586049332227418,-0.4265657351550096,-0.2384539918963309
2003-03-21,-0.9235883277417078,-0.9095600983457224,-0.353490377007882,-0.3396896407076045,-0.8090424926209556,-0.9467990263577846,-0.4853622465324244,-0.6653880867475538,-0.7994547628755331,-0.9449164132588864,-0.3586049332227418,-0.4265657351550096,-0.2384539918963309
2003-04-01,-0.9326309768883942,-0.9195427197423204,-0.1191981818944574,-0.3396896407076045,-0.8233191891537683,-0.9490475711968316,-0.4853622465324244,-0.674437812801319,-0.7994547628755331,-0.9998114077976504,-0.3586049332227418,-0.4265657351550096,-0.2384539918963309
2003-04-11,-0.9312762728963812,-0.91819674831806,0.2838499299789864,-0.3396896407076045,-0.8297399256896896,-0.9387042649372156,-0.4853622465324244,-0.6818585881654065,-0.7994547628755331,-1.0394577927423132,-0.3586049332227418,-0.4265657351550096,-0.2384539918963309
2003-04-21,-0.9194564805660684,-0.905148303121758,0.8081401568062304,-0.3363141559575252,-0.8294377733821168,-0.8865380246713268,-0.4853622465324244,-0.686383451192289,-0.7994547628755331,-1.0634743528530226,-0.3586049332227418,-0.4265657351550096,-0.2384539918963309
2003-05-01,-0.9092284654263708,-0.8938570983960187,1.1767817225441362,-0.2890573694564153,-0.8360095860718242,-0.7777084544614552,-0.4853622465324244,-0.6992340621886356,-0.7994547628755331,-1.0745295948087457,-0.3531739303254291,-0.3758321773052126,-0.2384539918963309
2003-05-11,-0.8986956418884702,-0.8823041770044506,1.3619217088925064,-0.2671167185809001,-0.8457539979910457,-0.6216594426315981,-0.4853622465324244,-0.712627656748208,-0.7994547628755331,-1.068811366210958,-0.2771398897630523,-0.2743650616056186,-0.2384539918963309
2003-05-21,-0.9096348766239748,-0.8944553079179122,1.1800585364618064,-0.2654289762058605,-0.8741563149028849,-0.5038356930655389,-0.4853622465324244,-0.7450256760206874,-0.7990895068703119,-1.062330707133465,-0.1902438434060502,-0.2489982826807201,-0.2384539918963309
2003-06-01,-0.936153207267628,-0.9237675744906928,0.8228858194357466,-0.2755554304560983,-0.8990083422007441,-0.4970900585483981,-0.4853622465324244,-0.7949801638374712,-0.7990895068703119,-1.0730047338493356,-0.2011058492006754,-0.2997318405305171,-0.2384539918963309
2003-06-11,-0.9459070760101213,-0.9349466149310772,0.6017008799930031,-0.295808338956574,-0.8984040375855985,-0.4746046101579287,-0.4853622465324244,-0.8378758653323181,-0.7974458548468168,-1.079866608166681,-0.2418383709305202,-0.3504653983803141,-0.2384539918963309
2003-06-21,-0.9204047733604775,-0.9108686816748646,0.4870123928745435,-0.3008715660816928,-0.8667535833673523,-0.3608282413021539,-0.4255197651623568,-0.8507264763286646,-0.7879491987110672,-1.071861088129778,-0.2717088868657397,-0.2997318405305171,-0.2328548619337238
2003-07-01,-0.8498246953766035,-0.8437944390325574,0.411645672768127,-0.295808338956574,-0.805567741083869,-0.1620568775304051,-0.2239450910737082,-0.8585092407349028,-0.7380917539983821,-1.005148421155586,-0.2499848752764891,-0.0460640512815321,-0.2188570370272059
2003-07-11,-0.7624124202919688,-0.771037205932262,0.2985955926085026,-0.3295631864573667,-0.7605470472555281,0.0600993525674317,0.0012516151347038,-0.8673779722675925,-0.6867732852648125,-0.8675297195688236,0.0324272753837677,0.3851711904417423,-0.1628657374011344
2003-07-21,-0.5930405536905514,-0.6331872992309318,0.2084832098725699,-0.3295631864573667,-0.678739309980204,0.4855240361151113,0.2469207491802443,-0.8136225995082275,-0.6241318803693876,-0.6395630061370127,0.6081135824989068,0.9178735478646108,-0.0592818330929021
2003-08-01,-0.3186791277081315,-0.4037365594896612,0.1511389663133401,-0.3329386712074459,-0.5417132384959586,1.1771764286059478,0.5634559795850753,-0.6691889716901352,-0.5479760032807807,-0.2648284253619789,1.4743585446202716,1.3491087895878853,0.1058925008040086
2003-08-11,-0.0686346383823438,-0.1735380578460238,0.0724954322892536,-0.3380018983325649,-0.3743963981775443,1.7379635114642529,0.8595187821527781,-0.5406828617266697,-0.4749248022365535,0.1426906660403722,2.538835112493547,1.2476416738882912,0.202477492658982
2003-08-21,0.0886126274905576,0.0045040511075251,0.0069591539358481,-0.3380018983325649,-0.1952200797868992,1.9493267263346643,1.0736918733719671,-0.4536244970894487,-0.4073524412706432,0.4678672656345775,3.122667923954656,0.7403060953903213,0.1226898906918301
2003-09-01,0.1885559145013122,0.1460179911304531,-0.0749611940059087,-0.3396896407076045,-0.0168746802420793,2.001043257632744,1.1949516382534198,-0.3633082310728723,-0.3810540088947214,0.7675024441586636,3.2367189847982205,0.4105379693666408,-0.1040748727937593
2003-09-11,0.115232560933612,0.1168552769381455,-0.1912880880832034,-0.3396896407076045,-0.0164969898576135,1.7595495419191034,1.2595185260474402,-0.3348920912640495,-0.410822373320244,0.8799609399151591,2.1179323879518184,0.0046695065682648,-0.2146576895552505
2003-09-21,-0.0236923334473147,-0.000206848877386,-0.3158070169546739,-0.3396896407076045,-0.1322213236579794,1.3350242763070423,1.1225107397528118,-0.3303672282371669,-0.4221453094820992,0.9203697553395268,0.5429415477311551,-0.3758321773052126,-0.2370542094056791
2003-10-01,-0.2074917975636698,-0.1776881364041599,-0.4583484223733308,-0.3396896407076045,-0.3410841062676478,0.7364616401527492,0.9272352742294334,-0.3689190612262066,-0.4427822737770934,0.9420990240111208,-0.1060632984977043,-0.4265657351550096,-0.2384539918963309
2003-10-11,-0.3018130630075704,-0.2687655361124433,-0.5500992120680985,-0.3396896407076045,-0.43089887969365,0.3209305538968759,0.6988889637383862,-0.3765208311113694,-0.45775776999116,0.9470548221292036,-0.2554158781738018,-0.4265657351550096,-0.2384539918963309
2003-10-21,-0.3471617791402036,-0.309182066935372,-0.5484608051092633,-0.3396896407076045,-0.4338448646924843,0.034915650370106,0.4973142896497376,-0.3859325462072852,-0.4897176704480095,0.9318062125351028,-0.3151569100442407,-0.4265657351550096,-0.2384539918963309
2003-11-01,-0.4288842974583839,-0.3884822166813774,-0.5517376190269336,-0.3396896407076045,-0.4438914289192784,-0.1854417438564932,0.2847160005718659,-0.4416788586984786,-0.578292251714135,0.7164196020184248,-0.3531739303254291,-0.4265657351550096,-0.2384539918963309
2003-11-11,-0.5045445154123064,-0.4643052735813768,-0.5533760259857687,-0.3396896407076045,-0.4568084400680139,-0.3405913377507317,-0.0034727912892488,-0.4881944506148316,-0.6522565927714151,0.4663424046751674,-0.3586049332227418,-0.4265657351550096,-0.2384539918963309
2003-11-21,-0.5427471679870712,-0.5036375496458735,-0.5402687703150877,-0.3396896407076045,-0.4547689119918977,-0.4323319671838464,-0.2160710803671204,-0.4892804177412835,-0.6756329771055678,0.2452375655607019,-0.3586049332227418,-0.4265657351550096,-0.2384539918963309
2003-12-01,-0.5120292549681779,-0.470436921180785,-0.5107774450560553,-0.3396896407076045,-0.3955470597076373,-0.4269354595701339,-0.2522915296174244,-0.4168826093111621,-0.6898779613091921,0.1735691004684268,-0.3586049332227418,-0.4265657351550096,-0.2384539918963309
2003-12-11,-0.4582813740850647,-0.4118497761303416,-0.4681788641263416,-0.3396896407076045,-0.3239369628128939,-0.3954558318234767,-0.253866331758742,-0.3097338528345825,-0.69882673343711,0.1834806967045925,-0.3586049332227418,-0.4265657351550096,-0.2384539918963309
2003-12-21,-0.4132713339504348,-0.361188907244987,-0.4223034692789578,-0.3396896407076045,-0.2658481816820314,-0.3837633986604328,-0.2381183103455663,-0.2217705155919848,-0.7026619214919319,0.2269392340477806,-0.3586049332227418,-0.4265657351550096,-0.2384539918963309
2004-01-01,-0.3889543972938025,-0.3324000740038629,-0.3715128535550686,-0.3396896407076045,-0.2314783566956302,-0.4611133411236471,-0.2459923210521541,-0.1175176714526101,-0.7059492255389221,0.2189337140108776,-0.3586049332227418,-0.4265657351550096,-0.2384539918963309
2004-01-11,-0.4095458979723992,-0.3512436739435077,-0.3600440048432226,-0.3396896407076045,-0.2419781493837836,-0.5685937844300906,-0.2822127703024582,-0.0874725809541097,-0.7132543456433448,0.146121603199045,-0.3586049332227418,-0.4265657351550096,-0.2384539918963309
2004-01-21,-0.4684416540251616,-0.4110272380377381,-0.3502135630902118,-0.3396896407076045,-0.2946281889783363,-0.6706777201228213,-0.334181240965938,-0.1068389947091671,-0.7333434259305074,-0.0105578603803435,-0.3586049332227418,-0.4265657351550096,-0.2384539918963309
2004-02-01,-0.5125034013653824,-0.4574632521747199,-0.3403831213372009,-0.3396896407076045,-0.3311130801177468,-0.7174474527749974,-0.4239449630210393,-0.1176986659736854,-0.7519714821967853,-0.1683809696792896,-0.3586049332227418,-0.4265657351550096,-0.2384539918963309
2004-02-11,-0.561983964673655,-0.5108908400988321,-0.342021528296036,-0.3396896407076045,-0.3738676316392921,-0.761069222652508,-0.4837874443911069,-0.1450288386560562,-0.7705995384630633,-0.3475521324099772,-0.3586049332227418,-0.4265657351550096,-0.2384539918963309
2004-02-21,-0.6017445268392346,-0.5544853590068198,-0.3371063074195307,-0.3396896407076045,-0.3997771920136559,-0.8015430297553527,-0.4853622465324244,-0.1805037647868158,-0.7892275947293411,-0.5149056227052364,-0.3586049332227418,-0.4265657351550096,-0.2384539918963309
2004-03-01,-0.6377796530267786,-0.5942662922127369,-0.3043381682428279,-0.3396896407076045,-0.4277262804641361,-0.8244781871136314,-0.4853622465324244,-0.2411369293470423,-0.795619574820711,-0.6346072080189298,-0.3586049332227418,-0.4265657351550096,-0.2384539918963309
2004-03-11,-0.6784207727871667,-0.6391320063547483,-0.2273330411775764,-0.3312509288324063,-0.4651931666031579,-0.8267267319526784,-0.4853622465324244,-0.3195075569726489,-0.7979937388546484,-0.7581209457311485,-0.3586049332227418,-0.4265657351550096,-0.2384539918963309
2004-03-21,-0.7091725534058604,-0.6731925610075588,-0.0634923452940627,-0.2772431728311379,-0.4949551688990745,-0.8127857539505874,-0.4853622465324244,-0.3957062503453516,-0.7989068788677013,-0.8579993385725105,-0.3586049332227418,-0.4265657351550096,-0.2384539918963309
2004-04-01,-0.7423628012101773,-0.7097955061284165,0.1052635714659564,-0.235049613455147,-0.5307602173464462,-0.7970459400772589,-0.4853622465324244,-0.4775157738713887,-0.7992721348729225,-0.9391981846610988,-0.3586049332227418,-0.4265657351550096,-0.2384539918963309
2004-04-11,-0.7622769498927675,-0.731891870343357,0.4149224866857972,-0.2181721897047506,-0.5577273107973149,-0.7822055441395491,-0.4853622465324244,-0.5423118124163474,-0.7992721348729225,-0.9788445696057616,-0.3586049332227418,-0.4265657351550096,-0.2384539918963309
2004-04-21,-0.7604142319037497,-0.731443213201937,0.8081401568062304,-0.2046702507044335,-0.5493425842621709,-0.7592703867812705,-0.4853622465324244,-0.5966101687389385,-0.7992721348729225,-1.0177285240707192,-0.3450274259794602,-0.4265657351550096,-0.2384539918963309
2004-05-01,-0.7686779262550286,-0.7419492679301913,1.1784201295029717,-0.2198599320797902,-0.5607488338730424,-0.7178971617428068,-0.4853622465324244,-0.6706369278587375,-0.7992721348729225,-1.0447948061002486,-0.2581313796224581,-0.4265657351550096,-0.2384539918963309
2004-05-11,-0.7929271277120601,-0.7706633249810787,1.329153569715804,-0.2333618710801074,-0.6012372430877918,-0.6526893614104459,-0.4853622465324244,-0.7537134130323019,-0.7994547628755331,-1.064999213812433,-0.1793818376114249,-0.4265657351550096,-0.2384539918963309
2004-05-21,-0.8539904101520434,-0.8385227176208712,1.1472903972851036,-0.2637412338308208,-0.6971706007421422,-0.6248074054062639,-0.4853622465324244,-0.8509074708497399,-0.7994547628755331,-1.0779605319674186,-0.1087787999463606,-0.4265657351550096,-0.2384539918963309
2004-06-01,-0.9345275624772124,-0.926945562575752,0.8015865289708897,-0.3160612474570495,-0.8239990318458071,-0.645943726893305,-0.4853622465324244,-0.9341649505443796,-0.7994547628755331,-1.0874909129637316,-0.1060632984977043,-0.4265657351550096,-0.2384539918963309
2004-06-11,-0.9816035261996618,-0.9796253885974974,0.4788203580803677,-0.3396896407076045,-0.8940983672026868,-0.6810210263824372,-0.4837874443911069,-0.983938443840088,-0.7992721348729225,-1.0909218501224045,-0.1196408057409859,-0.4265657351550096,-0.2384539918963309
2004-06-21,-1.0099507072325329,-1.010881836116432,0.1282012688896483,-0.3396896407076045,-0.9363996902628728,-0.713400072064713,-0.4790630379671541,-0.9949791096256816,-0.7978111108520379,-1.0844411910449114,-0.1712353332654559,-0.4265657351550096,-0.2384539918963309
2004-07-01,-1.0334209538941568,-1.0363431288920235,-0.2060337507127196,-0.3396896407076045,-0.972431352940924,-0.7822055441395491,-0.4585906101300257,-0.9933501589360038,-0.7906886187502258,-1.06461799857258,-0.2391228694818638,-0.4265657351550096,-0.2370542094056791
2004-07-11,-1.0688125956854948,-1.0743668216273785,-0.5435455842327579,-0.3396896407076045,-1.0287827583032432,-0.885638606735708,-0.453866203706073,-0.9891872849512718,-0.786305546687572,-1.044413590860396,-0.3097259071469281,-0.4265657351550096,-0.2370542094056791
2004-07-21,-1.0804291824170056,-1.0861440715896562,-0.7385160123341393,-0.3396896407076045,-1.0552966232927528,-0.961189713327685,-0.4444173908581676,-0.9700018657172896,-0.7795483105909811,-1.000955053517208,-0.326018915838866,-0.4265657351550096,-0.2370542094056791
2004-08-01,-1.0554010261645668,-1.0601967335775262,-0.8073291046052151,-0.3396896407076045,-1.0364876421463487,-0.954444078810544,-0.4270945673036744,-0.9224003066744848,-0.7722431904865583,-0.9529219332957896,-0.2907173970063339,-0.4265657351550096,-0.2370542094056791
2004-08-11,-1.0056833896576918,-1.005460562324272,-0.8499276855349286,-0.3396896407076045,-0.96759691601976,-0.909023473061796,-0.406622139466546,-0.8706358736469479,-0.7623812783455878,-0.9064136740337816,-0.2825708926603649,-0.4265657351550096,-0.2342546444243755
2004-08-21,-0.9091945978265704,-0.9019703150366992,-0.8843342316704664,-0.3396896407076045,-0.8425058606846385,-0.8163834256930624,-0.3310316366833028,-0.7881023720366096,-0.7315171459044018,-0.8042479897533041,-0.3423119245308039,-0.4265657351550096,-0.2356544269150273
2004-09-01,-0.7752482406162915,-0.761091972630783,-0.889249452546972,-0.3396896407076045,-0.6655956846007892,-0.7003585119982407,-0.2034726632365798,-0.6847545005026113,-0.6595617128758378,-0.7451596275761626,-0.3586049332227418,-0.4265657351550096,-0.2384539918963309
2004-09-11,-0.7074114382162435,-0.6921857133276769,-0.9007183012588179,-0.3396896407076045,-0.584543328094397,-0.6603344138632053,-0.1326065668772893,-0.6282842099271166,-0.6098868961657633,-0.7295298027422089,-0.3586049332227418,-0.4265657351550096,-0.2384539918963309
2004-09-21,-0.6876666275326551,-0.6740150991001621,-0.8990798942999828,-0.3396896407076045,-0.5594646865658581,-0.6895654967708156,-0.1215829518880663,-0.6241213359423846,-0.5841363477976732,-0.7154248388676655,-0.3586049332227418,-0.4265657351550096,-0.2384539918963309
2004-10-01,-0.7223809173279866,-0.7128987180232389,-0.8843342316704664,-0.3396896407076045,-0.6012372430877918,-0.7920991414313556,-0.1641026097036406,-0.6786006867860509,-0.5824926957741781,-0.7078005340706149,-0.3586049332227418,-0.4265657351550096,-0.2384539918963309
2004-10-11,-0.7493395267690439,-0.7412015060278244,-0.841735650740753,-0.3396896407076045,-0.6310747834606016,-0.8667508300877138,-0.2286694974976609,-0.7249352841813287,-0.5704392476018806,-0.7070381035909099,-0.3586049332227418,-0.4265657351550096,-0.2384539918963309
2004-10-21,-0.7473752059806252,-0.7380235179427653,-0.771284151510842,-0.3396896407076045,-0.6289597173075924,-0.8537092700212416,-0.3294568345419852,-0.7432157308099343,-0.5421319071972425,-0.6994137987938593,-0.3586049332227418,-0.4265657351550096,-0.2384539918963309
2004-11-01,-0.7370794556413269,-0.7229935037051914,-0.6123586765038338,-0.3396896407076045,-0.6185354626963322,-0.7520750432963202,-0.4097717437491812,-0.7542563965955278,-0.5213123148996378,-0.7039883816720897,-0.3586049332227418,-0.4265657351550096,-0.2384539918963309
2004-11-11,-0.7310510228768693,-0.712263120406227,-0.4714556780440119,-0.3396896407076045,-0.6041832280866262,-0.5861324341746567,-0.4727638294018838,-0.7547993801587538,-0.5603947074582993,-0.7138999779082553,-0.3586049332227418,-0.4265657351550096,-0.2384539918963309
2004-11-21,-0.7366391768439227,-0.7151420037303395,-0.3813432953080794,-0.3396896407076045,-0.5936078973215797,-0.4507700348640313,-0.4853622465324244,-0.7580572815381093,-0.6403857726017282,-0.7264800808233888,-0.3586049332227418,-0.4265657351550096,-0.2384539918963309
2004-12-01,-0.6976575694737505,-0.674762861002529,-0.3731512605139037,-0.3396896407076045,-0.5384651011895516,-0.3140585086499777,-0.4853622465324244,-0.7053878759051959,-0.6685104850037557,-0.7257176503436836,-0.3586049332227418,-0.4265657351550096,-0.2384539918963309
2004-12-11,-0.6658558932612468,-0.6396554396864051,-0.3731512605139037,-0.3396896407076045,-0.4902718081316967,-0.2457027455429509,-0.4853622465324244,-0.6471076401189482,-0.6876864252778654,-0.7257176503436836,-0.3586049332227418,-0.4265657351550096,-0.2384539918963309
2004-12-21,-0.6503784001524989,-0.6152784016692455,-0.4059193996906065,-0.3396896407076045,-0.456883978144907,-0.2389571110258102,-0.4853622465324244,-0.5841215467847425,-0.7008356414658262,-0.7234303589045685,-0.3586049332227418,-0.4265657351550096,-0.2384539918963309
2005-01-01,-0.6188476647383978,-0.5752731398926185,-0.4321339110319686,-0.3396896407076045,-0.4000038062443355,-0.2272646778627662,-0.4853622465324244,-0.4968821876264462,-0.7165416496903351,-0.7341043856204393,-0.3586049332227418,-0.4265657351550096,-0.2384539918963309
2005-01-11,-0.6214216023232225,-0.5763947827461687,-0.44851798062032,-0.3396896407076045,-0.3902593943251141,-0.2866262616136053,-0.4853622465324244,-0.4673800806911718,-0.7355349619618342,-0.7501154256942454,-0.3586049332227418,-0.4265657351550096,-0.2384539918963309
2005-01-21,-0.6308706626675127,-0.5866391208085948,-0.4403259458261442,-0.3396896407076045,-0.3889752470179299,-0.3356445391048282,-0.4853622465324244,-0.4608642779324609,-0.759276602301208,-0.7783253534433324,-0.3586049332227418,-0.4265657351550096,-0.2384539918963309
2005-02-01,-0.636763625032769,-0.5930698731689499,-0.4206650623201226,-0.3396896407076045,-0.3873889474031729,-0.3653253309802479,-0.4853622465324244,-0.456158420384503,-0.776626262549212,-0.7973861154359587,-0.3586049332227418,-0.4265657351550096,-0.2384539918963309
2005-02-11,-0.6651446736654401,-0.6244010968781211,-0.4026425857729361,-0.3396896407076045,-0.411787746239673,-0.4552671245421252,-0.4853622465324244,-0.4800496971664429,-0.7892275947293411,-0.8454192356573772,-0.3586049332227418,-0.4265657351550096,-0.2384539918963309
2005-02-21,-0.6966415414797408,-0.6591720253381801,-0.3862585161845848,-0.3396896407076045,-0.4437403527654922,-0.5474574629430494,-0.4853622465324244,-0.5084658369752657,-0.7958022028233217,-0.8907838491998278,-0.3586049332227418,-0.4265657351550096,-0.2384539918963309
2005-03-01,-0.7267498377022281,-0.692410041898387,-0.3502135630902118,-0.3396896407076045,-0.4824158481348051,-0.6095173005007448,-0.4853622465324244,-0.5339860644468835,-0.7985416228624801,-0.9304302341444906,-0.3586049332227418,-0.4265657351550096,-0.2384539918963309
2005-03-11,-0.7588563223129349,-0.7277791798803394,-0.3141686099958388,-0.3363141559575252,-0.5220733385037294,-0.6832695712214841,-0.4853622465324244,-0.5517235275122632,-0.7992721348729225,-0.999430192557798,-0.3586049332227418,-0.4265657351550096,-0.2384539918963309
2005-03-21,-0.7762642686103012,-0.747034048866286,-0.2781236569014658,-0.3143735050820099,-0.5404290911887744,-0.7313884307770885,-0.4853622465324244,-0.5658411001561369,-0.7992721348729225,-1.0447948061002486,-0.3586049332227418,-0.4265657351550096,-0.2384539918963309
2005-04-01,-0.7885582073378186,-0.760680703584481,-0.233886669012917,-0.2586780067057019,-0.5583316154124603,-0.7624183495559361,-0.4853622465324244,-0.5767007714206551,-0.7992721348729225,-1.0672865052515477,-0.3586049332227418,-0.4265657351550096,-0.2384539918963309
2005-04-11,-0.8017665712599447,-0.7752620606806349,-0.1437742862769844,-0.2063579930794731,-0.5824282619413877,-0.7660160212984112,-0.4853622465324244,-0.5955242016124866,-0.7992721348729225,-1.079866608166681,-0.3586049332227418,-0.4265657351550096,-0.2384539918963309
2005-04-21,-0.8155506843786763,-0.7905164034889186,-0.0274473921996897,-0.2282986439549884,-0.6084888984695381,-0.7583709688456517,-0.4853622465324244,-0.617243544141523,-0.7992721348729225,-1.0852036215246166,-0.3558894317740855,-0.4265657351550096,-0.2384539918963309
2005-05-01,-0.8284203723027991,-0.8046864915387707,0.1347548967249888,-0.2890573694564153,-0.6374199819196296,-0.7246427962599477,-0.4837874443911069,-0.6440307332606681,-0.7992721348729225,-1.087872128203584,-0.2880018955576776,-0.4265657351550096,-0.2384539918963309
2005-05-11,-0.8109446908058322,-0.7853942344577058,0.3149796621968541,-0.2839941423312964,-0.6412724238411822,-0.5578007692026652,-0.4822126422497892,-0.6632161524946502,-0.7992721348729225,-1.056993693775529,-0.0245982550380149,0.0300362854931633,-0.2384539918963309
2005-05-21,-0.7818524225773543,-0.7537639059875877,0.4640746954508515,-0.2772431728311379,-0.6374199819196296,-0.3459878453644443,-0.4570158079887082,-0.6936232320353012,-0.7987242508650908,-0.9925683182404526,0.5103555303472793,0.2583372958172498,-0.2356544269150273
2005-06-01,-0.7714550694386552,-0.7439308369714636,0.4689899163273568,-0.2856818847063361,-0.6356826061510862,-0.3136087996821685,-0.3971733266186406,-0.7509984952161723,-0.7948890628102688,-0.901076660675846,0.9149652461970704,0.2329705168923514,-0.2342546444243755
2005-06-11,-0.7422611984107763,-0.7141699132572625,0.4329449632329839,-0.3109980203319307,-0.6099241219305087,-0.3275497776842594,-0.2617403424653298,-0.779957618588221,-0.786305546687572,-0.7634579590890839,1.3548764808793938,-0.0967976091313291,-0.2300552969524202
2005-06-21,-0.6613515024878037,-0.6282894587704289,0.4345833701918189,-0.3295631864573667,-0.5405046292656677,-0.2600934325128513,-0.0617404705179988,-0.739414845867353,-0.77279107449439,-0.5366348913768305,1.8925457677133444,-0.1475311669811261,-0.2132579070645987
2005-07-01,-0.5325530204471738,-0.4935427639639209,0.4280297423564784,-0.3346264135824855,-0.4224386150816128,-0.1998324308263936,0.2988892198437241,-0.6624921744103489,-0.7521541101993958,-0.1657124630003219,2.3215949966010423,-0.4011989562301111,-0.1502676949852683
2005-07-11,-0.4539463213106233,-0.4157381380226494,0.2756578951848107,-0.3396896407076045,-0.3777200735608447,-0.2452530365751417,0.6736921294773052,-0.5935332618806584,-0.7293256098730748,0.1579392756344732,2.3487500110876054,-0.4011989562301111,-0.1012753078124557
2005-07-21,-0.3504808039206351,-0.324025140697354,0.0036823400181778,-0.3396896407076045,-0.3669936666420118,-0.1768972734681149,1.248494911058217,-0.4929003081627895,-0.7092365295859124,0.6054859672213397,2.473663077725796,-0.4265657351550096,-0.0550824856209468
2005-08-01,-0.2169408579079599,-0.2190019815099288,-0.2895925056133117,-0.3396896407076045,-0.3788531447142426,-0.0307418589300642,1.7603056069864262,-0.3252993816470584,-0.6889648212961393,1.0808613713174406,2.913574312408119,-0.4265657351550096,-0.0102894459200896
2005-08-11,-0.138300291171609,-0.1606391650301955,-0.4075578066494416,-0.3396896407076045,-0.4078597662412272,0.1356504591594086,1.6610930720834196,-0.1401419865870231,-0.6736240690768516,1.3050159323507262,2.9977548573164645,-0.4011989562301111,-0.0662807455461611
2005-08-21,-0.1369794547793965,-0.1601157316985387,-0.4747324919616821,-0.3396896407076045,-0.4381505350753961,0.2381841038199488,1.0327470176977105,0.0365086659824732,-0.6582833168575638,1.2546955206901926,2.3215949966010423,-0.4011989562301111,-0.165665302382438
2005-09-01,-0.1320686528083495,-0.1384680246250182,-0.4780093058793525,-0.3396896407076045,-0.4086151470101591,0.3672505775812427,0.8044007072066632,0.1594039457926043,-0.6190182962962917,1.1033530704687395,1.1865153910627022,-0.3504653983803141,-0.2076587771019916
2005-09-11,-0.2302169570296868,-0.2187402648441005,-0.473094085002847,-0.3396896407076045,-0.4449489619957831,0.3551084354503893,0.7886526857934875,0.0960558634162481,-0.6034949160743934,0.7168008172582773,0.1519093391246457,-0.3758321773052126,-0.2300552969524202
2005-09-21,-0.352241919110252,-0.3374100787497208,-0.5763137234094606,-0.3396896407076045,-0.4953328592835403,0.1050702493483703,0.7461330279779131,-0.082947717927227,-0.5812142997559041,0.3596021375164598,-0.163088828919487,-0.3758321773052126,-0.2384539918963309
2005-10-01,-0.482835383940299,-0.4749234925949862,-0.6942790244455906,-0.3396896407076045,-0.5593136104120718,-0.3761183462076732,0.6201488566725079,-0.3191455679304981,-0.5638646395079001,0.1773812528669521,-0.2445538723791765,-0.4265657351550096,-0.2384539918963309
2005-10-11,-0.5504012455419444,-0.5488023685488318,-0.7893066280580285,-0.3396896407076045,-0.5832591807872128,-0.6553876152173022,0.4752670596712917,-0.4557964313423523,-0.541036139181579,0.0538675151547335,-0.3124414085955844,-0.4265657351550096,-0.2384539918963309
2005-10-21,-0.5345173412355926,-0.5344827281185064,-0.8187979533170611,-0.3396896407076045,-0.5347637354217852,-0.7071041465153816,0.32093644982217,-0.4927193136417143,-0.5008579786072541,0.0367128293613696,-0.3531739303254291,-0.4265657351550096,-0.2384539918963309
2005-11-01,-0.5149080009512054,-0.5080119567747197,-0.8515660924937638,-0.3396896407076045,-0.4755418831375248,-0.7089029823866191,0.1272357864401092,-0.4862035108830033,-0.4888045304349566,0.0386189055606323,-0.3586049332227418,-0.4265657351550096,-0.2384539918963309
2005-11-11,-0.5075925993943355,-0.4872989520791577,-0.8990798942999828,-0.3396896407076045,-0.4151869596998666,-0.7107018182578567,-0.0774884919311745,-0.4521765409208463,-0.5092588667273402,0.0065968254130201,-0.3586049332227418,-0.4265657351550096,-0.2384539918963309
2005-11-21,-0.4859512031219288,-0.4496865283901047,-0.92693281260018,-0.3396896407076045,-0.3384402735763863,-0.687766660899578,-0.2050474653778974,-0.3833986229122308,-0.5698913635940489,0.0355691836418121,-0.3586049332227418,-0.4265657351550096,-0.2384539918963309
2005-12-01,-0.4110699399634137,-0.3639930143788626,-0.9285712195590152,-0.3396896407076045,-0.2322337374645621,-0.5766885458506594,-0.2239450910737082,-0.2554354965119914,-0.595641911962139,0.120961397368778,-0.3586049332227418,-0.4265657351550096,-0.2384539918963309
2005-12-11,-0.3416413603727508,-0.2884316741446917,-0.9105487430118288,-0.3396896407076045,-0.1495950813434131,-0.4867467522887821,-0.2144962782258028,-0.1267483920274505,-0.6093390121579316,0.1926298624610531,-0.3586049332227418,-0.4265657351550096,-0.2384539918963309
2005-12-21,-0.2956491598439116,-0.2381446862105204,-0.8925262664646422,-0.3396896407076045,-0.1031391640541016,-0.4503203258962219,-0.2412679146282014,-0.0141697999186118,-0.6040428000822252,0.2261768035680756,-0.3586049332227418,-0.4265657351550096,-0.2384539918963309
2006-01-01,-0.2928720166602851,-0.2331346814646625,-0.8695885690409503,-0.3396896407076045,-0.0949055136727439,-0.5087824917114422,-0.3357560431072555,0.0515312112317233,-0.6128089442075323,0.2181712835311725,-0.3586049332227418,-0.4265657351550096,-0.2384539918963309
2006-01-11,-0.3156987789257031,-0.2554553742503132,-0.854842906411434,-0.3396896407076045,-0.110541895589634,-0.5551025153958089,-0.3908741180533703,0.0421194961358075,-0.6217577163354503,0.168613302350344,-0.3586049332227418,-0.4265657351550096,-0.2384539918963309
2006-01-21,-0.3629440806471542,-0.3019287764824135,-0.830266802028907,-0.3396896407076045,-0.1381888317325413,-0.6194108977925513,-0.4459921929994851,-0.0072920081177501,-0.6458646126800452,0.0569172370735537,-0.3586049332227418,-0.4265657351550096,-0.2384539918963309
2006-02-01,-0.4138809507468406,-0.3521783763214664,-0.7483464540871501,-0.3396896407076045,-0.1761844844098155,-0.7012579299338595,-0.4790630379671541,-0.0395090328691542,-0.6812944451864955,-0.0650716396792548,-0.3586049332227418,-0.4265657351550096,-0.2384539918963309
2006-02-11,-0.4878139211109466,-0.428786583218951,-0.7008326522809312,-0.3396896407076045,-0.2391832405387355,-0.769163984073077,-0.4837874443911069,-0.1039430823719622,-0.7318824019096227,-0.2457676633693525,-0.3586049332227418,-0.4265657351550096,-0.2384539918963309
2006-02-21,-0.5593761594890301,-0.5077128520137728,-0.6369347808863608,-0.3177489898320892,-0.3144947032012453,-0.8447150906650539,-0.4853622465324244,-0.1846666387715476,-0.7733389585022218,-0.3753808449192117,-0.3586049332227418,-0.4265657351550096,-0.2384539918963309
2006-03-01,-0.6222682923182306,-0.5771425446485356,-0.5926977929978121,-0.2603657490807415,-0.3869357189418138,-0.8896859874459926,-0.4853622465324244,-0.2682861075083379,-0.790140734742394,-0.5023255197901031,-0.3586049332227418,-0.4265657351550096,-0.2384539918963309
2006-03-11,-0.675406556404938,-0.6357296896989791,-0.5451839911915931,-0.2181721897047506,-0.4423806673814147,-0.9108223089330336,-0.4853622465324244,-0.3544394995401823,-0.7963500868311534,-0.6380381451776025,-0.3586049332227418,-0.4265657351550096,-0.2384539918963309
2006-03-21,-0.7182490701523471,-0.6829882419285646,-0.4567100154144956,-0.1624766913284426,-0.4957860877448996,-0.9270118317741716,-0.4853622465324244,-0.4203215052115928,-0.798176366857259,-0.7356292465798494,-0.3586049332227418,-0.4265657351550096,-0.2384539918963309
2006-04-01,-0.768610191055428,-0.7385843393695405,-0.3862585161845848,-0.1540379794532444,-0.5675472607934294,-0.9427516456475,-0.4853622465324244,-0.4834885930668738,-0.7992721348729225,-0.8179717383879952,-0.3586049332227418,-0.4265657351550096,-0.2384539918963309
2006-04-11,-0.8074224604265986,-0.7814310963751614,-0.2240562272599062,-0.1320973285777291,-0.6318301642295335,-0.9499469891324502,-0.4853622465324244,-0.5251173329141936,-0.7992721348729225,-0.880109822483957,-0.3586049332227418,-0.4265657351550096,-0.2384539918963309
2006-04-21,-0.8241530547279583,-0.7999008153636228,0.0102359678535184,-0.100030223451976,-0.6720164211367102,-0.9274615407419812,-0.4853622465324244,-0.5430357905006487,-0.7992721348729225,-0.912513117871422,-0.3015794028009592,-0.4265657351550096,-0.2384539918963309
2006-05-01,-0.8242546575273593,-0.8000877558392145,0.3837927544679298,-0.0865282844516589,-0.702609342278452,-0.8586560686671448,-0.4853622465324244,-0.561135242608179,-0.7990895068703119,-0.8991705844765833,-0.0816237854597975,-0.3758321773052126,-0.2384539918963309
2006-05-11,-0.7582467055165291,-0.7274800751193926,0.9392127135130413,-0.0544611793259058,-0.6779083911343791,-0.5933277776596069,-0.4853622465324244,-0.5660220946772122,-0.798176366857259,-0.7081817493104675,0.5103555303472793,-0.2997318405305171,-0.2384539918963309
2006-05-21,-0.6588453001025799,-0.618381613564068,1.673219031071183,-0.0578366640759851,-0.6452004038396281,-0.2528980890279011,-0.4837874443911069,-0.5524475055965644,-0.7954369468181005,-0.3551764372070277,1.2598339301764228,-0.0460640512815321,-0.2384539918963309
2006-06-01,-0.5790871025728183,-0.5339219066917313,1.8092068086544992,-0.1050934505770949,-0.6165714726971093,-0.0523278893849148,-0.475913433684519,-0.5236693767455911,-0.791419130760668,0.0233702959665312,1.6508661387829322,0.3851711904417423,-0.2384539918963309
2006-06-11,-0.4812436067496839,-0.4328992736819687,1.8731046800490696,-0.1540379794532444,-0.56377035694877,0.1495914371614995,-0.4727638294018838,-0.4402309025298762,-0.7824703586327502,0.381331406188054,1.794787715561717,1.0447074424891032,-0.2384539918963309
2006-06-21,-0.3578639406771057,-0.3058171383747211,1.823952471284016,-0.2266109015799488,-0.4670816185254876,0.4589912070143576,-0.4601654122713433,-0.3318151844057694,-0.7601897423142608,0.6630494684390711,1.8518132459835,1.6788769156115655,-0.2384539918963309
2006-07-01,-0.2969022610365236,-0.2545206718723547,1.4569493125049446,-0.3025593084567325,-0.4120143604703526,0.589856516646889,-0.3987481287599582,-0.2737159431405969,-0.722933629781705,0.7019334229040288,1.623711124296369,1.7549772523862612,-0.2370542094056791
2006-07-11,-0.4197061779124963,-0.4053816356748684,0.4771819511215325,-0.3363141559575252,-0.5065880327406256,0.1513902730327371,-0.3546536688030663,-0.3421318721070618,-0.6829380972099905,0.332917070726783,1.0453093157325737,1.1208077792637987,-0.2356544269150273
2006-07-21,-0.5512140679371521,-0.5648792494497191,-0.2240562272599062,-0.3396896407076045,-0.628808641153806,-0.1400211381077451,-0.3184332195527622,-0.4424028367827799,-0.6301586044555364,-0.131021876173742,0.4017354724010267,0.4866383061413363,-0.2188570370272059
2006-08-01,-0.6043523320238595,-0.6401040968278252,-0.5337151424797472,-0.3396896407076045,-0.6809299142101065,-0.3095614189718839,-0.2727639574545528,-0.504483957511609,-0.5662388035418375,-0.4253200413398926,0.0785908000109251,0.1315034011927574,-0.1964605171767773
2006-08-11,-0.5902972781067253,-0.6493015682269375,-0.6811717687749095,-0.3396896407076045,-0.664764765754964,-0.3950061228556673,-0.2633151446066474,-0.5584203247920494,-0.5050584226672972,-0.516049268424794,-0.0381757622812965,-0.0460640512815321,-0.1964605171767773
2006-08-21,-0.5169739245390251,-0.5975938326782694,-0.7270471636222934,-0.3396896407076045,-0.5762341396361462,-0.4098465187933771,-0.1515041925731001,-0.6000490646393692,-0.4433301577849252,-0.4947012149930525,0.0079877623458608,-0.2997318405305171,-0.2160574720459023
2006-09-01,-0.3854660345143693,-0.4865511901767908,-0.6910022105279202,-0.3396896407076045,-0.446459723533647,-0.3212538521349278,0.1870782678101768,-0.6062028783559296,-0.3454415483856606,-0.3692814010815712,0.0025567594485482,-0.3758321773052126,-0.2272557319711166
2006-09-11,-0.3302957144396425,-0.4353668879597794,-0.7188551288281176,-0.3396896407076045,-0.4493301704555881,-0.3315971583945439,0.5555819688784875,-0.5942572399649596,-0.2384215388558677,-0.1477953467272532,-0.1142098028436733,-0.4011989562301111,-0.2188570370272059
2006-09-21,-0.2934477658568906,-0.387248409542472,-0.8253515811524015,-0.3396896407076045,-0.4816604673658732,-0.3527334798815851,0.8500699693048726,-0.569460990577643,-0.1166086611146187,0.1823370509850349,-0.2499848752764891,-0.4265657351550096,-0.2174572545365541
2006-10-01,-0.3206434484965503,-0.3936043857125903,-0.9302096265178504,-0.3396896407076045,-0.5669429561782839,-0.4543677066065064,0.9933769641647712,-0.5513615384701126,-0.0590808402922898,0.4640551132360522,-0.3124414085955844,-0.4265657351550096,-0.2300552969524202
2006-10-11,-0.3218965496891622,-0.3771536238605193,-0.9433168821885316,-0.3396896407076045,-0.6053918373169173,-0.511031036550489,0.9351092849360212,-0.5252983274352688,0.0313200209999414,0.6558063788818731,-0.3423119245308039,-0.4265657351550096,-0.2342546444243755
2006-10-21,-0.2942605882520983,-0.3408123954054901,-0.9072719290941584,-0.3396896407076045,-0.5959495777052686,-0.5011374392586825,0.7776290708042646,-0.5070178808066632,0.1248255583365523,0.7835134842324697,-0.3504584288767728,-0.4265657351550096,-0.2370542094056791
2006-11-01,-0.3492277027280233,-0.3917349809566731,-0.9285712195590152,-0.3396896407076045,-0.6519232926831219,-0.6400975103117831,0.4925898832257848,-0.5643931439875345,0.1690215349683097,0.7716958117970414,-0.3586049332227418,-0.4265657351550096,-0.2384539918963309
2006-11-11,-0.4731153827976062,-0.5064416567797493,-0.9678929865710584,-0.3396896407076045,-0.7711223780205746,-0.8833900618966611,0.2232987170604808,-0.6805916265178793,0.1867364512215349,0.68401630663096,-0.3586049332227418,-0.4265657351550096,-0.2384539918963309
2006-11-21,-0.56879135223352,-0.6013326421901035,-0.9810002422417397,-0.3329386712074459,-0.841523865685027,-1.056528014503275,-0.0444176469635055,-0.7694599363658533,0.1624469268743293,0.523143475413194,-0.3586049332227418,-0.4265657351550096,-0.2384539918963309
2006-12-01,-0.561679156275452,-0.5969208469661391,-0.9810002422417397,-0.100030223451976,-0.8050389745456166,-1.1104930906404014,-0.1861498396820866,-0.7595052377067116,0.1713956990022472,0.4057291815386156,-0.3586049332227418,-0.4265657351550096,-0.2384539918963309
2006-12-11,-0.5344834736357924,-0.5721699279977962,-0.9826386492005748,0.1750717836794847,-0.748914183413977,-1.1406235914836302,-0.290086781009046,-0.7254782677445546,0.2029903434538755,0.2578176684758352,-0.3586049332227418,-0.4265657351550096,-0.2384539918963309
2006-12-21,-0.514670927752603,-0.5506343852096306,-0.9826386492005748,0.3337195669332106,-0.7054042511234999,-1.139274464580202,-0.3404804495312082,-0.6856594731079878,0.2168700716522785,0.1472652489186025,-0.3586049332227418,-0.4265657351550096,-0.2384539918963309
2007-01-01,-0.5483353219541246,-0.5760582898901038,-0.9826386492005748,0.2392059939309909,-0.6958109153580648,-1.1437715542582958,-0.4302441715863095,-0.638057914065183,0.130852282422701,-0.0071269232216707,-0.3586049332227418,-0.4265657351550096,-0.2384539918963309
2007-01-11,-0.6152238315597633,-0.6330377468504583,-0.9826386492005748,0.1345659666785335,-0.7224758565013607,-1.156813114324768,-0.464889818695296,-0.6221303962105562,-0.0139717236474794,-0.1325467371331521,-0.3586049332227418,-0.4265657351550096,-0.2384539918963309
2007-01-21,-0.6706312248330925,-0.6770809228998663,-0.9826386492005748,-0.0392714979505491,-0.7370547053417463,-1.1689552564556214,-0.4727638294018838,-0.5935332618806584,-0.1593436137254917,-0.201165480306607,-0.3586049332227418,-0.4265657351550096,-0.2384539918963309
2007-02-01,-0.6757113648031409,-0.6745011443367007,-0.9826386492005748,-0.1827295998289182,-0.7211161711172832,-1.088007642249932,-0.4853622465324244,-0.5209544589294616,-0.2608847831769675,-0.2034527717457221,-0.3586049332227418,-0.4265657351550096,-0.2384539918963309
2007-02-11,-0.6901389623180787,-0.6851567514454284,-0.9826386492005748,-0.290745111831455,-0.7186989526567011,-1.0353916930162337,-0.4853622465324244,-0.4682850532965483,-0.3684526767145922,-0.209933430823215,-0.3586049332227418,-0.4265657351550096,-0.2384539918963309
2007-02-21,-0.7052439118290229,-0.6976069871198366,-0.9826386492005748,-0.3194367322071288,-0.7149220488120418,-0.9908705052031044,-0.4853622465324244,-0.4194165326062163,-0.4838735743644713,-0.2324251299745141,-0.3586049332227418,-0.4265657351550096,-0.2384539918963309
2007-03-01,-0.7283077472930433,-0.7178713346739785,-0.9826386492005748,-0.3228122169572081,-0.7193787953487399,-0.9827757437825356,-0.4853622465324244,-0.3830366338700803,-0.5919893519099276,-0.2621599186830112,-0.3586049332227418,-0.4265657351550096,-0.2384539918963309
2007-03-11,-0.7712518638398532,-0.7584374178773805,-0.9826386492005748,-0.3363141559575252,-0.7377345480337849,-1.015604498432621,-0.4853622465324244,-0.3841226009965322,-0.6917042413352978,-0.3368781056941065,-0.3586049332227418,-0.4265657351550096,-0.2384539918963309
2007-03-21,-0.8271334035103869,-0.8145569486500133,-0.9678929865710584,-0.3194367322071288,-0.774899281865234,-1.0875579332821226,-0.4853622465324244,-0.4295522257864334,-0.7523367382020064,-0.4520051081295695,-0.3586049332227418,-0.4265657351550096,-0.2384539918963309
2007-04-01,-0.8895175223425825,-0.8786027555877347,-0.949870510023872,-0.3025593084567325,-0.8239234937689139,-1.1473692260007708,-0.4853622465324244,-0.5014070506533288,-0.7824703586327502,-0.6094470021886631,-0.3586049332227418,-0.4265657351550096,-0.2384539918963309
2007-04-11,-0.940454392442269,-0.9316190744655448,-0.938401661312026,-0.2856818847063361,-0.874231852979778,-1.1770500178761905,-0.4853622465324244,-0.565298116592911,-0.7917843867658891,-0.7318170941813241,-0.3586049332227418,-0.4265657351550096,-0.2384539918963309
2007-04-21,-0.970291747866354,-0.9630624624600712,-0.912187149970664,-0.2839941423312964,-0.9059578452749176,-1.1819968165220938,-0.4853622465324244,-0.6092797852142097,-0.7939759227972161,-0.7992921916352214,-0.3558894317740855,-0.4011989562301111,-0.2384539918963309
2007-05-01,-0.9861756521727056,-0.9810835243071128,-0.8613965342467745,-0.2839941423312964,-0.9261265118053992,-1.1721032192302872,-0.4790630379671541,-0.6346190181647522,-0.7928801547815526,-0.8545684014138378,-0.3124414085955844,-0.3504653983803141,-0.2384539918963309
2007-05-11,-0.98455000738229,-0.9809339719266392,-0.8056906976463798,-0.2890573694564153,-0.9330004768026794,-1.134777374902108,-0.4743386315432014,-0.6512705141036801,-0.7875839427058461,-0.8820158986832196,0.0188497681404861,-0.2743650616056186,-0.2384539918963309
2007-05-21,-0.954373975960202,-0.9509861077368468,-0.7106630940339419,-0.2991838237066532,-0.9230294506527784,-1.0407882006299465,-0.4428425887168501,-0.6650260977054032,-0.765668582392578,-0.8294081955835709,0.6434151013314389,-0.0967976091313291,-0.2384539918963309
2007-06-01,-0.8874177311549625,-0.8824911174800425,-0.5025854102618795,-0.3076225355818514,-0.8879797829743384,-0.8559578148602885,-0.3798505030641473,-0.670817922379813,-0.7472231541289106,-0.6544304004912612,1.3603074837767064,0.5120050850662349,-0.2370542094056791
2007-06-11,-0.6997912282611708,-0.6877739181037125,-0.0471082757057113,-0.3143735050820099,-0.7661368649456242,-0.3302480314911156,-0.3042600002809041,-0.5886464098116252,-0.7156285096772823,-0.1958284669486716,2.153233906784351,1.3998423474376822,-0.231455079443072
2007-06-21,-0.38448387412016,-0.3700498857880343,0.5574638921044542,-0.3126857627069703,-0.566565265793818,0.50845919347339,-0.2050474653778974,-0.3622222639464204,-0.665405808959376,0.4514750103209189,3.0900819065707794,2.3130463887340285,-0.1572666074385273
2007-07-01,-0.0341912893854149,-0.0338935225790131,0.7458806923704951,-0.3228122169572081,-0.3414617966521138,1.1200633896941556,-0.126307358312019,0.0926169675158173,-0.5759180876801977,0.9192261096199692,3.247580990592846,2.8457487461568967,0.1324883681263926
2007-07-11,0.0902721398807736,0.0549032033270512,0.3428325804970512,-0.3396896407076045,-0.2560282316859168,0.8300011054571016,-0.1751262246928636,0.4879090015442801,-0.4935528585028315,0.7453919602472171,2.541550613942204,2.389146725508724,0.3732509565185
2007-07-21,0.1314890088377671,0.0396862486138858,0.0462809209478915,-0.3396896407076045,-0.2382012455391239,0.2759596571159373,-0.2381183103455663,0.7726133831957326,-0.3717399807615825,0.2372320455237988,1.5938406083611494,1.8057108102360584,0.5328261604528037
2007-08-01,0.1497775127299419,0.0019616606394777,-0.0143401365290086,-0.3396896407076045,-0.2674344812967884,-0.1076420924254693,-0.206622267519215,0.9190379507456532,-0.2548580590908189,-0.2392870042918596,1.1376363649868886,1.6788769156115655,0.6322107172890806
2007-08-11,0.131150332839764,-0.0491104772921787,0.0430041070302211,-0.3396896407076045,-0.346296233573278,-0.2313120585730505,-0.126307358312019,0.8812100958409149,-0.1754148779552217,-0.4348504223362058,1.1023348461543565,1.6535101366866674,0.7665898363916522
2007-08-21,0.0909156242769796,-0.0956212676193972,0.0151511887300238,-0.3363141559575252,-0.4251579858497675,-0.1809446541783995,0.0862909307658524,0.7237448625054007,-0.0939627887909082,-0.4340879918565007,0.7438886549317225,1.4252091263625808,0.8939700430409647
2007-09-01,0.136603016407616,-0.0435396511195455,-0.0225321713231842,-0.2839941423312964,-0.4121654366241389,0.0636970243099067,0.520936321769501,0.601754555300646,0.0355204650599844,-0.2602538424837486,0.3772959593631199,1.4505759052874792,0.9415626477231256
2007-09-11,0.1280345136581342,-0.0308650868744272,-0.1323054375651385,-0.2181721897047506,-0.4347513216152027,0.324528225639351,0.884715616413859,0.4269138479419029,0.1624469268743293,-0.0616407025205821,-0.0164517506920459,1.1208077792637987,0.5874176775882235
2007-09-21,0.1177048957190354,-0.0109372321763506,-0.245355517724763,-0.137160555702848,-0.4561285973759751,0.5498324185118535,1.0752666755132847,0.2790413242233799,0.3032531168870774,0.2025414586972188,-0.1250718086382986,0.6642057586156257,0.0960940233694461
2007-10-01,0.0478699049307686,-0.0488113725312319,-0.3878969231434199,-0.1219708743274913,-0.5352925019600376,0.6474192645264905,0.9886525577408186,0.1027526606960343,0.3914624421479818,0.4495689341216562,-0.2119678549953007,-0.0460640512815321,-0.1376696525694022
2007-10-11,0.0389627261832837,-0.0256681416529776,-0.5402687703150877,-0.1455992675780462,-0.5500224269542096,0.7301657146034176,0.884715616413859,0.029811868702687,0.5134579478918413,0.7007897771844712,-0.2988639013523028,-0.4011989562301111,-0.204859212120688
2007-10-21,0.1169936761232287,0.0791306889637376,-0.6647876991865581,-0.1304095862026895,-0.4751641927530589,0.8097642019056789,0.7918022900761227,0.0654677893545218,0.6957206944971882,0.9611597860037472,-0.3477429274281165,-0.4265657351550096,-0.2216566020085095
2007-11-01,0.1665758422309021,0.161160169653382,-0.7385160123341393,-0.1169076472023724,-0.3901083181713278,0.7400593118952242,0.6358968780856835,0.0931599510790432,0.8774355570947036,1.0816238017971456,-0.3531739303254291,-0.4265657351550096,-0.2300552969524202
2007-11-11,0.1612924966620517,0.184378176721873,-0.7630921167166663,-0.1455992675780462,-0.3362496693464836,0.5925547704537455,0.4406214125623051,0.1049245949489379,0.9298497938439368,1.1250823391403335,-0.3586049332227418,-0.4265657351550096,-0.231455079443072
2007-11-21,0.1184161153148422,0.1664318910650682,-0.7811145932638529,-0.2401128405802659,-0.2880563762886289,0.4216653626861785,0.2280231234844335,0.0973228250637752,0.8518676367292239,1.1170768191034306,-0.3586049332227418,-0.4265657351550096,-0.231455079443072
2007-12-01,0.1281699840573354,0.1873318362362219,-0.7549000819224906,-0.3143735050820099,-0.2252086963134955,0.3371200767380138,0.0799917222005822,0.1650147759459388,0.8080369161026877,1.1052591466680022,-0.3586049332227418,-0.4265657351550096,-0.2300552969524202
2007-12-11,0.1479486623407242,0.2144008171019023,-0.7450696401694797,-0.3396896407076045,-0.1807923071003002,0.2903503440858376,-0.0507168555287758,0.297502765373061,0.7773554116641124,1.042739847332188,-0.3586049332227418,-0.4265657351550096,-0.2286555144617684
2007-12-21,0.1568558410882094,0.2301785932418429,-0.7270471636222934,-0.3396896407076045,-0.1537496755725385,0.2103021478157669,-0.1404805775838771,0.437773519206421,0.7444823711942101,0.9512481897675814,-0.3586049332227418,-0.4265657351550096,-0.2286555144617684
2008-01-01,0.1347064308187978,0.2161580575724643,-0.6926406174867554,-0.3396896407076045,-0.1548827467259362,0.0933778161853264,-0.2129214760844852,0.6080893635382819,0.6139033493276538,0.8673808370000253,-0.3586049332227418,-0.4265657351550096,-0.2286555144617684
2008-01-11,0.0964021754446321,0.1821722791098908,-0.6631492922277229,-0.3396896407076045,-0.1767887890249611,-0.0136529181533077,-0.2806379681611406,0.6911658487118462,0.5134579478918413,0.7842759147121747,-0.3586049332227418,-0.4265657351550096,-0.2258559494804648
2008-01-21,0.0356775690026522,0.1216035650181751,-0.6418500017628661,-0.3396896407076045,-0.215464284394274,-0.1750984375968774,-0.3782757009228298,0.7108942515090539,0.42305708659961,0.6672428360774489,-0.3586049332227418,-0.4265657351550096,-0.224456166989813
2008-02-01,-0.055155333661815,0.0277220581760159,-0.640211594804031,-0.3396896407076045,-0.2660747959127109,-0.3527334798815851,-0.4696142251192487,0.6584058403972161,0.3089145849680049,0.4712982027932502,-0.3586049332227418,-0.4265657351550096,-0.2328548619337238
2008-02-11,-0.2141298471245331,-0.13887929367132,-0.6860869896514149,-0.3396896407076045,-0.3564938739538584,-0.5564516422992372,-0.4853622465324244,0.5251938728857928,0.042460329159186,0.225033157848518,-0.3586049332227418,-0.4265657351550096,-0.2384539918963309
2008-02-21,-0.3835355813257509,-0.3179682692881826,-0.7336007914576338,-0.3396896407076045,-0.4456288046878218,-0.7678148571696487,-0.4853622465324244,0.351258138132426,-0.2727556033466545,0.0325194617229919,-0.3586049332227418,-0.4265657351550096,-0.2384539918963309
2008-03-01,-0.5298097448633478,-0.4754843140217613,-0.7532616749636555,-0.3396896407076045,-0.5316666742691646,-0.9342071752591218,-0.4853622465324244,0.1870961075171257,-0.5103546347430037,-0.1710494763582572,-0.3586049332227418,-0.4265657351550096,-0.2384539918963309
2008-03-11,-0.6294820910756995,-0.5851809850989794,-0.7499848610459853,-0.3396896407076045,-0.5966294203973073,-0.9980658486880548,-0.4853622465324244,0.0652867948334465,-0.6542655008001313,-0.3620383115243731,-0.3586049332227418,-0.4265657351550096,-0.2384539918963309
2008-03-21,-0.6941692066943171,-0.6565548586798962,-0.7336007914576338,-0.3396896407076045,-0.6433874899941915,-1.0227998419175708,-0.4853622465324244,-0.0152557670450635,-0.7344391939461707,-0.5015630893103981,-0.3586049332227418,-0.4265657351550096,-0.2384539918963309
2008-04-01,-0.7541825935404903,-0.7231430560856649,-0.6778949548572393,-0.3396896407076045,-0.6903721738217552,-1.0434864544368023,-0.4853622465324244,-0.1196896057055137,-0.7782699145727071,-0.6349884232587824,-0.3586049332227418,-0.4265657351550096,-0.2384539918963309
2008-04-11,-0.7902177197280342,-0.7637091392890669,-0.5484608051092633,-0.3329386712074459,-0.7085013122761206,-1.0452852903080403,-0.4853622465324244,-0.2214085265498343,-0.7939759227972161,-0.7520215018935081,-0.3395964230821476,-0.3504653983803141,-0.2384539918963309
2008-04-21,-0.7898790437300311,-0.7662515297571143,-0.3436599352548711,-0.327875444082327,-0.6797968430567087,-0.9944681769455797,-0.4790630379671541,-0.3162496555932934,-0.7967153428363745,-0.8355076394212115,-0.2282608636872386,-0.0714308302064306,-0.2384539918963309
2008-05-01,-0.7661717238698048,-0.7485295726710197,-0.1683503906595115,-0.3329386712074459,-0.6424810330714732,-0.8136851718862061,-0.3987481287599582,-0.4429458203460057,-0.7937932947946054,-0.8538059709341327,0.1220388231894261,0.3851711904417423,-0.2384539918963309
2008-05-11,-0.7087661422082565,-0.7072157275652508,-0.0290857991585248,-0.3396896407076045,-0.6019170857798306,-0.5622978588807591,-0.1641026097036406,-0.5580583357498988,-0.7883144547162884,-0.7878557344396455,0.5863895709096563,0.9432403267895092,-0.2384539918963309
2008-05-21,-0.7225502553269882,-0.7425100893569665,-0.1421358793181493,-0.3396896407076045,-0.6695236645992351,-0.4426752734434624,0.0941649414724403,-0.6992340621886356,-0.7815572186196973,-0.7249552198639786,0.8959567360564762,1.27300845281319,-0.2384539918963309
2008-06-01,-0.8071853872279964,-0.84080339142309,-0.401004178814101,-0.3396896407076045,-0.8112330968508581,-0.4705572294476442,0.2516451556041971,-0.8360659201215651,-0.773704214507443,-0.7562148695318859,1.0100077969000414,1.1461745581886973,-0.2384539918963309
2008-06-11,-0.8464379353965712,-0.8912773198328529,-0.5894209790801418,-0.3396896407076045,-0.8934940625875413,-0.580735926560944,0.5036134982150079,-0.902309914835126,-0.7545282742333332,-0.7577397304912961,1.2924199475602984,1.1208077792637987,-0.2384539918963309
2008-06-21,-0.8363115230562745,-0.8926606793522317,-0.6320195600098555,-0.3396896407076045,-0.9259754356516128,-0.7080035644510003,1.0075501834366292,-0.9366988738394336,-0.7130717176407343,-0.7535463628529182,2.0989238778112247,0.6134722007658289,-0.2384539918963309
2008-07-01,-0.7896081029316284,-0.8516085509122912,-0.6189123043391742,-0.3396896407076045,-0.9067887641207426,-0.8019927387231621,1.6327466335397034,-0.95226440265191,-0.6330806524973054,-0.7150436236278129,2.57413663132608,0.1315034011927574,-0.2384539918963309
2008-07-11,-0.7643428734805873,-0.8336996533506048,-0.640211594804031,-0.3396896407076045,-0.8919833010496775,-0.8905854053816114,2.076840837391257,-0.975612695870624,-0.557107403411309,-0.7180933455466332,2.2102594372061337,-0.0967976091313291,-0.2062589946113398
2008-07-21,-0.672256869623508,-0.7545490559850729,-0.6189123043391742,-0.3312509288324063,-0.8015642230085299,-0.8523601431178134,2.2484942707948723,-0.9585992108895456,-0.4621408420538137,-0.6281265489414368,1.642719634436963,-0.0460640512815321,-0.1516674774759201
2008-08-01,-0.4944181030720097,-0.6037628683727959,-0.5697600955741201,-0.3244999593322478,-0.6210282192338075,-0.7453294087791794,2.4437697363182505,-0.9263821861381416,-0.3273613761272144,-0.4825023273177716,1.30599745480358,-0.1221643880562276,-0.0718798755087682
2008-08-11,-0.2911109014706683,-0.4406386093714658,-0.4911165615500335,-0.3160612474570495,-0.4347513216152027,-0.5955763224986537,2.585501929036832,-0.8874683641069511,-0.1533168896393429,-0.3650880334431934,1.04802481718123,-0.0714308302064306,-0.0046903159574824
2008-08-21,-0.0893616094601417,-0.2653632194566741,-0.364959225719728,-0.2873696270813757,-0.2399386213076674,-0.4291840044091808,2.7162105067661897,-0.8351609475161885,0.0453823772009551,-0.2499610310077304,0.8606552172239441,-0.0206972723566336,-0.0396848782237771
2008-09-01,0.0992470538278592,-0.075319531970137,-0.233886669012917,-0.2772431728311379,-0.0340218236968334,-0.2079271922469627,2.9256591915614263,-0.7701839144501545,0.2238099357514801,-0.0429611557678084,0.5402260462824988,0.1315034011927574,-0.1362698700787504
2008-09-11,0.1466616935483121,0.0066725606243889,-0.1699887976183466,-0.290745111831455,0.0302610797392708,-0.081558972292525,2.9114859722895683,-0.7379668896987506,0.3348477613387056,0.1434530965200773,0.0813063014595814,0.0046695065682648,-0.2132579070645987
2008-09-21,0.1641373750452789,0.0585672366486489,-0.1601583558653358,-0.3109980203319307,0.0471816089633452,0.0565016808249566,2.8201474480931488,-0.7119036786639068,0.4024201223046158,0.3332982859666355,-0.0789082840111412,-0.1221643880562276,-0.2328548619337238
2008-10-01,0.125697649271912,0.0481359581106312,-0.1732656115360168,-0.3261877017072874,-0.0319067575438241,0.132502496384743,2.54140746907994,-0.682763560770783,0.4542864750460173,0.482734659988826,-0.1793818376114249,-0.1982647248309231,-0.2384539918963309
2008-10-11,0.1507935407239516,0.0930016722526428,-0.1667119837006763,-0.3312509288324063,-0.0575897036875084,0.2399829396911863,2.371328837817643,-0.6337140455593757,0.6040414371866831,0.6279776663726387,-0.2825708926603649,-0.3250986194554156,-0.2384539918963309
2008-10-21,0.2749521615919371,0.2236730646912514,-0.1634351697830061,-0.327875444082327,-0.0127956240898472,0.4486479007547417,2.1351085166200074,-0.5609542480871037,0.9356938899274748,0.8159167796199344,-0.3395964230821476,-0.3504653983803141,-0.2384539918963309
2008-11-01,0.3490206023552443,0.3016646311081146,-0.2125873785480602,-0.327875444082327,-0.0075079587073239,0.6847451088546695,1.89416378899842,-0.490728373909886,1.1214265685824227,0.9710713822399129,-0.3586049332227418,-0.4011989562301111,-0.2384539918963309
2008-11-11,0.3817705713621573,0.3392022786069311,-0.3043381682428279,-0.3211244745821685,-0.0118136290902356,0.8313502323605294,1.594951382148082,-0.4130817243685807,1.184615857485679,1.079717725597883,-0.3586049332227418,-0.4265657351550096,-0.2384539918963309
2008-11-21,0.3905761473102412,0.3541575166542682,-0.4206650623201226,-0.3261877017072874,-0.0118891671671288,0.8439420834591925,1.2642429324713929,-0.3471997186971702,1.2061659617937264,1.1780712574798349,-0.3586049332227418,-0.4265657351550096,-0.2384539918963309
2008-12-01,0.4063923164169923,0.3739732070669896,-0.4927549685088687,-0.3363141559575252,0.0081284232095662,0.8416935386201452,0.7729046643803118,-0.2699150581980156,1.2264376700834991,1.2516457987713725,-0.3586049332227418,-0.4265657351550096,-0.2384539918963309
2008-12-11,0.3892891785178289,0.3600648356829661,-0.5599296538211093,-0.3396896407076045,-0.008716567937615,0.7904267162898753,0.3036136262676767,-0.2112728333696173,1.245613610357609,1.237540834896829,-0.3586049332227418,-0.4265657351550096,-0.2384539918963309
2008-12-21,0.3371669424251313,0.3216672619964281,-0.6090818625861635,-0.3396896407076045,-0.0512445052284805,0.727017751828752,-0.068039679083269,-0.162766301721436,1.2489009144045993,1.136900011575762,-0.3586049332227418,-0.4265657351550096,-0.2370542094056791
2009-01-01,0.2588311840869831,0.2671180312187657,-0.62710433913335,-0.3396896407076045,-0.093772442519346,0.614140800908596,-0.3263072302593501,-0.0874725809541097,1.1953909096397026,0.9264691991771672,-0.3586049332227418,-0.4265657351550096,-0.2328548619337238
2009-01-11,0.1569913114874106,0.1982117719156599,-0.6385731878451959,-0.3396896407076045,-0.1494440051896265,0.4922696706322523,-0.4223701608797217,-0.0297353287310878,1.0743085439088962,0.7667400136789585,-0.3586049332227418,-0.4265657351550096,-0.2370542094056791
2009-01-21,0.0506809157141955,0.1148363198017551,-0.6385731878451959,-0.3396896407076045,-0.2047378774754412,0.3416171664161075,-0.464889818695296,0.0365086659824732,0.8620948048754158,0.6268340206530811,-0.3586049332227418,-0.4265657351550096,-0.2384539918963309
2009-02-01,-0.0050651535571368,0.0665682890039744,-0.6254659321745148,-0.3396896407076045,-0.2227914778529133,0.1810710649081567,-0.4711890272605663,0.1087254798915193,0.727132710946206,0.497220839103222,-0.3586049332227418,-0.4265657351550096,-0.2384539918963309
2009-02-11,-0.099860565398242,-0.0272384416479479,-0.6467652226393716,-0.3380018983325649,-0.254139779763587,-0.0338898217047299,-0.4790630379671541,0.1203091292403387,0.4979345676699431,0.3386352993245709,-0.3586049332227418,-0.4265657351550096,-0.2384539918963309
2009-02-21,-0.2089481043550837,-0.1386923531957282,-0.6778949548572393,-0.3380018983325649,-0.292059894363968,-0.2223178792168628,-0.4806378401084717,0.0850151976306545,0.2228967957384273,0.1888177100625278,-0.3586049332227418,-0.4265657351550096,-0.2384539918963309
2009-03-01,-0.3216933440903603,-0.2551188813942482,-0.7073862801162717,-0.3363141559575252,-0.3304332374257081,-0.3914084511131921,-0.4837874443911069,0.0343367317295696,-0.0687601244306499,0.0424310579591575,-0.3586049332227418,-0.4265657351550096,-0.2384539918963309
2009-03-11,-0.4196045751130953,-0.3590203977281231,-0.6647876991865581,-0.3076225355818514,-0.3597420112602656,-0.5398124104902897,-0.4837874443911069,-0.0349841698422715,-0.3353970082420794,-0.0780329578342407,-0.3586049332227418,-0.4265657351550096,-0.2384539918963309
2009-03-21,-0.4975339222536394,-0.4434801046004598,-0.4911165615500335,-0.2502392948305037,-0.3785509924066698,-0.6396478013439736,-0.4853622465324244,-0.1218615399584173,-0.5362878111137043,-0.2255632556571686,-0.3586049332227418,-0.4265657351550096,-0.2384539918963309
2009-04-01,-0.5532122563253711,-0.5114142734304888,-0.1093677401414466,-0.1641644337034822,-0.3783999162528834,-0.7268913410989946,-0.4853622465324244,-0.2320872032932772,-0.6812944451864955,-0.4222703194210724,-0.3586049332227418,-0.4265657351550096,-0.2384539918963309
2009-04-11,-0.5344157384361916,-0.5053574020213174,0.7229429949468031,-0.0915915115767778,-0.3188759116610503,-0.6607841228310148,-0.4853622465324244,-0.3193265624515736,-0.7503278301732902,-0.6090657869488105,-0.3586049332227418,-0.3250986194554156,-0.2384539918963309
2009-04-21,-0.4681029780271584,-0.4459851069733887,1.9042344122669368,-0.0392714979505491,-0.2388810882311626,-0.3055140382615994,-0.4822126422497892,-0.4043939873569662,-0.7824703586327502,-0.7615518828898213,-0.3531739303254291,0.7149393164654229,-0.2384539918963309
2009-05-01,-0.4876107155121447,-0.4758208068778264,2.4858688826534108,-0.0578366640759851,-0.3089048855111493,-0.0761624646788123,-0.4664646208366135,-0.488375445135907,-0.7950716908128793,-0.873629163406464,-0.2880018955576776,2.414513504433623,-0.2384539918963309
2009-05-11,-0.5855219465348797,-0.5856296422403997,2.5153602079124435,-0.0966547387018968,-0.4799230915973299,-0.1238316152666072,-0.4459921929994851,-0.5690990015354924,-0.7976284828494273,-0.9414854761002138,-0.2011058492006754,3.1247833143307804,-0.2384539918963309
2009-05-21,-0.7523876107510732,-0.7560071916946882,1.830506099119356,-0.155725721828284,-0.6666532176772938,-0.5249720145525801,-0.453866203706073,-0.6746188073223942,-0.7985416228624801,-1.0203970307496868,-0.2065368520979881,2.921849082931592,-0.2384539918963309
2009-06-01,-0.9340534160800078,-0.9361804220699828,0.6918132627289355,-0.2046702507044335,-0.8465093787599776,-0.9423019366796908,-0.4711890272605663,-0.8118126542974743,-0.7989068788677013,-1.066905290011695,-0.2472693738278328,2.236946051959333,-0.2384539918963309
2009-06-11,-1.0485597710049013,-1.0570561335875854,-0.1683503906595115,-0.2468638100804245,-0.9738665764018948,-1.2094290635584664,-0.4790630379671541,-0.8961561011185658,-0.7989068788677013,-1.0844411910449114,-0.2418383709305202,0.7403060953903213,-0.2384539918963309
2009-06-21,-1.118902775790173,-1.1332530714387683,-0.6959174314044257,-0.3143735050820099,-1.0623216644438194,-1.35333593325747,-0.4822126422497892,-0.9495494848357804,-0.7976284828494273,-1.0852036215246166,-0.2011058492006754,-0.1221643880562276,-0.2384539918963309
2009-07-01,-1.169704175490658,-1.188699616499271,-0.913825556929499,-0.3380018983325649,-1.1390683505672998,-1.4342835474631594,-0.4853622465324244,-0.992807175372778,-0.7950716908128793,-1.076054455768156,-0.2635623825197707,-0.3250986194554156,-0.2384539918963309
2009-07-11,-1.2210135891881482,-1.2432862353720515,-0.9662545796122234,-0.3396896407076045,-1.227447900532331,-1.4936451312139984,-0.4853622465324244,-1.04475260292139,-0.78886233872412,-1.0493693889784788,-0.3504584288767728,-0.4265657351550096,-0.2384539918963309
2009-07-21,-1.253797425794861,-1.277122461454152,-0.9711698004887288,-0.3396896407076045,-1.2898423520461058,-1.537266901091509,-0.4853622465324244,-1.0729877482091372,-0.7800961945988129,-1.0203970307496868,-0.3558894317740855,-0.4265657351550096,-0.2384539918963309
2009-08-01,-1.265007601328768,-1.288712770940838,-0.9777234283240692,-0.3396896407076045,-1.3241366389556135,-1.566497983999119,-0.4853622465324244,-1.0784175838413963,-0.7658512103951884,-0.966264466690628,-0.3586049332227418,-0.4265657351550096,-0.2384539918963309
2009-08-11,-1.251460561408639,-1.2771972376443883,-0.9810002422417397,-0.3396896407076045,-1.333125670105903,-1.5772909992265445,-0.4790630379671541,-1.0719017810826856,-0.7410138020401512,-0.8755352396057267,-0.3368809216334912,-0.4265657351550096,-0.2216566020085095
2009-08-21,-1.2245358195673817,-1.2549513210489744,-0.9826386492005748,-0.3396896407076045,-1.3242121770325066,-1.5858354696149228,-0.4633150165539785,-1.0519923837644023,-0.7209247217529887,-0.7802314296425951,-0.3151569100442407,-0.4265657351550096,-0.2118581245739469
2009-09-01,-1.1801353962291576,-1.213375759277377,-0.9826386492005748,-0.3396896407076045,-1.2933926416600856,-1.5759418723231164,-0.3168584174114447,-1.0252051946452572,-0.6743545810872938,-0.6994137987938593,-0.3097259071469281,-0.4265657351550096,-0.2300552969524202
2009-09-11,-1.154599225979714,-1.1854468522239752,-0.9826386492005748,-0.3396896407076045,-1.2846302247404755,-1.559302640514169,-0.079063294072492,-1.0241192275188054,-0.6204793203171763,-0.6429939432956854,-0.3423119245308039,-0.4265657351550096,-0.2384539918963309
2009-09-21,-1.1336351817033137,-1.162004516584774,-0.9826386492005748,-0.3396896407076045,-1.2807777828189228,-1.5354680652202717,0.131960192864062,-1.0452955864846158,-0.5744570636593131,-0.552264716210784,-0.3586049332227418,-0.4265657351550096,-0.2384539918963309
2009-10-01,-1.1319756693130978,-1.1590134689753069,-0.9826386492005748,-0.3396896407076045,-1.301097525503191,-1.5080358181838989,0.240621540614974,-1.0775126112360198,-0.551628563332992,-0.4642039958048504,-0.3586049332227418,-0.4265657351550096,-0.2384539918963309
2009-10-11,-1.1300790837242798,-1.155685928509774,-0.9826386492005748,-0.3396896407076045,-1.3144677651132854,-1.4491239434008691,0.215424706353893,-1.0928971455274208,-0.5446886992337905,-0.3929167459524278,-0.3586049332227418,-0.4265657351550096,-0.2384539918963309
2009-10-21,-1.1241183861594228,-1.1453668142571114,-0.9826386492005748,-0.3396896407076045,-1.3072161097315391,-1.370874583002036,0.0768421179179471,-1.097241014033228,-0.5561942633982563,-0.3166736979819225,-0.3586049332227418,-0.4265657351550096,-0.2384539918963309
2009-11-01,-1.1467080752262384,-1.1625279499164307,-0.9826386492005748,-0.3396896407076045,-1.3081225666542575,-1.3344481566094757,-0.1499293904317825,-1.1108156031138758,-0.6204793203171763,-0.2979941512291487,-0.3586049332227418,-0.4265657351550096,-0.2384539918963309
2009-11-11,-1.1730909354706904,-1.1871667045994188,-0.9826386492005748,-0.3396896407076045,-1.3118994704989169,-1.3142112530580532,-0.3546536688030663,-1.121132290815168,-0.7019314094814897,-0.3029499493472316,-0.3586049332227418,-0.4265657351550096,-0.2384539918963309
2009-11-21,-1.1845043166033993,-1.1981588045642118,-0.9826386492005748,-0.3396896407076045,-1.3035147439637729,-1.3061164916374843,-0.4444173908581676,-1.1149784770986078,-0.7536151342202804,-0.3441211952513044,-0.3586049332227418,-0.4265657351550096,-0.2384539918963309
2009-12-01,-1.1683833390984455,-1.180212518907407,-0.9826386492005748,-0.3396896407076045,-1.2650658628251397,-1.269690065244924,-0.4743386315432014,-1.0836664249525805,-0.773704214507443,-0.3852924411553773,-0.3586049332227418,-0.4265657351550096,-0.2384539918963309
2009-12-11,-1.1450146952362223,-1.1542277928001587,-0.9826386492005748,-0.3396896407076045,-1.2169481078441775,-1.234612765755792,-0.4822126422497892,-1.0404087344155826,-0.7841140106562453,-0.4417122966535513,-0.3586049332227418,-0.4265657351550096,-0.2384539918963309
2009-12-21,-1.1237797101614195,-1.1306732928756027,-0.9826386492005748,-0.3396896407076045,-1.1729849470923417,-1.211227899429704,-0.4853622465324244,-0.9967890548364344,-0.7886797107215096,-0.5034691655096606,-0.3586049332227418,-0.4265657351550096,-0.2384539918963309
2010-01-01,-1.0945181039339402,-1.0983325905982362,-0.9826386492005748,-0.3396896407076045,-1.1187486078830318,-1.1860441972323783,-0.4853622465324244,-0.9401377697398644,-0.7917843867658891,-0.5560768686093093,-0.3586049332227418,-0.4265657351550096,-0.2384539918963309
2010-01-11,-1.0701334320777074,-1.0715253263983842,-0.9826386492005748,-0.3396896407076045,-1.0795443459754666,-1.1478189349685803,-0.4853622465324244,-0.901042953187599,-0.7928801547815526,-0.572469123922968,-0.3586049332227418,-0.4265657351550096,-0.2384539918963309
2010-01-21,-1.0450375406256678,-1.0438581360108103,-0.9826386492005748,-0.3396896407076045,-1.0428328406053764,-1.1082445458013543,-0.4853622465324244,-0.8543463667501707,-0.7921496427711103,-0.5827619353989862,-0.3586049332227418,-0.4265657351550096,-0.2384539918963309
2010-02-01,-1.026342625535889,-1.023219907505485,-0.9826386492005748,-0.3396896407076045,-1.0106536198488778,-1.0920550229602164,-0.4853622465324244,-0.8168805008875829,-0.7921496427711103,-0.587717733517069,-0.3586049332227418,-0.4265657351550096,-0.2384539918963309
2010-02-11,-1.0375866686695965,-1.0356327550847748,-0.9826386492005748,-0.3396896407076045,-1.008311939465189,-1.1743517640693342,-0.4853622465324244,-0.812174643339625,-0.79525431881549,-0.6498558176130309,-0.3586049332227418,-0.4265657351550096,-0.2384539918963309
2010-02-21,-1.055434893764367,-1.0553362812121416,-0.9810002422417397,-0.3396896407076045,-1.016847742154119,-1.254399960339405,-0.4853622465324244,-0.8192334296615619,-0.7983589948598696,-0.7154248388676655,-0.3586049332227418,-0.4265657351550096,-0.2384539918963309
2010-03-01,-1.0736217948571405,-1.0753763001955736,-0.9793618352829044,-0.3109980203319307,-1.035430109069844,-1.2678912293736866,-0.4853622465324244,-0.8331700077843602,-0.7989068788677013,-0.7924303173178758,-0.3586049332227418,-0.4265657351550096,-0.2384539918963309
2010-03-11,-1.0969904387193636,-1.10117408582723,-0.9678929865710584,-0.2080457354545128,-1.0635302736741103,-1.2782345356333027,-0.4853622465324244,-0.8606811749878063,-0.7992721348729225,-0.8774413158049893,-0.3586049332227418,-0.4265657351550096,-0.2384539918963309
2010-03-21,-1.1134839598221211,-1.119382088149863,-0.949870510023872,0.0164240004257589,-1.0904973671249791,-1.2813824984079685,-0.4853622465324244,-0.8845724517697464,-0.7994547628755331,-0.9350048170227208,-0.3586049332227418,-0.4265657351550096,-0.2384539918963309
2010-04-01,-1.1295372021274743,-1.1371040452359575,-0.9302096265178504,0.1362537090535731,-1.1114214144243924,-1.2894772598285371,-0.4853622465324244,-0.9035768764826532,-0.7994547628755331,-1.0005738382773557,-0.3586049332227418,-0.4265657351550096,-0.2384539918963309
2010-04-11,-1.136818736084544,-1.1451424856864014,-0.902356708217653,0.1176885429281371,-1.1188996840368182,-1.2773351176976837,-0.4853622465324244,-0.91063566280459,-0.7994547628755331,-1.03297713366482,-0.3586049332227418,-0.4011989562301111,-0.2384539918963309
2010-04-21,-1.1338383873021156,-1.141964497601342,-0.830266802028907,-0.0004534233246374,-1.1185975317292456,-1.1977366303954222,-0.4853622465324244,-0.9120836189731926,-0.7994547628755331,-1.050131819458184,-0.3586049332227418,-0.2236315037558216,-0.2384539918963309
2010-05-01,-1.110943889837097,-1.1167649214915791,-0.6172738973803391,-0.1641644337034822,-1.1137630948080814,-0.9400533918406438,-0.3861497116294177,-0.9222193121534096,-0.7994547628755331,-1.0619494918936123,-0.3042949042496154,1.1208077792637987,-0.2384539918963309
2010-05-11,-1.0307792811097314,-1.0294637193902485,-0.1126445540591168,-0.2637412338308208,-1.0981267128911911,-0.2416553648326666,-0.0837877004964447,-0.9330789834179276,-0.7989068788677013,-1.050131819458184,0.0405737797297366,3.505284998204258,-0.2384539918963309
2010-05-21,-0.9049950154513304,-0.8983810579053381,0.6311922052520355,-0.2789309152061776,-1.0713862336710025,0.7369113491205583,0.1429838078532849,-0.950454457441157,-0.7990895068703119,-0.9506346418566743,0.6081135824989068,5.128758849397762,-0.2384539918963309
2010-06-01,-0.7681360446582234,-0.7603442107284161,1.4782486029698014,-0.3008715660816928,-1.0229663263824678,1.6673592035181792,0.2484955513215619,-0.979775569855356,-0.7987242508650908,-0.7973861154359587,1.0588868229758552,6.143430006393702,-0.2384539918963309
2010-06-11,-0.6119725419789322,-0.6013326421901035,2.5284674635831244,-0.3211244745821685,-0.9429715029525804,2.606801237271988,0.3398340755179809,-1.0047528137637478,-0.7972632268442061,-0.6445188042550956,1.449919031582365,6.523931690267179,-0.2384539918963309
2010-06-21,-0.4401622081918916,-0.4300203903578563,3.942412669057848,-0.3396896407076045,-0.8442432364531819,3.320039660217674,0.5792040009982511,-1.0081917096641786,-0.792697526778942,-0.4466680947716342,1.846382243086187,6.320997458867992,-0.2384539918963309
2010-07-01,-0.3071302761762213,-0.305592809804011,4.823875612911151,-0.3380018983325649,-0.7227024707320403,3.5017220832126665,0.8075503114892982,-0.9922641918095518,-0.7790004265831494,-0.2697842234800617,1.887114764816032,5.534627312196139,-0.2384539918963309
2010-07-11,-0.3066561297790167,-0.3116122931180643,4.7173791605868685,-0.3380018983325649,-0.6129456450062362,2.914402171253608,0.6201488566725079,-0.9837574493190128,-0.7559892982542179,-0.2667345015612415,0.9475512635809464,4.240921587026315,-0.2384539918963309
2010-07-21,-0.3354435896092916,-0.3434295620637742,3.7802103801331697,-0.3143735050820099,-0.4917070315926673,2.045564445445873,0.3036136262676767,-0.9611331341845996,-0.7167242776929457,-0.20917100034351,0.1682023478165835,2.8964823040066943,-0.2300552969524202
2010-08-01,-0.3506840095194372,-0.3654511500884781,2.0254765272207376,-0.2823063999562568,-0.3583067877992951,1.238786557195834,0.0248736472544673,-0.9184184272108282,-0.6475082647035404,-0.1733367677973724,-0.0789082840111412,1.2222748949633928,-0.1558668249478755
2010-08-11,-0.3004583590155575,-0.3183047621442476,0.7262198088644735,-0.2603657490807415,-0.185928896329037,0.7337633863458927,0.073692513635312,-0.8668349887043667,-0.5666040595470586,-0.1352152438121198,-0.1142098028436733,0.2583372958172498,-0.0424844432050807
2010-08-21,-0.1736580653631467,-0.1914843435028285,0.0626649905362428,-0.2485515524554641,0.0502786701159659,0.4589912070143576,0.2563695620281497,-0.8013149720751067,-0.4612277020407608,-0.0681213615980751,-0.1060632984977043,-0.3250986194554156,0.0932944583881426
2010-09-01,0.1116087277549774,0.1057884007831161,-0.20931056463039,-0.2367373558301866,0.4949713287861713,0.4086238026197062,0.6107000438246023,-0.6230353688159328,-0.3227956760619502,0.0424310579591575,-0.0979167941517354,-0.3758321773052126,0.2444709673785355
2010-09-11,0.3398086152095564,0.3540453523689131,-0.4042809927317713,-0.272179945706019,0.8557411840280432,0.3744459210661929,0.881566012131224,-0.4476516778939636,-0.156238937681112,0.1400221593614045,-0.1386493158815802,-0.3758321773052126,0.0261048988368568
2010-09-21,0.5367148404486368,0.575158546898793,-0.4780093058793525,-0.3126857627069703,1.1730011069794388,0.3753453390018118,1.3177862052761902,-0.3388739707277063,-0.0044750675117299,0.2574364532359827,-0.1495113216762054,-0.4265657351550096,-0.1908613872141701
2010-10-01,0.6234497635372651,0.6837335751224608,-0.4911165615500335,-0.3380018983325649,1.3201492807673714,0.3303744422208731,1.6311718313983865,-0.3115437980453355,0.0853779097726696,0.3714198099518883,-0.1820973390600812,-0.4265657351550096,-0.224456166989813
2010-10-11,0.7085251742356773,0.7835224009933183,-0.4468795736614849,-0.3380018983325649,1.4311147157234665,0.3856886452614276,1.8484945269002104,-0.30828589666598,0.180344471130165,0.5376296545275899,-0.2201143593412697,-0.4265657351550096,-0.2328548619337238
2010-10-21,0.7987823277035392,0.877927341167134,-0.3436599352548711,-0.3396896407076045,1.5117138437684994,0.5134059921192934,1.930384238248724,-0.2943493185431816,0.287364480659958,0.7202317544169504,-0.2771398897630523,-0.4265657351550096,-0.2356544269150273
2010-11-01,0.7467955620100428,0.8242380365771937,-0.3223606447900143,-0.3396896407076045,1.392967986892406,0.4805772374692081,1.8484945269002104,-0.32023153505695,0.3204201491324708,0.825065945376395,-0.3314499187361786,-0.4265657351550096,-0.2384539918963309
2010-11-11,0.5989296212818308,0.6698625918335556,-0.3764280744315739,-0.3396896407076045,1.1225416716147882,0.3807418466155244,1.554006526473825,-0.3305482227582424,0.3058099089236253,0.8448891378487263,-0.3531739303254291,-0.4265657351550096,-0.2384539918963309
2010-11-21,0.3802126617713423,0.4391032687631431,-0.4517947945379902,-0.3396896407076045,0.7365420986905908,0.2687643136309871,1.1461327718725751,-0.3394169542909321,0.2362286399289988,0.8121046272214091,-0.3586049332227418,-0.4265657351550096,-0.2384539918963309
2010-12-01,0.2056590524004753,0.2533218241200972,-0.4829245267558579,-0.3396896407076045,0.4136168199722065,0.2300893423993799,0.5855032095635214,-0.2938063349799557,0.1717609550074682,0.7739831032361565,-0.3586049332227418,-0.4265657351550096,-0.2384539918963309
2010-12-11,0.043602587355928,0.0850006198973175,-0.4878397476323633,-0.3396896407076045,0.1323130216219693,0.1945623339424382,0.1445586099946024,-0.2657521842132835,0.0943266819005874,0.728618489693706,-0.3586049332227418,-0.4265657351550096,-0.2384539918963309
2010-12-21,-0.1087677441457271,-0.0660472843807879,-0.4862013406735281,-0.3396896407076045,-0.1000421029014807,0.0879813085716138,-0.0381184383982352,-0.2595983704967234,0.0037431926057456,0.6744859256346469,-0.3586049332227418,-0.4265657351550096,-0.2384539918963309
2011-01-01,-0.2981892298289358,-0.2536981337797511,-0.5156926659325607,-0.3396896407076045,-0.3193291401224092,-0.1719504748222118,-0.2365435082042487,-0.2742589267038229,-0.153682145644564,0.4918838257452866,-0.3586049332227418,-0.4265657351550096,-0.2384539918963309
2011-01-11,-0.4173693135262739,-0.3723679476853715,-0.5550144329446038,-0.3396896407076045,-0.4098992943173433,-0.3716212565295791,-0.3263072302593501,-0.3124487706507119,-0.3039849917930617,0.3153811696935668,-0.3586049332227418,-0.4265657351550096,-0.2384539918963309
2011-01-21,-0.535804310028005,-0.4905143282593351,-0.5926977929978121,-0.3396896407076045,-0.4769015685216022,-0.5942271955952256,-0.4160709523144514,-0.3587833680459896,-0.4804036423148705,0.1152431687709902,-0.3586049332227418,-0.4265657351550096,-0.2384539918963309
2011-02-01,-0.6233181879120405,-0.5802083684482399,-0.6090818625861635,-0.3396896407076045,-0.5237351761953796,-0.7822055441395491,-0.4696142251192487,-0.3951632667821257,-0.6177399002780177,-0.0402926490888407,-0.3586049332227418,-0.4265657351550096,-0.2384539918963309
2011-02-11,-0.6975898342741498,-0.6611909824745706,-0.6287427460921851,-0.3396896407076045,-0.5700400173309047,-0.9171182344823652,-0.4853622465324244,-0.4521765409208463,-0.7024792934893214,-0.2286129775759888,-0.3586049332227418,-0.4265657351550096,-0.2384539918963309
2011-02-21,-0.7541148583408895,-0.7233673846563748,-0.6303811530510202,-0.3396896407076045,-0.615665015774391,-0.9800774899756792,-0.4853622465324244,-0.5062939027223621,-0.7452142461001943,-0.38719851735464,-0.3586049332227418,-0.4265657351550096,-0.2384539918963309
2011-03-01,-0.8073208576271976,-0.7818797535165816,-0.6320195600098555,-0.3396896407076045,-0.6680129030613713,-1.024148968820999,-0.4853622465324244,-0.5459317028378535,-0.7768088905518226,-0.537016106616683,-0.3586049332227418,-0.4265657351550096,-0.2384539918963309
2011-03-11,-0.850705252971412,-0.8294374105071138,-0.6254659321745148,-0.3396896407076045,-0.7211161711172832,-1.0398887826943275,-0.4853622465324244,-0.5748908262099021,-0.7937932947946054,-0.6441375890152431,-0.3586049332227418,-0.4265657351550096,-0.2384539918963309
2011-03-21,-0.8793572424024855,-0.8608807985016401,-0.5910593860389769,-0.3363141559575252,-0.7589607476407711,-1.0520309248251811,-0.4853622465324244,-0.5962481796967879,-0.7983589948598696,-0.7169496998270756,-0.3586049332227418,-0.4265657351550096,-0.2384539918963309
2011-04-01,-0.9088559218285672,-0.8934458293497167,-0.5419071772739228,-0.3346264135824855,-0.7986182380096954,-1.0646227759238438,-0.4853622465324244,-0.6194154783944267,-0.7992721348729225,-0.7981485459156638,-0.3586049332227418,-0.4265657351550096,-0.2384539918963309
2011-04-11,-0.9378127196578436,-0.9254126506759,-0.4173882484024524,-0.3312509288324063,-0.8384268045324063,-1.076315209086888,-0.4853622465324244,-0.6454786894292704,-0.7994547628755331,-0.8820158986832196,-0.3586049332227418,-0.4265657351550096,-0.2384539918963309
2011-04-21,-0.9637891687046916,-0.9540893196316692,-0.2175025994245656,-0.3177489898320892,-0.8793684422085148,-1.0808122987649815,-0.4853622465324244,-0.674437812801319,-0.7994547628755331,-0.9483473504175594,-0.3586049332227418,-0.4265657351550096,-0.2384539918963309
2011-05-01,-0.9924750257355656,-0.9858692004822605,0.0692186183715834,-0.3076225355818514,-0.9230294506527784,-1.0830608436040288,-0.4853622465324244,-0.7307271088557384,-0.7994547628755331,-0.997905331598388,-0.3586049332227418,-0.4265657351550096,-0.2384539918963309
2011-05-11,-1.0110006028263423,-1.0063952647022307,0.5345261946807623,-0.295808338956574,-0.9548309810248108,-1.0803625897971725,-0.4853622465324244,-0.7955231474006971,-0.7985416228624801,-1.025734044107622,-0.3586049332227418,-0.4265657351550096,-0.2384539918963309
2011-05-21,-1.0375189334699957,-1.0362309646066683,0.8540155516536142,-0.2890573694564153,-1.0015890506216951,-1.0731672463122222,-0.4853622465324244,-0.8626721147196346,-0.7959848308259322,-1.050894249937889,-0.3531739303254291,-0.3758321773052126,-0.2384539918963309
2011-06-01,-1.0570605385547824,-1.0634868859479405,0.8343546681475925,-0.2856818847063361,-1.0305201340717869,-1.0790134628937442,-0.4853622465324244,-0.9290971039542708,-0.7921496427711103,-1.0672865052515477,-0.3341654201848349,-0.3758321773052126,-0.2384539918963309
2011-06-11,-1.0425990734400443,-1.065730171655041,0.6868980418524301,-0.2823063999562568,-1.0176786609999444,-1.0907058960567884,-0.4853622465324244,-0.9747077232652476,-0.77279107449439,-1.072242303369631,-0.3015794028009592,-0.4265657351550096,-0.2384539918963309
2011-06-21,-0.9984357233004224,-1.0388481312649522,0.4329449632329839,-0.2772431728311379,-0.9570971233316068,-1.1140907623828764,-0.4837874443911069,-1.0022188904686935,-0.7274993298469692,-1.0779605319674186,-0.2825708926603649,-0.4265657351550096,-0.2384539918963309
2011-07-01,-0.980960041803456,-1.0274447622538578,-0.0208937643643491,-0.2890573694564153,-0.9219719175762736,-1.1325288300630612,-0.4837874443911069,-1.0215853042237513,-0.6829380972099905,-1.0749108100485982,-0.3070104056982718,-0.4265657351550096,-0.231455079443072
2011-07-11,-1.0284762843233095,-1.0743294335322595,-0.4878397476323633,-0.3143735050820099,-0.992751095625192,-1.2139261532365602,-0.4696142251192487,-1.0438476303160136,-0.662849016922828,-1.0665240747718427,-0.2825708926603649,-0.4011989562301111,-0.1936609521954737
2011-07-21,-1.0576701553511882,-1.1086143167557805,-0.7401544192929744,-0.3312509288324063,-1.065494263673333,-1.3101638723477689,-0.4617402144126609,-1.0308160247985918,-0.645134100669603,-1.0524191108972991,-0.1169253042923296,-0.4011989562301111,-0.1418690000413576
2011-08-01,-1.0494403285997096,-1.110334169131224,-0.8286283950700718,-0.3380018983325649,-1.09170597635527,-1.3519868063540417,-0.4444173908581676,-1.0022188904686935,-0.6338111645077478,-1.0367892860633454,0.0460047826270493,-0.4011989562301111,-0.0620813980742057
2011-08-11,-1.0306438107105302,-1.0967622906032657,-0.8237131741935664,-0.3396896407076045,-1.1074178963490535,-1.3304007758991911,-0.4302441715863095,-0.963667057479654,-0.6186530402910705,-1.0059108516352908,0.1301853275353951,-0.2997318405305171,0.0415025062340264
2011-08-21,-0.9891898685549344,-1.0633747216625853,-0.7778377793461826,-0.3396896407076045,-1.0959361086612889,-1.2490034527256924,-0.4428425887168501,-0.9164274874789996,-0.6111652921840373,-0.9308114493843432,0.0568667884216745,-0.1982647248309231,0.0918946758974908
2011-09-01,-0.894800867911433,-0.975138817183296,-0.6467652226393716,-0.3396896407076045,-1.036940870607708,-0.9886219603640576,-0.4428425887168501,-0.8329890132632849,-0.5991118440117398,-0.7832811515614153,-0.0979167941517354,-0.0967976091313291,0.1576844529581248
2011-09-11,-0.8424754262199333,-0.9092236054896576,-0.5599296538211093,-0.3396896407076045,-1.0021933552368407,-0.7520750432963202,-0.323157625976715,-0.7987810487800525,-0.5919893519099276,-0.565988464845475,-0.2418383709305202,-0.0714308302064306,0.0079077264583836
2011-09-21,-0.7937399501072678,-0.8478323533053386,-0.6008898277919877,-0.3396896407076045,-0.9643487787133528,-0.6068190466938884,-0.1499293904317825,-0.779957618588221,-0.5508980513225499,-0.3677565401221611,-0.3450274259794602,-0.2489982826807201,-0.11247356773767
2011-10-01,-0.8015633656611427,-0.848654891397942,-0.674618140939569,-0.3396896407076045,-0.981949150629466,-0.6382986744405456,-0.0916617112030326,-0.810364698128872,-0.4867956224062404,-0.3094306084247245,-0.3586049332227418,-0.4265657351550096,-0.1964605171767773
2011-10-11,-0.8086416940194102,-0.8685827460960188,-0.6860869896514149,-0.3380018983325649,-1.0334661190706211,-0.6441448910220675,-0.1089845347575258,-0.8469255913860833,-0.4310940816100171,-0.2709278691996193,-0.3586049332227418,-0.4265657351550096,-0.2118581245739469
2011-10-21,-0.7968219016890974,-0.8616659484991255,-0.5255231076855714,-0.3312509288324063,-1.0293115248414957,-0.6117658453397916,-0.1735514225515461,-0.8733507914630776,-0.4044303932288741,-0.2507234614874354,-0.3586049332227418,-0.4265657351550096,-0.2258559494804648
2011-11-01,-0.820969500346728,-0.8765837984513443,-0.3846201092257496,-0.3160612474570495,-1.0290849106108162,-0.6095173005007448,-0.2633151446066474,-0.9077397504673852,-0.4064393012575903,-0.3319223075760236,-0.3586049332227418,-0.4265657351550096,-0.231455079443072
2011-11-11,-0.853109852557235,-0.902082479322054,-0.353490377007882,-0.2451760677053848,-1.0340704236857667,-0.6005231211445571,-0.3168584174114447,-0.929640087517497,-0.451000533894569,-0.4295134089782704,-0.3586049332227418,-0.4265657351550096,-0.2370542094056791
2011-11-21,-0.8724821196430199,-0.9193183911716102,-0.3944505509787605,-0.1692276608286011,-1.0089162440803343,-0.5753394189472314,-0.3357560431072555,-0.9528073862151358,-0.5291653190118922,-0.5259608646609597,-0.3586049332227418,-0.4265657351550096,-0.2384539918963309
2011-12-01,-0.8109446908058322,-0.8698913294251609,-0.44851798062032,-0.1135321624522931,-0.9163820998861776,-0.4638115949305035,-0.3373308452485731,-0.9012239477086744,-0.5711697596123229,-0.5690381867642953,-0.3586049332227418,-0.4265657351550096,-0.2384539918963309
2011-12-11,-0.7281722768938419,-0.7949655868080016,-0.484562933714693,-0.1219708743274913,-0.805567741083869,-0.3734200924008167,-0.3294568345419852,-0.8052968515387634,-0.5887020478629373,-0.5698006172440003,-0.3586049332227418,-0.4265657351550096,-0.2384539918963309
2011-12-21,-0.6656865552622451,-0.7306954512995701,-0.50913903809722,-0.1894805693290768,-0.7204363284252445,-0.3167567624568341,-0.3263072302593501,-0.7289171636449854,-0.567334571557501,-0.5518835009709315,-0.3586049332227418,-0.4265657351550096,-0.2384539918963309
2012-01-01,-0.6309722654669137,-0.6831004062139197,-0.5304383285620768,-0.2823063999562568,-0.6653690703701096,-0.2789812091608457,-0.3326064388246204,-0.6319041003486227,-0.5611252194687416,-0.5309166627790426,-0.3586049332227418,-0.4265657351550096,-0.2384539918963309
2012-01-11,-0.6308706626675127,-0.6691172586396593,-0.5255231076855714,-0.3244999593322478,-0.6439162565324438,-0.2852771347101769,-0.3751260966401947,-0.5674700508458147,-0.5925372359177593,-0.5202426360631718,-0.3586049332227418,-0.4265657351550096,-0.2384539918963309
2012-01-21,-0.6412680158062121,-0.6606301610477955,-0.5222462937679012,-0.3329386712074459,-0.6141542542365273,-0.3639762040768198,-0.4160709523144514,-0.5015880451744041,-0.6495171727322565,-0.5046128112292182,-0.3586049332227418,-0.4265657351550096,-0.2384539918963309
2012-02-01,-0.6322931018591262,-0.6354679730331506,-0.4993085963442092,-0.3329386712074459,-0.5772161346357577,-0.4188406981495648,-0.4381181822928973,-0.4277422805756803,-0.6749024650951255,-0.4592481976867675,-0.3586049332227418,-0.4265657351550096,-0.2384539918963309
2012-02-11,-0.6576938017093689,-0.6466096253784169,-0.4829245267558579,-0.3363141559575252,-0.5803131957883785,-0.4692081025442161,-0.4570158079887082,-0.4040319983148155,-0.7106975536067969,-0.4752592377605736,-0.3586049332227418,-0.4265657351550096,-0.2384539918963309
2012-02-21,-0.7054132498280246,-0.6855680204917302,-0.4698172710851768,-0.3380018983325649,-0.6089421269308972,-0.5551025153958089,-0.4727638294018838,-0.4121767517632042,-0.748684178149795,-0.559507805767982,-0.3586049332227418,-0.4265657351550096,-0.2370542094056791
2012-03-01,-0.7589917927121362,-0.7355185155698364,-0.461625236291001,-0.3380018983325649,-0.6476931603771033,-0.6463934358611144,-0.4853622465324244,-0.4507285847522438,-0.7782699145727071,-0.6616734900484592,-0.3586049332227418,-0.4265657351550096,-0.2384539918963309
2012-03-11,-0.80545813963818,-0.783113560655487,-0.4436027597438146,-0.3380018983325649,-0.6828939042093295,-0.7498264984572732,-0.4853622465324244,-0.5032169958640819,-0.7923322707737209,-0.7585021609710011,-0.3586049332227418,-0.4265657351550096,-0.2384539918963309
2012-03-21,-0.8512471345682171,-0.8310824866923208,-0.3665976326785631,-0.3363141559575252,-0.7221737041937879,-0.8330226575020099,-0.4853622465324244,-0.563488171382158,-0.7972632268442061,-0.8743915938861692,-0.3586049332227418,-0.4265657351550096,-0.2384539918963309
2012-04-01,-0.8827778699823181,-0.8649561008695396,-0.2486323316424332,-0.3228122169572081,-0.7528421634124227,-0.8869877336391362,-0.4853622465324244,-0.6128996756357158,-0.7989068788677013,-0.9498722113769694,-0.3586049332227418,-0.4265657351550096,-0.2384539918963309
2012-04-11,-0.8815247687897063,-0.8633858008745691,0.0937947227541104,-0.2586780067057019,-0.7448351272617448,-0.8721473377014264,-0.4853622465324244,-0.6474696291610987,-0.798176366857259,-1.0078169278345537,-0.3586049332227418,-0.4265657351550096,-0.2384539918963309
2012-04-21,-0.8089126348178128,-0.7834126654164336,0.8458235168594385,0.1632575870542073,-0.6484485411460352,-0.7421814460045137,-0.4853622465324244,-0.6655690812686291,-0.7877665707084567,-1.0394577927423132,-0.3586049332227418,-0.4265657351550096,-0.2384539918963309
2012-05-01,-0.6665671128570536,-0.62668177068034,2.0647982942327805,0.6476396486905831,-0.4516718508392771,-0.4773028639647851,-0.4853622465324244,-0.6961571553303554,-0.7492320621576268,-1.0592809852146448,-0.3477429274281165,-0.4011989562301111,-0.2384539918963309
2012-05-11,-0.4775520383714486,-0.4226549356195428,3.3673318265067147,1.0054410321989862,-0.1878173482513668,-0.2290635137340038,-0.4837874443911069,-0.7211343992387473,-0.6394726325886754,-1.071098657650073,-0.3423119245308039,-0.1728979459060246,-0.2384539918963309
2012-05-21,-0.2702484599936691,-0.23048012671126,3.6933748113149054,0.9024887473215684,0.0338869074301438,-0.0311915678978737,-0.4806378401084717,-0.7508175006950971,-0.3165863239731908,-1.0737671643290407,-0.2880018955576776,0.4612715272164378,-0.2384539918963309
2012-06-01,-0.0907840486517553,-0.1004069437945452,3.2084063514997063,0.7202125708172875,0.1539924496903147,0.0542531359859096,-0.4727638294018838,-0.7875593884733837,0.0808122097074054,-1.055087617576267,-0.1875283419573939,1.0954410003389004,-0.2384539918963309
2012-06-11,0.0280573590475793,-0.0274253821235397,2.510444987035938,0.52274671293765,0.2425230758091327,0.1464434743868339,-0.4507165994234379,-0.8007719885118809,0.2745805204772182,-1.0390765775024606,-0.1250718086382986,1.8310775891609568,-0.2384539918963309
2012-06-21,0.179445530155025,0.0891506984554534,1.8010147738603235,0.3759131263092016,0.4068939311287126,0.3964816604888528,-0.3719764923575596,-0.7837585035308023,0.366807661795555,-0.9918058877607474,0.0215652695891424,2.668181293682608,-0.2384539918963309
2012-07-01,0.3106824793812783,0.2006419980983522,1.2406795939387063,0.2729608414317837,0.5980052656684814,0.5808623372907012,-0.2570159360413771,-0.7419487691624073,0.3452575574875081,-0.9536843637754948,0.1491938376759893,3.327717545729968,-0.1474681300039647
2012-07-11,0.2937825470809169,0.1630669625044174,0.7065589253584518,0.1295027395534145,0.6017821695131411,0.4063752577806592,-0.1830002353994514,-0.7336230211929433,0.1927631753076837,-0.951015857096527,0.2415208869303041,3.175516872180577,0.3732509565185
2012-07-21,0.3373362804241327,0.1726757029498316,0.4034536379739513,0.0316136818011156,0.6517128383395391,0.2228939989144298,-0.1530789947144177,-0.6901843361348704,0.0813600937152371,-0.9472037046980016,0.4614765042714657,2.668181293682608,0.9541606901389916
2012-08-01,0.4666766440615678,0.2556398860174345,0.2002911750783944,-0.0190185894500734,0.7655487202175755,0.1396978398696932,-0.0743388876485393,-0.5430357905006487,0.0015516565744187,-0.8782037462846943,0.9231117505430394,2.084745378409942,1.3181041377084564
2012-08-11,0.5853825813617015,0.3506056476180256,0.0561113627009023,-0.1017179658270157,0.8919994609367742,0.1482423102580714,-0.0554412619527285,-0.3772448091956705,-0.074604220514188,-0.7707010486462819,1.1919463939600148,1.4505759052874792,1.445484344357769
2012-08-21,0.6214515751490459,0.4050427141103329,-0.0946220775119304,-0.1574134642033237,0.991105417820639,0.1851184456184413,0.0280232515371025,-0.2825846746732869,-0.1284794812843056,-0.679590606321528,0.6950096288559089,0.8671399900148137,1.2187195808721796
2012-09-01,0.7212593917605992,0.5291711899032313,-0.1847344602478628,-0.1574134642033237,1.165900527751479,0.3191317180256384,0.1603066314077781,-0.1634902798057371,-0.1032768169240472,-0.5278669408602223,-0.0191672521407022,0.2583372958172498,0.9443622127044292
2012-09-11,0.6862402935670646,0.5358262708342962,-0.3108917960781684,-0.1692276608286011,1.1545698162175009,0.3240785166715416,0.2201491127778456,-0.14140894823455,-0.0280340798484931,-0.4180769517826946,-0.2880018955576776,-0.1728979459060246,0.4404405160697858
2012-09-21,0.6399771522398229,0.5172069994653614,-0.4108346205671118,-0.1996070235793146,1.07782313009402,0.3128357924763068,0.2311727277670687,-0.1573364660891768,0.1120415981538126,-0.3063808865059043,-0.3178724114928971,-0.3250986194554156,-0.0158885758826967
2012-10-01,0.5215421557380918,0.4072112236271968,-0.4599868293321659,-0.2384250982052263,0.8509067471068793,0.1644318330992094,0.1965270806580822,-0.219417586818006,0.2232620517436484,-0.193922390749409,-0.3586049332227418,-0.4011989562301111,-0.1432687825320094
2012-10-11,0.4829669595655234,0.3631680475777888,-0.4534332014968254,-0.2671167185809001,0.6884998817865224,0.13475104122379,0.1256609842987917,-0.2711820198455428,0.4135604304638605,-0.0471545234061861,-0.3586049332227418,-0.4265657351550096,-0.1950607346861255
2012-10-21,0.5299413204885719,0.4027246522129957,-0.3403831213372009,-0.253614779580583,0.6569249656451692,0.2323378872384267,0.0248736472544673,-0.2986931870489889,0.6449501097714504,0.0424310579591575,-0.3586049332227418,-0.4265657351550096,-0.2160574720459023
2012-11-01,0.5402370708278705,0.4086693593368119,-0.2519091455601034,-0.2046702507044335,0.620515612582652,0.2881017992467906,-0.1892994439647217,-0.3356160693483508,0.8065758920818032,0.0412874122395999,-0.3586049332227418,-0.4265657351550096,-0.2328548619337238
2012-11-11,0.5266561633079407,0.3974155427061908,-0.2158641924657305,-0.216484447329711,0.5761747614463498,0.320031135961257,-0.2633151446066474,-0.3566114337930861,0.91487429762987,-0.0307622680925273,-0.3586049332227418,-0.4265657351550096,-0.2370542094056791
2012-11-21,0.4726712092262252,0.3497831095254218,-0.2109489715892251,-0.2282986439549884,0.5185392087768463,0.3141849193797352,-0.3042600002809041,-0.3604123187356673,0.8887584932565589,-0.145508055288138,-0.3586049332227418,-0.4265657351550096,-0.2370542094056791
2012-12-01,0.4456787321853674,0.3329210786270493,-0.2256946342187413,-0.2232354168298695,0.5229204172366515,0.3087884117660225,-0.3168584174114447,-0.3252993816470584,0.8094979401235722,-0.2225135337383484,-0.3586049332227418,-0.4265657351550096,-0.2384539918963309
2012-12-11,0.418110505947904,0.3190500953381441,-0.2469939246835981,-0.2282986439549884,0.5212585795450011,0.3087884117660225,-0.3373308452485731,-0.2776978226042537,0.7432039751759361,-0.2877013397531304,-0.3586049332227418,-0.4265657351550096,-0.2384539918963309
2012-12-21,0.3769275045907107,0.2932896978016057,-0.2912309125721468,-0.2569902643306623,0.4937627195558802,0.2809064557618405,-0.3672520859336068,-0.2308202416457501,0.6904244824214818,-0.330778661856466,-0.3586049332227418,-0.4265657351550096,-0.2384539918963309
2013-01-01,0.3897971925148337,0.3224150238987949,-0.2977845404074873,-0.2991838237066532,0.5047157407053928,0.3173328821544008,-0.3908741180533703,-0.1262054084642246,0.701382162578116,-0.3067621017457568,-0.3586049332227418,-0.4265657351550096,-0.2384539918963309
2013-01-11,0.3589776766965394,0.3069737406149191,-0.2879540986544764,-0.3244999593322478,0.4436054364988026,0.320031135961257,-0.4192205565970866,-0.0402330109534555,0.6968164625128517,-0.2911322769118032,-0.3586049332227418,-0.4265657351550096,-0.2384539918963309
2013-01-21,0.288465333912266,0.2635287740874048,-0.3010613543251577,-0.3312509288324063,0.3597581711473624,0.2908000530536471,-0.4239449630210393,0.0395855728407534,0.6255915414947301,-0.2812206806756375,-0.3586049332227418,-0.4265657351550096,-0.2384539918963309
2013-02-01,0.1888607228995151,0.1995951314350383,-0.2764852499426305,-0.3295631864573667,0.2696412454137876,0.2440303204014709,-0.4444173908581676,0.1005807264431307,0.4906294475655202,-0.2766460977974072,-0.3586049332227418,-0.4265657351550096,-0.2384539918963309
2013-02-11,0.0336793806144331,0.0750179985007197,-0.2617395873131143,-0.327875444082327,0.1559564396895377,0.1230586080607458,-0.4822126422497892,0.0790423784351695,0.2480994600986859,-0.323535572299268,-0.3586049332227418,-0.4265657351550096,-0.2384539918963309
2013-02-21,-0.1039246773742808,-0.0463437582534212,-0.2289714481364115,-0.3211244745821685,0.0744508547217864,0.0097319481727803,-0.4853622465324244,0.0307168413080634,-0.0304082438824305,-0.3929167459524278,-0.3586049332227418,-0.4265657351550096,-0.2384539918963309
2013-03-01,-0.2401062961713812,-0.1761552245043079,-0.1716272045771817,-0.2704922033309794,0.0016321485967519,-0.1080918013932787,-0.4853622465324244,-0.0460248356278651,-0.3377711722760168,-0.4939387845133475,-0.3586049332227418,-0.4265657351550096,-0.2384539918963309
2013-03-11,-0.3662292378277856,-0.3021157169580051,-0.0700459731294032,-0.0139553623249545,-0.0731505475275053,-0.2223178792168628,-0.4853622465324244,-0.1354361290390651,-0.6005728680326242,-0.6731099472440351,-0.3586049332227418,-0.4265657351550096,-0.2384539918963309
2013-03-21,-0.4585184472836668,-0.3989882714096318,0.065941804453913,0.4012292619347961,-0.1461203298063263,-0.3432895915575878,-0.4853622465324244,-0.2315442197300512,-0.7384570100036033,-0.8393197918197367,-0.3586049332227418,-0.4265657351550096,-0.2384539918963309
2013-04-01,-0.5425439623882693,-0.4901030592130334,0.2674658603906349,0.4467983060608663,-0.2285323716967959,-0.5006877302908732,-0.4853622465324244,-0.3486476748657727,-0.7866708026927932,-0.9395793999009512,-0.3586049332227418,-0.4265657351550096,-0.2384539918963309
2013-04-11,-0.5986964428572054,-0.5517934161582992,0.5115884972570705,0.2797118109319423,-0.2937217320556181,-0.5942271955952256,-0.4853622465324244,-0.4337150997711653,-0.7968979708389851,-0.9868500896426646,-0.3586049332227418,-0.4265657351550096,-0.2384539918963309
2013-04-21,-0.6274839026874803,-0.5836854612942458,0.8900605047479871,0.0518665903015912,-0.3323972274249311,-0.6081681735973166,-0.4853622465324244,-0.4934432917260155,-0.7976284828494273,-1.0230655374286546,-0.3531739303254291,-0.4265657351550096,-0.2384539918963309
2013-05-01,-0.6561697597183542,-0.6163252683325591,1.0883077467670388,-0.0848405420766193,-0.3842163481736589,-0.5591498961060934,-0.4853622465324244,-0.5479226425696818,-0.7968979708389851,-1.049750604218331,-0.3450274259794602,-0.3504653983803141,-0.2384539918963309
2013-05-11,-0.6745598664099299,-0.6490398515611092,1.0702852702198522,-0.1624766913284426,-0.4421540531507352,-0.5011374392586825,-0.4349685780102622,-0.5937142564017336,-0.79525431881549,-1.057374909015382,-0.2852863941090213,-0.0460640512815321,-0.2384539918963309
2013-05-21,-0.6817397975675985,-0.6887460085767894,0.840908295982933,-0.2282986439549884,-0.5118756981231488,-0.4728057742866912,-0.2491419253347893,-0.6449357058660445,-0.7932454107867737,-1.0604246309342025,-0.0870547883571101,0.9178735478646108,-0.2384539918963309
2013-06-01,-0.6971495554767456,-0.7335743346236825,0.6557683096345625,-0.3076225355818514,-0.5658098850248862,-0.4952912226771606,-0.184575037540769,-0.7290981581660607,-0.7899581067397835,-1.0577561242552345,-0.0327447593839838,1.7296104734613629,-0.2356544269150273
2013-06-11,-0.6861087179418403,-0.7426222536423215,0.5378030085984326,-0.3396896407076045,-0.565356656563527,-0.4732554832545005,-0.2286694974976609,-0.803848895370161,-0.7775394025622648,-1.03145227270541,0.0242807710377987,2.2115792730344346,-0.2286555144617684
2013-06-21,-0.6328349834559315,-0.7059819204263454,0.4755435441626975,-0.3396896407076045,-0.5075700277402371,-0.4318822582160371,-0.2774883638785055,-0.8393238215009206,-0.7495973181628479,-0.9731263410079736,0.0785908000109251,2.7950151883071,-0.2174572545365541
2013-07-01,-0.5832866849480582,-0.6738655467196889,0.2969571856496674,-0.3396896407076045,-0.4577904350676254,-0.4822496626106883,-0.3420552516725257,-0.8467445968650079,-0.7052187135284799,-0.9106070416721592,0.2089348695464283,2.668181293682608,-0.1922611697048219
2013-07-11,-0.5963934460707835,-0.7060566966165821,-0.0667691592117329,-0.3396896407076045,-0.4951817831297541,-0.6945122954167188,-0.4018977330425933,-0.8557943229187731,-0.6531697327844679,-0.9018390911555508,0.2958309159034304,2.1101121573348403,-0.1810629097796076
2013-07-21,-0.5603921874830398,-0.700485870443949,-0.2420787038070926,-0.3396896407076045,-0.5178432061977108,-0.8141348808540156,-0.4223701608797217,-0.824120281730595,-0.5779269957089139,-0.8507562490153125,0.3745804579144636,1.1461745581886973,-0.126471392644188
2013-08-01,-0.4646484828475254,-0.6391320063547483,-0.3190838308723441,-0.3396896407076045,-0.4847575285184939,-0.8411174189225789,-0.4034725351839109,-0.7634871171703683,-0.471272242184342,-0.7691761876868718,0.5456570491798114,0.8417732110899152,-0.0354855307518218
2013-08-11,-0.3321245648288599,-0.5482041590269383,-0.3731512605139037,-0.3396896407076045,-0.4668550042948081,-0.7597200957490797,-0.206622267519215,-0.6880124018819668,-0.3428847563491126,-0.5614138819672446,0.8796637273645382,0.5881054218409302,0.1492857580142141
2013-08-21,-0.1844956972992502,-0.4564163855114064,-0.3567671909255522,-0.3396896407076045,-0.5091563273549942,-0.6126652632754104,0.4784166639539267,-0.6402298483180866,-0.2132188744956092,-0.2007842650667544,1.3603074837767064,0.5881054218409302,0.3424557417241607
2013-09-01,4.885401271208828e-05,-0.3072378859892182,-0.2682932151484549,-0.3396896407076045,-0.5192784296586814,-0.2299629316696224,1.2831405581672035,-0.5805016563632365,-0.0762478725376832,0.3992485224611227,1.40918650985252,0.6388389796907273,0.4474394285230447
2013-09-11,-0.0117709383176008,-0.2573247790062304,-0.2617395873131143,-0.3396896407076045,-0.568604793869934,0.0488566283721969,1.4311719594510548,-0.5401398781634438,0.0057521006344618,0.8891101056716197,0.3447099419792441,0.2837040747421483,0.1142911957479194
2013-09-21,-0.058914637239651,-0.2262926600580058,-0.2109489715892251,-0.3396896407076045,-0.580539810019058,0.2201957451075733,1.2768413496019333,-0.4986921328371992,0.032781045020826,1.1643475088451438,-0.1006322956003917,-0.2236315037558216,-0.1936609521954737
2013-10-01,-0.1061599389611021,-0.2280499005285679,-0.1617967628241709,-0.3396896407076045,-0.590133145784493,0.2755099481481278,0.848495167163555,-0.4771537848292382,0.0147008727623797,1.2676568388451783,-0.2309763651358949,-0.3758321773052126,-0.2384539918963309
2013-10-11,-0.0863812606777132,-0.1819129911525328,-0.1191981818944574,-0.3380018983325649,-0.5112713935080034,0.3141849193797352,0.5618811774437578,-0.4429458203460057,0.0156140127754325,1.302728640911611,-0.2907173970063339,-0.4011989562301111,-0.2384539918963309
2013-10-21,0.013663629132442,-0.0666454939026814,-0.0634923452940627,-0.3380018983325649,-0.3360230551158041,0.4729321850164484,0.2421963427562916,-0.382855639349005,0.0477565412348925,1.3591484964097853,-0.3314499187361786,-0.4265657351550096,-0.2384539918963309
2013-11-01,0.0880368782939523,0.0186367510622586,-0.0700459731294032,-0.3380018983325649,-0.1845692109449596,0.593454188389364,-0.0444176469635055,-0.3468377296550197,0.0735070896029826,1.3378004429780437,-0.3586049332227418,-0.4265657351550096,-0.2384539918963309
2013-11-11,0.1284070572559379,0.0734103104106312,-0.1208365888532925,-0.3396896407076045,-0.0742080806040101,0.6955381240820948,-0.1940238503886744,-0.3117247925664108,0.0744202296160355,1.2466900006532895,-0.3586049332227418,-0.4265657351550096,-0.2384539918963309
2013-11-21,0.1461198119515067,0.1027599650785301,-0.2322482620540819,-0.3396896407076045,-0.0186120560106228,0.7719886486096906,-0.2869371767264109,-0.2605033431020998,0.0724113215873193,1.1624414326458812,-0.3586049332227418,-0.4265657351550096,-0.2384539918963309
2013-12-01,0.1698948670113338,0.1323339483171396,-0.3305526795841901,-0.3396896407076045,0.0397033393509194,0.8201075081652947,-0.3751260966401947,-0.1790558086182133,0.0592621053993583,1.0511265826089435,-0.3586049332227418,-0.4265657351550096,-0.2384539918963309
2013-12-11,0.1548237851001901,0.1243702840569326,-0.4239418762377929,-0.3396896407076045,0.0683322704934382,0.8084150750022511,-0.4207953587384041,-0.1102778906095979,0.0172576647989276,0.8334526806531506,-0.3586049332227418,-0.4265657351550096,-0.2384539918963309
2013-12-21,0.099856670624265,0.0765509104005719,-0.5042238172207146,-0.3396896407076045,0.059872005881401,0.6878930716293354,-0.4365433801515798,-0.054350583597329,-0.0669338444045442,0.5860439899888608,-0.3586049332227418,-0.4265657351550096,-0.2384539918963309
2014-01-01,0.0073303879697815,0.0027841987320813,-0.5615680607799445,-0.3396896407076045,0.0411385628118899,0.532743477735097,-0.4680394229779311,-0.0224955478880757,-0.1673792458403567,0.2410441979223241,-0.3586049332227418,-0.4265657351550096,-0.2384539918963309
2014-01-11,-0.0504477372895701,-0.0357629273349303,-0.6041666417096581,-0.3396896407076045,0.0329049124305322,0.4454999379800761,-0.4853622465324244,0.0010337398517137,-0.2375083988428148,0.0858895953023457,-0.3586049332227418,-0.4265657351550096,-0.2384539918963309
2014-01-21,-0.0898696234571465,-0.0506807772871491,-0.62710433913335,-0.3396896407076045,0.0409119485812105,0.3748956300340023,-0.4853622465324244,0.0567800523429071,-0.3006976877460714,-0.0158948737382788,-0.3586049332227418,-0.4265657351550096,-0.2384539918963309
2014-02-01,-0.1073453049541134,-0.0496712987189538,-0.6189123043391742,-0.3396896407076045,0.0545843404988776,0.3083387027982131,-0.4853622465324244,0.1212141018457152,-0.3417889883334493,-0.0589721958416144,-0.3586049332227418,-0.4265657351550096,-0.2384539918963309
2014-02-11,-0.1436175043402599,-0.0753943081603737,-0.6238275252156797,-0.3396896407076045,0.0477103755015973,0.1851184456184413,-0.4853622465324244,0.1516211813863662,-0.3980384131375042,-0.123016356136839,-0.3586049332227418,-0.4265657351550096,-0.2384539918963309
2014-02-21,-0.1717614797743285,-0.0979393295167345,-0.6041666417096581,-0.3363141559575252,0.0453686951179085,0.0762888754085696,-0.4853622465324244,0.1764174307736829,-0.4646976340903616,-0.1569445124837138,-0.3586049332227418,-0.4265657351550096,-0.2384539918963309
2014-03-01,-0.2040711699838371,-0.1279245818016455,-0.5648448746976147,-0.3329386712074459,0.0434802431955787,-0.0141026271211168,-0.4853622465324244,0.1791323485898123,-0.5536374713617083,-0.209933430823215,-0.3586049332227418,-0.4265657351550096,-0.2384539918963309
2014-03-11,-0.2482683877232591,-0.1724538030875919,-0.4796477128381876,-0.3295631864573667,0.0393256489664533,-0.1152871448782289,-0.4853622465324244,0.1498112361756132,-0.6570049208392899,-0.3071433169856093,-0.3586049332227418,-0.4265657351550096,-0.2384539918963309
2014-03-21,-0.2856582179028163,-0.2116739148667336,-0.3846201092257496,-0.3008715660816928,0.036379663967619,-0.2056786474079157,-0.4853622465324244,0.1146982990870042,-0.7282298418574115,-0.4302758394579755,-0.3558894317740855,-0.4265657351550096,-0.2384539918963309
2014-04-01,-0.3089591265654387,-0.2380325219251653,-0.2781236569014658,-0.2890573694564153,0.0354732070449008,-0.2830285898711302,-0.4853622465324244,0.0770514387033412,-0.7600071143116502,-0.523292357981992,-0.2907173970063339,-0.4265657351550096,-0.2384539918963309
2014-04-11,-0.26825027160545,-0.206589133930639,-0.1486895071534898,-0.2688044609559398,0.0621381481881966,-0.1863411617921121,-0.4853622465324244,0.0461013755994643,-0.7687732584369577,-0.4253200413398926,0.1274698260867388,-0.1475311669811261,-0.2370542094056791
2014-04-21,-0.0887519926637358,-0.036286360666587,0.0282584444007049,-0.2637412338308208,0.1718949739140008,0.3762447569374304,-0.3830001073467825,0.0240200440282772,-0.7638423023664722,0.0412874122395999,1.702460666307402,0.9432403267895092,-0.2370542094056791
2014-05-01,0.2109085303695254,0.2655851193189136,0.3477478013735567,-0.2738676880810586,0.3688227403745452,1.453297734840911,0.4248733911491294,-0.0062060409912984,-0.7503278301732902,0.6683864817970065,4.073093430984366,2.97258264078139,-0.2300552969524202
2014-05-11,0.5634363766910919,0.61538813724613,0.8376314820652628,-0.2806186575812172,0.64249719295857,2.5906117144308496,1.3508570502438588,-0.035165164363347,-0.7116106936198497,1.1712093831624892,6.753293360808151,5.4077934175716456,-0.2076587771019916
2014-05-21,0.6892883775490937,0.7253839130842948,1.3488144532218256,-0.2856818847063361,0.7435671398416575,2.788483660266979,1.8673921525960209,-0.1176986659736854,-0.659926968881059,1.2535518749706351,8.089320073547059,5.991229332844311,-0.1978602996674291
2014-06-01,0.6086496224245237,0.63434390147113,1.7387553094245882,-0.3042470508317721,0.6425727310354631,2.5020190477724,1.9051874039876429,-0.2387840005730634,-0.6093390121579316,1.0648503312436346,8.504791795191474,6.143430006393702,-0.2034594296300362
2014-06-11,0.5742401410273951,0.6109389539270471,2.3662651746584458,-0.2485515524554641,0.5831998025974164,2.431864448794136,1.7949512540954131,-0.3061139624130762,-0.5642298955131213,1.07018734460157,8.670437383559511,6.2195303431683975,-0.204859212120688
2014-06-21,0.5914110141261592,0.6401016681193548,3.1625309566523225,0.2358305091809117,0.5801027414447958,2.37070402917206,1.588652173582812,-0.3267473378156609,-0.5348267870928198,1.1750215355610143,8.428757754629098,5.83902865929492,-0.1446685650226611
2014-07-01,0.5661796522749181,0.6168836610508638,3.817893740186377,1.670411527964603,0.5540421049166454,1.934936039364764,1.1587311890031158,-0.3095528583135072,-0.507249958698624,1.1067840076274122,7.204066601285099,5.027291733698168,-0.0620813980742057
2014-07-11,0.2647580140520398,0.2932896978016057,3.4082920004775934,2.924404112619053,0.3225178992390201,0.7625447602856934,0.2957396155610889,-0.3520865707662035,-0.5107198907482248,0.5090385115386503,3.7309402484536704,2.363779946583825,-0.0326859657705182
2014-07-21,0.041841472166311,0.044733641454862,2.585811707142354,3.4070984318803896,0.0951482877905204,0.2422314845302333,-0.0916617112030326,-0.347018724176095,-0.511450402758667,0.0710222009480972,0.6868631245099399,1.2983752317380883,0.0596996786124997
2014-08-01,0.0063482275755722,-0.0214058988094864,1.797737959942653,2.9041512041185773,-0.059024927148479,0.3843395183579995,-0.1830002353994514,-0.2675621294240368,-0.4878913904219037,0.0893205324610184,0.2876844115574614,1.0193406635642048,0.3662520440652411
2014-08-11,0.0506470481143953,-0.0096286488472085,1.150567211202774,1.5252656837111944,-0.1278401151981745,0.7364616401527492,-0.2018978610952622,-0.1473817674300351,-0.4197711454481618,0.2410441979223241,0.198072863751803,0.9432403267895092,0.695200929368411
2014-08-21,0.179005251357621,0.0845893508510156,0.6148081356636841,0.5716912418137995,-0.1169626321255551,1.3084914472062883,-0.1578034011383704,-0.0096449368917292,-0.2954014756703649,0.4171656387341914,0.0894528058055503,0.8417732110899152,0.8589754807746702
2014-09-01,0.4537053533380442,0.3236862191328186,0.2412513490492728,0.2476447058061892,0.057077097036353,2.023528706023213,0.1618814335490957,0.2553310419625151,-0.161352521754208,0.6558063788818731,0.1274698260867388,0.7910396532401184,0.7861867912607773
2014-09-11,0.6309006354933363,0.4978773542891782,-0.0667691592117329,-0.025769558950232,0.2025634331326355,2.4624446586051745,0.5760543967156159,0.4178641218881377,-0.0232857517806184,0.8357399720922657,0.1817798550598651,0.5120050850662349,0.458637688448259
2014-09-21,0.7509274091856822,0.6445134633433192,-0.3371063074195307,-0.1709154032036408,0.3577186430712463,2.6059018193363688,0.8563691778701429,0.5364155331924614,0.1189814622530142,1.0202481481808885,0.138331831881364,0.0046695065682648,0.1114916307666158
2014-10-01,0.7712141014660758,0.7003338893550052,-0.50913903809722,-0.2654289762058605,0.4597705849539451,2.3846450071741505,1.0421958305456158,0.5141532071001992,0.2460905520699694,1.131181782977974,0.0025567594485482,-0.1728979459060246,-0.0816783529433307
2014-10-11,0.873426517663452,0.8279020698987911,-0.5599296538211093,-0.2991838237066532,0.6341124664234259,2.171932665400311,1.2075500553839604,0.5204880153378346,0.4409546308554458,1.3465683934946515,-0.1006322956003917,-0.2743650616056186,-0.1810629097796076
2014-10-21,1.0975284255421922,1.0635592334297066,-0.5156926659325607,-0.3059347932068118,0.8633705297942554,2.118867007198803,1.2973137774390615,0.6522520266806557,0.7930614198886211,1.6595461054135758,-0.1495113216762054,-0.2997318405305171,-0.2174572545365541
2014-11-01,1.1678375627276636,1.1315681784499725,-0.5402687703150877,-0.3244999593322478,0.835648055574455,1.943930218720952,1.2910145688737915,0.7559618872568048,1.059150419692219,1.9222034056719668,-0.2418383709305202,-0.4011989562301111,-0.2272557319711166
2014-11-11,1.074464590078172,1.0316298001986417,-0.6287427460921851,-0.3211244745821685,0.6274651156568254,1.6142935453166714,1.0642430605240616,0.7907128353032631,1.1625178691698004,2.0300873185502324,-0.2880018955576776,-0.4265657351550096,-0.2328548619337238
2014-11-21,0.9040766954827446,0.8578873221837024,-0.7254087566634582,-0.3042470508317721,0.3815886753694941,1.2419345199704994,0.7193613915755145,0.7449212214712112,1.1603263331384734,2.0163635699155416,-0.3586049332227418,-0.4265657351550096,-0.2342546444243755
2014-12-01,0.8676690256973971,0.8258831127624007,-0.7434312332106446,-0.2806186575812172,0.339211814232415,1.014831491226759,0.3508576905072037,0.7843780270656273,1.2233329940391198,1.994634301243948,-0.3586049332227418,-0.4265657351550096,-0.2356544269150273
2014-12-11,0.8527334141854546,0.8170969104095902,-0.7467080471283151,-0.2806186575812172,0.3234998942386317,0.8268531426824359,0.0878657329071701,0.8404863285989717,1.2972973350964,1.9591812839376617,-0.3586049332227418,-0.4265657351550096,-0.2342546444243755
2014-12-21,0.7961067873193138,0.7646414129585549,-0.7761993723873475,-0.3160612474570495,0.265788803492235,0.6150402188442147,-0.0727640855072217,0.8678165012813421,1.3223173714540477,1.8642586892143829,-0.3586049332227418,-0.4265657351550096,-0.2370542094056791
2015-01-01,0.6954184131129522,0.68036864656181,-0.8187979533170611,-0.3396896407076045,0.166456232377691,0.320031135961257,-0.1735514225515461,0.9619336522405002,1.2888964469763138,1.689662109361926,-0.3586049332227418,-0.4265657351550096,-0.2384539918963309
2015-01-11,0.6168794491760021,0.6265297895913963,-0.830266802028907,-0.3396896407076045,0.112975273937313,0.2031068043308168,-0.2160710803671204,1.045372126456215,1.2012350057232408,1.5444191029781131,-0.3586049332227418,-0.4265657351550096,-0.2384539918963309
2015-01-21,0.5285866164965591,0.5857767659124025,-0.8351820229054123,-0.3396896407076045,0.0872167897167353,0.1428458026443588,-0.279063166019823,1.1420232007104272,1.0975023002404385,1.3545739135315549,-0.3586049332227418,-0.4265657351550096,-0.2384539918963309
2015-02-01,0.5123979037920044,0.5999842420573729,-0.7909450350168636,-0.3396896407076045,0.1160723350899337,0.1905149532321539,-0.3089844067048569,1.2774071024747542,1.00490990291688,1.2402093415757969,-0.3586049332227418,-0.4265657351550096,-0.2384539918963309
2015-02-11,0.4646107204737482,0.5710084683406571,-0.769645744552007,-0.3396896407076045,0.1222664573951752,0.1725265945197785,-0.3420552516725257,1.3365923108663784,0.8708609490007232,1.0900105370739013,-0.3586049332227418,-0.4265657351550096,-0.2384539918963309
2015-02-21,0.4180089031485031,0.5348541803612193,-0.7401544192929744,-0.3380018983325649,0.1276296608545918,0.1374492950306462,-0.3735512944988771,1.368447346575632,0.7165402867947931,0.9699277365203552,-0.3586049332227418,-0.4265657351550096,-0.2384539918963309
2015-03-01,0.3508833203442622,0.4699110591406576,-0.7123015009927771,-0.2704922033309794,0.1214355385493502,0.034915650370106,-0.4113465458904987,1.383831880867033,0.4878900275263617,0.8368836178118233,-0.3586049332227418,-0.4265657351550096,-0.2384539918963309
2015-03-11,0.267094878438262,0.3848531427464276,-0.6385731878451959,0.1851982379297226,0.1011157958650822,-0.1031450027473755,-0.4444173908581676,1.3499859054259509,0.2232620517436484,0.6836350913911076,-0.3586049332227418,-0.4011989562301111,-0.2384539918963309
2015-03-21,0.1884543117019113,0.30312276681773,-0.44851798062032,1.763237358591783,0.0733933216452818,-0.2569454697381856,-0.4680394229779311,1.2533348311717387,-0.039539644012959,0.459480530357822,-0.3586049332227418,-0.3758321773052126,-0.2384539918963309
2015-04-01,0.1096105393667582,0.2196351504184702,-0.1355822514828087,4.333668995777151,0.0324516839691733,-0.3684732937549135,-0.4806378401084717,1.0765031840811674,-0.3195083720149599,0.1922486472212006,-0.3586049332227418,-0.3504653983803141,-0.2384539918963309
2015-04-11,0.0430607057591226,0.1478500077912517,0.2297825003374268,6.423094056076221,0.0163620735909239,-0.4269354595701339,-0.4853622465324244,0.8350564929667124,-0.5125461707743305,-0.0776517425943882,-0.3450274259794602,-0.2236315037558216,-0.2384539918963309
2015-04-21,0.0256188918619561,0.1275108840468733,0.8163321916004058,7.327723969097466,0.077094687413048,-0.388710197306336,-0.4853622465324244,0.5917998566415043,-0.6053211961004992,-0.2728339453988819,-0.3233034143902097,0.2837040747421483,-0.2384539918963309
2015-05-01,0.0337132482142336,0.1314366340342991,1.2537868496093876,6.623935398705937,0.2320232831209794,-0.2677384849656109,-0.4853622465324244,0.3382265326150042,-0.6181051562832388,-0.516049268424794,-0.2472693738278328,0.8164064321650168,-0.2384539918963309
2015-05-11,0.1150632229346103,0.1968284123962811,1.5519769161173829,4.79779814891305,0.4943670241710258,-0.0428840010609176,-0.4853622465324244,0.127005926520125,-0.5706218756044912,-0.7108502559894352,-0.103347797049048,1.1715413371135956,-0.2384539918963309
2015-05-21,0.1614279670612529,0.1943981862135888,1.8108452156133343,1.832434795968408,0.6575292702603148,0.1689289227773034,-0.4853622465324244,-0.0943503727549711,-0.5001274665968118,-0.8374137156204741,0.0568667884216745,1.1969081160384942,-0.2384539918963309
2015-06-01,0.1083235705743459,0.0666430651942111,1.9664938767026725,0.5328731671878879,0.5478479826114039,0.1437452205799777,-0.4853622465324244,-0.3441228118388901,-0.4641497500825299,-0.8911650644396802,0.1356163304327077,0.8925067689397124,-0.2384539918963309
2015-06-11,-0.0017799963765054,-0.1035849318796042,1.9451945862378155,0.0417401360513534,0.308921045398246,0.0888807265072324,-0.4853622465324244,-0.5057509191591361,-0.4858824823931875,-0.9102258264323068,0.1844953565085215,0.4105379693666408,-0.2384539918963309
2015-06-21,-0.1781624561365896,-0.3215949145146619,1.566722578746899,-0.2620534914557812,-0.0200472794715933,0.0335665234666779,-0.4853622465324244,-0.6279222208849661,-0.5337310190771564,-0.9361484627422784,0.094883808702863,0.1315034011927574,-0.2370542094056791
2015-07-01,-0.4341676430272344,-0.5861904636671748,0.6918132627289355,-0.3396896407076045,-0.4014390297053061,-0.2097260281182002,-0.4822126422497892,-0.7405008129938048,-0.5834058357872309,-0.9685517581297431,-0.0463222666272654,-0.0460640512815321,-0.2370542094056791
2015-07-11,-0.76881339665423,-0.9027180769390658,-0.4386875388673091,-0.3396896407076045,-0.8244522603071663,-0.7268913410989946,-0.4806378401084717,-0.8664729996622161,-0.6471430086983192,-0.99066224204119,-0.214683356443957,-0.2489982826807201,-0.2384539918963309
2015-07-21,-0.9615200395180702,-1.075413688290692,-0.8941646734234773,-0.3396896407076045,-1.064134578289256,-1.0084091549476706,-0.4806378401084717,-0.9689158985908378,-0.6630316449254386,-0.9845627982035494,-0.3151569100442407,-0.3758321773052126,-0.2384539918963309
2015-08-01,-1.0486952414041024,-1.1494047285298925,-0.9711698004887288,-0.3396896407076045,-1.19307807554593,-1.1262329045137298,-0.4822126422497892,-1.0172414357179438,-0.6471430086983192,-0.9250932207865552,-0.3531739303254291,-0.4265657351550096,-0.2370542094056791
2015-08-11,-1.0752135720477558,-1.1617427999189456,-0.9826386492005748,-0.3396896407076045,-1.2487496382162104,-1.1797482716830467,-0.475913433684519,-1.0255671836874078,-0.5899804438812113,-0.836651285140769,-0.3586049332227418,-0.4265657351550096,-0.2384539918963309
2015-08-21,-1.0689819336844963,-1.1371788214261942,-0.9826386492005748,-0.3396896407076045,-1.252148851676404,-1.2283168402064604,-0.4664646208366135,-1.0157934795493415,-0.4962922785419899,-0.7524027171333607,-0.3586049332227418,-0.4265657351550096,-0.2384539918963309
2015-09-01,-1.0133035996127646,-1.0637486026137688,-0.9826386492005748,-0.3396896407076045,-1.19141623785428,-1.2089793545906569,-0.4522914015647554,-0.9596851780159972,-0.3903680370278604,-0.6639607814875744,-0.3586049332227418,-0.4265657351550096,-0.2384539918963309
2015-09-11,-0.9617909803164728,-0.9950666718813728,-0.9826386492005748,-0.3396896407076045,-1.1179932271141,-1.2031331380091348,-0.3987481287599582,-0.9144365477471714,-0.3202388840254023,-0.5922923163952993,-0.3586049332227418,-0.4265657351550096,-0.2384539918963309
2015-09-21,-0.9340534160800078,-0.9525564077318168,-0.9826386492005748,-0.3396896407076045,-1.070177624440711,-1.2107781904618944,-0.3436300538138433,-0.8702738846047974,-0.3085506918583259,-0.5263420799008123,-0.3586049332227418,-0.4265657351550096,-0.2384539918963309
2015-10-01,-0.9490228951917508,-0.956706486289953,-0.9826386492005748,-0.3396896407076045,-1.061339669444208,-1.2710391921483524,-0.3042600002809041,-0.856337306481999,-0.365165372667602,-0.4954636454727576,-0.3586049332227418,-0.4265657351550096,-0.2384539918963309
2015-10-11,-0.9646358586997,-0.96399716483803,-0.9793618352829044,-0.3396896407076045,-1.0423796121440174,-1.337146410416332,-0.2727639574545528,-0.8527174160604929,-0.4466174618319153,-0.4603918434063251,-0.3586049332227418,-0.4265657351550096,-0.2384539918963309
2015-10-21,-0.9570495163444276,-0.9494531958369946,-0.9400400682708612,-0.3396896407076045,-1.0031753502364522,-1.3420932090622353,-0.2617403424653298,-0.8288261392785529,-0.508528354716898,-0.4321819156572381,-0.3586049332227418,-0.4265657351550096,-0.2384539918963309
2015-11-01,-0.9410301416388744,-0.9295253411389176,-0.7729225584696772,-0.3396896407076045,-0.962007098329664,-1.2714889011161616,-0.2601655403240123,-0.8226723255619925,-0.5750049476671448,-0.3906294545133127,-0.3586049332227418,-0.4265657351550096,-0.2384539918963309
2015-11-11,-0.9243334149373152,-0.9116538316723498,-0.6451268156805364,-0.3211244745821685,-0.9258998975747196,-1.1464698080651523,-0.2774883638785055,-0.8130796159450014,-0.6453167286722135,-0.3753808449192117,-0.3586049332227418,-0.4265657351550096,-0.2384539918963309
2015-11-21,-0.8972393350970563,-0.8832388793824092,-0.6172738973803391,0.1683208141793262,-0.8937206768182209,-0.9494972801646407,-0.3247324281180325,-0.808011769354893,-0.7097844135937441,-0.3719499077605389,-0.3586049332227418,-0.4265657351550096,-0.2384539918963309
2015-12-01,-0.8389870634405,-0.82184762719809,-0.6352963739275257,0.8737971269458945,-0.822714884538623,-0.7583709688456517,-0.3641024816509717,-0.7846634761361788,-0.7464926421184682,-0.3475521324099772,-0.3586049332227418,-0.4265657351550096,-0.2384539918963309
2015-12-11,-0.7946543753018768,-0.7755985535366998,-0.6844485826925798,0.9868758660735504,-0.7622844230240714,-0.6414466372152111,-0.406622139466546,-0.7475595993157417,-0.7472231541289106,-0.3284913704173509,-0.3586049332227418,-0.4265657351550096,-0.2384539918963309
2015-12-21,-0.7665781350674087,-0.7474079298174694,-0.7270471636222934,0.6695802995660984,-0.7209650949634969,-0.5613984409451404,-0.4412677865755325,-0.7041209142576688,-0.7384570100036033,-0.3128615455833972,-0.3586049332227418,-0.4265657351550096,-0.2384539918963309
2016-01-01,-0.7468671919836204,-0.7294242560655464,-0.7761993723873475,0.2155776006804361,-0.6843291276703001,-0.5164275441642017,-0.453866203706073,-0.6624921744103489,-0.7262209338286952,-0.3292538008970559,-0.3586049332227418,-0.4265657351550096,-0.2384539918963309
2016-01-11,-0.7244807085156066,-0.7071783394701324,-0.8056906976463798,0.0822459530523047,-0.6529052876827334,-0.4687583935764067,-0.4585906101300257,-0.6217684071684056,-0.719098441726883,-0.3490769933693873,-0.3586049332227418,-0.4265657351550096,-0.2384539918963309
2016-01-21,-0.7056503230266268,-0.6858297371575586,-0.8204363602758962,-0.0949669963268571,-0.6143808684672067,-0.4462729451859375,-0.4696142251192487,-0.5696419850987182,-0.7225683737764838,-0.3868173021147874,-0.3586049332227418,-0.4265657351550096,-0.2384539918963309
2016-02-01,-0.6720875316245062,-0.6500119420341861,-0.8204363602758962,-0.3160612474570495,-0.55855822964314,-0.4242372057632775,-0.4696142251192487,-0.4959772150210697,-0.7274993298469692,-0.380717858277147,-0.3586049332227418,-0.4265657351550096,-0.2384539918963309
2016-02-11,-0.6535619545337295,-0.6241019921171744,-0.8089675115640502,-0.3346264135824855,-0.5167856731212062,-0.4368290568619403,-0.4711890272605663,-0.4367920066294455,-0.7455795021054155,-0.3868173021147874,-0.3586049332227418,-0.4265657351550096,-0.2384539918963309
2016-02-21,-0.650175194553697,-0.6170356421398075,-0.771284151510842,-0.3380018983325649,-0.4999406819740251,-0.4952912226771606,-0.4727638294018838,-0.3926293434870714,-0.766033838397799,-0.4043532031480036,-0.3586049332227418,-0.4265657351550096,-0.2384539918963309
2016-03-01,-0.6596242548979873,-0.6239898278318194,-0.699194245322096,-0.3363141559575252,-0.4954839354373268,-0.588830687981513,-0.4727638294018838,-0.3709100009580351,-0.7788177985805389,-0.4542923995686847,-0.3586049332227418,-0.4265657351550096,-0.2384539918963309
2016-03-11,-0.6713085768290988,-0.6338976730381803,-0.6058050486684932,-0.3244999593322478,-0.4980522300516952,-0.667979466315965,-0.4790630379671541,-0.3607743077778179,-0.7866708026927932,-0.5019443045502505,-0.3586049332227418,-0.4265657351550096,-0.2384539918963309
2016-03-21,-0.6789965219837724,-0.6417865611081506,-0.414111434484782,-0.3109980203319307,-0.5006205246660637,-0.7084532734188097,-0.4853622465324244,-0.3596883406513662,-0.7908712467528363,-0.5759000610816407,-0.3586049332227418,-0.4265657351550096,-0.2384539918963309
2016-04-01,-0.6927806351025039,-0.6576017253432097,-0.2027569367950494,-0.3025593084567325,-0.5118001600462557,-0.7201457065818537,-0.4853622465324244,-0.373986907816315,-0.7936106667919949,-0.693314354956219,-0.326018915838866,-0.4265657351550096,-0.2384539918963309
2016-04-11,-0.6805882991743875,-0.6454879825248666,0.0626649905362428,-0.2991838237066532,-0.5029622050497525,-0.6594349959275866,-0.4853622465324244,-0.3777877927588965,-0.7934280387893843,-0.7680325419673142,0.0052722608972045,-0.1728979459060246,-0.2384539918963309
2016-04-21,-0.6155625075577665,-0.5769929922680623,0.3854311614267648,-0.2823063999562568,-0.4599055012206346,-0.3882604883385265,-0.4853622465324244,-0.3566114337930861,-0.7892275947293411,-0.6944580006757766,0.3935889680550578,0.6642057586156257,-0.2384539918963309
2016-05-01,-0.4735895291948108,-0.4313289736869984,0.6410226470050462,-0.2620534914557812,-0.3278649428113399,0.0695432408914288,-0.4853622465324244,-0.3041230226812479,-0.7746173545204957,-0.5057564569487758,0.765612666520973,1.4505759052874792,-0.2384539918963309
2016-05-11,-0.1648863570148629,-0.1403000412858171,0.9195518300070196,-0.2671167185809001,-0.0221623456246026,0.7148756096978987,-0.4853622465324244,-0.1852096223347735,-0.703027177497153,-0.1180605580187561,1.1702223823707645,2.515980620133216,-0.2384539918963309
2016-05-21,0.2533785005191311,0.2158589528115175,1.166951280791125,-0.290745111831455,0.3426110276926085,1.3467167094700867,-0.4853622465324244,-0.0266584218728076,-0.4449738098084203,0.2284640950071907,1.417333014198489,3.2769839878801714,-0.2384539918963309
2016-06-01,0.6230772199394614,0.5328352232248289,1.3701137436866822,-0.3228122169572081,0.6230839071970204,1.7420108921745374,-0.4837874443911069,0.1434764279379775,-0.0324171519111468,0.4857843819076462,1.433626022890427,3.353084324654867,-0.2384539918963309
2016-06-11,0.9872216529925388,0.8776282364061871,1.6306204501414692,-0.3329386712074459,0.9327900224590964,2.167435575722217,-0.4806378401084717,0.3239279654500552,0.3476317215214454,0.854800734084892,1.477074046068928,3.327717545729968,-0.2356544269150273
2016-06-21,1.378256960287073,1.266389649446717,1.9206184818552885,-0.3380018983325649,1.301189223467181,2.782187734717648,-0.3845749094881001,0.5411213907404195,0.6323487775913212,1.2851927398783949,1.5992716112584622,3.403817882504664,-0.1726642148356969
2016-07-01,1.6429322527266004,1.5376402795302948,2.056606259438605,-0.3396896407076045,1.560133751057034,3.209860963104375,-0.1357561711599244,0.722115911815723,0.7307852709984173,1.6103693394726002,1.735046683691278,3.200883651105476,0.136687715598348
2016-07-11,1.5400424845332177,1.4322806274868043,1.6748574380300176,-0.3396896407076045,1.468128373401129,2.967467829455115,0.2689679791586903,0.6535189883281829,0.5804824248499197,1.4529274454135066,1.5232375706960852,2.515980620133216,0.8239809185083755
2016-07-21,1.30256287473335,1.1766208330675758,1.0194946544959629,-0.3396896407076045,1.1869001131277852,2.46559262137984,0.6059756374006497,0.4748773960268582,0.3863488580748858,1.1738778898414568,1.6345731300909945,1.7549772523862612,1.9144114787261173
2016-08-01,1.0436789418596777,0.8823391363910984,0.3854311614267648,-0.3396896407076045,0.7734802182913603,2.1130207906172807,0.7618810493910888,0.2888150283614463,0.2652664923440791,0.987844852793424,1.9468557966864704,1.0447074424891032,2.772478145495663
2016-08-11,0.7892993997594487,0.597180134923497,-0.1077293331826114,-0.3396896407076045,0.3468411599986271,1.7770881916636694,0.8280227393264267,0.1697206334938965,0.2238099357514801,0.8822482313542742,1.87353725757275,0.3344376325919453,2.9348529144112705
2016-08-21,0.5391871752340603,0.3537836357030847,-0.4829245267558579,-0.3396896407076045,0.0313941508926685,1.422717525029873,0.8091251136306158,0.1179562004663597,0.2084691835321925,0.8037178919446536,1.2897044461116425,-0.3758321773052126,2.089384290057591
2016-09-01,0.4020572636425509,0.2621080264729077,-0.7516232680048204,-0.3396896407076045,-0.0629529071469249,1.121412516597584,0.5918024181287916,0.1436574224590528,0.3160370770698172,0.8391709092509384,0.5212175361419046,-0.4265657351550096,0.9513611251576882
2016-09-11,0.2154806563425692,0.1295298411832637,-0.9220175917236748,-0.3396896407076045,-0.1813966117154457,0.7153253186657078,0.3776293269096024,0.0982277976691516,0.3870793700853281,0.8014306005055384,-0.2065368520979881,-0.4265657351550096,0.0177062038929461
2016-09-21,0.0757429395664349,0.0466404343058976,-0.961339358735718,-0.3396896407076045,-0.2596540593767898,0.3843395183579995,0.2327475299083862,0.0039296521889186,0.4800370234141073,0.7350991487711989,-0.3531739303254291,-0.4265657351550096,-0.2090585595926434
2016-10-01,-0.0721907363613778,-0.0521389129967643,-0.9810002422417397,-0.3396896407076045,-0.3564183358769653,0.0295191427563934,0.0595192943634538,-0.134169167391538,0.5667853246541272,0.6565688093615782,-0.3558894317740855,-0.4265657351550096,-0.2384539918963309
2016-10-11,-0.1589256594500059,-0.1057908294915864,-0.9826386492005748,-0.3396896407076045,-0.4050648573961792,-0.1661042582406897,-0.0995357219096204,-0.2395079786573646,0.6255915414947301,0.6447511369261499,-0.3586049332227418,-0.4265657351550096,-0.2384539918963309
2016-10-21,-0.1447351351336705,-0.076628115299279,-0.9826386492005748,-0.3396896407076045,-0.3601952397216246,-0.1858914528243027,-0.1940238503886744,-0.259960359538874,0.6707006581395404,0.7320494268523787,-0.3586049332227418,-0.4265657351550096,-0.2384539918963309
2016-11-01,-0.1413822427534384,-0.0643648201004625,-0.9826386492005748,-0.3396896407076045,-0.3089048855111493,-0.1962347590839185,-0.2633151446066474,-0.2766118554778018,0.6338098016122058,0.7598781393616131,-0.3586049332227418,-0.4265657351550096,-0.2384539918963309
2016-11-11,-0.1699664969849115,-0.0897513366858173,-0.9826386492005748,-0.3396896407076045,-0.2850348532129014,-0.2416553648326666,-0.2837875724437758,-0.3044850117233985,0.5403042642755949,0.6950715485866833,-0.3586049332227418,-0.4265657351550096,-0.2384539918963309
2016-11-21,-0.24312051255361,-0.1664343197735386,-0.9826386492005748,-0.3396896407076045,-0.2998403162839665,-0.3360942480726377,-0.3247324281180325,-0.3292812611107152,0.3618767057250698,0.5094197267785029,-0.3586049332227418,-0.4265657351550096,-0.2384539918963309
2016-12-01,-0.2807812835315696,-0.2055796553624438,-0.9826386492005748,-0.3396896407076045,-0.2795205735996986,-0.4008523394371894,-0.3436300538138433,-0.2932633514167297,0.1944068273311788,0.3580772765570497,-0.3586049332227418,-0.4265657351550096,-0.2384539918963309
2016-12-11,-0.3175276293149205,-0.2444632742855204,-0.9826386492005748,-0.3396896407076045,-0.2926641989791136,-0.4813502446750695,-0.3798505030641473,-0.2519966006115606,0.083916885751785,0.2509557941584898,-0.3586049332227418,-0.4265657351550096,-0.2384539918963309
2016-12-21,-0.3933571852678447,-0.3265301430702831,-0.9826386492005748,-0.3396896407076045,-0.3577024831841495,-0.6324524578590234,-0.4034725351839109,-0.2554354965119914,-0.0262077998223875,0.1171492449702528,-0.3586049332227418,-0.4265657351550096,-0.2384539918963309
2017-01-01,-0.4755877175830298,-0.4165606761152528,-0.9826386492005748,-0.3396896407076045,-0.45884796814413,-0.7781581634292647,-0.4333937758689447,-0.251091628006184,-0.1135039850702391,0.0264200178853514,-0.3586049332227418,-0.4265657351550096,-0.2384539918963309
2017-01-11,-0.5291323928673412,-0.4754095378315245,-0.9826386492005748,-0.3396896407076045,-0.5108937031235375,-0.8824906439610424,-0.4664646208366135,-0.2521775951326359,-0.1925819102006151,-0.0509666758047114,-0.3586049332227418,-0.4265657351550096,-0.2384539918963309
2017-01-21,-0.5516543467345562,-0.5000109044193943,-0.9826386492005748,-0.3396896407076045,-0.5233574858109137,-0.929710085581028,-0.4790630379671541,-0.236793060841235,-0.2550406870934294,-0.0951876436276044,-0.3586049332227418,-0.4265657351550096,-0.2384539918963309
2017-02-01,-0.5482337191547236,-0.4962347068124416,-0.9826386492005748,-0.3396896407076045,-0.5128576931227603,-0.9189170703536026,-0.4853622465324244,-0.1868385730244512,-0.30343710778523,-0.1092926075021478,-0.3586049332227418,-0.4265657351550096,-0.2384539918963309
2017-02-11,-0.5908052921037301,-0.5428950495201337,-0.9826386492005748,-0.3396896407076045,-0.530231450808194,-0.9342071752591218,-0.4853622465324244,-0.1967932716835931,-0.4232410774977627,-0.2065024936645423,-0.3586049332227418,-0.4265657351550096,-0.2384539918963309
2017-02-21,-0.6401503850128013,-0.5972573398222042,-0.9826386492005748,-0.3396896407076045,-0.5488893558008117,-0.950846407068069,-0.4853622465324244,-0.2282863183506958,-0.5481586312833913,-0.325060433258678,-0.3586049332227418,-0.4265657351550096,-0.2384539918963309
2017-03-01,-0.6783191699877658,-0.6392815587352217,-0.9629777656945532,-0.3396896407076045,-0.5644501996408087,-0.9616394222954944,-0.4853622465324244,-0.2519966006115606,-0.6478735207087615,-0.4123587231849068,-0.3586049332227418,-0.4265657351550096,-0.2384539918963309
2017-03-11,-0.7090370830066591,-0.6730803967222037,-0.9597009517768827,-0.3346264135824855,-0.5815218050186695,-0.9634382581667318,-0.4853622465324244,-0.2688290910715638,-0.7170895336981667,-0.4882205559155596,-0.3586049332227418,-0.4265657351550096,-0.2384539918963309
2017-03-21,-0.7405678184207602,-0.7078887132773809,-0.9547857309003774,-0.3211244745821685,-0.6017660096260442,-0.9782786541044416,-0.4853622465324244,-0.307742913102754,-0.763477046361251,-0.5556956533694568,-0.3586049332227418,-0.4265657351550096,-0.2384539918963309
2017-04-01,-0.7895065001322275,-0.7618397345331497,-0.92693281260018,-0.3143735050820099,-0.6470888557619577,-1.0003143935271015,-0.4853622465324244,-0.3826746448279297,-0.7842966386588559,-0.6746348082034452,-0.3586049332227418,-0.4265657351550096,-0.2384539918963309
2017-04-11,-0.8347197458656592,-0.8122014986575576,-0.9089103360529937,-0.3076225355818514,-0.6811565284407861,-1.0111074087545269,-0.4853622465324244,-0.4630362121853644,-0.7930627827841631,-0.8301706260632761,-0.3586049332227418,-0.4265657351550096,-0.2384539918963309
2017-04-21,-0.8573433025322754,-0.8395321961890664,-0.8532044994525989,-0.3143735050820099,-0.6960375295887444,-0.9989652666236736,-0.4853622465324244,-0.5213164479716121,-0.7963500868311534,-0.9308114493843432,-0.3423119245308039,-0.4265657351550096,-0.2384539918963309
2017-05-01,-0.8642522928915413,-0.8529545223365513,-0.7794761863050177,-0.3177489898320892,-0.710994068813596,-0.9229644510638872,-0.4853622465324244,-0.5730808809991491,-0.7947064348076582,-0.9700766190891532,-0.3042949042496154,-0.4265657351550096,-0.2384539918963309
2017-05-11,-0.8166005799724861,-0.8172488914985339,-0.6041666417096581,-0.3211244745821685,-0.6773040865192335,-0.7093526913544285,-0.4853622465324244,-0.6018590098501223,-0.7802788226014233,-0.9689329733695956,-0.2527003767251455,0.0046695065682648,-0.2384539918963309
2017-05-21,-0.728917364089449,-0.7530535321803391,-0.4321339110319686,-0.3295631864573667,-0.6155139396206047,-0.4336810940872747,-0.4853622465324244,-0.6395058702337855,-0.735169705956613,-0.915562839790242,-0.2173988578926133,0.8417732110899152,-0.2384539918963309
2017-06-01,-0.6769305983959526,-0.7190303656226471,-0.3125302030370036,-0.3363141559575252,-0.5853742469402221,-0.2929221871629366,-0.4853622465324244,-0.6954331772460541,-0.6780071411395052,-0.8637175671702984,-0.2880018955576776,0.9686071057144076,-0.2370542094056791
2017-06-11,-0.6357475970387593,-0.6885216800060793,-0.1503279141123249,-0.3363141559575252,-0.5534971784912963,-0.3163070534890247,-0.4822126422497892,-0.7466546267103651,-0.6098868961657633,-0.809203787871387,-0.326018915838866,0.8164064321650168,-0.1544670424572237
2017-06-21,-0.576851840985997,-0.6344211063698371,0.0806874670834293,-0.3329386712074459,-0.5078721800478099,-0.4053494291152834,-0.4333937758689447,-0.765659051423272,-0.5059715626803499,-0.7455408428160151,-0.326018915838866,0.6895725375405244,0.110091848275964
2017-07-01,-0.5282857028723332,-0.5901162136546008,0.2740194882259755,-0.3312509288324063,-0.4849841427491735,-0.5658955306232342,-0.3892993159120528,-0.7662020349864979,-0.3810540088947214,-0.715806054107518,-0.2581313796224581,0.5373718639911333,0.4880331207519465
2017-07-11,-0.5735328162055652,-0.6457870872858132,0.3805159405502593,-0.3211244745821685,-0.5742701496369234,-0.8118863360149686,-0.3971733266186406,-0.8147085666346792,-0.3120206239079267,-0.7630767438492314,-0.2689933854170834,0.2837040747421483,0.6504078896675538
2017-07-21,-0.5600535114850365,-0.646833953949127,0.5804015895281461,-0.3025593084567325,-0.6069781369316742,-0.9108223089330336,-0.3940237223360054,-0.8201384022669383,-0.2230807866365799,-0.8221651060263729,-0.2907173970063339,0.4612715272164378,0.8295800484709827
2017-08-01,-0.4567911996938504,-0.5716838827612577,0.8982525395421629,-0.2772431728311379,-0.5618819050264402,-0.8577566507315261,-0.3830001073467825,-0.7881023720366096,-0.0935975327856872,-0.8385573613400317,-0.2907173970063339,0.6642057586156257,1.1081367641106885
2017-08-11,-0.3016437250085689,-0.4620619878742761,1.1472903972851036,-0.2401128405802659,-0.4738045073689814,-0.667979466315965,-0.359378075227019,-0.7580572815381093,0.0413645611435226,-0.7851872277606778,-0.1820973390600812,0.8671399900148137,1.189324148568492
2017-08-21,-0.0982349206078265,-0.2987507883973543,1.261978884403563,-0.1844173422039579,-0.3323972274249311,-0.291123351291699,-0.2680395510306001,-0.720953404717672,0.2123043715870144,-0.6643419967274269,-0.0245982550380149,1.1715413371135956,1.1599287162648044
2017-09-01,0.1773118713676047,-0.0147134297833031,1.5749146135410748,0.0721194988020669,-0.0263169398537281,0.2867526723433625,-0.0963861176269852,-0.6563383606937887,0.4287185546805377,-0.5072813179081859,0.2225123767897098,1.3237420106629867,0.9037685204755274
2017-09-11,0.200375706831625,0.0777847175394772,1.7125407980832263,0.4265453975603907,0.1041373189408097,0.6172887636832617,-0.0853625026377623,-0.6693699662112105,0.4573911510903969,-0.422651534660925,-0.1413648173302365,0.9432403267895092,0.2920635720606963
2017-09-21,0.1718253201999525,0.0787941961076724,1.7649698207659503,0.890674550696291,0.1014934862495483,0.8578830614612835,-0.1231577540293839,-0.6934422375142258,0.3646161257642282,-0.3296350161369085,-0.326018915838866,0.3598044115168438,-0.099875525321804
2017-10-01,0.107172072181135,0.0134024177456906,1.5355928465290314,0.890674550696291,-0.004788587939169,0.9082504658559348,-0.231819101780296,-0.7044829032998193,0.2877297366651791,-0.2221323184984959,-0.3531739303254291,0.0046695065682648,-0.1922611697048219
2017-10-11,0.1193305405094509,0.018449810586667,1.248871628732882,0.461987987436223,-0.0197451271640204,0.9559196164437298,-0.2491419253347893,-0.692356270387774,0.3207854051376919,-0.052110321524269,-0.3531739303254291,-0.1982647248309231,-0.2174572545365541
2017-10-21,0.1848982137228771,0.06937239613785,0.9539583761425574,0.0906846649275029,0.0163620735909239,1.0404649023918942,-0.2507167274761069,-0.6510895195826049,0.4144735704769134,0.1022818506160043,-0.3531739303254291,-0.2997318405305171,-0.2286555144617684
2017-11-01,0.2006466476300277,0.0740832961227612,0.5165037181335759,-0.1911683117041164,-0.0013138364020823,0.9887483710938144,-0.2853623745850933,-0.5967911632600138,0.4796717674088862,0.2124530549333846,-0.3558894317740855,-0.4265657351550096,-0.2328548619337238
2017-11-11,0.1637648314474752,0.0399479652797141,-0.1257518097297979,-0.3295631864573667,-0.0520754240743055,0.8452912103626203,-0.3026851981395866,-0.5274702616881726,0.5076138518083031,0.2353259693245362,-0.3586049332227418,-0.4265657351550096,-0.2328548619337238
2017-11-21,0.0970456598408382,-0.0187139559609658,-0.5386303633562526,-0.3396896407076045,-0.1437031113457441,0.6469695555586811,-0.279063166019823,-0.4764298067449369,0.5457831043539118,0.1834806967045925,-0.3586049332227418,-0.4265657351550096,-0.2342546444243755
2017-12-01,0.0647359696313295,-0.0392774082760545,-0.769645744552007,-0.3396896407076045,-0.1795081597931159,0.5012638499884401,-0.2711891553132353,-0.4259323353649272,0.6082418812467262,0.1125746620920225,-0.3586049332227418,-0.4265657351550096,-0.2356544269150273
2017-12-11,0.0162036991174662,-0.0758803533969121,-0.8908878595058071,-0.3396896407076045,-0.2241511632369907,0.3353212408667763,-0.253866331758742,-0.3937153106135233,0.6283309615338887,0.0363316141215171,-0.3586049332227418,-0.4265657351550096,-0.2370542094056791
2017-12-21,-0.4282408130621777,-0.4849808901818204,-0.9826386492005748,-0.3396896407076045,-0.6433119519172983,-0.5578007692026652,-0.3326064388246204,-0.6981480950621838,0.5171105079440526,-0.4188393822623997,-0.3586049332227418,-0.4265657351550096,-0.2384539918963309
2018-01-01,-0.3278572472540191,-0.3658624191347799,-0.9826386492005748,-0.3396896407076045,-0.4593767346823822,-0.3986037945981424,-0.3861497116294177,-0.5318141301939798,0.4530080790277432,-0.4165520908232845,-0.3586049332227418,-0.4265657351550096,-0.2384539918963309
2018-01-11,-0.320101566899745,-0.3305680573430641,-0.9695313935298936,-0.3396896407076045,-0.3781733020222038,-0.3873610704029079,-0.4459921929994851,-0.415072664100409,0.3412397414300754,-0.4394250052144361,-0.3586049332227418,-0.4265657351550096,-0.2384539918963309
2018-01-21,-0.2967667906373223,-0.2809166670259047,-0.92693281260018,-0.3396896407076045,-0.3112465658948381,-0.3486860991713005,-0.4664646208366135,-0.2699150581980156,0.2731194964563337,-0.4199830279819573,-0.3586049332227418,-0.4265657351550096,-0.2384539918963309
2018-02-01,-0.2486409313210628,-0.2188898172245739,-0.8433740576995881,-0.3396896407076045,-0.2669812528354291,-0.2596437235450421,-0.4711890272605663,-0.0992372248240043,0.2354981279185565,-0.344502410491157,-0.3586049332227418,-0.4265657351550096,-0.2384539918963309
2018-02-11,-0.2643893652282131,-0.2222921338803431,-0.759815302798996,-0.295808338956574,-0.2642618820672743,-0.2412056558648572,-0.4743386315432014,-0.0338982027158199,0.1189814622530142,-0.3284913704173509,-0.3586049332227418,-0.4265657351550096,-0.2384539918963309
2018-02-21,-0.3068593353778186,-0.255866643296615,-0.6369347808863608,-0.1675399184535615,-0.2759702839857187,-0.2479512903819979,-0.4822126422497892,-0.0295543342100125,-0.0218247277597339,-0.380717858277147,-0.3586049332227418,-0.4265657351550096,-0.2384539918963309
2018-03-01,-0.3656534886311801,-0.3123226669253128,-0.4714556780440119,-0.0358960132004698,-0.2986317070536755,-0.2848274257423677,-0.4853622465324244,-0.0608663863560399,-0.195138702237163,-0.4607730586461776,-0.3586049332227418,-0.4265657351550096,-0.2384539918963309
2018-03-11,-0.4222462478975204,-0.369152571505194,-0.2617395873131143,0.0957478920526218,-0.3181205308921184,-0.3113602548431215,-0.4853622465324244,-0.1106398796517484,-0.3593212765840638,-0.5606514514875396,-0.3586049332227418,-0.2236315037558216,-0.2384539918963309
2018-03-21,-0.4526254849184105,-0.3998108095022352,0.1003483505894509,0.1885737226798018,-0.3078473524346445,-0.3023660754869338,-0.4853622465324244,-0.1714540387330505,-0.4842388303696924,-0.6631983510078694,-0.3558894317740855,0.0046695065682648,-0.2384539918963309
2018-04-01,-0.4800582407566726,-0.428786583218951,0.3526630222500622,0.122751770053256,-0.2870743812890176,-0.2929221871629366,-0.4853622465324244,-0.249824666358657,-0.5941808879412543,-0.7348668161001444,-0.3395964230821476,0.1315034011927574,-0.2384539918963309
2018-04-11,-0.4815145475480865,-0.4349930070085959,0.6000624730341678,0.0316136818011156,-0.2360861793861146,-0.234010312379907,-0.4853622465324244,-0.3405029214173841,-0.685677517249149,-0.7718446943658395,-0.3097259071469281,0.1568701801176558,-0.2384539918963309
2018-04-21,-0.4170306375282707,-0.3707976476904011,0.934297492636536,0.0231749699259174,-0.1101642052051682,0.0358150683057249,-0.4853622465324244,-0.4004121078933095,-0.7475884101341317,-0.8122535097902073,-0.2689933854170834,0.5627386429160317,-0.2384539918963309
2018-05-01,-0.3322939028278615,-0.2872352551009047,1.2455948148152118,0.0400523936763138,0.0325272220460664,0.417617981975894,-0.4853622465324244,-0.4653891409593434,-0.7784525425753177,-0.8835407596426298,-0.2527003767251455,0.7910396532401184,-0.2384539918963309
2018-05-11,-0.1930642000487319,-0.1474037793583021,1.5847450552940852,0.1548188751790091,0.2364044915807843,0.9127475555340288,-0.4853622465324244,-0.5176965575501061,-0.780826706609255,-0.9113694721518644,-0.2038213506493318,1.374475568512784,-0.2384539918963309
2018-05-21,-0.1188941564860238,-0.0864237962202849,1.6289820431826338,0.2442692210561098,0.3849123507527945,0.9662629227033456,-0.4853622465324244,-0.6007730427236705,-0.7729737024970007,-0.966264466690628,-0.2119678549953007,1.8818111470107528,-0.2384539918963309
2018-06-01,-0.1426353439460504,-0.1314390627427697,1.4307348011635823,0.3100911736826557,0.3832505130611442,0.6923901613074291,-0.4853622465324244,-0.6892793635294939,-0.7569024382672707,-1.0135351564323414,-0.2472693738278328,1.3237420106629867,-0.2356544269150273
2018-06-11,-0.1457850307274806,-0.1563021459964678,1.1440135833674334,0.4282331399354303,0.3995667376700733,0.4171682730080845,-0.4853622465324244,-0.7517224733004736,-0.7366307299774976,-1.022684322188802,-0.2445538723791765,0.7403060953903213,-0.2090585595926434
2018-06-21,-0.1285125548293156,-0.1567134150427695,0.840908295982933,0.4400473365607077,0.4385443853469589,0.1788225200691097,-0.4727638294018838,-0.7946181747953205,-0.7063144815441432,-0.9971429011186828,-0.1875283419573939,0.5373718639911333,-0.0452840081863843
2018-07-01,-0.1575032202583924,-0.2046075648893668,0.4165608936446325,0.2695853566817044,0.3558301911489167,-0.0653694494513871,-0.439692984434215,-0.8433057009645771,-0.6754503491029573,-0.9525407180559372,-0.1087787999463606,0.2583372958172498,0.7931857037140361
2018-07-11,-0.336832161201105,-0.4004837952143654,-0.043831461788041,-0.1219708743274913,-0.0092453344758671,-0.4961906406127793,-0.3782757009228298,-0.899233007976846,-0.6705193930324719,-0.92280592934744,-0.0381757622812965,-0.1982647248309231,2.345544485846868
2018-07-21,-0.4609907820690904,-0.5362399685890685,-0.4321339110319686,-0.3295631864573667,-0.3071675097426058,-0.7952471042060214,-0.2995355938569514,-0.9307260546439488,-0.6571875488419004,-0.8698170110079388,0.1573403420219582,-0.4265657351550096,3.8643084882040566
2018-08-01,-0.4855786595241254,-0.5773668732192458,-0.7499848610459853,-0.3396896407076045,-0.485966137748785,-0.91352056273989,-0.1121341390401609,-0.9224003066744848,-0.6160962482545226,-0.794717608756991,0.3800114608117761,-0.4265657351550096,5.227696634098899
2018-08-11,-0.4593312696788747,-0.5696275375297488,-0.9089103360529937,-0.3396896407076045,-0.5516087265689664,-0.970633601651682,0.1020389521790282,-0.8909072600073821,-0.5507154233199392,-0.7142811931481079,0.5103555303472793,-0.4011989562301111,5.682625943560729
2018-08-21,-0.434133775427434,-0.5490266971195419,-0.9416784752296964,-0.3396896407076045,-0.5299292985006212,-0.975130691329776,0.1918026742341295,-0.8156135392400558,-0.4681675661399624,-0.6243143965429117,0.3691494550171509,-0.4011989562301111,4.495610391488014
2018-09-01,-0.4023659668147307,-0.497692842522057,-0.9285712195590152,-0.3396896407076045,-0.4294636562326794,-0.9081240551261772,0.240621540614974,-0.712627656748208,-0.3543903205135784,-0.4565796910077999,0.0025567594485482,-0.4265657351550096,2.206966019272341
2018-09-11,-0.4658338488405368,-0.5275285424264946,-0.9105487430118288,-0.3396896407076045,-0.4558264450684024,-0.8429162547938164,0.2752671877239606,-0.6916322923034729,-0.2703814393127171,-0.38872337831405,-0.2907173970063339,-0.4265657351550096,0.4124448662567501
2018-09-21,-0.5781388097784091,-0.6106422778745709,-0.8876110455881369,-0.3396896407076045,-0.6201217623110893,-0.7979453580128777,0.2925900112784538,-0.7290981581660607,-0.2188803425765369,-0.3246792180188255,-0.3558894317740855,-0.4265657351550096,-0.1362698700787504
2018-10-01,-0.7113739473928815,-0.7338360512895109,-0.8859726386293016,-0.3396896407076045,-0.8129704726194015,-0.8712479197658076,0.1697554442556836,-0.8192334296615619,-0.2269159746914019,-0.2999002274284114,-0.3586049332227418,-0.4265657351550096,-0.2034594296300362
2018-10-11,-0.8100980008108243,-0.8257359890903978,-0.877780603835126,-0.3396896407076045,-0.9331515529564656,-1.0124565356579551,-0.0381184383982352,-0.8767896873635084,-0.2455440309576798,-0.3136239760631023,-0.3586049332227418,-0.4265657351550096,-0.2118581245739469
2018-10-21,-0.8567675533356698,-0.8652178175353681,-0.8351820229054123,-0.3396896407076045,-0.971978124479565,-1.1005994933485947,-0.2948111874329987,-0.893803172344587,-0.2572322231247562,-0.3239167875391205,-0.3586049332227418,-0.4265657351550096,-0.2230563844991613
2018-11-01,-0.8702129904563982,-0.8740414079832969,-0.8007754767698745,-0.3396896407076045,-0.9759061044780108,-1.1037474561232603,-0.3861497116294177,-0.8818575339536168,-0.2800607234510772,-0.3368781056941065,-0.3586049332227418,-0.4265657351550096,-0.231455079443072
2018-11-11,-0.8633040000971323,-0.8662646841986816,-0.8056906976463798,-0.3396896407076045,-0.955661899870636,-1.0488829620505151,-0.4491417972821203,-0.8416767502748994,-0.3118379959053161,-0.3772869211184743,-0.3586049332227418,-0.4265657351550096,-0.231455079443072
2018-11-21,-0.8339069234704515,-0.8353821176309303,-0.830266802028907,-0.3396896407076045,-0.9032384745067626,-0.9598405864242568,-0.4774882358258366,-0.7814055747568234,-0.3399627083073435,-0.4295134089782704,-0.3586049332227418,-0.4265657351550096,-0.2300552969524202
2018-12-01,-0.7554695623329025,-0.7581383131164339,-0.8204363602758962,-0.3396896407076045,-0.8008088422395979,-0.8384191651157225,-0.4806378401084717,-0.6986910786254097,-0.3233435600697819,-0.4386625747347311,-0.3586049332227418,-0.4265657351550096,-0.2300552969524202
2018-12-11,-0.6699200052372856,-0.6788007752753101,-0.8269899881112368,-0.3396896407076045,-0.6965662961269968,-0.7399329011654667,-0.4853622465324244,-0.6201394564787279,-0.2901052635946585,-0.4417122966535513,-0.3586049332227418,-0.4265657351550096,-0.2286555144617684
2018-12-21,-0.5984255020588028,-0.6067913040773817,-0.8466508716172583,-0.3396896407076045,-0.6095464315460427,-0.6594349959275866,-0.4853622465324244,-0.5368819767840883,-0.2451787749524587,-0.4508614624100119,-0.3586049332227418,-0.4265657351550096,-0.2286555144617684
2019-01-01,-0.5668608990449014,-0.566374773254453,-0.8810574177527962,-0.3396896407076045,-0.5491159700314913,-0.6243576964384544,-0.4853622465324244,-0.4567014039477288,-0.2681899032813903,-0.4527675386092746,-0.3586049332227418,-0.4265657351550096,-0.2300552969524202
2019-01-11,-0.5725845234111562,-0.5640940994522341,-0.8974414873411477,-0.3396896407076045,-0.5248682473487775,-0.6351507116658798,-0.4853622465324244,-0.4262943244070779,-0.3275440041298249,-0.4520051081295695,-0.3586049332227418,-0.4265657351550096,-0.2328548619337238
2019-01-21,-0.5888409713153114,-0.5725811970440978,-0.903995115176488,-0.3396896407076045,-0.5190518154280019,-0.6688788842515838,-0.4853622465324244,-0.3862945352494358,-0.4047956492340953,-0.4455244490520765,-0.3586049332227418,-0.4265657351550096,-0.2328548619337238
2019-02-01,-0.6198636927324077,-0.5979303255343343,-0.9007183012588179,-0.3396896407076045,-0.5339328165759601,-0.7223942514209007,-0.4853622465324244,-0.3576974009195378,-0.5023190026281387,-0.4386625747347311,-0.3586049332227418,-0.4265657351550096,-0.2384539918963309
2019-02-11,-0.6929499731015055,-0.6676591229300438,-0.8990798942999828,-0.3396896407076045,-0.5840900996330378,-0.7997441938841152,-0.4853622465324244,-0.3868375188126616,-0.6431251926408866,-0.4874581254358545,-0.3586049332227418,-0.4265657351550096,-0.2384539918963309
2019-02-21,-0.7626833610903714,-0.7386591155597771,-0.9056335221353232,-0.3396896407076045,-0.6439162565324438,-0.8600051955705731,-0.4853622465324244,-0.4302762038707345,-0.7368133579801082,-0.5770437068011983,-0.3586049332227418,-0.4265657351550096,-0.2384539918963309
2019-03-01,-0.8256093615193724,-0.8051725367753093,-0.915463963888334,-0.3396896407076045,-0.7047244084314612,-0.9099228909974147,-0.4853622465324244,-0.4923573245995637,-0.7802788226014233,-0.6917894939968089,-0.3586049332227418,-0.4265657351550096,-0.2384539918963309
2019-03-11,-0.8814909011899059,-0.8646569961085927,-0.92693281260018,-0.3396896407076045,-0.7649282557153332,-0.9499469891324502,-0.4853622465324244,-0.5428547959795733,-0.7959848308259322,-0.8282645498640134,-0.3586049332227418,-0.4265657351550096,-0.2384539918963309
2019-03-21,-0.9299893041039692,-0.9173742102254564,-0.9236559986825098,-0.3380018983325649,-0.8236213414613411,-0.9877225424284388,-0.4853622465324244,-0.5884654152905499,-0.7990895068703119,-0.9426291218197714,-0.3586049332227418,-0.4265657351550096,-0.2384539918963309
2019-04-01,-0.9698514690689496,-0.961379998179746,-0.9236559986825098,-0.3380018983325649,-0.877782142593758,-1.0210010060463333,-0.4853622465324244,-0.6275602318428154,-0.7992721348729225,-1.012391510712784,-0.3586049332227418,-0.4265657351550096,-0.2384539918963309
2019-04-11,-0.9921024821377622,-0.9863926338139174,-0.8908878595058071,-0.3380018983325649,-0.9088282921968588,-1.0407882006299465,-0.4853622465324244,-0.6585102949466922,-0.7992721348729225,-1.038695362262608,-0.3586049332227418,-0.4265657351550096,-0.2384539918963309
2019-04-21,-1.005073772861286,-1.0019834694782663,-0.8138827324405555,-0.3363141559575252,-0.9272595829587968,-1.0479835441148966,-0.4853622465324244,-0.6862024566712137,-0.7992721348729225,-1.0562312632958244,-0.3586049332227418,-0.4265657351550096,-0.2384539918963309
2019-05-01,-1.0100184424321332,-1.012526912301639,-0.674618140939569,-0.3346264135824855,-0.9397989037230664,-1.048433253082706,-0.4853622465324244,-0.712627656748208,-0.7992721348729225,-1.071861088129778,-0.3558894317740855,-0.4265657351550096,-0.2384539918963309
2019-05-11,-0.9902736317485448,-0.9984316004420236,-0.414111434484782,-0.3295631864573667,-0.9243891360368556,-1.00885886391548,-0.4853622465324244,-0.7350709773615456,-0.7990895068703119,-1.06156827665376,-0.2527003767251455,-0.4265657351550096,-0.2384539918963309
2019-05-21,-0.944958783215712,-0.958538502950752,-0.0716843800882384,-0.3261877017072874,-0.8693974160586139,-0.9548937877783537,-0.4680394229779311,-0.7607721993542388,-0.7939759227972161,-1.0345019946242304,-0.1332183129842675,-0.3758321773052126,-0.2384539918963309
2019-06-01,-0.8685534780661824,-0.8842857460457227,0.328086917867535,-0.3228122169572081,-0.7520867826434909,-0.8964316219631333,-0.4239449630210393,-0.7868354103890824,-0.7782699145727071,-1.0253528288677698,-0.0571842724218907,-0.0714308302064306,-0.2384539918963309
2019-06-11,-0.7005701830565783,-0.7116649108843336,1.0244098753724684,-0.2789309152061776,-0.4982033062054817,-0.758820677813461,-0.3357560431072555,-0.7700029199290793,-0.7322476579148439,-1.010104219273669,0.026996272486455,0.3344376325919453,-0.2370542094056791
2019-06-21,-0.4061591379923669,-0.4060546213869984,1.93700255144364,-0.1624766913284426,-0.0867474013682793,-0.4862970433209728,-0.0349688341156001,-0.6807726210389546,-0.637098468554738,-0.9376733237016884,0.138331831881364,1.526676242062175,-0.1488679124946165
2019-07-01,-0.0338187457876114,-0.0286218011673267,2.3941180929586428,0.0535543326766309,0.3451037842300836,-0.1310269587515574,0.8185739264785213,-0.5182395411133321,-0.4827778063488079,-0.7928115325577284,0.1166078202921135,2.262312830884232,0.5580222452845359
2019-07-11,0.1479147947409239,0.1344650697388851,1.779715483395467,0.178447268429564,0.4973130091698601,-0.1094409282967068,1.0957391033504131,-0.4405928915720268,-0.3364927762577427,-0.7276237265429463,-0.0761927825624849,1.7296104734613629,1.970402778352189
2019-07-21,0.2889394803094707,0.2455077122403636,1.3062158722921122,0.2071388888052379,0.5543442572242181,-0.1008964579083285,1.0532194455348387,-0.3864755297705111,-0.1869204421196874,-0.6548116157311138,-0.2717088868657397,0.8417732110899152,3.620746334830646
2019-08-01,0.4547552489318541,0.3773007475325225,0.9326590856777008,0.2695853566817044,0.6271629633492527,-0.0190494257670203,0.9382588892186564,-0.3204125295780253,-0.0168937716892485,-0.5278669408602223,-0.326018915838866,0.0046695065682648,5.059722735220683
2019-08-11,0.6385885806480096,0.5408736636752727,0.7622647619588465,0.3489092483085673,0.7584481409896157,0.0839339278613292,0.7744794665216294,-0.2342591375461808,0.1374268905166815,-0.3174361284616275,-0.3395964230821476,-0.3250986194554156,6.064766563508667
2019-08-21,0.8672626144997932,0.7678941772338507,0.7180277740702977,0.4923673501869365,0.9794725539790874,0.2984451055064064,0.7099125787276092,-0.1291013208014295,0.3171328450854806,0.0229890807266787,-0.3395964230821476,-0.4265657351550096,6.375518276433364
2019-09-01,1.2153876728473176,1.1329515379693509,0.8327162611887573,0.8332913099449433,1.4424454272574447,0.6564134438826782,0.7036133701623388,-0.0034911231751688,0.5731773047454971,0.4484252884020987,-0.3395964230821476,-0.4011989562301111,5.611237036537487
2019-09-11,1.4334950155614004,1.3749272895752664,0.7294966227821437,1.3024836902059622,1.8569228551703747,0.8286519785536732,0.5351095410413591,0.0437484468254852,0.8284912523950713,0.7030770686235863,-0.3586049332227418,-0.3504653983803141,3.0916285533642704
2019-09-21,1.6594257738293576,1.6299888744726023,0.7344118436586492,1.9522645045962224,2.231138488099234,0.9383809666991638,0.4437710168449403,0.1136123319605525,1.1493686529818397,0.8811045856347167,-0.3586049332227418,-0.3504653983803141,1.319503920199108
2019-10-01,1.8110171505356047,1.805937250099524,0.8212474124769114,2.507531745984263,2.4915937772269507,0.9185937721155504,0.4169993804425416,0.1300828333784051,1.412900860748889,0.9135078810221814,-0.3586049332227418,-0.2997318405305171,0.4166442137287054
2019-10-11,2.022723516887427,2.039500680303812,1.1423751764085983,2.966597671995044,2.8003178974894163,0.8790193829483245,0.3823537333335551,0.1532501320760439,1.7659207897951177,0.9359995801734804,-0.3586049332227418,-0.1982647248309231,0.0666985910657586
2019-10-21,2.3301397202749623,2.3697497244841346,1.8518053895842128,3.8155320866399816,3.2317913927033133,0.9707600123814396,0.3130624391155822,0.1720735622678755,2.1194886028491777,1.0042371081070824,-0.3531739303254291,-0.0967976091313291,-0.0634811805648575
2019-11-01,2.521356188747588,2.566037223855435,2.164741118721724,4.61552197240877,3.5428571933494672,1.0602520969755076,0.1823538613862241,0.115060288129155,2.2699740770002856,0.9928006509115068,-0.3586049332227418,-0.0967976091313291,-0.1544670424572237
2019-11-11,2.558915356926147,2.585217316651145,2.11886572387434,5.081338867919709,3.6339561140826535,1.114217173112634,0.0012516151347038,0.049540271499895,2.2076979281100817,0.9340935039742178,-0.3586049332227418,-0.3250986194554156,-0.185262257251563
2019-11-21,2.461376669501216,2.456976150395229,1.9451945862378155,5.233235681673277,3.4903582299087,1.1034241578852086,-0.2381183103455663,-0.0234005204934522,2.1043304786325003,0.809054905302589,-0.3586049332227418,-0.4265657351550096,-0.2006598646487326
2019-12-01,2.328310869885745,2.293104129491532,1.7911843321073124,5.314247315675179,3.2256728084749646,1.0926311426577833,-0.3404804495312082,-0.0304593068153891,2.0394975377057487,0.6908781809483056,-0.3586049332227418,-0.4265657351550096,-0.224456166989813
2019-12-11,2.05869090787537,1.9991963137662383,1.5306776256525256,4.488941294280797,2.730747328670789,1.0175297450336154,-0.359378075227019,-0.0215905752826991,2.0226957614655765,0.5402981612065576,-0.3586049332227418,-0.4265657351550096,-0.2272557319711166
2019-12-21,1.6109951061148953,1.5353222176329575,1.0309635032078088,3.010478973746075,1.9948553835773384,0.8309005233927199,-0.3845749094881001,-0.0373370986162506,1.9498271884239595,0.3264364116492901,-0.3586049332227418,-0.4265657351550096,-0.2286555144617684
2020-01-01,1.1490071772386836,1.075261707201748,0.1282012688896483,1.754798646716585,1.269765383479614,0.6375256672346841,-0.4034725351839109,-0.0505496986547477,1.9069096078104764,0.0862708105421982,-0.3586049332227418,-0.4265657351550096,-0.2286555144617684
2020-01-11,0.9677816507071532,0.903874679179264,-0.0716843800882384,1.4695701853348864,0.9848357574385042,0.512056865215865,-0.439692984434215,-0.04892074796507,1.925172408071533,-0.0277125461737071,-0.3586049332227418,-0.4265657351550096,-0.2286555144617684
2020-01-21,0.8707171096794262,0.821022660397016,-0.0962604844707655,1.3851830665829046,0.8345905224979502,0.4207659447505596,-0.4601654122713433,-0.0132648273132352,1.945626744363917,-0.1092926075021478,-0.3586049332227418,-0.4265657351550096,-0.231455079443072
2020-02-01,0.84910958100682,0.8135824294684659,-0.0569387174587221,1.5860244092126214,0.7844332394408728,0.3811915555833336,-0.4696142251192487,0.0594949701590367,1.9688205006954584,-0.1291157999744794,-0.3586049332227418,-0.4265657351550096,-0.2342546444243755
2020-02-11,0.7567187687515378,0.7348431011492357,-0.0127017295701734,1.764925100966823,0.6685578294867203,0.3029421951845005,-0.4822126422497892,0.0824812743356002,1.889559947562472,-0.201165480306607,-0.3586049332227418,-0.4265657351550096,-0.2384539918963309
2020-02-21,0.6130862779983661,0.6009563325304497,0.0528345487832319,1.8678773858442408,0.5057732737818973,0.1819704828437754,-0.4853622465324244,0.0725265756764585,1.7029141288944714,-0.2800770349560799,-0.3586049332227418,-0.4265657351550096,-0.2384539918963309
2020-03-01,0.4432402649997442,0.4409352854239418,0.1478621523956699,1.9252606265955885,0.3380032050021239,0.0178267095933494,-0.4853622465324244,0.03162181391344,1.4605667694302478,-0.3810990735169995,-0.3586049332227418,-0.4265657351550096,-0.2384539918963309
2020-03-11,0.2602874908783972,0.2653981788433218,0.4050920449327865,2.1007858335997103,0.1830746092941926,-0.1701516389509742,-0.4853622465324244,-0.020866597198398,1.106998956376188,-0.4958448607126101,-0.3586049332227418,-0.4265657351550096,-0.2384539918963309
2020-03-21,0.0772669815574494,0.0873934579848914,0.7409654714939896,2.1514181048509,0.0329804505074254,-0.2848274257423677,-0.4853622465324244,-0.0771558932528174,0.7015647905807264,-0.6147840155465985,-0.3586049332227418,-0.4265657351550096,-0.2384539918963309
2020-04-01,-0.1132382673193696,-0.0985749271337463,0.9392127135130413,1.834122538343448,-0.1050276159764312,-0.406248847050902,-0.4853622465324244,-0.1557075153994991,0.3070883049418993,-0.7352480313399969,-0.3586049332227418,-0.4265657351550096,-0.2384539918963309
2020-04-11,-0.2486070637212624,-0.2263674362482425,1.332430383633474,1.4729456700849657,-0.1664400724905943,-0.4669595577051691,-0.4853622465324244,-0.2205035539444577,-0.0400875280207907,-0.8488501728160499,-0.3586049332227418,-0.4265657351550096,-0.2384539918963309
2020-04-21,-0.2742109691703068,-0.2445006623806387,2.3793724303291266,1.4223133988337766,-0.1303328717356496,-0.4345805120228934,-0.4853622465324244,-0.2737159431405969,-0.2517533830464391,-0.9273805122256704,-0.3586049332227418,-0.2997318405305171,-0.2384539918963309
2020-05-01,-0.2177875479029681,-0.1771647030725032,3.8948988672516287,1.6332811957137312,-0.0168746802420793,-0.2403062379292382,-0.4853622465324244,-0.3318151844057694,-0.3876286169887019,-0.9742699867275312,-0.3205879129415533,-0.2489982826807201,-0.2384539918963309
2020-05-11,-0.0497365176937634,-0.0023753583942499,5.6266950227403685,2.013023230097649,0.1734812735287577,0.4472987738513136,-0.4853622465324244,-0.3783307763221224,-0.4646976340903616,-0.9685517581297431,-0.1820973390600812,0.2329705168923514,-0.2384539918963309
2020-05-21,0.1044287965973086,0.1567483744294176,6.657252999847669,2.326943311855022,0.3647436842223129,1.1025247399495897,-0.4853622465324244,-0.4404118970509515,-0.5384793471450311,-0.9060324587939288,0.0079877623458608,0.3344376325919453,-0.2384539918963309
2020-06-01,0.2127373807587431,0.2708194526354818,6.986572798573533,2.527784654484739,0.5156687618549051,1.5355944759500286,-0.4853622465324244,-0.489642406783434,-0.5788401357219667,-0.8214026755466679,0.0568667884216745,0.4105379693666408,-0.2384539918963309
2020-06-11,0.3931162172952654,0.4598536615538234,7.209396144975111,2.9007757193684984,0.7435671398416575,1.9187465165236264,-0.4837874443911069,-0.4557964313423523,-0.5247822469492386,-0.7241927893842736,0.2252278782383661,0.3851711904417423,-0.2384539918963309
2020-06-21,0.6775024528185811,0.7586967058347384,7.35849117822911,3.682200439011851,1.0565213924101406,2.2052111290182053,-0.4570158079887082,-0.2570644472016691,-0.3585907645736215,-0.5343475999377153,0.5375105448338425,0.3090708536670468,-0.2342546444243755
2020-07-01,0.9867475065953342,1.084085297649677,7.102899692650828,4.52100839940655,1.407320221502112,2.2137555994065834,-0.348354460237796,0.1210331073246399,-0.1591609857228811,-0.3971101135908056,0.6841476230612837,0.2837040747421483,-0.2020596471393844
2020-07-11,1.1201181146090078,1.2266834924310368,6.191945423538492,4.737039423411623,1.5926151241211053,1.976758973371037,-0.2333939039216136,0.4108053355662009,-0.0557935362452995,-0.3894858087937551,0.6569926085747204,0.3344376325919453,-0.1614659549104826
2020-07-21,1.2390611251077437,1.3492042801338466,4.818960392034647,4.627336169034047,1.7799495548162148,1.8355503574788896,-0.1011105240509379,0.6513470540752792,0.0214581088589707,-0.3605134505649631,0.5456570491798114,0.7910396532401184,-0.0956761778498486
2020-08-01,1.3849627450475368,1.4822311225649107,3.5508334058962503,4.080507639521205,2.0052796381885982,1.7411114742389184,0.0862909307658524,0.8421152792886494,0.1100326901250962,-0.3361156752144014,0.5130710317959356,1.1715413371135956,0.0862955459348837
2020-08-11,1.600597752976196,1.649094191078075,2.6497095785369247,3.3716558420045573,2.267245688854179,1.749655944627297,0.1713302463970011,0.957046800171467,0.2309324278532924,-0.2739775911184395,0.9801372809648222,1.374475568512784,0.4152444312380536
2020-08-21,1.9570542408746,1.9010899521757063,1.905872819225772,2.578416925735928,2.6171380610234314,1.990699951373128,0.2642435727347376,0.998313550976636,0.4274401586622637,-0.1070053160630327,2.316163993703729,1.7803440313111598,0.6714046270273307
2020-09-01,2.454162870743747,2.317107286557508,1.617513194470788,2.198674891352009,3.143865071199641,2.4543498971846054,0.4390466104209875,1.043562181245462,0.7097830506982021,0.2364696150440937,4.287618045428215,2.338413167658928,0.7497924465038308
2020-09-11,2.589938078343243,2.493840812181916,1.319323127962793,1.7244192839658716,3.4800095133743327,2.6585177685700674,0.4705426532473389,0.906911317833608,0.8723219730216077,0.4564308084390017,4.181713488930619,2.084745378409942,0.2430711848878838
2020-09-21,2.574629923233497,2.553100942944489,1.029325096248974,1.224847540954139,3.68124295021779,2.663014858248161,0.473692257529974,0.7744233284064859,0.9860992186479915,0.6344583254501317,2.207543935757477,1.856444368085856,-0.0956761778498486
2020-10-01,2.453688724346542,2.498663876452181,0.6803444140170896,0.7674693573183975,3.6659842586853655,2.535297511390296,0.6626685144880822,0.6493561143434508,1.0695602158410211,0.8231598691771324,0.1437628347786767,1.2476416738882912,-0.1992600821580809
2020-10-11,2.4356711612527704,2.5028139550103177,0.472266730245027,0.5632525299386013,3.621492331395277,2.4831312711244062,0.7870778836521699,0.5948767634997846,1.2492661704098202,1.0259663767786764,-0.3178724114928971,0.6388389796907273,-0.2272557319711166
2020-10-21,2.5531917325598923,2.631653330788127,0.410007265809292,0.7539674183180803,3.676559589450412,2.64952358921388,0.8784164078485889,0.5937907963733329,1.5451235346389407,1.2924358294355929,-0.2880018955576776,0.2329705168923514,-0.231455079443072
2020-11-01,2.576797449620718,2.6540487997640145,0.3477478013735567,1.1995314053285444,3.598755370250428,2.718329061288715,0.7792038729455821,0.6097183142279596,1.7012704768709768,1.475800359804658,-0.3233034143902097,-0.0967976091313291,-0.2328548619337238
2020-11-11,2.4542306059433474,2.5225922573279207,0.3051492204438431,1.7412967077162682,3.2862543461433025,2.581617535074661,0.6044008352593321,0.636324508826029,1.763181369755959,1.5947395146386465,-0.3586049332227418,-0.4011989562301111,-0.2370542094056791
2020-11-21,2.236461939227268,2.29654383424242,0.2609122325552945,1.8982567485949544,2.819429030943393,2.3684554843330123,0.4201489847251767,0.7061883939610962,1.804637926348558,1.6309549624246364,-0.3586049332227418,-0.4265657351550096,-0.2370542094056791
2020-12-01,2.1174511935289315,2.173200508447006,0.2609122325552945,1.6349689380887706,2.5339706383640306,2.24613464508886,0.1744798506796362,0.8086312928897181,1.8939430196251257,1.6656455492512168,-0.3586049332227418,-0.4265657351550096,-0.2370542094056791
2020-12-11,2.03146135763591,2.089712892047747,0.2674658603906349,1.0611365305752942,2.328204916906983,2.095482140872715,-0.0255200212676947,0.9317075672209244,1.997675725107928,1.704148288476322,-0.3586049332227418,-0.4265657351550096,-0.2370542094056791
2020-12-21,1.9187499855004344,1.9962426542518887,0.2822115230201512,0.5446873638131653,2.143665395056921,1.8063192745712795,-0.1200081497467488,1.067634452548477,2.086067678371444,1.6122754156718628,-0.3586049332227418,-0.4265657351550096,-0.2384539918963309
2021-01-01,1.809018962147386,1.9301405020826592,0.3067876274026783,0.2932137499322593,1.9712119655097693,1.53469505801441,-0.1798506311168163,1.2278146037001207,2.252259160747061,1.452546230173654,-0.3586049332227418,-0.4265657351550096,-0.2384539918963309
2021-01-11,1.7028440367733724,1.855551252321565,0.3051492204438431,0.1430046785537317,1.8261033197979533,1.409226255995591,-0.2223702889323906,1.3110720833947604,2.339555345994912,1.236015973937419,-0.3586049332227418,-0.4265657351550096,-0.2384539918963309
2021-01-21,1.5893875774422892,1.7637634788060332,0.3002339995673376,-0.0460224674507076,1.691343390620503,1.249579572423259,-0.2806379681611406,1.3784020452347734,2.372793642470035,0.973358673679028,-0.3586049332227418,-0.4265657351550096,-0.2384539918963309
2021-02-01,1.4983853367788196,1.6813601171652048,0.2985955926085026,-0.197919281204275,1.5883849918150867,1.07284394807417,-0.3845749094881001,1.4547817331285515,2.3585486582664115,0.7457731754870697,-0.3586049332227418,-0.4265657351550096,-0.2384539918963309
2021-02-11,1.3881462994287674,1.5727850889415371,0.2772963021436457,-0.2603657490807415,1.477570633012778,0.8457409193304297,-0.4585906101300257,1.4839218510216754,2.251163392731397,0.5761323937526951,-0.3586049332227418,-0.4265657351550096,-0.2384539918963309
2021-02-21,1.2930799467892595,1.4758377582996742,0.2740194882259755,-0.253614779580583,1.3995397995821133,0.6496678093655375,-0.4853622465324244,1.4728811852360817,2.102869454611616,0.4655799741954624,-0.3586049332227418,-0.4265657351550096,-0.2384539918963309
2021-03-01,1.1896144293992714,1.36875825388074,0.2838499299789864,-0.2316741287050677,1.3163723769227116,0.5408382391556658,-0.4853622465324244,1.4406641604846775,1.891751483593799,0.3580772765570497,-0.3586049332227418,-0.4265657351550096,-0.2384539918963309
2021-03-11,1.0566163649834015,1.2314317805110664,0.3297253248263703,-0.1591012065783633,1.2167376535005952,0.4666362594671172,-0.4853622465324244,1.4077231576489726,1.5728829910357471,0.2097845482544169,-0.3586049332227418,-0.4265657351550096,-0.2384539918963309
2021-03-21,0.8950340463360585,1.0678962524634346,0.3870695683856001,-0.0392714979505491,1.1267718039208068,0.3771441748730493,-0.4853622465324244,1.360845576690469,1.1197829165589277,0.053486299914881,-0.3586049332227418,-0.4265657351550096,-0.2384539918963309
2021-04-01,0.6870192483624721,0.8557935888570749,0.4526058467390056,0.01136077330064,1.0215472628085942,0.2345864320774737,-0.4853622465324244,1.2622035627044286,0.5456004763513014,-0.1306406609338895,-0.3586049332227418,-0.4265657351550096,-0.2384539918963309
2021-04-11,0.5541905219456036,0.7150274107365139,0.5591022990632895,0.0586175598017498,0.9649692432155952,0.1909646621999631,-0.4853622465324244,1.162294587070861,0.1365137505036287,-0.238905789052007,-0.3586049332227418,-0.4011989562301111,-0.2384539918963309
2021-04-21,0.5062001330285454,0.6621980323342954,0.6950900766466058,0.067056271676948,0.9554514455270532,0.2255922527212859,-0.4853622465324244,1.1089012033536465,-0.0528714882035304,-0.2918947073915083,-0.3586049332227418,-0.3504653983803141,-0.2384539918963309
2021-05-01,0.505861457030542,0.6543465323594435,0.8081401568062304,0.0603053021767894,0.976828721287826,0.3006936503454535,-0.4853622465324244,1.066910474464176,-0.1290273652921373,-0.3269665094579407,-0.3531739303254291,0.0807698433429602,-0.2384539918963309
2021-05-11,0.5621832754984798,0.6942022417555969,0.9359358995953708,0.0518665903015912,1.0139934551192749,0.459440915982167,-0.4837874443911069,1.0506209675673988,-0.0775262685559571,-0.3540327914874701,-0.3450274259794602,1.0954410003389004,-0.2384539918963309
2021-05-21,0.5897515017359432,0.7001469488794134,0.971980852689744,-0.0088921351998356,1.0064396474299562,0.610543129166121,-0.4365433801515798,1.0017524468770669,-0.0315040118980939,-0.3974913288306582,-0.3042949042496154,1.7549772523862612,-0.2356544269150273
2021-06-01,0.5493813227739576,0.6500469014208338,0.8310778542299223,-0.1017179658270157,0.9617966439860814,0.673502384659435,-0.406622139466546,0.9025674493278004,-0.0799004325898945,-0.4318007004173856,-0.1956748463033628,1.9071779259356525,-0.2090585595926434
2021-06-11,0.5249289157181243,0.6219684419869586,0.6672371583464084,-0.2114212202045921,0.92576498130803,0.7688406858350247,-0.3499292623791136,0.7954186928512208,-0.1016331649005521,-0.3849112259155248,0.0785908000109251,1.8818111470107528,-0.099875525321804
2021-06-21,0.5721403498397749,0.6703860251652125,0.5705711477751354,-0.2941205965815343,0.9211571586175454,0.9662629227033456,-0.115283743322796,0.789626868176811,-0.1040073289344895,-0.1432207638490228,0.4207439825416209,1.8310775891609568,0.1072922832946604
2021-07-01,0.6729303268455376,0.7752222438770461,0.4526058467390056,-0.327875444082327,0.933923093612494,1.1938156604148948,0.5162119153455484,0.8897168383314541,-0.1286621092869163,0.2810717981068393,0.7981986839048489,1.1208077792637987,0.3438555242148124
2021-07-11,0.7176694261817648,0.8133581008977558,0.2838499299789864,-0.3363141559575252,0.9049920101624028,1.196963623189561,1.0610934562414265,0.9854629399802896,-0.2194282265843686,0.6428450607268873,0.7248801447911284,0.3851711904417423,0.6084144149480002
2021-07-21,0.8245894387513856,0.8940789982582581,0.1626078150251861,-0.3396896407076045,0.8957008267045404,1.156489816086716,1.3634554673743997,1.172430280251078,-0.2630763192082944,1.128132061059154,0.591820573806969,0.0300362854931633,0.9317641702885632
2021-08-01,1.0284723895493326,1.06393311438089,0.0970715366717807,-0.3396896407076045,0.9576420497569555,1.166833122346332,1.8311717033457169,1.4048272453117676,-0.2134015024982199,1.7872532107641723,0.6325530955368137,-0.1728979459060246,1.2089211034376168
2021-08-11,1.2376725535159303,1.2422369400002675,0.0741338392480887,-0.3396896407076045,1.114987863925469,1.1259096062756777,2.391801265654771,1.56699833619524,-0.0870229246917066,2.090319326446932,1.0290163070406355,-0.3758321773052126,1.050745681993965
2021-08-21,1.533641508170957,1.518460186734585,0.1019867575482861,-0.3396896407076045,1.4561178191751118,1.205508093577939,2.802824624538656,1.680481900909455,0.1520371307255268,2.302656215044789,1.5313840750420542,-0.4011989562301111,0.7035996243123219
2021-09-01,1.9923104122667368,1.973099423373635,0.1691614428605268,-0.3396896407076045,2.0666165566258683,1.441155592710058,3.0264465286057503,1.8627433836322853,0.4674356912339781,2.6324073975172246,1.4825050489662406,-0.4011989562301111,0.4768348608267323
2021-09-11,2.2850280773409315,2.288692334267567,0.2265056864197566,-0.3396896407076045,2.5430352075912133,1.61519296325229,2.7776277902775743,1.9311593125987505,0.7806427157111024,2.734191866557849,0.7764746723155984,-0.4265657351550096,0.1912792327337677
2021-09-21,2.4495907447707035,2.4955232764622406,0.2346977212139323,-0.3380018983325649,2.812706142099899,1.806768983539089,2.369754035676325,1.99939424704414,1.13348001675472,2.7155123198050752,-0.051753269524578,-0.4265657351550096,-0.0410846607144289
2021-10-01,2.446779733987276,2.5164232216333944,0.2478049768846133,-0.3380018983325649,2.7704803571166057,1.890864560519444,1.8295969012044,2.075773934937918,1.4138140007619422,2.5233798389194013,-0.2852863941090213,-0.4265657351550096,-0.165665302382438
2021-10-11,2.404546837036273,2.489765509814016,0.2379745351316026,-0.3396896407076045,2.557991746816065,2.0167830715060724,1.5303844943540614,2.219664579192784,1.7520410615967146,2.322098192277268,-0.3423119245308039,-0.4011989562301111,-0.2104583420832952
2021-10-21,2.319335955938659,2.4070256553171228,0.2019295820372294,-0.3396896407076045,2.206890765416521,2.0860382525487178,1.2500697131995346,2.4075368920689493,2.0796756982800737,2.21535792511856,-0.3558894317740855,-0.3504653983803141,-0.2146576895552505
2021-11-01,2.1246649922864003,2.202512775019787,0.1118171993012969,-0.3396896407076045,1.7345511706034078,1.8746750376783063,1.0343218198390278,2.5289842157104783,2.2586511408384307,2.1577944239008287,-0.3586049332227418,-0.3250986194554156,-0.2076587771019916
2021-11-11,1.9920056038685336,2.066943542120675,0.0397272931125508,-0.3396896407076045,1.4790058564737485,1.594956059700868,0.7146369851515619,2.586359478891349,2.379185622561405,2.03123096426979,-0.3586049332227418,-0.4265657351550096,-0.2076587771019916
2021-11-21,1.9380883849864183,2.021965663693309,0.0151511887300238,-0.3396896407076045,1.3860940218951254,1.419119853287398,0.2469207491802443,2.648259605099103,2.527296932678576,1.882557020727304,-0.3586049332227418,-0.4265657351550096,-0.204859212120688
2021-12-01,1.9513306165083453,2.0455201636178653,0.0200664096065292,-0.3396896407076045,1.360259999597655,1.3287283507577112,0.0201492408305146,2.753417421843854,2.6991498831351213,1.829568102387803,-0.3586049332227418,-0.4265657351550096,-0.1908613872141701
2021-12-11,1.9618634400462456,2.0707197397276285,0.0315352583183751,-0.3396896407076045,1.3306490734555247,1.311189701013145,-0.0633152726593164,2.8495255125348407,2.827354740967739,1.8147007080335544,-0.3586049332227418,-0.4265657351550096,-0.1558668249478755
2021-12-21,1.9353112418027925,2.061821373089463,0.0495577348655617,-0.3396896407076045,1.2887254407798048,1.2567749159082091,-0.1341813690186069,2.923733266175715,2.870637577586444,1.7537062696571504,-0.3586049332227418,-0.4265657351550096,-0.1362698700787504
2022-01-01,1.8341825887990264,1.984988837621268,0.0675802114127483,-0.3396896407076045,1.1986085150462296,1.1295072780181528,-0.2727639574545528,2.964457033417658,2.86625450552379,1.4777064360039207,-0.3586049332227418,-0.4265657351550096,-0.1292709576254915
2022-01-11,1.7101255707304417,1.891780316491239,0.0724954322892536,-0.3396896407076045,1.133419154687407,0.9972928414821932,-0.3735512944988771,2.9570362580535705,2.796307980523943,1.1502425449706002,-0.3586049332227418,-0.4265657351550096,-0.1502676949852683
2022-01-21,1.5622596300022296,1.76518422642053,0.0921563157952753,-0.3396896407076045,1.072157774327031,0.800320313581682,-0.4585906101300257,2.922466304528188,2.606374857808952,0.8216350082177223,-0.3586049332227418,-0.4265657351550096,-0.1950607346861255
2022-02-01,1.4242830284157122,1.6382142553986374,0.1298396758484834,-0.3396896407076045,1.0223026435775258,0.6307800327175431,-0.4853622465324244,2.882466515370546,2.321292545733855,0.5932870795460587,-0.3586049332227418,-0.4265657351550096,-0.2230563844991613
2022-02-11,1.2672389681416123,1.488923591591094,0.1511389663133401,-0.3396896407076045,0.9571132832187031,0.4670859684349266,-0.4853622465324244,2.817489482304512,1.9653505686458577,0.3969612310220075,-0.3586049332227418,-0.4265657351550096,-0.2384539918963309
2022-02-21,1.1343086389253434,1.353840403928521,0.1773534776547025,-0.3396896407076045,0.8939634509359975,0.3051907400235474,-0.4853622465324244,2.7570373122653606,1.626210367798033,0.2803093676271342,-0.3586049332227418,-0.4265657351550096,-0.2384539918963309
2022-03-01,1.012994896440585,1.222869906728966,0.2084832098725699,-0.3312509288324063,0.8364789744202801,0.169828340712922,-0.4853622465324244,2.675227788739323,1.2982104751094523,0.1724254547488692,-0.3586049332227418,-0.4265657351550096,-0.2384539918963309
2022-03-11,0.8980821303180876,1.0965355333240852,0.2543586047199538,-0.3109980203319307,0.786170615209416,0.0888807265072324,-0.4853622465324244,2.59866710632447,0.9523130381650364,0.0641603266307517,-0.3586049332227418,-0.4265657351550096,-0.2384539918963309
2022-03-21,0.8033544536765828,0.9905776717587014,0.3084260343615133,-0.2384250982052263,0.7530093994533059,0.0520045911468628,-0.4853622465324244,2.5215634403463905,0.6380102456722488,-0.0368617119301679,-0.3586049332227418,-0.4265657351550096,-0.2384539918963309
2022-04-01,0.730471378906287,0.906940502978968,0.4247529284388082,-0.1962315388292353,0.7484015767628216,0.0565016808249566,-0.4853622465324244,2.4299802126822865,0.3584067736754689,-0.1363588895316774,-0.3586049332227418,-0.4265657351550096,-0.2384539918963309
2022-04-11,0.733316257289514,0.8983786291968675,0.6836212279347598,-0.179354115078839,0.8087565002004796,0.2130004016226231,-0.4853622465324244,2.3593923494629183,0.1821707511562707,-0.2034527717457221,-0.3558894317740855,-0.4265657351550096,-0.2384539918963309
2022-04-21,0.8788114660317037,1.014431276444204,1.2505100356917174,-0.1894805693290768,1.0250220143456807,0.66990471291696,-0.4853622465324244,2.298216201339466,0.074602857618646,-0.2686405777605041,-0.3423119245308039,-0.3250986194554156,-0.2384539918963309
2022-05-01,1.0529586642049664,1.1387093046175758,1.93700255144364,-0.253614779580583,1.288498826549125,1.178525555509376,-0.4837874443911069,2.16663318451772,-0.0543325122244149,-0.3593698048454055,-0.2880018955576776,0.0554030644180618,-0.2384539918963309
2022-05-11,1.1382372805021808,1.171536052131481,2.472761626982729,-0.2738676880810586,1.445315874179386,1.5063633930424185,-0.4806378401084717,1.9450958907215488,-0.1808937180335387,-0.4916514930742323,-0.2391228694818638,0.5373718639911333,-0.2384539918963309
2022-05-21,1.0419516942698612,1.034919952569056,2.821742309214614,-0.2688044609559398,1.446977711871036,1.2797100732664877,-0.4853622465324244,1.553966730677818,-0.3120206239079267,-0.6902646330373988,-0.2635623825197707,0.3851711904417423,-0.2384539918963309
2022-06-01,0.8578812893551037,0.8255466199063355,3.121570782681444,-0.253614779580583,1.3598823092131889,0.9091498837915536,-0.4853622465324244,1.076865173123318,-0.4382165737118292,-0.902601521635256,-0.3042949042496154,0.0300362854931633,-0.2384539918963309
2022-06-11,0.7555334027585263,0.712073751222165,3.603262428578976,-0.2553025219556226,1.2974123196225211,0.6244841071682118,-0.4837874443911069,0.803201457257459,-0.483143062354029,-0.9746512019673838,-0.3015794028009592,-0.1221643880562276,-0.2384539918963309
2022-06-21,0.7164163249891526,0.6713581156382894,3.963711959522705,-0.192856054079156,1.2736178254011667,0.4315589599779849,-0.475913433684519,0.6564149006653878,-0.4541052099389487,-0.9845627982035494,-0.3070104056982718,-0.2489982826807201,-0.2384539918963309
2022-07-01,0.669949978063109,0.6349421109930236,4.047270714423297,-0.1337850709527688,1.2332804923402034,0.2251425437534765,-0.4570158079887082,0.5791302401662334,-0.3993168091557782,-0.9738887714876788,-0.3042949042496154,-0.2743650616056186,-0.2370542094056791
2022-07-11,0.5551388147400128,0.5308162660884385,3.201852723664366,-0.1236586167025309,1.091495522011687,-0.1202339435241321,-0.417645754455769,0.5422073578668712,-0.3346664962316371,-0.9472037046980016,-0.1902438434060502,-0.3250986194554156,-0.2202568195178577
2022-07-21,0.5791848105982422,0.5440890398554501,2.009092457632386,-0.1017179658270157,1.062262286254023,-0.3770177641432918,-0.2696143531719177,0.6527950102438818,-0.2079226624199028,-0.8759164548455792,0.6271220926395009,-0.3250986194554156,-0.1040748727937593
2022-08-01,0.9089874974537916,0.7921590509656553,1.3438992323453205,0.0721194988020669,1.1704328123650702,-0.4031008842762363,0.3650309097790618,1.0155080304787898,0.0256585529190138,-0.6060160650299904,2.077199866221973,-0.2743650616056186,0.7973850511859916
2022-08-11,1.7091434103362324,1.384797746686509,1.1128838511495658,0.4181066856851925,1.377407143052409,-0.0860560619706187,2.8217222502344668,1.5201207552367364,0.4517296830094692,0.3054695734574011,3.883008329578424,0.0554030644180618,4.620191033156021
2022-08-21,2.819662007788837,2.2772889652564725,1.175143315585301,0.7910977505689524,1.67396963293507,0.5071100665699618,7.368176032218283,2.1141447734058825,1.1720145253055498,1.9279216342697547,5.496016190080276,1.0447074424891032,9.691602996787449
2022-09-01,3.77608302614997,3.175687502855135,1.3733905576043528,0.959871988072916,2.080666638928001,1.3525629260516083,10.69730775896362,2.7912452767485925,2.154918435355628,3.4238102354510698,5.900625905930067,1.8057108102360584,11.75348260551753
2022-09-11,4.017762218325077,3.5475121088070547,1.284916581827255,0.7539674183180803,2.278576400388157,2.087837088419956,10.59337081763666,3.174229683343935,2.7683658961245263,3.948743620728,4.455979135244907,1.7803440313111598,11.395138287910672
2022-09-21,3.849101571319467,3.5997806657824984,1.029325096248974,0.4788654111866194,2.366502721891829,2.736317420001091,8.29730929559565,3.3467174619286992,3.125221013225576,3.909478451023189,1.9305627879945328,1.0954410003389004,9.618814307273556
2022-10-01,3.431344727782478,3.3626279784468487,0.6574067165933977,0.1902614650548414,2.2185991673349648,2.951728015581787,5.679988136725851,3.309975574150412,3.256165291097353,3.605268689620873,0.6271220926395009,0.1568701801176558,6.649875644601114
2022-10-11,3.166872640941752,3.183165121878803,0.410007265809292,0.0738072411771065,2.115187540068189,2.8451469902109627,4.098886786843013,3.230880968440505,3.3896663610056788,3.4302908945285626,-0.1386493158815802,-0.2997318405305171,4.413023224539557
2022-10-21,3.0793248954579164,3.1289897720523245,0.3772391266325891,0.0940601496775821,2.1377734250592524,2.6153457076603663,2.8091238331039263,3.194320075183294,3.569554943577088,3.299152852019294,-0.326018915838866,-0.3250986194554156,3.3225926643218155
2022-11-01,2.8973542817307787,2.962874465441528,0.2887651508554916,0.1126253158030182,2.020085101259664,2.2227497787627715,1.9965259281840613,3.142736636676832,3.5819736477546065,3.124175056926984,-0.3558894317740855,-0.3250986194554156,2.251759058973198
2022-11-11,2.712775862819016,2.7771304088935995,0.1871839194077132,0.1716962989294055,1.8520128801723168,1.851290171352218,1.6248726228331154,3.106899721503922,3.520610638877456,2.9427166027571814,-0.3586049332227418,-0.4265657351550096,1.3754952198251795
2022-11-21,2.569786856462051,2.6305316879345764,0.0905179088364402,0.1936369498049208,1.6910412383129307,1.5864115893124895,1.267392536754028,3.137487795565648,3.456508209961147,2.834832689878916,-0.3586049332227418,-0.4265657351550096,0.7931857037140361
2022-12-01,2.512652215598905,2.574187828591234,0.0380888861537157,0.1615698446791677,1.6068162825770247,1.462291914197099,0.8799912099899064,3.228890028708677,3.471848962180435,2.765451516225756,-0.3586049332227418,-0.4265657351550096,0.6042150674760449
2022-12-11,2.4263237037078813,2.4909619288578027,0.0151511887300238,0.0754949835521462,1.463142860326179,1.3853916807016935,0.3996765568880483,3.322283201583533,3.500521558590293,2.649180868070736,-0.3586049332227418,-0.4265657351550096,0.4740352958454287
2022-12-21,2.298608984860861,2.3735633101862064,-0.007786508693668,-0.0730263454513418,1.2825313184745628,1.3035446485603854,0.0595192943634538,3.360654040051497,3.5312030630288693,2.4543798805060946,-0.3586049332227418,-0.4265657351550096,0.3522542191587232
2023-01-01,2.0486660983344747,2.1505807109004085,-0.0356394269938653,-0.253614779580583,1.0440576097227643,1.0373169396172286,-0.2333939039216136,3.2913331384796565,3.5014346986033464,1.9755735392513205,-0.3586049332227418,-0.4265657351550096,0.175881625336598
2023-01-11,1.8735706073668028,2.0023743018512974,-0.0520234965822167,-0.3211244745821685,0.9389841447643384,0.8857650174654652,-0.370401690216242,3.196311014915122,3.4324013136165514,1.5383196591404726,-0.3586049332227418,-0.4265657351550096,0.0862955459348837
2023-01-21,1.7287527506206195,1.8881162831696416,-0.0602155313763925,-0.3396896407076045,0.8809709017103685,0.7504026181548401,-0.4680394229779311,3.1078046941092987,3.3315906561755178,1.2234358710222857,-0.3586049332227418,-0.4265657351550096,-0.0130890109013932
2023-02-01,1.63764890715775,1.8141252429304409,-0.0356394269938653,-0.3396896407076045,0.8591403974882368,0.6622596604642003,-0.4837874443911069,3.084094411848433,3.2022900303272355,0.9737398889188804,-0.3586049332227418,-0.4265657351550096,-0.0788787879620272
2023-02-11,1.489308820032333,1.6878656457157963,-0.0094249156525031,-0.3396896407076045,0.8165369221204781,0.4976661782459649,-0.4853622465324244,3.002465882843472,2.942958266620229,0.7499665431254474,-0.3586049332227418,-0.4265657351550096,-0.1488679124946165
2023-02-21,1.3299617629718117,1.5365934128669814,0.0397272931125508,-0.3396896407076045,0.764189034833498,0.3123860835084976,-0.4853622465324244,2.899299005830549,2.58610314951918,0.5742263175534325,-0.3586049332227418,-0.4265657351550096,-0.2076587771019916
2023-03-01,1.1619446003624072,1.366589744363876,0.1298396758484834,-0.3244999593322478,0.6948450802455504,0.1028217045093233,-0.4853622465324244,2.768439967093104,2.1817647517393817,0.4339391092877026,-0.3586049332227418,-0.4265657351550096,-0.2328548619337238
2023-03-11,0.9757066690604286,1.1703770211828124,0.2707426743083052,-0.1861050845789975,0.6047281545119755,-0.1436188098502202,-0.4853622465324244,2.583282572033069,1.7381613333983112,0.3161436001732718,-0.3586049332227418,-0.4265657351550096,-0.2384539918963309
2023-03-21,0.7990532685019419,0.982576619403376,0.4427754049859946,0.52274671293765,0.4995036133997625,-0.348236390203491,-0.4853622465324244,2.414414683869812,1.2854265149267128,0.1842431271842975,-0.3586049332227418,-0.4265657351550096,-0.2384539918963309
2023-04-01,0.665039176092062,0.8379968555807439,0.56565592689863,1.494886320960481,0.4164872668941477,-0.4269354595701339,-0.4853622465324244,2.278125809500107,0.8830970251756313,0.0645415418706042,-0.3586049332227418,-0.4265657351550096,-0.2384539918963309
2023-04-11,0.5705824402489602,0.734207503532224,0.6492146817992219,1.9050077180951128,0.3622509276848378,-0.4548174155743157,-0.4853622465324244,2.177673850303314,0.6106160452806635,-0.0360992814504629,-0.3504584288767728,-0.4265657351550096,-0.2384539918963309
2023-04-21,0.4778529519956745,0.6299694943422839,0.7753720176295275,1.8965690062199143,0.3049930653998001,-0.4782022819004038,-0.4853622465324244,2.0737829952060896,0.3799568779835161,-0.1317843066534471,-0.3070104056982718,-0.4265657351550096,-0.2384539918963309
2023-05-01,0.3491222051546452,0.4829595043369594,0.8212474124769114,1.3345507953317153,0.2228831758169034,-0.4907941329990667,-0.4853622465324244,1.9168607454338007,0.1186162062477929,-0.2362372823730393,-0.214683356443957,-0.4265657351550096,-0.2384539918963309
2023-05-11,0.2036608640122565,0.3134418810703926,0.7426038784528248,0.8501687336953396,0.1160723350899337,-0.4759537370613568,-0.4853622465324244,1.6799389173462294,-0.1027289329162155,-0.3765244906387692,-0.1359338144329238,-0.4265657351550096,-0.2384539918963309
2023-05-21,0.0139345699308445,0.0958431674816367,0.5591022990632895,0.4349841094355889,-0.0306226102366398,-0.4530185797030782,-0.4853622465324244,1.276683124390453,-0.2851743075241731,-0.5362536761369779,-0.0680462782165159,-0.4265657351550096,-0.2384539918963309
2023-06-01,-0.1783317941355914,-0.1196244246853733,0.4018152310151163,0.1497556480538901,-0.2040580347834025,-0.4462729451859375,-0.4853622465324244,0.8810291013198394,-0.420136401453383,-0.6681541491259522,-0.0924857912544227,-0.4265657351550096,-0.2384539918963309
2023-06-11,-0.284066440712201,-0.2399767028713192,0.2789347091024809,-0.0949669963268571,-0.3159299266622159,-0.4296337133769901,-0.4853622465324244,0.6544239609335595,-0.4698112181634574,-0.7257176503436836,0.0052722608972045,-0.4265657351550096,-0.2370542094056791
2023-06-21,-0.3031000317999828,-0.2678682218296031,0.2740194882259755,-0.3025593084567325,-0.3604218539523044,-0.3891599062741455,-0.4727638294018838,0.5295377413915999,-0.4232410774977627,-0.7562148695318859,0.8823792288131946,-0.4011989562301111,-0.2370542094056791
2023-07-01,-0.2679454632072471,-0.2450988719025322,0.2428897560081078,-0.3396896407076045,-0.3728856366396806,-0.3563311516240601,-0.4160709523144514,0.4634747411991141,-0.3153079279549168,-0.7840435820411203,2.299870985011792,-0.4011989562301111,-0.2370542094056791
2023-07-11,-0.2768526419547322,-0.2771030813238338,0.0937947227541104,-0.3396896407076045,-0.4147337312385075,-0.384213107628242,-0.3908741180533703,0.3693575902399563,-0.2785996994301926,-0.8385573613400317,2.9570223355866205,-0.4011989562301111,-0.2342546444243755
2023-07-21,-0.2629669260365995,-0.2811783836917332,-0.1339438445239736,-0.3396896407076045,-0.4484237135328698,-0.3855622345316704,-0.3767008987815122,0.3058285133425249,-0.180345834025707,-0.8236899669857831,3.4811141151772893,-0.4265657351550096,-0.2356544269150273
2023-08-01,-0.2104721463460983,-0.249548055221615,-0.2994229473663224,-0.3396896407076045,-0.4370174639219983,-0.3567808605918696,-0.3515040645204312,0.2714395543382171,-0.0680296124202076,-0.7558336542920334,3.627751193404731,-0.4265657351550096,-0.231455079443072
2023-08-11,-0.1573338822593908,-0.2102157791571184,-0.44851798062032,-0.3396896407076045,-0.3865580285573479,-0.34913580813911,-0.3026851981395866,0.2397655131500391,0.0157966407780431,-0.6563364766905239,3.157969442787188,-0.4265657351550096,-0.2202568195178577
2023-08-21,-0.1075823781527157,-0.1671446935807872,-0.5926977929978121,-0.3396896407076045,-0.3033150678210533,-0.3360942480726377,-0.2365435082042487,0.2010326856399241,0.0788033016786891,-0.5164304836646465,1.906123274956626,-0.4265657351550096,-0.1880618222328666
2023-09-01,-0.0236923334473147,-0.0821615533767937,-0.6467652226393716,-0.3396896407076045,-0.1801880024851546,-0.2605431414806607,-0.0570160640940461,0.2223900391268099,0.1514892467176951,-0.337259320933959,0.293115414454774,-0.4011989562301111,-0.1278711751348397
2023-09-11,0.0128169391374339,-0.0443995773072675,-0.651680443515877,-0.3396896407076045,-0.1372068367329299,-0.271336156708086,0.0784169200592646,0.2251049569429395,0.1998856674094957,-0.2053588479449847,-0.3042949042496154,-0.4011989562301111,-0.1278711751348397
2023-09-21,0.0720852387879997,0.0089532344266079,-0.5615680607799445,-0.3396896407076045,-0.1184733936634188,-0.2439039096717133,0.1555822249838255,0.2569599926521928,0.3127497730228269,-0.0909942759892266,-0.3586049332227418,-0.4011989562301111,-0.1558668249478755
2023-10-01,0.139210821592241,0.0655961985308972,-0.4173882484024524,-0.3396896407076045,-0.1178690890482735,-0.2304126406374319,0.1886530699514943,0.3146972448752146,0.4413198868606668,0.0618730351916365,-0.3558894317740855,-0.4011989562301111,-0.1936609521954737
2023-10-11,0.3271421328842354,0.2501438360350382,-0.2142257855068953,-0.3396896407076045,0.0096391847474299,-0.023546515445114,0.1965270806580822,0.4821171768698702,0.6511594618602097,0.3100441563356315,-0.3477429274281165,-0.3758321773052126,-0.2216566020085095
2023-10-21,0.7792068550189524,0.7159621131144724,0.0577497696597374,-0.3380018983325649,0.4703459157189916,0.4999147230850116,0.1949522785167646,0.9076352959179091,0.9987005508281208,0.6458947826457074,-0.3423119245308039,0.1568701801176558,-0.231455079443072
2023-11-01,1.4649580157759006,1.4328414489135797,0.3002339995673376,-0.2586780067057019,1.4204638468815267,1.0669977314926482,0.1524326207011903,1.3067282148889534,1.401212668581813,0.959634925044337,-0.326018915838866,1.374475568512784,-0.2384539918963309
2023-11-11,2.0971645012485376,2.081599675407066,0.4591594745743461,-0.1455992675780462,2.3810060326553217,1.5846127534412522,0.0547948879395011,1.5476319224401822,1.6826424206046986,1.1952259432731986,-0.3341654201848349,1.8310775891609568,-0.2384539918963309
2023-11-21,2.3090740731991617,2.2842057628533663,0.4296681493153136,-0.0375837555755095,2.686708629842059,1.8301538498651768,-0.068039679083269,1.6113419938586893,1.7461969655131762,1.2848115246385423,-0.3504584288767728,1.3237420106629867,-0.2384539918963309
2023-12-01,2.245165912375951,2.203821358348929,0.3231716969910295,0.0738072411771065,2.527776516058789,1.8620831865796432,-0.2176458825084379,1.6122469664640655,1.7419965214531332,1.3134026676274817,-0.3586049332227418,0.2329705168923514,-0.2384539918963309
2023-12-11,1.9455392569424896,1.8902847926865047,0.2166752446667456,0.0299259394260759,1.9722694985862743,1.744259437013584,-0.2822127703024582,1.573876127996101,1.6804508845733717,1.2962479818341182,-0.3586049332227418,-0.1475311669811261,-0.2384539918963309
2023-12-21,1.6208167100569892,1.5653822461081053,0.136393303683824,-0.0409592403255887,1.410643896885412,1.585062462409061,-0.3089844067048569,1.5291704812905011,1.62200992373799,1.21352427478612,-0.3586049332227418,-0.4265657351550096,-0.2384539918963309
2024-01-01,1.2903366712054334,1.260071061371717,0.0593881766185725,-0.0983424810769364,0.9610412632171492,1.2207981984834584,-0.3247324281180325,1.5078131278036155,1.489056737837496,1.0393089101735151,-0.3586049332227418,-0.4265657351550096,-0.2384539918963309
2024-01-11,1.1432496852726288,1.150486554579854,0.0430041070302211,-0.1675399184535615,0.830889156730184,0.9784050648341988,-0.3420552516725257,1.5239216401793174,1.43244205702822,0.8959719799889652,-0.3586049332227418,-0.4265657351550096,-0.2384539918963309
2024-01-21,1.0402583142798452,1.0794117857598842,0.0495577348655617,-0.2468638100804245,0.7248336967721464,0.7976220597748255,-0.3656772837922893,1.5954144760040625,1.378018912250271,0.861281393162385,-0.3586049332227418,-0.4265657351550096,-0.2384539918963309
2024-02-01,0.986815241794935,1.0538009406038191,0.0806874670834293,-0.3109980203319307,0.6715038144855549,0.727017751828752,-0.3955985244773231,1.7409340709486063,1.2730078107491942,0.878436078955749,-0.3586049332227418,-0.4265657351550096,-0.2384539918963309
2024-02-11,0.9002157891055079,0.9882596098613642,0.1052635714659564,-0.3312509288324063,0.61454810450809,0.6631590783998189,-0.4522914015647554,1.8312503369651827,1.045088063491205,0.8574692407638597,-0.3586049332227418,-0.4265657351550096,-0.2384539918963309
2024-02-21,0.8078927120498264,0.915203272000122,0.1314780828073185,-0.327875444082327,0.5694518726028561,0.5849097180009858,-0.4774882358258366,1.8687162028277708,0.8202729922775958,0.7896129280701101,-0.3586049332227418,-0.4265657351550096,-0.2384539918963309
2024-03-01,0.7274910301238584,0.8479794769773413,0.1937375472430537,-0.2991838237066532,0.5236757980055834,0.512056865215865,-0.4822126422497892,1.878851896007988,0.6548120219124209,0.6962151943062409,-0.3586049332227418,-0.4265657351550096,-0.2384539918963309
2024-03-11,0.6591800813266061,0.7871116581246792,0.2838499299789864,-0.2131089625796317,0.492025343787337,0.4279612882355098,-0.4837874443911069,1.8598474712950808,0.5185715319649373,0.5803257613910728,-0.3586049332227418,-0.4265657351550096,-0.2384539918963309
2024-03-21,0.5867034177539141,0.718840996438585,0.5771247756104759,0.0147362580507192,0.473669591102292,0.3371200767380138,-0.4853622465324244,1.803015191677436,0.3428833934535706,0.4103037644168459,-0.3586049332227418,-0.4265657351550096,-0.2384539918963309
2024-04-01,0.5163265453688419,0.651691977606041,1.3684753367278475,0.3522847330586467,0.4732919007178259,0.2197460361397638,-0.4853622465324244,1.6898936160053708,0.1303043984148693,0.2379944760035039,-0.3586049332227418,-0.4265657351550096,-0.2384539918963309
2024-04-11,0.4704698152392041,0.6075740253663964,2.2401078388281404,0.8147261438195073,0.4964065522471419,0.1990594236205322,-0.4853622465324244,1.578400991022984,-0.1003547688822781,0.0851271648226406,-0.3586049332227418,-0.4265657351550096,-0.2384539918963309
2024-04-21,0.4309124586724263,0.5645777159803019,2.884001773650349,1.1944681782034254,0.5245822549283016,0.1968108787814852,-0.4853622465324244,1.4558677002550031,-0.268737787289222,-0.1298782304541844,-0.3586049332227418,-0.4265657351550096,-0.2384539918963309
2024-05-01,0.3350332836377109,0.4581338091783798,2.770951693490725,0.8771726116959737,0.5243556406976221,0.2260419616890954,-0.4853622465324244,1.2574977051564709,-0.4365729216883341,-0.3948228221516905,-0.3558894317740855,-0.4265657351550096,-0.2384539918963309
2024-05-11,0.2983208054541602,0.4130437664656583,2.559597195800992,0.4231699128103113,0.5754193806774179,0.4630385877246421,-0.4853622465324244,1.0574987593682603,-0.541949279194632,-0.5347288151775679,-0.3341654201848349,-0.2489982826807201,-0.2384539918963309
2024-05-21,0.3188445709331562,0.4311769925980545,2.269599164087173,0.10418660392782,0.686762506017979,0.9343335859888792,-0.4790630379671541,0.8343325148824112,-0.6073301041292153,-0.5812370744395761,-0.274424388314396,0.3344376325919453,-0.2384539918963309
2024-06-01,0.3535588607284879,0.4633307543998294,1.7190944259185668,-0.0578366640759851,0.7968214840513557,1.3507640901803712,-0.4727638294018838,0.6191300293238751,-0.6480561487113721,-0.5133807617458264,-0.0952012927030791,1.8057108102360584,-0.2356544269150273
2024-06-11,0.474025913218238,0.5832343754443551,1.2455948148152118,-0.17429088795372,0.918513325926284,1.9493267263346643,-0.4570158079887082,0.5040175139199823,-0.6504303127453094,-0.0932815674283418,0.189926359405834,3.2769839878801714,-0.2146576895552505
2024-06-21,0.6665632180830768,0.7800826962424307,0.9195518300070196,-0.2839941423312964,1.0739706881724675,2.4228702694379485,-0.4349685780102622,0.4969587275980453,-0.6173746442727965,0.7320494268523787,0.4886315187580288,3.3784511035797657,-0.2020596471393844
2024-07-01,0.8322773839060592,0.9448146433338496,0.7016437044819462,-0.3346264135824855,1.1949826873553568,2.349117998717209,-0.3798505030641473,0.5313476866023531,-0.5468802352651172,1.677463221686645,0.714018138996503,2.947215861856491,-0.1726642148356969
2024-07-11,0.8318709727084553,0.9245502957797076,0.3969000101386108,-0.3228122169572081,1.11287279777246,1.7271704962368275,-0.2727639574545528,0.5259178509700939,-0.4984838145733167,2.3118053808012498,0.9203962490943832,1.8057108102360584,-0.0760792229807236
2024-07-21,0.8656708373091779,0.9149041672391752,0.2363361281727673,-0.327875444082327,0.9921629508971432,1.303094939592576,0.1256609842987917,0.5543339907789164,-0.432372477628291,2.804335470690714,1.219101408446578,1.27300845281319,0.1856801027711605
2024-08-01,1.043509603860676,0.994578197936364,0.1298396758484834,-0.3380018983325649,0.930146189767835,1.1106195013701587,1.43432156373369,0.619492018366026,-0.326265608111551,3.182500988624421,2.1423719009897253,1.3237420106629867,0.6350102822703843
2024-08-11,1.3231205078121462,1.156805142654854,0.0561113627009023,-0.3380018983325649,0.952127770143753,1.033269558906944,3.4642415238920337,0.7362334844595966,-0.1670139898351355,3.342230174122629,3.633182196302044,1.7549772523862612,1.3544984824654027
2024-08-21,1.6984073811995295,1.4210268108561834,-0.0471082757057113,-0.3396896407076045,1.0815244958617862,1.0382163575528476,5.71935819025879,0.9532459152288856,0.105101734054611,3.337655591244399,5.365672120544773,2.2115792730344346,2.2839540562581897
2024-09-01,2.1770243015777004,1.83038906430692,-0.0880684496765897,-0.3396896407076045,1.4210681514966723,1.3174856265624764,7.199672203097305,1.3136060066898148,0.4460682149285416,3.371964962831126,6.57678576664549,2.4398802833585207,3.0230392113223328
2024-09-11,2.31838766314425,1.9972147447249664,-0.1028141123061059,-0.3396896407076045,1.7006345740783655,1.4483509361950082,6.588648972266087,1.523559651137167,0.6701527741317087,3.0574623899527915,5.273345071290458,2.414513504433623,2.713687280888288
2024-09-21,2.3116480107839856,2.077935642085469,-0.0487466826645465,-0.3363141559575252,1.91365195091716,1.5760682830528736,5.439043409104263,1.6728801310242924,0.8651994809197955,2.839407272757146,2.563274625531455,2.0593785994850435,1.9130116962354653
2024-10-01,2.1597518256795354,2.0269008922489307,0.0217048165653644,-0.3346264135824855,1.901037092075997,1.6385778295783786,4.399673995834669,1.7101650023658046,1.0005268308542263,2.724661485561536,0.6352685969854699,1.60277657883687,0.9835561224426792
2024-10-11,2.117891472326336,2.052960394546415,0.1183708271366375,-0.3312509288324063,1.875127531701633,1.860284350708406,3.519359598838149,1.7930604930182938,1.1895468135561649,2.80814762308924,-0.1223563071896423,1.4252091263625808,0.4712357308641252
2024-10-21,2.222643958508736,2.1886791798260004,0.2478049768846133,-0.3244999593322478,1.916673473992888,2.2420872643785748,2.679990057515886,1.982380762063061,1.4443128771979072,3.004854686853143,-0.266277883968427,1.4505759052874792,0.2276735774907141
2024-11-01,2.1989366386485094,2.1772758108149057,0.2904035578143269,-0.3194367322071288,1.7493566336744732,2.466042330347649,1.908337008270278,2.1291673186551328,1.6307760678632972,3.114263460690818,-0.3097259071469281,1.1969081160384942,-0.0228874883359557
2024-11-11,2.0690543934142696,2.0509414374100245,0.2723810812671405,-0.3244999593322478,1.434665005337446,2.5528361611348607,1.5036128579516632,2.2325151901891305,1.707845084964957,3.1276059940856564,-0.3423119245308039,0.6134722007658289,-0.1446685650226611
2024-11-21,1.923762390270882,1.9046044331168308,0.2428897560081078,-0.3211244745821685,1.1528324404489572,2.507865264353922,1.0847154883611902,2.2965872506497886,1.7284820492599509,3.06928006238822,-0.3586049332227418,0.0554030644180618,-0.2076587771019916
2024-12-01,1.882443918514488,1.865272157052334,0.2052063959548997,-0.3143735050820099,1.0512337270276173,2.450302516474321,0.6579441080641294,2.390704401608946,1.800072226283294,3.016672359288572,-0.3586049332227418,-0.2489982826807201,-0.2188570370272059
2024-12-11,1.8603622434446765,1.849232664246565,0.1904607333253835,-0.3177489898320892,1.0144466835806345,2.3464197449103525,0.2201491127778456,2.469256023755628,1.8691056112700888,2.952246983753495,-0.3586049332227418,-0.2997318405305171,-0.2216566020085095
2024-12-21,1.78531164228716,1.7835417811236365,0.1986527681195592,-0.3396896407076045,0.966480004753459,2.136855365911179,-0.115283743322796,2.4960432128747727,1.8700187512831417,2.737241588476669,-0.3586049332227418,-0.4265657351550096,-0.2062589946113398
2025-01-01,1.685029679278402,1.708466486126004,0.197014361160724,-0.3396896407076045,0.9197219351565746,1.846343372706315,-0.3530788666617487,2.546359689733707,1.842259294886336,2.476871579657393,-0.3586049332227418,-0.4265657351550096,-0.1810629097796076
2025-01-11,1.5742826279313449,1.6299514863774838,0.1773534776547025,-0.3396896407076045,0.8910174659371629,1.6061987838961027,-0.4507165994234379,2.571698922684249,1.7396223574191956,2.21230820319974,-0.3586049332227418,-0.4265657351550096,-0.1558668249478755
2025-01-21,1.4658385733707089,1.5573438056576616,0.1658846289428565,-0.3396896407076045,0.8698668044070699,1.4335105402572983,-0.4806378401084717,2.61948147624813,1.5785444591166746,1.9656619430151547,-0.3586049332227418,-0.4265657351550096,-0.146068347513313
2025-02-01,1.4028787053419078,1.5230963105292596,0.1888223263665485,-0.3396896407076045,0.8586116309499849,1.4083268380599727,-0.4822126422497892,2.6940512189311545,1.4574620933858675,1.7826786278859423,-0.3586049332227418,-0.4265657351550096,-0.1376696525694022
2025-02-11,1.3117748618790377,1.458938339306183,0.2232288725020864,-0.3396896407076045,0.839576035572901,1.3462670005022772,-0.4822126422497892,2.704186912111372,1.3243262794827635,1.5253583409854867,-0.3586049332227418,-0.4265657351550096,-0.158666389929179
2025-02-21,1.2152860700479169,1.3798999062260062,0.2461665699257783,-0.3396896407076045,0.819709521349992,1.2486801544876402,-0.4837874443911069,2.675046794218248,1.187720533530059,1.2421154177750593,-0.3586049332227418,-0.4265657351550096,-0.1908613872141701
2025-03-01,1.1263836205720676,1.3010484136214209,0.2953187786908324,-0.3380018983325649,0.8086054240466933,1.1205130986619651,-0.4837874443911069,2.620205454332431,1.042896527459878,1.0049995385867876,-0.3586049332227418,-0.4265657351550096,-0.2160574720459023
2025-03-11,1.0484881410313238,1.229412823374676,0.3870695683856001,-0.2856818847063361,0.8111737186610618,0.9914466249006711,-0.4837874443911069,2.557219360998225,0.8726872290268288,0.8174416405793444,-0.3586049332227418,-0.4265657351550096,-0.2370542094056791
2025-03-21,1.0085582408667424,1.191725623495386,0.6426610539638815,0.1058743463028596,0.8390472690346485,0.9095995927593632,-0.4853622465324244,2.4956812238326216,0.7030258146016112,0.6836350913911076,-0.3586049332227418,-0.2743650616056186,-0.2384539918963309
2025-04-01,0.9757405366602292,1.1595718616936113,0.98344970140159,0.5413118790630861,0.8697157282532836,0.8817176367551807,-0.4853622465324244,2.420930486628522,0.5216762080093169,0.5650771517969718,-0.3586049332227418,0.4105379693666408,-0.2384539918963309
2025-04-11,0.9789240910414594,1.1590484283619549,1.3815825923985283,0.8265403404447847,0.9288620424606504,1.0625006418145542,-0.4853622465324244,2.346179749424421,0.3430660214561812,0.4526186560404765,-0.3504584288767728,2.1608457151846374,-0.2384539918963309
2025-04-21,1.01350291043759,1.18170561400367,2.1729331535159,0.811350659069428,1.0062885712761698,1.3048937754638132,-0.4853622465324244,2.264732214940535,0.1865538232189242,0.3615082137157224,-0.214683356443957,3.936520239927532,-0.2384539918963309
2025-05-01,0.995214406545415,1.1505613307700906,2.844680006638306,0.3826640958093601,1.0607515247161592,1.4780317280704272,-0.4853622465324244,2.12735737344438,-0.0157980036735851,0.1998729520182511,0.2252278782383661,4.849724281223879,-0.2384539918963309
2025-05-11,1.0077115508717345,1.151234316482221,3.722866136573939,0.0012343190504021,1.1334946927643006,1.695241159522361,-0.4853622465324244,1.9979462908755377,-0.1871030701222981,0.0794089362248527,0.8307847012887246,5.179492407247559,-0.2384539918963309
2025-05-21,0.9657157271193332,1.100236954740801,4.030886644834945,-0.1709154032036408,1.179648457746039,1.739312638367681,-0.4853622465324244,1.8430149808350773,-0.3737488887902986,-0.0429611557678084,0.9502667650296028,5.179492407247559,-0.2384539918963309
2025-06-01,0.8862623379877744,1.0168615026268963,3.940774262099013,-0.2688044609559398,1.2131118258097222,1.5936069327974396,-0.4853622465324244,1.6403011172307378,-0.5118156587638881,-0.1588505886829764,0.7384576520344099,5.179492407247559,-0.2384539918963309
2025-06-11,0.8754247060516712,1.000261188394352,3.658968265179369,-0.2941205965815343,1.2965058626998032,1.6061987838961027,-0.4837874443911069,1.4714332290674794,-0.5472454912703384,-0.2568229053250758,0.670570115818002,5.204859186172458,-0.2384539918963309
2025-06-21,0.9382491036812712,1.0606055739153577,3.3640550125890445,-0.2097334778295524,1.4401792849506494,1.7042353388785487,-0.439692984434215,1.3546917629739086,-0.5180250108526475,-0.2545356138859607,0.7764746723155984,4.925824617998574,-0.2272557319711166
2025-07-01,1.017939566011432,1.137176392717724,2.664455241166441,-0.1439115252030066,1.6047767545009086,1.679051636681223,-0.264889946747965,1.290619702513251,-0.4583056539989917,-0.2179389508601181,0.94483576213229,4.063354134552025,-0.158666389929179
2025-07-11,1.0421887674684636,1.1231932451434636,1.4143507315752313,-0.1084689353271742,1.6545563471735203,1.324680970047427,0.5225111239108186,1.2073622228186118,-0.4049782772367058,-0.2160328746608555,0.7764746723155984,2.769648409382201,0.0960940233694461
2025-07-21,1.237435480317328,1.2331516328865102,0.6574067165933977,-0.0662753759511833,1.800420373654269,1.033269558906944,2.1461321316092303,1.2307105160373255,-0.3017934557617348,-0.2110770765427726,0.6352685969854699,1.526676242062175,0.6294111523077771
2025-08-01,1.5702862511549067,1.4601721464450883,0.4018152310151163,-0.0544611793259058,2.0498471035555803,0.9163452272765038,3.7618791286010542,1.3718862424760625,-0.1509427256054056,-0.1756240592364875,0.5375105448338425,1.475942684212378,1.2691117505356435
2025-08-11,1.925252564662096,1.7302263574848793,0.3428325804970512,-0.1270341014526102,2.357664766895327,0.973458266188296,4.765028092620344,1.5347813114438358,0.0760638816395306,-0.1245412170962491,0.4397524926822151,1.4505759052874792,1.6414538930490192
2025-08-21,2.271582640220203,2.027985147007362,0.3264485109087,-0.2131089625796317,2.7015896309900174,1.19741333215737,4.996524007394027,1.7110699749711813,0.3768522019391362,-0.0322871290519376,0.5185020346932483,1.6535101366866674,1.621856938179894
2025-09-01,2.632001637295245,2.412297376728809,0.3428325804970512,-0.2282986439549884,3.131325750435372,1.6093467466707685,4.519358958574804,1.9836477237105885,0.7669456155153098,0.162132643272851,0.670570115818002,2.008645041635247,1.4104897820914744
2025-09-11,2.7009560704887035,2.6110898784730385,0.3543014292088972,-0.1320973285777291,3.342001446890477,1.8742253287104969,2.9146355765722034,2.159936387237934,1.1873552775248375,0.3218618287710598,0.146478336227333,2.2876796098091297,0.6084144149480002
2025-09-21,2.7593776801442615,2.761128304182949,0.3870695683856001,-0.019018589450073474,3.430909763393761,2.1085237009391875,1.7650300134103791,2.339482952144635,1.559916402850397,0.5277180582914243,-0.23097636513589492,2.363779946583825,-0.0354855307518218
2025-10-01,2.7072893116513637,2.7521551613545463,0.37723912663258913,0.006297546175521093,3.2637439992291326,2.2884072880629422,1.3366838309720008,2.456224418238206,1.7215421851607495,0.7080328667416692,-0.3395964230821476,2.363779946583825,-0.20485921212068806
2025-10-11,2.6782309110226863,2.742284704243304,0.3248101039498648,-0.008892135199835647,3.0609242627709192,2.544291690746482,1.1949516382534198,2.5802056651747884,1.847920762967263,0.9474360373690561,-0.35317393032542915,2.363779946583825,-0.22025681951785772
2025-10-21,2.7283210911273645,2.8012831183400486,0.3100644413203486,0.01642400042575892,2.9353044408975446,2.9296922761591273,1.0831406862198727,2.725182276556107,2.048263681831056,1.1876016384761479,-0.3558894317740855,2.2623128308842317,-0.23425464442437557
2025-11-01,2.6639049163071493,2.729273647142121,0.2625506395141295,0.08730918017742365,2.646975601396242,3.041669809143664,0.9351092849360213,2.8127836247565536,2.202766972039597,1.362579433568458,-0.3558894317740855,1.8818111470107535,-0.23845399189633093
2025-11-11,2.4834583445710265,2.525246812081323,0.18390710549004302,0.09068466492750293,2.215955334643703,2.8037737651724983,0.731959808706055,2.8274441809636532,2.310334865577221,1.490286538919054,-0.3586049332227418,0.8164064321650168,-0.23845399189633093
2025-11-21,2.279846334571482,2.2977402532862063,0.10198675754828618,0.0316136818011156,1.8175675171090226,2.471888546929171,0.3713301183443321,2.7843674849477313,2.364210126347339,1.5768223983655778,-0.3586049332227418,-0.14753116698112612,-0.23845399189633093
2025-12-01,2.1972432586584936,2.1985122488421243,0.08068746708342939,0.006297546175521093,1.635218599488864,2.320336624777408,-0.030244427691647483,2.772783835598912,2.408953986986928,1.6706013473692995,-0.3586049332227418,-0.29973184053051716,-0.23845399189633093
2025-12-11,2.1414971893871613,2.1351768157116515,0.0823258740422645,-0.007204392824796027,1.52546177376306,2.1507963439132696,-0.23181910178029608,2.7691639451774055,2.4392702354202824,1.7308333552659987,-0.3586049332227418,-0.4265657351550096,-0.23845399189633093
2025-12-21,2.0632291662486137,2.059540699287244,0.11017879234246178,-0.15403797945324446,1.4254493599564773,1.926841277944195,-0.29953559385695144,2.7630101314608453,2.417902759114846,1.7590432830150857,-0.3586049332227418,-0.4265657351550096,-0.23845399189633093
2026-01-01,1.940120440974438,1.950404849636801,0.1478621523956699,-0.31606124745704955,1.3107070211557228,1.6471222999667565,-0.3436300538138433,2.774050797246439,2.324397221778235,1.684706311243843,-0.3586049332227418,-0.4265657351550096,-0.23845399189633093
2026-01-11,1.839194993569474,1.8638514094378367,0.197014361160724,-0.32281221695720813,1.2021588046602094,1.4501497720662453,-0.3845749094881001,2.7637341095451466,2.302299233462356,1.5833030574430709,-0.3586049332227418,-0.4265657351550096,-0.23845399189633093
2026-01-21,1.7066033403512082,1.7525844383656481,0.255997011678789,-0.3244999593322478,1.0871898516287757,1.2950001781720069,-0.4239449630210393,2.7264492382036343,2.237283664532994,1.370584953605361,-0.3586049332227418,-0.4265657351550096,-0.23845399189633093
2026-02-01,1.5796337086997956,1.6501036696462705,0.31825647611452434,-0.2924328542064947,1.005684266661024,1.210005183256033,-0.47118902726056633,2.698395087436962,2.1112703427317014,1.1170768191034306,-0.3586049332227418,-0.4265657351550096,-0.23845399189633093
2026-02-11,1.4195415644436669,1.5205913081563307,0.3624934640030729,-0.15572572182828406,0.9462358001460844,1.0705954032351233,-0.4837874443911069,2.6594812654057716,1.8302058467140376,0.8345963263727081,-0.3586049332227418,-0.4265657351550096,-0.23845399189633093
2026-02-21,1.2769589692843055,1.4132126989764497,0.3657702779207432,0.42316991281031135,0.9080135332381307,0.9469254370875418,-0.4853622465324244,2.6171285474741506,1.528504386401379,0.6115854110589801,-0.3586049332227418,-0.4265657351550096,-0.23845399189633093
2026-03-01,1.2016712949281865,1.3657672062712725,0.4181993006034677,2.112600030224988,0.9028769440093937,0.8592321883647118,-0.4853622465324244,2.5789387035272613,1.2677115986734875,0.4469004274426886,-0.3586049332227418,-0.4265657351550096,-0.23845399189633093
2026-03-11,1.223820705197598,1.4085017989915385,0.8048633428885599,4.625648426659008,0.9750913455192824,0.8241548888755792,-0.4853622465324244,2.559934278814355,1.0865446200838043,0.3062320039371062,-0.3586049332227418,-0.3758321773052126,-0.23845399189633093
