date,oniTOTAL,oniANOM,ninoNINO1+2,ninoANOM,ninoNINO3,ninoANOM.1,ninoNINO4,ninoANOM.2,ninoNINO3.4,ninoANOM.3,mjo20E,mjo70E,mjo80E,mjo100E,mjo120E,mjo140E,mjo160E,mjo120W,mjo40W,mjo10W,soi_anom,soi_sd,wtio,setio,dmi
2002-07-01,-0.4629481068960005,-0.17522379287972087,2.417087813200026,1.7470508808520946,1.4902898201324688,0.41923750140028765,-0.037430797398704904,0.5194773775676852,0.346619128992212,0.11779068653368595,-0.7063113804088936,0.32409664482981915,1.39621043058643,1.664886392915054,1.571637813863841,0.9577793234613499,0.07796677649035348,-0.9637130638264036,-1.6863093644495808,-1.4524823174324573,1.2115548223139407,1.1868741941215524,0.6176589119181861,-0.07963525520619127,0.5267595911804888
2002-07-11,-0.3413632662874528,-0.09763572961680876,2.652471970649812,1.990037168350742,1.8072821599539073,0.5626074391738282,0.05802889288140373,0.6068045216001619,0.5862427832059431,0.23217458210987654,-1.6899919990201695,-0.9960488773493122,0.39042376354038105,1.5889369777133113,1.6262084927318232,1.758344321100986,1.3489171555276374,0.3695519385383605,-1.0323952548741222,-1.7762014624956635,1.204916233618668,1.181386705395173,0.7710265930061417,0.010828149431522459,0.5670569066550826
2002-07-21,1.0764028215229078,0.8871533193234321,-0.624457205090324,0.018356647797201617,0.08213461689014967,0.3084790911742248,0.8765124873034809,0.5823588118035495,0.8290472823871081,0.6802988312343192,-0.00581154594328801,0.32781013434368445,0.498513769652798,0.4370375138202148,0.43838671603874596,0.1460953675211635,-0.19078044022237617,-0.478889426602853,-0.5514171081615948,-0.3386689878082056,-0.8331304958300557,-0.8489841233651675,-0.6554285647234289,0.11958752354652656,-0.5929301030778694
2002-08-01,1.0004122961425663,0.9149850550473171,-0.795163733691295,-0.04221178163794508,-0.10345420726040479,0.3127065114118608,0.8716562530595791,0.6235925391713294,0.7102957369360571,0.7140831041893123,1.8367265824782113,2.2068358283595506,1.4236909406150104,-0.17417444661285686,-0.5238762546666718,-1.5717836899138882,-2.1503955620860293,-2.0104913714681607,-0.7135445733455927,0.8464722890333626,-1.0190109792976918,-1.0410462287884428,-0.7789370512632869,0.12848139759798716,-0.7008693409562459
2002-08-11,0.9244217707622289,0.9428167907712021,-0.9658702622922659,-0.10278021107309175,-0.28904303141095616,0.31693393164949674,0.8668000188156824,0.6648262665391094,0.591544191485002,0.7478673771443052,-0.3038965818860989,0.7585749179520649,1.6435350208436552,1.5618121865698318,1.4242969809202892,0.6075321369940091,-0.3475496499714684,-1.3218214322301627,-1.7673730970415797,-1.2330117106099445,-1.204891462765328,-1.2331083342117182,-0.9024455378031452,0.13737527164944785,-0.8088085788346223
2002-08-21,0.8484312453818874,0.970648526495087,-1.136576790893237,-0.16334864050823847,-0.4746318555615106,0.3211613518871328,0.8619437845717806,0.7060599939068891,0.472792646033951,0.7816516500992983,-1.2540426339538084,-0.9849084088077162,-0.1536903350255143,0.8511426586106687,1.0095598215236254,1.2969075516281399,1.1753512447339995,0.6395105547196557,-0.3622683987802639,-1.0903558161753115,-1.390771946232964,-1.425170439634994,-1.0259540243430034,0.14626914570090843,-0.9167478167129988
2002-09-01,0.8411940524885205,1.0302879601891264,-1.1232171495244647,-0.03152323526703683,-0.4311344749012241,0.4733484804420283,0.8668000188156824,0.7163684257488342,0.49134757501067683,0.8618892983674067,0.22147829396310528,0.5079143757661538,0.5058419056604195,0.28152204459759894,0.32196926778705076,-0.04292692358819497,-0.3811430520605596,-0.5835672573670287,-0.4865661220879957,-0.14114544166794424,-1.251361583632237,-1.2715207552963737,-0.4464142028867458,-0.13833482394583138,-0.24032859267517315
2002-09-11,0.8339568595951535,1.0899273938831657,-1.109857508155694,0.10030216997416481,-0.3876370942409406,0.625535608996924,0.8716562530595791,0.726676857590779,0.5099025039874067,0.942126946635515,-0.8180932688874476,-0.10481139402162862,0.8081275159748058,1.2959892333637328,1.2933273516371324,0.9800172400624508,0.38590629564035617,-0.4237958314638132,-1.172905724700254,-1.2439852409510703,-1.1119512210315097,-1.117871070957753,0.13312561856951174,-0.42293879359257125,0.43609063136265247
2002-09-21,0.8267196667017866,1.1495668275772049,-1.096497866786922,0.23212757521536642,-0.3441397135806541,0.7777227375518194,0.8765124873034809,0.7369852894327241,0.5284574329641325,1.0223645949036233,-0.5721731142346286,-0.7843799750589874,-0.7307810456257062,-0.09822503141111417,0.24011324948507767,0.607532136994009,0.7890271207094506,0.7937726211089673,0.38351794106612674,-0.20698662371469806,-0.9725408584307828,-0.9642213866191327,0.7126654400257693,-0.707542763239311,1.1125098554004782
2002-10-01,0.8773800169553475,1.2290860725025907,-0.971807880678386,0.4280842586820175,-0.3238409359391872,0.7734953173141835,0.8813687215473828,0.7421395053536965,0.595255177280348,1.0941561749329836,0.584769431518406,0.6694511696192965,0.3079822334546393,-0.15247461369807322,-0.07093962006242038,-0.4265309849571871,-0.6386924680769256,-0.5780578978531248,-0.1731196893989329,0.29230900680651817,-0.8796006166969648,-0.8873965444498225,0.4276458557030196,-0.9743589847831295,1.1125098554004782
2002-10-11,0.9280403672089085,1.3086053174279764,-0.8471178945698516,0.6240409421486686,-0.3035421582977204,0.7692678970765474,0.8862249557912846,0.747293721274669,0.6620529215965675,1.1659477549623438,-1.1925625952906038,-0.5894217755810567,0.41790427356896165,1.2308897346193817,1.3751833699391054,1.3247049473795163,0.8898073269767242,0.10510268187096929,-0.9189060292453236,-1.3646940747034522,-0.7866603749631467,-0.8105717022805123,0.14262627138026995,-1.2411752063269483,1.1125098554004782
2002-10-21,0.9787007174624693,1.3881245623533622,-0.7224279084613157,0.8199976256153196,-0.28324338065625354,0.7650404768389114,0.8910811900351864,0.7524479371956414,0.7288506659127829,1.2377393349917039,-1.885610303857639,-1.859435189323006,-0.8846719017857575,0.7209436611219671,1.0423022288444146,1.8028201543031876,1.98719179522037,1.5154987174303893,0.09709275257439702,-1.2714190668038843,-0.6937201332293286,-0.7337468601112022,-0.1423933129424796,-1.5079914278707667,1.1125098554004782
2002-11-01,1.0004122961425663,1.427884184816055,-0.5487525706672839,0.969637274808035,-0.12665281027922448,0.9468195470572589,1.0124870461327113,0.8864575511409258,0.8179143250010742,1.3137539491404382,-0.08033280492899068,-0.6451241182890368,-1.1045159820144022,-0.770919851769406,-0.5238762546666718,0.007108388764282308,0.4866865019076298,0.9480346874982788,0.9833895622469193,0.4678854922645283,-0.7169551936627832,-0.7721592811958573,-0.22789918823930447,-1.3212200727900938,0.8894354304518334
2002-11-11,1.022123874822667,1.4676438072787479,-0.3750772328732536,1.1192769240007505,0.02993776009780459,1.1285986172756064,1.1338929022302418,1.0204671650862105,0.9069779840893615,1.3897685632891723,1.9596866598046212,1.4270030304478276,-0.08773711095692092,-1.476164421499873,-1.6753175787810946,-1.9331498346817795,-1.674489032490571,-0.7213012452146284,0.8428790924207877,1.8011694287112925,-0.7401902540962375,-0.8105717022805123,-0.31340506353612935,-1.1344487177094207,0.6663610055031888
2002-11-21,1.043835453502764,1.507403429741441,-0.20140189507922182,1.2689165731934657,0.18652833047483366,1.310377687493954,1.2552987583277668,1.154476779031495,0.9960416431776528,1.4657831774379066,0.8530459638669359,1.978456223256832,2.2426101394667115,1.1549403194176393,0.9386179389952486,-0.43209046410746244,-1.6129011286605703,-2.3741090993858234,-1.9619260552623774,-0.5252190036073414,-0.7634253145296921,-0.8489841233651675,-0.39891093883295425,-0.9476773626287477,0.44328658055454423
2002-12-01,0.9461333494423259,1.439812071554863,-0.0648366721984441,1.1620311094843832,0.2242260603804145,1.3357422089197697,1.148461604961942,1.154476779031495,0.962642771019543,1.508013518631648,-1.5837992049655432,-1.2299987167228292,-0.2251396610998238,1.0247413219289374,1.4352111166938857,1.680511612997132,1.4664940628394565,0.7552071045116393,-0.5135873662853288,-1.403101430897392,-1.0190109792976918,-1.079458649873098,-0.22789918823930447,-0.36068167523234695,0.10507696853563146
2002-12-11,0.8484312453818874,1.3722207133682849,0.07172855068233204,1.0551456457753008,0.26192379028599844,1.3611067303455855,1.0416244515961224,1.154476779031495,0.9292438988614373,1.5502438598253891,-0.4659803201800023,-1.363684339221982,-1.8464897527860777,-1.0584426378902887,-0.7257877664782056,0.26840390882721893,1.1193622412521806,1.7744386145838764,1.594069681106645,0.5447002046524078,-1.2745966440656913,-1.3099331763810287,-0.056887437645654716,0.22631401216405386,-0.23313264348328128
2002-12-21,0.7507291413214491,1.3046293551817072,0.20829377356310977,0.9482601820662185,0.2996215201915793,1.3864712517714013,0.9347872982302977,1.154476779031495,0.8958450267033276,1.5924742010191304,2.2559086642727895,1.3880113905522413,-0.5384174754256423,-2.0512099937416384,-2.259223842668503,-2.316753896050771,-1.7752692387578444,-0.4403239100055251,1.4103252205647805,2.3224121199147603,-1.5301823088336908,-1.5404077028889593,0.11412431294799505,0.8133096995604547,-0.5713422555021942
2003-01-01,0.6602642301543776,1.217158185763783,0.31813971370634314,0.6133523957777602,0.2764229171727596,1.183555080364874,0.7308254599864519,1.0565466765330178,0.714006722731403,1.4151067680054172,0.6741949423012493,1.003665225867178,0.7971353119633736,0.1567480053375932,0.07640121288113134,-0.4765662973096644,-0.8906429837451095,-1.0077879399376355,-0.5784383523589278,0.11673252134850808,-1.1816564023318734,-1.1946959131270631,0.04761974327268685,0.8577790698177579,-0.6504976966130036
2003-01-11,0.5697993189873024,1.1296870163458586,0.42798565384957654,0.2784446094893021,0.25322431415393987,0.9806389089583468,0.526863621742606,0.9586165740345407,0.5321684187594785,1.2377393349917039,-1.1813844064427486,-0.7843799750589874,0.07164984720884639,0.9704917396419785,1.206014265448361,1.2857885933275894,0.9905875332439977,0.33098642194103267,-0.6378850895930605,-1.2000911195865678,-0.8331304958300557,-0.8489841233651675,-0.018884826402621423,0.9022484400750609,-0.7296531377238128
2003-01-21,0.47933440782023096,1.0422158469279343,0.53783159399281,-0.05646317679915607,0.2300257111351202,0.7777227375518194,0.3229017834987602,0.8606864715360635,0.35033011478755394,1.0603719019779905,-0.3486093372775205,-0.19950537662519502,0.01119272514596913,0.29779691928368657,0.4474818291834097,0.4629856790868527,0.3243183918103556,0.09959332235706532,-0.21094943127519913,-0.388049874343271,-0.484604589328238,-0.5032723336032716,-0.08538939607792966,0.946717810332364,-0.8088085788346222
2003-02-01,0.4431484433534001,0.926912941786125,0.7857271616133515,-0.024397537686431346,0.35761802773862694,0.6635823911356478,0.2500582698402431,0.8452238237731461,0.32806420001548214,0.9632421172323856,0.37797293783308095,0.4856334386829617,0.29699002944320707,-0.006000741523283852,-0.10913909527000784,-0.2986629645008564,-0.43713205554237833,-0.4127771124360052,-0.1569069428805331,0.14965311237188494,-0.6704850727958741,-0.6953344390265471,0.20913084105557825,0.7065832109429273,-0.39863947489679186
2003-02-11,0.40696247888657305,0.8116100366443157,1.0336227292338915,0.0076681014262933705,0.4852103443421306,0.5494420447194761,0.17721475618173116,0.8297611760102286,0.3057982852434103,0.8661123324867808,0.00909270585385253,-0.26634818787477127,-0.5549057814427907,-0.4074476504467806,-0.2728511318739541,-0.03736744443791972,0.17874698275762704,0.4081174551356884,0.46998592249759236,0.24841488544201565,-0.8563655562635102,-0.8873965444498225,0.5036510781890862,0.46644861155349077,0.011529629041038453
2003-02-21,0.3707765144197422,0.6963071315025064,1.281518296854433,0.0397337405390181,0.6128026609456374,0.43530169830330445,0.10437124252321406,0.8142985282473111,0.2835323704713385,0.7689825477411759,0.5121112040073459,0.21826219368465666,-0.34055780321986223,-0.5810463137650494,-0.5402474583270664,-0.48212577645993965,-0.319555148230559,0.03899036770412147,0.46458167365812575,0.5885943260169102,-1.0422460397311464,-1.079458649873098,0.7981713153225941,0.226314012164054,0.4216987329788689
2003-03-01,0.4322926540133497,0.5969080753457743,1.358707335874002,0.04685943811962359,0.7664934059453137,0.3296161923624048,0.16264605345002567,0.8142985282473111,0.40970588751308146,0.7056370359505639,0.7244967921165986,1.4827053731558075,1.5665895927636295,0.7317935775793587,0.5566231869193738,-0.3931741100555356,-1.204181403243294,-1.6799298006339216,-1.3080119456869188,-0.2563675102497634,-0.9028356771304191,-0.9258089655344777,0.6556615231612193,0.04843653113484167,0.4576784789383277
2003-03-11,0.493808793606961,0.4975090191890422,1.4358963748935725,0.05398513570022908,0.9201841509449898,0.2239306864215051,0.22092086437683728,0.8142985282473111,0.5358794045548244,0.6422915241599522,-2.1203522696626025,-2.4220288506736063,-1.5442041424716915,0.4062960838576047,0.7749059023913022,1.925128695609243,2.440702723423101,2.182131218612771,0.6591346318789234,-1.1232764071986883,-0.7634253145296921,-0.7721592811958572,0.5131517309998446,-0.12944094989437074,0.4936582248977866
2003-03-21,0.5553249332005685,0.39810996303231005,1.5130854139131416,0.061110833280834574,1.073874895944666,0.11824518048060538,0.2791956753036489,0.8142985282473111,0.6620529215965675,0.5789460123693402,0.5791803370944785,-0.10481139402162862,-0.9945939419000799,-1.150666927778119,-1.0477547717993,-0.6822670258698486,-0.15718703813328497,0.5678888810389039,1.1401127785914504,1.0220487744913727,-0.6240149519289652,-0.6185095968572368,0.3706419388384698,-0.30731843092358313,0.5296379708572454
2003-04-01,0.5480877403072015,0.2311195486890001,1.2607366325030103,-0.2346056163142934,1.0448766421711437,-0.09735325163882996,0.20149592740123515,0.5823588118035494,0.6397870068244956,0.30867182872939614,-0.49951488672356853,-0.12152209683402272,0.35195104950036826,0.6829689535210957,0.7639917666177058,0.6186510952945595,0.29632389006944626,-0.15934657479642195,-0.6108638453957274,-0.7172557845770399,-0.5543097706286015,-0.5416847546879268,0.40864455008150297,-0.11165320179144954,0.4001108854031937
2003-04-11,0.5408505474138384,0.06412913434569012,1.0083878510928792,-0.5303220659094213,1.0158783883976183,-0.3129516837582653,0.1237961794988162,0.35041909535978777,0.6175210920524238,0.03839764508945213,-0.8516278354310137,-1.2299987167228292,-1.1100120840201184,-0.18502436307024867,0.09277241654152596,0.7465191157508902,1.152955643341272,1.2620681797908058,0.7023686225946562,-0.21796015405582367,-0.4846045893282381,-0.46485991251861647,0.44664716132453636,0.08401202734068408,0.270583799949142
2003-04-21,0.5336133545204715,-0.10286127999761992,0.7560390696827479,-0.8260385155045494,0.9868801346240961,-0.5285501158777005,0.04609643159640244,0.118479378916026,0.5952551772803519,-0.23187653855049192,0.21030010511524985,-0.6785455239138249,-1.4947392244202462,-1.270016008809429,-1.1132395864408786,-0.35981723515388414,0.4250985980776292,1.2290120227073817,1.5454314415514454,0.9781546531268701,-0.4148994080278745,-0.3880350703493063,0.4846497725675696,0.2796772564728177,0.1410567144950902
2003-05-01,0.5046645829470076,-0.1903324494155442,0.44579850900794,-1.1716348481639156,0.722996025285027,-0.7610582289476798,0.007246557645192975,-0.0670723942389834,0.45052673126188314,-0.42613610804170166,1.6914101274560913,1.0259461629503699,-0.4120071292941717,-1.530414003786832,-1.8117442759510498,-1.7608059810232466,-1.2993627091623856,-0.26953376507450166,1.1239000320730508,1.7737356028584783,-0.484604589328238,-0.4648599125186165,0.4276458557030196,0.09290590139214476,0.24899595237346658
2003-05-11,0.4757158113735475,-0.2778036188334685,0.13555794833313045,-1.517231180823282,0.4591119159459612,-0.9935663420176591,-0.031603316306016496,-0.2526241673939928,0.3057982852434103,-0.6203956775329115,0.8251004917472973,1.6999445097169308,1.874371305083732,0.9270920738124113,0.50750957593819,-0.5377205679626921,-1.422538516822387,-1.9498884168152166,-1.4971606550682497,-0.29477486644370315,-0.5543097706286015,-0.5416847546879268,0.3706419388384698,-0.09386545368852825,0.35693519025184306
2003-05-21,0.4467670398000836,-0.36527478825139276,-0.1746826123416775,-1.8628275134826486,0.1952278066068922,-1.2260744550876383,-0.07045319025722596,-0.43817594054900216,0.16106983922494145,-0.8146552470241212,-1.6732247157483864,-0.8289418492253716,0.6157639457747418,1.773385557488972,1.9481754980529176,1.8250580709042887,1.2033457464749087,0.06653716527364141,-1.3458416875631851,-1.9298308872714223,-0.6240149519289652,-0.6185095968572368,0.3136380219739198,-0.28063680876920133,0.46487442813021945
2003-06-01,0.4250554611199866,-0.32551516578869993,-0.2696845065196099,-1.5813624590487314,0.1256319975504331,-1.090797007483287,0.06066513432810276,-0.3247831902876076,0.19446871138305116,-0.704856359920394,-1.4999627886066276,-1.0684619228696866,-0.027279988894043667,1.1278155282741595,1.4461252524674821,1.613797863193829,1.3209226537867282,0.551360802497192,-0.6649063337903933,-1.4360220219207687,-0.7401902540962375,-0.7337468601112022,0.27563541073088654,-0.42293879359257125,0.5512258184329205
2003-06-11,0.4033438824398896,-0.28575554332600706,-0.3646864006975407,-1.2998974046148146,0.05603618849397713,-0.9555195598789352,0.1917834589134315,-0.21139044002621293,0.22786758354115694,-0.5950574728166667,-0.8795733075506523,-1.1297344998484649,-0.8956641057971897,-0.02770057443806745,0.14734309540950807,0.7743165115022667,1.102565540207635,1.1078061134014943,0.5078156643738586,-0.3496425181493313,-0.8563655562635102,-0.8489841233651675,0.23763279948785324,-0.5652407784159411,0.6375772087356217
2003-06-21,0.3816323037597926,-0.24599592086331418,-0.45968829487547314,-1.0184323501808976,-0.013559620562481946,-0.8202421122745837,0.3229017834987602,-0.09799768976481829,0.26126645569926665,-0.48525858571293945,0.132052783180262,-0.5504301356854705,-1.2199341241344406,-1.0204679302894175,-0.7749013774593895,-0.23750869384782866,0.3243183918103556,0.9259972494426628,1.1509212762703838,0.7147899249398549,-0.9725408584307828,-0.9642213866191327,0.19963018824481993,-0.707542763239311,0.7239285990383229
2003-07-01,0.35630212863301214,-0.15057282695285135,-0.5843782809840091,-0.8367270618754575,-0.07445595348688248,-0.5792791587293324,0.3568954232060678,-0.03614709871314851,0.2501334983132288,-0.32478328917672267,0.4785766374637796,-0.33876123339514563,-1.280391246197318,-1.3242655910963876,-1.1678102653088607,-0.5988748386157199,0.06676897579398972,0.8874317328453349,1.3941124740463808,1.0878899565381266,-0.6240149519289652,-0.6185095968572368,0.05712039608344516,-0.8053753778053778,0.6951448022707558
2003-07-11,0.3309719535062317,-0.05514973304238849,-0.7090682670925434,-0.6550217735700175,-0.13535228641127992,-0.3383162051840812,0.3908890629133755,0.025703492338521303,0.23900054092719483,-0.16430799264050588,1.0933770240958272,0.541335781390942,-0.5384174754256423,-1.1777917189215987,-1.0859542470068877,-1.0658710872388406,-0.7562693753887448,-0.04915938451834226,0.8590918389391875,1.219572320631634,-0.27548904542714747,-0.27279780709534107,-0.08538939607792966,-0.9032079923714447,0.6663610055031887
2003-07-21,0.3056417783794512,0.040273360868074363,-0.8337582532010794,-0.4733164852645774,-0.19624861933568047,-0.09735325163882992,0.4248827026206831,0.0875540833901911,0.22786758354115694,-0.0038326961042890947,0.351890497188085,0.587754400314259,0.5058419056604194,0.18025615766194206,0.10368655231512239,-0.2171239369634861,-0.49312105902419695,-0.6000953359087408,-0.3856868104179525,0.0015104527666889294,0.07303686107467015,0.07291398266655479,-0.22789918823930447,-1.0010406069375115,0.6375772087356217
2003-08-01,0.25136283167920687,0.09196087006957507,-0.8857124140796361,-0.25241986026580715,-0.3325404120712427,-0.021259687361382174,0.37632036018167,0.0875540833901911,0.07942815172734212,-0.0038326961042890947,-0.40450028151679757,-0.1660839710004069,0.14309917328315588,0.4442707914584759,0.5511661190325756,0.4907830748382289,0.28512608937308254,-0.021612586948822347,-0.3784811452986637,-0.5142454732662157,0.0033316797743066506,-0.003910859502755387,-0.31340506353612935,-1.1522364658123418,0.6951448022707558
2003-08-11,0.19708388497896245,0.14364837927107582,-0.9376665749581928,-0.03152323526703684,-0.468832204806808,0.05483387691606559,0.32775801774266206,0.0875540833901911,-0.0690112800864727,-0.0038326961042890947,0.1432309720281174,-0.1438030339172148,-0.5054408633913456,-0.45627227450504376,-0.39290662538351473,-0.18747338149535145,0.033175573704898514,0.32547706242712865,0.49160291785545873,0.3526634236827092,-0.06637350152605685,-0.08073570167206559,-0.39891093883295425,-1.3034323246871726,0.7527123958058899
2003-08-21,0.14280493827871807,0.1953358884725765,-0.9896207358367495,0.18937338973173345,-0.6051239975423702,0.13092744119351335,0.2791956753036489,0.0875540833901911,-0.2174507119002875,-0.0038326961042890947,0.2382455772348884,0.25725383358024284,0.08264205122027862,-0.07110024026763467,-0.12005323104360427,-0.20415181894617715,-0.2579672444005585,-0.19791209139374982,-0.016396473054401554,0.13319281686019654,-0.1360786828264204,-0.15756054384137577,-0.4844168141297791,-1.454628183562003,0.810279989341024
2003-09-01,0.0993817809185241,0.21521569970392293,-1.0979822713834524,0.029045194168109856,-0.6834192827308847,0.10556291976769745,0.26948320681584526,0.0875540833901911,-0.2174507119002875,0.055289781566948665,0.18794372741953902,0.2015514908722626,0.0331771331688336,-0.06025032381024285,-0.021826009081236452,-0.1318785899925989,-0.21317604161510365,-0.18689337236594186,-0.04341771725173455,0.09478546066625679,-0.22901892456023842,-0.23438538601068595,-0.39891093883295425,-0.9476773626287476,0.4648744281302195
2003-09-11,0.05595862355832627,0.23509551093526937,-1.206343806930157,-0.13128300139551374,-0.7617145679193993,0.0801983983418815,0.25977073832804676,0.0875540833901911,-0.2174507119002875,0.11441225923818642,-0.03003095511364137,0.5023441414953558,0.8466002300148185,0.7209436611219671,0.5948226621269613,0.17945224242281502,-0.29715954683783163,-0.7433386832702442,-0.8648635408506575,-0.5307057687779041,-0.32195916629405646,-0.3112102281799961,-0.31340506353612935,-0.4407265416954923,0.11946886691941495
2003-09-21,0.012535466198132304,0.2549753221666158,-1.31470534247686,-0.29161119695913734,-0.8400098531079138,0.0548338769160656,0.2500582698402431,0.0875540833901911,-0.2174507119002875,0.17353473690942414,-0.5665840198107008,-0.5504301356854705,-0.2965889871741333,0.22184750408194404,0.3437975393342436,0.5797347412426329,0.6098623095676308,0.46321105027472825,0.026837517661331238,-0.3990234046843966,-0.4148994080278745,-0.3880350703493063,-0.22789918823930447,0.06622427923776288,-0.2259366942913896
2003-10-01,0.0016796768580857398,0.2669032089054237,-1.1914997609648543,-0.09921736228278902,-0.7269166633911713,0.19011132452041715,0.40060153140117916,0.24218056101936558,-0.12467606701665424,0.2748875557744032,0.48416573188770734,0.23497289649705078,-0.2581162731341205,-0.5159468150206986,-0.6002752050818468,-0.5099231722113159,-0.3307529489269228,0.016952929648505543,0.4321561806213261,0.5501869698229707,-0.3684292871609655,-0.3496226492646512,-0.42741289726522924,-0.013820587225382689,-0.3050921354021989
2003-10-11,-0.009176112481964682,0.2788310956442315,-1.0682941794528489,0.09317647239355933,-0.6138234736744257,0.32538877212476874,0.55114479296211,0.39680703864854006,-0.03190142213301701,0.37624037463938215,0.37797293783308095,0.6471702325361044,0.5662990277232968,0.22727246231063994,0.2128279100510866,-0.23194921469755342,-0.5827034645951069,-0.7433386832702443,-0.5135873662853288,-0.036896903427250737,-0.3219591662940565,-0.3112102281799961,-0.6269266062911539,-0.09386545368852825,-0.3842475765130083
2003-10-21,-0.020031901822011245,0.2907589823830393,-0.9450885979408433,0.28557030706990766,-0.5007302839576832,0.46066621972912036,0.7016880545230461,0.5514335162777146,0.06087322275061626,0.4775931935043612,-1.4161263722477118,-0.9904786430785142,0.01668882715168529,1.0952657789019842,1.2769561479767375,1.4692514052866728,1.2201424475194544,0.5127952858998641,-0.6324808407535938,-1.3592073095328896,-0.27548904542714747,-0.27279780709534107,-0.8264403153170787,-0.17391032015167385,-0.4634030176238177
2003-11-01,-0.012794708928644299,0.31461475586065507,-0.8070389704635367,0.34613873650505433,-0.4949306332029774,0.4183920173527605,0.6822631175474387,0.5359708685147971,0.0014974500250887507,0.38890947699750456,-0.20888197667932795,-0.5560003699562686,-0.7857420656828674,-0.4128726086754765,-0.15825270625119175,0.19057120072336545,0.4698898008630842,0.6890947903447916,0.5942836458053241,0.1661134078835734,-0.39166434759442004,-0.3880350703493063,-0.9404481490461786,-0.17391032015167385,-0.5569503571184107
2003-11-11,-0.005557516035281208,0.3384705293382707,-0.6689893429862286,0.40670716594020107,-0.48913098244827485,0.3761178149764006,0.6628381805718366,0.5205082207518796,-0.0578783227004348,0.300225760490648,-0.1474019380161232,-0.15494350245881083,-0.1591864370312304,0.03739892430628337,0.1146006880887188,0.1905712007233655,0.18434588310580893,0.1546869174961051,0.037646015340264447,-0.10273808547400455,-0.5078396497616925,-0.5032723336032715,-1.0544559827752784,-0.17391032015167385,-0.6504976966130036
2003-11-21,0.0016796768580857398,0.36232630281588646,-0.530939715508922,0.46727559537534774,-0.4833313316935691,0.33384361260004075,0.6434132435962293,0.5050455729889622,-0.11725409542596231,0.2115420439837913,-0.035620049537569094,-0.3053398277703575,-0.5494096794370746,-0.34777310993112565,-0.27830819976075233,-0.00401056953626823,0.24033488658762758,0.4632110502747283,0.49160291785545873,0.2319545899303272,-0.6240149519289652,-0.6185095968572368,-1.1684638165043784,-0.17391032015167385,-0.7440450361075964
2003-12-01,-0.03450628760874514,0.36232630281588646,-0.3468735455391789,0.47796414174625595,-0.36153866584476807,0.4860307411549363,0.48315751354749475,0.4483491978582649,-0.13580902440268816,0.26644148753565494,0.4953439207355627,-0.6172729469350468,-1.764048222700336,-1.6931627506477094,-1.4843202027431568,-0.6933859841703991,0.22353818554308197,1.2841056178464216,1.8642821230799747,1.36771498023683,-0.08960856195951143,-0.0807357016720655,-1.0924585940183118,-0.44962041574695305,-0.4634030176238177
2003-12-11,-0.07069225207557216,0.36232630281588646,-0.16280737556943733,0.48865268811716417,-0.239745999995967,0.6382178697098319,0.3229017834987602,0.39165282272756763,-0.154363953379418,0.3213409310875186,1.8646720545978501,1.978456223256832,1.00049108617487,-0.5267967314780904,-0.8676715315349591,-1.6940922312199438,-2.03281865477421,-1.6689110816061137,-0.2920131638671981,1.098863486879252,0.44479782800994216,0.45703819351310593,-1.016453371532245,-0.7253305113422323,-0.18276099914003904
2003-12-21,-0.10687821654240304,0.36232630281588646,0.0212587944003058,0.49934123448807244,-0.11795333414716593,0.7904049982647274,0.16264605345002567,0.33495644759687027,-0.17291888235614386,0.3762403746393822,-1.0807807068120496,0.001023057123533788,1.302776696489256,1.8710348056054982,1.9263472265057249,1.3636213014314431,0.43629639877399296,-0.7708854808397642,-1.7997985900783793,-1.781688227666226,0.9792042179793959,0.9948120886982772,-0.9404481490461786,-1.0010406069375115,0.09788101934373966
2004-01-01,-0.11411540943576999,0.370278227308425,0.2409506746867726,0.43164710747232027,-0.059956826600118245,0.7016291732743716,0.06066513432810276,0.3401106635178428,-0.24713859826305126,0.32556396520689274,-1.7067592822919524,-0.7732395065173913,0.7256859858890641,1.8656098473768024,2.139172874090855,1.9084502581584173,1.1753512447339995,-0.06568746306005425,-1.5241818992655827,-2.0505397210238043,0.049801800641215734,0.07291398266655472,-0.6364272591019122,-0.636391770827626,0.03311747661671382
2004-01-11,-0.12135260232913309,0.37823015180096364,0.46064255497324097,0.3639529804565681,-0.0019603190530705543,0.6128533482840159,-0.04131578479382016,0.34526487943881523,-0.3213583141699587,0.2748875557744032,-2.293614196804361,-2.6949703299427092,-1.8409936507803615,0.30322187751238255,0.9004184637876611,2.1085915075683266,2.6702576376985574,2.4135243181967385,0.7726238575077219,-1.1671705285631906,-0.8796006166969645,-0.8489841233651677,-0.332406369157646,-0.2717429347177406,-0.031646066110312045
2004-01-21,-0.12858979522250003,0.3861820762935022,0.6803344352597077,0.29625885344081593,0.05603618849397713,0.5240775232936601,-0.14329670391574306,0.35041909535978777,-0.3955780300768661,0.22421114634191372,0.35561656013737014,-0.9681977059953222,-2.203736383157625,-1.926435954481633,-1.6480322393471032,-0.621112755216821,0.5090821033003573,1.7028169409031246,2.2209625464847704,1.4719635184775235,-1.809003034035145,-1.7708822293968896,-0.028385479213379725,0.09290590139214468,-0.0964096088373379
2004-02-01,-0.08154804141562258,0.36232630281588646,0.892604292563524,0.23925327279597192,0.2010274573615979,0.4353016983033044,-0.22585268606205866,0.32980223167589784,-0.3510462005327224,0.19887294162566893,1.6969992218800187,2.1734144227347625,1.5775817967750618,0.0373989243062834,-0.5238762546666718,-1.4717130652089339,-2.038417555122392,-1.9939632929264486,-0.8216295501349248,0.6818693339164781,-0.8331304958300557,-0.8105717022805123,-0.04738678483489637,0.012861034928999118,-0.05323391368598734
2004-02-11,-0.03450628760874514,0.3384705293382708,1.1048741498673404,0.18224769215112796,0.3460187262292156,0.34652587331294865,-0.3084086682083794,0.30918536799200785,-0.30651437098857875,0.17353473690942414,-1.3993590889759289,-0.684115758184623,0.5388185176947161,1.496712687825481,1.5934660854110339,1.5304056759397004,1.0129831346367253,0.04449972721802546,-1.1404802316634544,-1.6280588028904674,0.14274204237503374,0.149738824835865,-0.06638809045641302,-0.06718383153414645,-0.010058218534636766
2004-02-21,0.012535466198132304,0.31461475586065507,1.3171440071711566,0.12524211150628403,0.49100999509683635,0.25775004832259296,-0.390964650354695,0.288568504308118,-0.2619825414444351,0.14819653219317944,-0.6280640584739057,-0.8567930205793617,-0.7527654536485707,-0.06567528203893876,0.19645670639069193,0.6075321369940091,0.8282194231467236,0.8323381377062951,0.39973068758452657,-0.2289336843969493,1.118614580580123,1.1100493519522423,-0.08538939607792966,-0.14722869799729202,0.0331174766167138
2004-03-01,0.1391863418320346,0.28280705789050076,1.2577678233099494,-0.1954142796209632,0.6273017878323985,0.12670002095587737,-0.42495829006200264,0.19063840180964076,-0.20631775451425358,0.004613372134459167,0.663016753453394,0.4355013302457795,-0.1426981310140821,-0.548496564392874,-0.6875882912706182,-0.6878265050201237,-0.5603078632023795,-0.1813840128520379,0.3727094433871936,0.6489487428931012,0.8165587949452143,0.8027499832750016,-0.27540245229309607,-0.41404491954111056,0.11227291772752315
2004-03-11,0.2658372174659369,0.2509993599203465,1.1983916394487424,-0.5160706707482103,0.7635935805679608,-0.004350006410838205,-0.4589519297693103,0.09270829931116359,-0.15065296758407204,-0.1389697879242611,1.2945844233572243,2.4240749649206736,2.5393996477753817,1.0898408206732884,0.49113837227779533,-0.9213246293316844,-2.0720109572114835,-2.6991613107061583,-1.951117557583444,-0.2289336843969493,0.5145030093103058,0.4954506145977608,-0.46541550850826247,-0.680861141084929,0.19142835883833248
2004-03-21,0.3924880930998392,0.21919166195019224,1.1390154555875351,-0.8367270618754576,0.899885373303523,-0.1354000337775538,-0.49294556947661794,-0.0052218031873136036,-0.09498818065389049,-0.2825529479829814,-2.399806990858987,-1.0350405172448984,1.2258312684092303,2.787852746255105,2.8540487672614203,2.636742026844475,1.6680544753740036,-0.06017810354615014,-2.1348620181253084,-2.890014792119915,0.21244722367539717,0.1881512459205201,-0.6554285647234289,-0.9476773626287477,0.27058379994914195
2004-04-01,0.5119017758403746,0.19533588847257652,1.1226870050257038,-0.5659505538124489,0.989779960001449,-0.1776742361539137,-0.3569710106473874,-0.015530235029258571,0.16849181081563339,-0.22343047031174362,-0.48833669787571315,-0.4891575587066922,-0.30208508917984944,0.1567480053375932,0.3219692677870508,0.5074615122890547,0.5258788043449029,0.40811745513568837,0.04305026417973105,-0.33318222263764286,-0.29872410586060205,-0.3112102281799961,-0.5984246478588789,-0.7609060075480747,0.1626445620707655
2004-04-11,0.6313154585809138,0.1714801149949608,1.1063585544638708,-0.29517404574944006,1.0796745466993718,-0.21994843853027354,-0.220996451818162,-0.02583866687120354,0.4319718022851533,-0.16430799264050588,-1.5334973551501938,-0.7955204436005834,0.5168341096718516,1.5889369777133113,1.6753221037130073,1.680511612997132,1.1809501450821813,0.18774307457952902,-1.1188632363055877,-1.7158470456194723,-0.8098954353966012,-0.8105717022805123,-0.541420730994329,-0.5741346524674017,0.05470532419238909
2004-04-21,0.7507291413214491,0.1476243415173451,1.0900301039020395,-0.024397537686431343,1.1695691333972977,-0.2622226409066334,-0.08502189298893145,-0.03614709871314851,0.6954517937546771,-0.1051855149692681,0.26619104935452687,-0.44459568454030807,-1.1759653080887116,-1.0530176796615927,-0.8949568709689502,-0.37649567260470995,0.21234038484671827,0.865394294789719,1.1995595158255832,0.8354987586922369,-1.3210667649326004,-1.3099331763810287,-0.4844168141297791,-0.3873632973867287,-0.05323391368598734
2004-05-01,0.8050080880216934,0.1476243415173451,0.7842427570168211,-0.3628681727651923,0.9810804838693904,-0.38481782779807705,0.0946587740354104,0.010240844575603838,0.7659605238662386,-0.05873213965615272,2.1553049646420908,1.9673157547152356,0.6267561497861741,-1.042167763204201,-1.5225196779507444,-2.083255771739211,-2.1112032596487564,-1.3769150273692023,0.28083721311626136,1.6201061780827195,-0.5775448310620561,-0.5800971757725819,-1.1399618580721034,-0.47630203790133485,-0.4777949160076012
2004-05-11,0.859287034721934,0.1476243415173451,0.4784554101316028,-0.7013388078439533,0.7925918343414862,-0.5074130146895207,0.27433944105974706,0.056628787864356184,0.8364692539778,-0.01227876434303733,0.7524422642362373,1.7166552125293246,2.017269957232351,1.0789909042158965,0.4474818291834097,-0.5488395262632425,-1.428137417170569,-1.9884539334125446,-1.5836286364997154,-0.388049874343271,0.16597710280848818,0.1497388248358649,-1.7955069020144274,-0.5652407784159411,-0.9023559183292151
2004-05-21,0.9135659814221784,0.1476243415173451,0.17266806324638453,-1.0398094429227143,0.6041031848135788,-0.6300082015809643,0.45402010808408894,0.10301673115310853,0.9069779840893615,0.03417461097007805,0.34443837128951477,0.4243608617041835,0.24752511139176206,-0.0005757832945879459,-0.14188150259079713,-0.2931034853505811,-0.3923408527569234,-0.3466647982691574,-0.10826870332533374,0.14965311237188494,0.9094990366790324,0.8795748254443118,-2.4510519459567512,-0.6541795189305474,-1.326916920650829
2004-06-01,0.8990915956354484,0.19135992622630724,-0.036632984864370936,-1.029120896551806,0.4968096458515389,-0.5454597968282445,0.4345951711084868,0.06178300378532868,0.8142033392057282,0.004613372134459167,1.2778171400854412,1.3545899849274534,0.6597327618204708,-0.3803228593033011,-0.6221034766290398,-1.1492632744929694,-1.366549513340568,-1.0959376921600992,-0.15690694288053317,0.7696575766454832,0.18921216324194276,0.1881512459205201,-2.3275434594168933,-0.6452856448790867,-1.2405655303481278
2004-06-11,0.8846172098487145,0.23509551093526937,-0.24593403297512798,-1.0184323501808976,0.3895161068895021,-0.46091139207552473,0.41517023413287946,0.020549276417548827,0.721428694322091,-0.02494786670115972,1.266638951237586,1.6609528698213445,1.203846860386366,0.06452371544976288,-0.2455657924399631,-1.0658710872388406,-1.5737088262232972,-1.5807613293836498,-0.7027360756666596,0.45691196192340267,-0.531074710195147,-0.5032723336032715,-2.204034972877035,-0.636391770827626,-1.1542141400454267
2004-06-21,0.8701428240619844,0.27883109564423153,-0.45523508108588345,-1.0077438038099895,0.2822225679274622,-0.37636298732280504,0.3957452971572773,-0.020684450950231047,0.6286540494384577,-0.0545091055367786,0.31090380474594853,1.5551184186761822,2.2426101394667115,1.599786894170703,1.3751833699391054,0.11829797176978725,-1.1034011969760205,-2.104150483204528,-2.1348620181253084,-1.0080543386168692,-1.2513615836322367,-1.1946959131270631,-2.080526486337177,-0.6274978967761654,-1.0678627497427255
2004-07-01,0.823101070255107,0.3543743783233479,-0.6274260142833848,-0.9400496767942372,0.14013112443719428,-0.25799522066899744,0.5074386847670039,0.12363359483699847,0.6509199642105296,0.14397349807380527,-1.4664282220630613,-1.402675979117568,-0.6538356175456806,0.5907446636332653,0.8676760564668717,1.4192160929341955,1.5112852656249116,1.1133154729153982,-0.00018372653600175169,-1.0354881644696832,-1.1119512210315097,-1.079458649873098,-1.9285160413650437,-0.636391770827626,-0.9455316134805657
2004-07-11,0.7760593164482257,0.4299176610024643,-0.7996169474808862,-0.8723555497784852,-0.0019603190530705543,-0.1396274540151898,0.6191320723767253,0.267951640624228,0.6731858789826053,0.34245610168438917,-0.27595110976646037,-0.6562645868306328,-0.857191391757177,-0.4291474833615642,-0.27830819976075233,0.18501172157309023,0.5370766050412665,0.8047913401367752,0.6807516272367897,0.17160017305413622,-0.9725408584307828,-0.9642213866191327,-1.7765055963929108,-0.6452856448790867,-0.8232004772184057
2004-07-21,0.7290175626413482,0.5054609436815808,-0.9718078806783876,-0.8046614227627329,-0.14405176254333846,-0.021259687361382163,0.7308254599864519,0.4122696864114575,0.6954517937546771,0.540938705294973,0.594084588891619,0.4763497148982984,0.0002005211345369518,-0.3803228593033011,-0.42746805533323684,-0.5506926859800009,-0.5416448620417731,-0.28789829678751494,0.1835607340058626,0.4916614746703006,-0.8331304958300557,-0.8489841233651675,-1.6244951514207775,-0.6541795189305474,-0.7008693409562459
2004-08-01,0.6892130017278377,0.5730523018681586,-1.0979822713834524,-0.7619072372790999,-0.31804128518448155,-0.00012258617320222548,0.7114005230108497,0.4380407660163199,0.6026771488710438,0.6000611829662108,0.42268569322450256,1.4047220933646354,1.8413946930494351,1.1820651105611186,0.9113325995612575,-0.1040811942412227,-1.0698077948869291,-1.7790982718841934,-1.653883871412781,-0.6623881328714117,-0.7634253145296921,-0.7721592811958573,-1.1969657749366533,-0.5652407784159411,-0.44901111924003423
2004-08-11,0.6494084408143234,0.6406436600547365,-1.224156662088519,-0.7191530517954671,-0.4920308078256277,0.021014515014977704,0.6919755860352423,0.46381184562118244,0.5099025039874067,0.6591836606374486,-0.9689988183334957,-0.3331909991243476,0.5882834357461613,1.214614859933294,1.287870283750334,1.1134447396690568,0.6210601102639944,-0.148327855768614,-0.9999697618373226,-1.2549587712921957,-0.6937201332293286,-0.6953344390265471,-0.7694363984525288,-0.4763020379013349,-0.1971528975238226
2004-08-21,0.6096038799008129,0.7082350182413143,-1.3503310527935837,-0.676398866311834,-0.6660203304667708,0.04215161620315763,0.6725506490596402,0.48958292522604485,0.41712785910377337,0.7183061383086864,-0.49951488672356853,-0.4056040446447219,-0.14269813101408207,0.29237196105499075,0.41473942186262036,0.5408183871907062,0.4866865019076298,0.2814021863158968,-0.11907720100426694,-0.43194399570777353,-0.6240149519289652,-0.6185095968572368,-0.34190702196840433,-0.3873632973867287,0.05470532419238909
2004-09-01,0.5697993189873024,0.73209079171893,-1.3473622436005228,-0.5695134026027516,-0.677619631976179,0.1140177602429694,0.779387802425465,0.6184383232503569,0.38743997274100966,0.7436443430249311,-0.5330494532671347,-0.36661240474913576,-0.005295580871179213,0.4279959167723883,0.46385303284380425,0.5630563037918072,0.4642909005149023,0.198761793607337,-0.22716217779359896,-0.5197322384367785,-0.6472500123624195,-0.6185095968572368,-0.34190702196840433,-0.42293879359257125,0.08348912095995613
2004-09-11,0.529994758073788,0.7559465651965456,-1.3443934344074635,-0.4626279388936692,-0.6892189334855905,0.18588390428278118,0.8862249557912846,0.747293721274669,0.3577520863782459,0.7689825477411759,-0.030030955113641393,-0.4891575587066922,-0.8901680037914735,-0.6190210213659206,-0.4311061005911022,-0.015129527836818722,0.36351069424762866,0.7276603069421195,0.7888366040261217,0.4020443102177744,-0.6704850727958741,-0.6185095968572368,-0.34190702196840433,-0.45851428979841363,0.11227291772752315
2004-09-21,0.49019019716027756,0.7798023386741614,-1.3414246252144026,-0.3557424751845868,-0.7008182349949987,0.25775004832259296,0.9930621091571094,0.876149119298981,0.32806420001548214,0.7943207524574207,0.9704169467694176,0.6750214038900946,-0.13720202900836595,-0.7763448099981018,-0.8131008526669772,-0.9213246293316844,-0.7954616778260178,-0.3080992816718295,0.46998592249759236,0.9123134710801164,-0.6937201332293286,-0.6185095968572368,-0.34190702196840433,-0.4940897860042562,0.1410567144950902
2004-10-01,0.46124142558681364,0.7678744519353535,-1.1989217839475048,-0.11703160623430275,-0.6341222513158925,0.3211613518871328,1.0076308118888149,0.8864575511409261,0.32064222842479023,0.7816516500992983,0.025859989125635623,0.9312521803468037,1.5336129807293328,1.2417396510767735,1.0368451609576164,0.24616599222611796,-0.5939012652914707,-1.3603869488274904,-1.5187776504261161,-0.8599116790116732,-0.5775448310620561,-0.5416847546879268,-0.37040898040067927,-0.45851428979841363,0.09068507015184787
2004-10-11,0.43229265401335354,0.7559465651965458,-1.056418942680607,0.12167926271598131,-0.5674262676367894,0.3845726554516726,1.0221995146205152,0.8967659829828709,0.31322025683410226,0.7689825477411759,-1.812952076346579,-1.5419318358875187,-0.42849543531131995,1.0355912383863293,1.358812166278711,1.8472959875053894,1.7744335819894592,1.0912780348597821,-0.3352471545829309,-1.4689426129441456,-0.4613695288947835,-0.46485991251861647,-0.39891093883295425,-0.42293879359257125,0.040313425808605564
2004-10-21,0.4033438824398896,0.7440186784577378,-0.9139161014137093,0.3603901316662654,-0.5007302839576832,0.44798395901621235,1.0367682173522206,0.9070744148248159,0.3057982852434103,0.7563134453830536,0.0314490835495633,-1.1520154369316569,-2.148775363100464,-1.6714629177329254,-1.2878657588184212,-0.25974661044892966,0.7778293200130868,1.7909666931255885,2.037218085942906,1.1427576082437547,-0.345194226727511,-0.3880350703493063,-0.42741289726522924,-0.3873632973867287,-0.010058218534636766
2004-11-01,0.3816323037597926,0.7400427162114687,-0.7209435038647852,0.5563468151329164,-0.4282346495238743,0.5071678423431162,1.0173432803766134,0.8916117670618985,0.3057982852434103,0.7351982747861828,0.1432309720281174,-0.015687645688860264,-0.280100681156985,-0.27724865295807893,-0.2237375208927703,-0.12075963169204847,-0.011615629080556432,0.1601962770100091,0.28624146195572797,0.23744135510089,-0.5775448310620561,-0.6185095968572368,-0.4654155085082625,-0.34289392712942557,-0.07482176126166261
2004-11-11,0.3599207250796918,0.7360667539651993,-0.5279709063158612,0.7523034985995676,-0.3557390150900624,0.5663517256700201,0.9979183434010112,0.876149119298981,0.3057982852434103,0.7140831041893123,-0.25918382649467725,-0.45573615308190407,-0.5549057814427907,-0.20672419598503222,-0.01091187330764005,0.2572849505266685,0.41949969772944734,0.529323364441576,0.3619009457082603,0.0015104527666889597,-0.8098954353966011,-0.8489841233651675,-0.5034181197512958,-0.2984245568721225,-0.13958530398868849
2004-11-21,0.3382091463995948,0.73209079171893,-0.33499830876693715,0.9482601820662185,-0.28324338065625354,0.625535608996924,0.9784934064254038,0.8606864715360635,0.3057982852434103,0.6929679335924416,0.3891511266809364,-0.02125787995965829,-0.615362903505668,-0.7220952277111428,-0.5839040014214522,-0.3987335892058108,-0.12359363604419375,0.30343962437151273,0.6699431295578565,0.62700168221085,-1.0422460397311464,-1.079458649873098,-0.541420730994329,-0.2539551866148194,-0.20434884671571435
2004-12-01,0.30926037482613083,0.7440186784577378,-0.26374688813348823,0.6846093715838152,-0.26004477763743383,0.6297630292345598,0.8910811900351864,0.8813033352199534,0.2575554699039207,0.709860070069938,0.28295833262631,0.54690601566174,0.5113380076661356,0.24354733699672762,0.22374204582468302,-0.13187858999259894,-0.4371320555423783,-0.5890766168809327,-0.4325236336933297,-0.06981749445062765,-1.0887161605980553,-1.117871070957753,-0.5319200781835707,-0.20948581635751634,-0.2331326434832814
2004-12-11,0.2803116032526708,0.7559465651965456,-0.1924954675000409,0.420958561101412,-0.23684617461861723,0.633990449472196,0.8036689736449638,0.9019201989038435,0.20931265456443107,0.7267522065474347,-0.24800563764682182,-0.46687662162350013,-0.5549057814427907,-0.20672419598503228,-0.11459616315680606,0.21280911732446647,0.43069749842581107,0.5733982405528077,0.4267519317818595,0.04540457413119149,-1.1351862814649643,-1.1562834920424083,-0.5224194253728124,-0.16501644610021327,-0.2619164402508484
2004-12-21,0.25136283167920687,0.7678744519353535,-0.121244046866592,0.15730775061900873,-0.21364757159979755,0.6382178697098319,0.7162567572547464,0.9225370625877334,0.16106983922494145,0.7436443430249311,0.2047110106913222,-0.5337194328730764,-1.2584068381744535,-1.107267261948552,-0.9658987534973269,-0.3653767143041594,0.2683293883285369,0.9535440470121826,1.259006253059716,0.8245252283511113,-1.1816564023318734,-1.1946959131270631,-0.5129187725620541,-0.12054707584291013,-0.29070023701841546
2005-01-01,0.2224140601057429,0.7479946407040071,0.1236827115608887,0.15018205303840323,-0.1759498416942167,0.5198501030560243,0.7065442887669428,1.0307755969281553,0.12395998127148578,0.7351982747861828,1.2331043846940195,1.4437137332602217,0.8740807400433992,-0.15789957192676907,-0.3929066253835148,-1.0491926497880149,-1.3945440150814774,-1.2612184775772186,-0.38388539413813033,0.6105413866991615,-0.7401902540962377,-0.7721592811958573,-0.5889239950481207,-0.04050220937976457,-0.41303137328057543
2005-01-11,0.19346528853227898,0.7281148294726606,0.3686094699883694,0.14305635545779774,-0.13825211178863278,0.40148233640221664,0.6968318202791443,1.1390141312685778,0.08685012331803404,0.7267522065474347,-1.0304788569967003,-0.5114384957898843,0.3739354575232327,1.1061156953593758,1.2223854691087557,1.163480052021534,0.766631519316723,0.04449972721802546,-0.8378422966533247,-1.2055778847571306,-0.29872410586060205,-0.3496226492646512,-0.6649292175341872,0.039542657083381,-0.5353625095427353
2005-01-21,0.16451651695881506,0.7082350182413143,0.6135362284158501,0.13593065787719225,-0.10055438188305194,0.28311456974840893,0.6871193517913405,1.2472526656089997,0.049740265364578366,0.7183061383086864,-0.41008937594072536,-0.422314747457116,-0.30758119118556554,0.11334833950802599,0.37653994665503293,0.48522359568795365,0.4698898008630842,0.35302385999664854,0.03764601534026443,-0.28380133610257746,0.14274204237503366,0.07291398266655479,-0.7409344400202538,0.11958752354652656,-0.6576936458048953
2005-02-01,0.21517686721237597,0.6843792447636985,0.7441638329105061,-0.11703160623430275,-0.016459445939831705,0.10979034000533343,0.4928699820352984,1.1029346198217702,-0.028190436337675002,0.5620538758918436,-1.1981516897145317,0.034444462748321955,1.5061324707007524,2.09345809298203,2.1610011456380476,1.5026082801883243,0.4586920001667204,-0.8976007496595558,-2.0375855390149096,-1.990185304147613,-1.204891462765328,-1.2331083342117182,-0.7409344400202538,0.5820689742224788,-1.0246870545913753
2005-02-11,0.2658372174659369,0.6605234712860828,0.8747914374051622,-0.3699938703457977,0.06763549000338544,-0.06353388973774204,0.29862061227925624,0.9586165740345407,-0.10612113803992837,0.405801613475001,-1.5949773938133986,-1.3191224650555977,-0.34605390522557833,0.9650667814132826,1.2933273516371324,1.63603577979493,1.5112852656249116,0.8709036543036229,-0.38928964297759694,-1.342747014021201,-2.5525249679056894,-2.5391306510899914,-0.7409344400202538,1.044550424898431,-1.391680463377855
2005-02-21,0.31649756771949783,0.6366676978084671,1.0054190418998183,-0.6229561344572928,0.15173042594660566,-0.2368581194808175,0.10437124252321406,0.8142985282473111,-0.18405183974218176,0.24954935105815843,-0.8795733075506524,-1.2411391852644253,-1.1265003900372665,-0.19044932129894457,0.1309718917491134,0.7743165115022667,1.1585545436894538,1.2565588202769018,0.6753473783973232,-0.23990721473807494,-3.9001584730460506,-3.845152967968265,-0.7409344400202538,1.5070318755743832,-1.7586738721643347
2005-03-01,0.4214368646733031,0.5849801886069664,0.9623713086004425,-0.9044211888912098,0.34891855160656843,-0.27913232185717735,0.11893994525491437,0.7627563690375864,0.012630407411122686,0.2622184534162808,-1.15343893432311,-0.7286776323510072,0.148595275288872,1.0193163637002416,1.1187011792595898,1.2135153643740113,0.9457963304585427,0.29793026485760876,-0.6378850895930605,-1.1726572937337536,-2.5757600283391437,-2.539130651089992,-0.6744298703449456,1.489244127471462,-1.7011062786292004
2005-03-11,0.5263761616271045,0.5332926794054658,0.9193235753010683,-1.1858862433251267,0.5461066772665312,-0.32140652423353716,0.13350864798661988,0.7112142098278615,0.20931265456443107,0.2748875557744032,-0.8180932688874476,-1.174296374014849,-1.0385627579458088,-0.15247461369807322,0.054572941333938446,0.7076027616989636,1.108164440555817,1.206974584651766,0.6699431295578565,-0.21796015405582372,-1.2513615836322367,-1.2331083342117186,-0.6079253006696373,1.471456379368541,-1.6435386850940665
2005-03-21,0.6313154585809099,0.4816051702039651,0.8762758420016926,-1.4673512977590437,0.743294802926494,-0.36368072660989714,0.14807735071832018,0.6596720506181367,0.4059949017177355,0.28755665813252557,1.3281189899007906,0.780855855035257,-0.3625422112427267,-1.204916510065078,-1.4843202027431568,-1.3938803571050804,-0.997022090360565,-0.16485593431032594,0.93475132269172,1.4116091016013324,0.07303686107467015,0.07291398266655479,-0.541420730994329,1.4536686312656195,-1.5859710915589322
2005-04-01,0.7652035271081791,0.47365324571142653,0.8599473914398612,-1.196574789696035,0.9288836270770484,-0.2664500611442694,0.177214756181726,0.5462793003567421,0.5655672909175882,0.22843418046128786,2.015577604043898,2.451926136274664,1.682007734883668,-0.10364998963981005,-0.7639872416857931,-1.8052818142254485,-2.3687526756651223,-2.208828313968704,-0.778395559419192,0.9232870014212419,-0.27548904542714747,-0.27279780709534107,-0.43691355007598753,0.7955219514575336,-0.9815113594400245
2005-04-11,0.8990915956354445,0.4657013212188879,0.8436189408780282,-0.9257982816330264,1.1144724512275999,-0.1692193956786417,0.20635216164513698,0.43288655009534743,0.725139680117437,0.16931170279005006,-1.0696025179641944,0.4299310959749815,2.055742671272364,2.451505336075959,2.3247131822419944,1.452572967835847,0.19554368380217266,-1.3438588702857783,-2.4483084508143707,-2.143814728923372,-0.6240149519289652,-0.6185095968572368,-0.332406369157646,0.13737527164944785,-0.37705162732111663
2005-04-21,1.0329796641627138,0.45774939672634934,0.8272904903161968,-0.6550217735700176,1.3000612753781542,-0.07198873021301401,0.23548956710854277,0.3194937998339528,0.8847120693172896,0.11018922511881231,-2.058872230999398,-2.5668549417143547,-1.8794663648203744,0.10249842305063415,0.6002797300137594,1.8639744249562153,2.530285128994011,2.4410711157662583,0.9887938110863859,-0.89283227003505,-0.9725408584307828,-0.9642213866191327,-0.22789918823930447,-0.520771408158638,0.22740810479779136
2005-05-01,1.0365982606093973,0.40208592527857934,0.747132642103567,-0.451939392522761,1.2507642439631619,0.00833225430206975,0.33261425198656386,0.27826007246617296,0.9477988278381632,0.14819653219317944,1.6019846166732479,1.031516397221168,-0.3075811911855655,-1.3676652569259553,-1.5934615604791211,-1.6384974397171912,-1.2769671077696583,-0.36319287681086926,0.9509640692101197,1.6146194129121565,-1.0422460397311464,-1.0410462287884428,-0.1518939657532379,-0.43183266764403183,0.2130162064140078
2005-05-11,1.0402168570560808,0.34642245383080933,0.6669747938909356,-0.24885701147550443,1.201467212548173,0.08865323881715349,0.429738936864585,0.23702634509839307,1.0108855863590327,0.18620383926754655,-2.092406797542964,-1.0573214543280907,0.8301119239976703,2.2399319651568192,2.188286485072039,2.214221611423556,1.5504775680621845,0.1822337150656251,-1.5782243876602489,-2.3632853357458843,-1.1119512210315097,-1.117871070957753,-0.07588874326717132,-0.34289392712942557,0.1986243080302243
2005-05-21,1.043835453502764,0.2907589823830393,0.5868169456783058,-0.04577463042824783,1.1521701811331806,0.16897422333223724,0.526863621742606,0.1957926177306132,1.0739723448799061,0.22421114634191372,-0.3989111870928699,-0.8790739576625538,-1.1155081860258345,-0.5159468150206986,-0.12005323104360427,0.3684745335321734,0.7442359179239956,1.0031282826373187,0.7780281063471886,0.1386795820307593,-1.1816564023318734,-1.1946959131270631,0.00011647921889526104,-0.2539551866148194,0.18423240964644078
2005-06-01,0.9208031743155454,0.21919166195019218,0.27954519419655866,-0.27023410421732086,0.9665813569826293,0.13515486143114933,0.5608572614499137,0.20610104957255823,1.0034636147683447,0.21576507810316548,-0.8683951187027968,-0.3220505305827516,0.48935359964327113,1.0681409877585046,1.0750446361652037,0.9688982817619004,0.559472206433994,-0.10425297965738212,-0.8540550431717243,-1.101329346516437,-0.7169551936627832,-0.7337468601112022,-0.028385479213379725,-0.03160833532830397,-0.010058218534636789
2005-06-11,0.7977708951283266,0.14762434151734505,-0.027726557285190023,-0.49469357800639385,0.7809925328320748,0.10133549953006143,0.5948509011572213,0.2164094814145032,0.9329548846567793,0.20731900986441718,0.048216366821346425,-0.3610421704783377,-0.7692537596657191,-0.5864712719937452,-0.4201919648175058,-0.07628379848984647,0.24593378693580945,0.5899263190945199,0.6915601249157229,0.3965575450472117,-0.25225398499369306,-0.2727978070953409,-0.056887437645654675,0.19073851595821145,-0.20434884671571438
2005-06-21,0.6747386159411077,0.07605702108449792,-0.33499830876693715,-0.7191530517954671,0.5954037086815234,0.06751613762897356,0.6288445408645289,0.22671791325644813,0.8624461545452179,0.19887294162566893,0.09292912221276811,0.10685750826869624,0.022184929157401362,-0.011425699751979759,-0.10368202738320963,-0.07628379848984647,-0.08440133360692068,-0.054668744032246246,0.01062477114293144,0.03991780896062867,0.21244722367539717,0.1881512459205201,-0.08538939607792966,0.413085367244727,-0.39863947489679186
2005-07-01,0.501045986500328,0.00846566289792008,-0.49531400519219676,-0.6229561344572929,0.36921732924803524,0.06751613762897356,0.5560010272060119,0.17517575404672334,0.6620529215965675,0.14819653219317944,0.9312932858019237,0.25725383358024284,-0.8242147797228803,-1.270016008809429,-1.1623531974220624,-0.9658004625338862,-0.5155166604169245,0.25936474826028083,1.0806660413573181,1.2305458509727596,0.11950698194157916,0.11132640375120993,-0.39891093883295425,0.4486608634505694,-0.6576936458048953
2005-07-11,0.3273533570595482,-0.05912569528865777,-0.655629701617458,-0.5267592171191187,0.14303094981455022,0.06751613762897356,0.4831575135474999,0.12363359483699847,0.46165968864791707,0.09752012276068993,0.31649289916987616,0.10128727399789822,-0.30758119118556554,-0.4291474833615642,-0.3765354217231202,-0.27642504789975536,-0.1347914367405575,0.12163076041268124,0.37811369222666014,0.4020443102177744,0.026566740207761116,0.034501561581899765,-0.7124324815879788,0.48423635965641193,-0.9167478167129988
2005-07-21,0.1536607276187685,-0.12671705347523562,-0.8159453980427176,-0.43056229978094446,-0.08315542961893793,0.06751613762897356,0.4103139998889828,0.07209143562727365,0.26126645569926665,0.04684371332820041,1.3728317452922123,1.6312449537104217,1.0151473581901127,-0.1488579748789426,-0.4201919648175058,-1.1770606702443458,-1.5905055272678428,-1.4742470454481729,-0.4973746197669288,0.6489487428931011,-0.0663735015260569,-0.04232328058741047,-1.0259540243430034,0.5198118558622543,-1.175801987621102
2005-08-01,0.023391255538182724,-0.1585247514453899,-0.9851675220471582,-0.49113072921609113,-0.239745999995967,0.1140177602429694,0.3083330807670599,0.015395060496576332,0.10911603809010588,0.03839764508945216,-0.4771585090278577,0.34637758191301116,1.1433897383234888,1.2959892333637326,1.1896430617879663,0.6631269284967616,-0.0508079315178295,-0.8590352330622278,-1.367458682921051,-1.1177896420281255,-0.27548904542714747,-0.23438538601068593,-0.8929448849923869,0.5820689742224786,-1.1326262924697514
2005-08-11,-0.10687821654239918,-0.1903324494155442,-1.1543896460516003,-0.5516991586512379,-0.3963365703729961,0.16051938285696526,0.20635216164513698,-0.041301314634120984,-0.0430343795190549,0.029951576850703907,-0.49951488672356853,-0.7063966952678151,-0.6538356175456806,-0.1199248643258978,2.262465956381416e-06,0.4351882833354764,0.6714502133976313,0.7386790259699274,0.4051349364239932,-0.14114544166794424,-0.484604589328238,-0.4264474914339614,-0.7599357456417704,0.6443260925827031,-1.089450597318401
2005-08-21,-0.23714768862298496,-0.22214014738569848,-1.3236117700560408,-0.6122675880863846,-0.5529271407500251,0.2070210054709611,0.10437124252321406,-0.09799768976481829,-0.19518479712821568,0.021505508611955656,0.5232893928552013,-0.01568764568886027,-0.7912381676885836,-0.9445185150876748,-0.7694443095725915,-0.5432800471129673,-0.1851815398741943,0.3805706575661685,0.8699003366181207,0.8354987586922369,-0.6937201332293286,-0.6185095968572368,-0.6269266062911539,0.7065832109429273,-1.0462749021670505
2005-09-01,-0.2878080388765459,-0.2102122606468906,-1.3815035493207177,-0.6514589247797148,-0.7385159649005796,0.025241935252613684,0.07037760281590642,-0.1289229852906532,-0.3139363425792667,-0.0545091055367786,2.3565123639034886,2.46306660481626,1.1708702483520694,-0.7817697682267977,-1.0968683827804842,-2.122172125791138,-2.5255218854142147,-2.0270194500098726,-0.28660891502773156,1.4445296926247095,-0.4148994080278745,-0.3496226492646512,-0.7124324815879788,0.8666729438692184,-1.240565530348128
2005-09-11,-0.3384683891301068,-0.1982843739080828,-1.439395328585396,-0.690650261473045,-0.9241047890511309,-0.15653713496573377,0.03638396310859878,-0.1598482808164881,-0.43268788803032177,-0.13052371968551285,0.28295833262631,0.8978307747220154,1.1598780443406371,0.7480684522654465,0.49113837227779533,-0.11520015254177321,-0.7002803719069262,-1.1289938492435232,-1.0323952548741222,-0.40451016985495947,-0.13607868282642044,-0.08073570167206562,-0.7979383568848037,1.0267626767955096,-1.4348561585292054
2005-09-21,-0.3891287393836677,-0.18635648716927491,-1.4972871078500727,-0.7298415981663753,-1.1096936132016855,-0.3383162051840812,0.0023903234012911446,-0.190773576342323,-0.5514394334813728,-0.20653833383424713,-0.4212675647885807,-0.5114384957898843,-0.4339915373170361,0.031973966077587464,0.2728556568058669,0.4574261999365774,0.520279903996721,0.46321105027472825,0.15113524096906303,-0.21796015405582372,0.14274204237503366,0.1881512459205201,-0.8834442321816287,1.186852409721801,-1.629146786710283
2005-10-01,-0.47235645765737605,-0.257923807602122,-1.5180687722014954,-0.8830440961493934,-1.118393089333744,-0.38481782779807705,0.050952665840299095,-0.13923141713259818,-0.529173518709301,-0.1854231632373765,-0.25918382649467725,-0.9570572374537262,-1.4013054903230724,-0.8577191834285404,-0.654845883949829,0.10717901346923674,0.766631519316723,1.3006336963881338,1.2373892577018493,0.4898325529467796,0.46803288844339674,0.4954506145977609,-0.9404481490461786,1.1157014173101159,-1.6147548883264993
2005-10-11,-0.5555841759310804,-0.32949112803496916,-1.5388504365529163,-1.0362465941324115,-1.1270925654657995,-0.43131945041207287,0.09951500827931223,-0.08768925792287334,-0.5069076039372291,-0.16430799264050588,1.0877879296718993,0.8588391348264294,0.027681031163117466,-0.7275201859398388,-0.8349291242141699,-1.032514212337189,-0.9634286882714739,-0.49541750514456495,0.3564966968687937,0.9287737665918049,0.7933237345117597,0.8027499832750016,-0.9974520659107285,1.044550424898431,-1.6003629899427159
2005-10-21,-0.6388118942047888,-0.4010584484678163,-1.559632100904339,-1.1894490921154295,-1.135792041597858,-0.47782107302606874,0.14807735071832018,-0.03614709871314851,-0.4846416891651573,-0.14319282204363526,1.2219261958461642,0.9535331174299957,0.016688827151685258,-0.8305943922850608,-0.9222422104029412,-1.1715011910940705,-1.1034011969760205,-0.5780578978531248,0.38892218990559335,1.0494826003441866,1.118614580580123,1.1100493519522423,-1.0544559827752784,0.9733994324867459,-1.5859710915589322
2005-11-01,-0.7582255769453242,-0.5123853913633563,-1.4705678251125283,-1.2464546727602734,-1.2952824373522398,-0.7568308087100439,0.06066513432810276,-0.1289229852906532,-0.6367921067743181,-0.3416754256542192,0.7412640753883817,1.321168579302665,1.2972805944835397,0.5147952484315227,0.21828497793788482,-0.5266016096621416,-1.1369945990651118,-1.4264992629943383,-0.9891612641583893,-0.06433072928006486,0.5842081906106693,0.572275456767071,-1.15896316369362,0.8310974476633759,-1.5499913455994736
2005-11-11,-0.8776392596858633,-0.6237123342588963,-1.3815035493207177,-1.3034602534051174,-1.4547728331066219,-1.035840544394019,-0.02674708206211984,-0.22169887186815787,-0.7889425243834789,-0.540158029264803,-0.8180932688874476,-0.6506943525598348,-0.14819423301979817,0.5310701231176104,0.6275650694477506,0.8299113030050191,0.7610326189685412,0.4246455336774004,-0.22175792895413235,-0.7117690194064772,0.049801800641215734,0.034501561581899765,-1.2634703446119615,0.6887954628400061,-1.5140115996400147
2005-11-21,-0.9970529424263987,-0.7350392771544363,-1.292439273528907,-1.3604658340499614,-1.6142632288610037,-1.314850280077994,-0.11415929845233726,-0.3144747584456626,-0.9410929419926397,-0.7386406328753871,0.048216366821346446,-0.4724468558942982,-0.9836017378886475,-0.7492200188546224,-0.5238762546666718,-0.13743806914287424,0.2683293883285369,0.7001135093725994,0.8482833412602543,0.4953193181173424,-0.484604589328238,-0.5032723336032716,-1.367977525530303,0.5464934780166363,-1.4780318536805561
2005-12-01,-1.1200852216136175,-0.842390257803707,-1.0311840645395947,-1.1609463017930075,-1.663560260275993,-1.4120809455436218,-0.2598463257693663,-0.3454000539714975,-1.1080873027831804,-0.8484395199791143,0.4506311653441411,0.2851050049342329,-0.14819423301979817,-0.39659773398938875,-0.4311061005911022,-0.4487689015582882,-0.36994525136419587,-0.12078105819909406,0.259220217758395,0.4404516664117142,-0.4148994080278745,-0.42644749143396143,-1.396479483962578,0.341934374833042,-1.3269169206508291
2005-12-11,-1.2431175008008364,-0.9497412384529778,-0.769928855550281,-0.9614267695360539,-1.712857291690985,-1.5093116110092495,-0.40553335308640054,-0.37632534949733243,-1.275081663573725,-0.9582384070828416,0.5009330151594904,0.6415999982653064,0.4508808856032583,0.04282388253497926,-0.2837652676475506,-0.48768525561021486,-0.6330935677287437,-0.5890766168809327,-0.22175792895413235,0.20452076407751316,-0.345194226727511,-0.3496226492646512,-1.4249814423948528,0.13737527164944777,-1.175801987621102
2005-12-21,-1.366149779988055,-1.0570922191022485,-0.5086736465609689,-0.7619072372790999,-1.7621543231059742,-1.6065422764748771,-0.5512203804034296,-0.40725064502316727,-1.4420760243642656,-1.0680372941865688,-1.0025333848770617,-0.8512227863085637,-0.23613186511125603,0.6070195383193531,0.6493933409949434,0.9577793234613499,0.934598529762179,0.5623795215249999,-0.20554518243573253,-0.8269910879882962,-0.27548904542714747,-0.27279780709534107,-1.4534834008271278,-0.06718383153414645,-1.024687054591375
2006-01-01,-1.3697683764347386,-1.0610681813485177,-0.16874499395555742,-0.5481363098609352,-1.5301682929177836,-1.4416728872070739,-0.8425944350374928,-0.6031108500201215,-1.516295740271173,-1.1229367377384325,-0.6001185863542673,-1.2411391852644253,-1.4837470204088143,-0.6515707707380961,-0.3055935391947434,0.4296288041852012,1.0241809353330888,1.4108208866662133,1.107687285554651,0.19354723373638752,0.3518575862761243,0.3802133513437955,-1.4154807895840946,-0.37846942333526806,-0.7512409852994882
2006-01-11,-1.3733869728814183,-1.065044143594787,0.17118365864985569,-0.3343653824427703,-1.2981822627295896,-1.2768034979392702,-1.1339684896715612,-0.7989710550170761,-1.5905154561780805,-1.1778361812902962,0.6853731311491048,0.780855855035257,0.41790427356896165,-0.11449990609720186,-0.23465165666636667,-0.5877558803151693,-0.7786649767814722,-0.6937544476451084,-0.18933243591733273,0.34168989334158356,0.9792042179793959,1.033224509782932,-1.3774781783410612,-0.6897550151363897,-0.4777949160076012
2006-01-21,-1.3770055693281018,-1.0690201058410562,0.5111123112552672,-0.1205944550246055,-1.066196232541399,-1.1119341086714667,-1.4253425443056245,-0.9948312600140305,-1.664735172084988,-1.2327356248421597,-0.8907514963985077,0.12356821108109034,1.2698000844549593,1.713711016973317,1.724435714694191,1.1468016145707083,0.2739282886767188,-0.8204697164649001,-1.680905115610114,-1.578677916355402,1.6065508496826677,1.6862356682220687,-1.339475567098028,-1.0010406069375115,-0.20434884671571435
2006-02-01,-1.2684476759276129,-1.0372124078709022,0.8480721546676195,0.125242111506284,-0.7008182349949987,-0.8794259956014874,-1.566173337378757,-1.0824529306705626,-1.5088737686804812,-1.1229367377384325,-1.7626502265312296,-1.140874968390061,0.16508358130602033,1.4750128549106973,1.8117488008829625,1.8806528624070413,1.4440984614467292,0.4577016907608243,-0.9729485176399895,-1.781688227666226,1.025674338846305,1.071636930867587,-1.3299749142872697,-0.4496204157469531,-0.6433017474211119
2006-02-11,-1.159889782527128,-1.0054047099007477,1.1850319980799702,0.37107867803717354,-0.3354402374485955,-0.6469178825315082,-1.7070041304518841,-1.1700746013270948,-1.3530123652759785,-1.0131378506347053,-1.2372753506820258,-1.7424602696362477,-1.5387080404659752,-0.22299907067111993,0.22374204582468296,1.0745283856171302,1.5952687708476394,1.6862888623614125,0.8699003366181207,-0.37707634400214535,0.44479782800994233,0.4570381935131057,-1.3204742614765115,0.10179977544360529,-1.0822546481265094
2006-02-21,-1.0513318891266392,-0.9735970119305936,1.5219918414923224,0.616915244568063,0.02993776009780459,-0.4144097694615289,-1.8478349235250164,-1.257696271983627,-1.1971509618714715,-0.903338963530978,1.6355191832168143,0.4410715645165776,-1.4122976943345045,-2.268208322889475,-2.1719107564797318,-1.7886033767746232,-0.9410330868787464,0.4632110502747282,1.929133109153574,2.2017032861623784,-0.1360786828264204,-0.15756054384137577,-1.310973608665753,0.6532199666341636,-1.5212075488319066
2006-03-01,-0.8233603129856151,-0.8940777670052078,1.4685532760172353,0.3105102486020268,0.16912937821071966,-0.5412323765906085,-1.6681542565006797,-1.1339950898802875,-1.0078906863088553,-0.8991159294116039,0.17676553857168367,0.24054313076784878,0.12111476526029143,0.02112404962019565,0.03274466978674563,-0.09852171509094745,-0.2187749419632855,-0.2364776079910777,-0.11907720100426693,0.034431043790065854,0.49126794887685116,0.4954506145977608,-1.187465122125895,0.35972212293596323,-1.1901938860048857
2006-03-11,-0.5953887368445948,-0.814558522079822,1.41511471054215,0.004105252635990556,0.30832099632363474,-0.6680549837196881,-1.488473589476338,-1.0102939077769477,-0.8186304107462427,-0.8948928952922296,0.03703817797349106,0.09014680545630215,0.03317713316883362,0.048248840763675166,0.08185828076792954,0.018227347064832755,-0.07320353291055694,-0.11527169868519009,-0.09746020564640052,-0.042383668597813576,1.1186145805801229,1.1484617730368976,-1.0639566355860368,0.06622427923776288,-0.8591802231778647
2006-03-21,-0.3674171607035707,-0.7350392771544363,1.361676145067063,-0.3022997433300456,0.44751261443654977,-0.7948775908487676,-1.3087929224520012,-0.8865927256736083,-0.6293701351836262,-0.8906698611728555,0.16558734972382821,0.34637758191301116,0.35744715150608436,0.2109975876245522,0.03274466978674564,-0.10964067339149795,-0.2747639454451042,-0.35768351729696535,-0.2595876708303985,-0.058843964109502024,1.7459612122833947,1.8014729314760343,-0.9404481490461786,-0.2272735644604376,-0.5281665603508435
2006-04-01,-0.15753856679596395,-0.6555200322290506,1.094483317691629,-0.6336446808282011,0.6447007400965126,-0.6807372444325961,-1.0999748499642537,-0.809279486859021,-0.276826484625815,-0.7301945646366387,-1.147849839899182,-0.46687662162350013,0.6047717417633096,1.393638481480259,1.418839913033491,1.2857885933275894,0.7722304196649049,-0.09323426062957414,-1.0864377432687884,-1.425048491579643,1.490375547515395,1.5325859838834486,-0.9689501074784536,-0.3873632973867287,-0.42022732247246714
2006-04-11,0.052340027111646655,-0.5760007873036649,0.8272904903161968,-0.9649896183263565,0.8418888657564753,-0.5665968980164244,-0.8911567774765059,-0.7319662480444338,0.07571716593199616,-0.569719268100422,0.4618093541919965,0.07900633691470611,-0.5109369653970618,-0.6515707707380961,-0.6166464087422415,-0.4765662973096644,-0.22437384231146737,0.20427115312124097,0.6159006411631904,0.6434619777225384,1.2347898827473953,1.2636990362908627,-0.9974520659107283,-0.5474530303130198,-0.31228808459409074
2006-04-21,0.2622186210192534,-0.4964815423782792,0.560097662940763,-1.2963345558245118,1.0390769914164382,-0.4524565516002528,-0.6823387049887583,-0.6546530092298465,0.42826081648980735,-0.4092439715642052,-0.052387332809352205,0.18484078805986856,0.3134783354603554,0.34119658511325385,0.34925460722104185,0.134976409220613,-0.11239583534783004,-0.34115543875525345,-0.4163108871749299,-0.28380133610257746,0.9792042179793959,0.9948120886982772,-1.0259540243430034,-0.707542763239311,-0.20434884671571435
2006-05-01,0.3997252859932061,-0.4050344107140856,0.5081435020622064,-1.0219951989712006,1.007178912265563,-0.3467710456593531,-0.44923946128150666,-0.5515686908103968,0.5395903903501704,-0.3163372209379744,-1.209329878562387,-0.6451241182890368,0.3629432535118005,1.230889734619382,1.3533550983919123,1.3135859890789658,0.895406227324906,0.10510268187096927,-0.9026932827269237,-1.3592073095328896,0.37509264670957876,0.38021335134379564,-0.8834442321816287,-0.4407265416954924,-0.3122880845940907
2006-05-11,0.537231950967155,-0.31358727904989203,0.4561893411836513,-0.7476558421178889,0.9752808331146847,-0.24108553971845348,-0.21614021757426016,-0.44848437239094724,0.6509199642105296,-0.22343047031174362,-1.0248897625727726,-1.3581141049511838,-1.1155081860258345,-0.07110024026763465,0.18008550273029736,0.8910655736580468,1.2985270523940007,1.3336898534715578,0.637517636521057,-0.3715895788315825,-0.22901892456023845,-0.23438538601068584,-0.7409344400202538,-0.1739103201516739,-0.4202273224724671
2006-05-21,0.6747386159411077,-0.22214014738569848,0.40423518030509464,-0.4733164852645774,0.9433827539638096,-0.1354000337775538,0.01695902613299146,-0.3454000539714975,0.7622495380708927,-0.13052371968551285,0.3276710880177316,0.23497289649705078,-0.08224100895120481,-0.26097377827199125,-0.23465165666636667,-0.2986629645008564,-0.28596174614146785,-0.12078105819909402,0.14573099212959642,0.29230900680651817,-0.8331304958300557,-0.8489841233651675,-0.5984246478588789,0.09290590139214468,-0.5281665603508435
2006-06-01,0.6494084408143272,-0.17840456267673632,0.21571579654576026,-0.41274805582943075,0.795491659718836,-0.11426293258937387,0.18692722466952966,-0.190773576342323,0.7511165806848548,-0.0714012420142751,-1.2540426339538087,-1.0517512200572925,-0.26361237513983665,0.7643433269515342,0.8131053775988897,1.2190748435242864,1.2033457464749087,0.7441883854838313,-0.22716217779359887,-1.0190278689579948,-0.7401902540962377,-0.7337468601112022,-0.6554285647234289,0.08401202734068408,-0.5713422555021942
2006-06-11,0.6240782656875468,-0.13466897796777422,0.027196412786427464,-0.352179626394284,0.6476005654738654,-0.09312583140119395,0.3568954232060678,-0.036147098713148466,0.7399836232988208,-0.01227876434303734,-0.06915461608113534,-0.5392896671438745,-0.9726095338772153,-0.6569957289667919,-0.27830819976075233,0.05714370111675953,0.38030739529217433,0.7111322284004075,0.7401983644709224,0.35266342368270914,-0.6472500123624197,-0.6185095968572369,-0.7124324815879789,0.07511815328922349,-0.6145179506535448
2006-06-21,0.5987480905607663,-0.09093339325881206,-0.1613229709729069,-0.29161119695913734,0.4997094712288918,-0.07198873021301401,0.526863621742606,0.118479378916026,0.7288506659127829,0.04684371332820041,0.9983624188890562,0.7195832780564787,-0.10422541697406928,-0.7709198517694059,-0.8294720563273716,-0.9435625459327851,-0.8178572792187453,-0.3356460792413493,0.4537731759791926,0.9232870014212419,-0.5543097706286015,-0.5032723336032716,-0.7694363984525288,0.06622427923776288,-0.6576936458048953
2006-07-01,0.5191389687337414,-0.039245884057311345,-0.2949193846606238,-0.1348458501858165,0.26772344104070106,-0.08044357068828598,0.4928699820352984,0.10817094707408105,0.5395903903501704,0.008836406253833284,-0.3486093372775205,0.6638809353484985,1.5336129807293328,1.5021376460541769,1.3206126910711233,0.607532136994009,-0.27476394544510413,-1.206124882438179,-1.6592881202522476,-1.2000911195865676,-0.6937201332293286,-0.656922017941892,-0.6839305231557039,-0.26284906066628,-0.3194840337859825
2006-07-11,0.43952984690671665,0.012441625144189368,-0.42851579834833914,0.021919496587504406,0.03573741085251029,-0.08889841116355794,0.45887634232799074,0.09786251523213606,0.35033011478755394,-0.029170900820533845,-0.6336531528978334,-0.17722443954200293,0.43988868159182604,0.8511426586106687,0.8458477849196789,0.7242811991497895,0.3747084949439924,-0.16485593431032594,-0.724353071024526,-0.8708852093527988,-0.8331304958300557,-0.8105717022805123,-0.5984246478588789,-0.5919224005703229,0.01872557823293026
2006-07-21,0.3599207250796918,0.06412913434569008,-0.562112212036056,0.1786848433608252,-0.19624861933568047,-0.09735325163882992,0.4248827026206831,0.0875540833901911,0.16106983922494145,-0.06717820789490098,-0.10268918262470154,-0.14008954440334945,-0.17201067504456805,-0.004192422113718555,0.04547782818927483,0.12756377035357935,0.1414209804364146,0.13815883895439315,0.06827009209724183,-0.05335719893893919,-0.9725408584307828,-0.9642213866191327,-0.5129187725620541,-0.9209957404743658,0.35693519025184306
2006-08-01,0.30926037482613083,0.14364837927107582,-0.6200039913007328,0.3853300731983846,-0.26584442839213956,0.07597097810424555,0.5122949190109005,0.23187212917742064,0.14251491024821558,0.0764049521638193,1.0933770240958272,1.1707722539911185,0.5388185176947161,-0.3260732770163421,-0.3656212859495237,-0.9268841084819595,-1.1929836025469303,-1.0132972994515395,-0.20554518243573253,0.6215149170402872,-1.1351862814649643,-1.117871070957753,-0.30390441072537105,-0.8320569999597597,0.44328658055454423
2006-08-11,0.2586000245725738,0.2231676241964615,-0.6778957705654111,0.5919753030359438,-0.3354402374485955,0.249295207847321,0.5997071354011232,0.3761901749646502,0.12395998127148578,0.21998811222253956,-0.7119004748328212,-0.3721826390199338,0.1870679893288848,0.7100937446645751,0.818562445485688,0.8187923447044686,0.5650711067821758,0.09959332235706529,-0.5135873662853288,-0.805044027306045,-1.2978317044991459,-1.2715207552963737,-0.094890048888688,-0.7431182594451535,0.5296379708572454
2006-08-21,0.2079396743190129,0.3026868691218472,-0.7357875498300878,0.7986205328735031,-0.4050360465050546,0.4226194375903965,0.6871193517913405,0.5205082207518796,0.10540505229475991,0.36357127228125985,-0.7119004748328212,-0.7843799750589875,-0.5494096794370746,0.1350481724228096,0.45293889707020785,0.7520785949011656,0.8338183234949056,0.6835854308308875,0.15113524096906303,-0.43194399570777353,-1.4604771275333273,-1.425170439634994,0.11412431294799505,-0.6541795189305474,0.6159893611599464
2006-09-01,0.2224140601057429,0.39810996303231005,-0.717974694671726,0.941134484485613,-0.34703953895800693,0.595943667333472,0.7939565051571653,0.6442094028552193,0.12767096706683173,0.44803195466874235,-0.20888197667932792,-0.6284134154766426,-0.9341368198372025,-0.548496564392874,-0.27830819976075233,0.1905712007233655,0.5538733060858121,0.859884935275815,0.7618153598287887,0.2539016506125784,-1.2978317044991459,-1.2715207552963737,-0.04738678483489641,-1.1611303398638024,0.9038273288356169
2006-09-11,0.23688844589247682,0.49353305694277294,-0.7001618395133625,1.083648436097723,-0.2890430314109592,0.7692678970765474,0.9007936585229849,0.767910584958559,0.14993688183890355,0.5324926370562248,0.7133186032687432,0.4020799246209914,-0.2910928851684172,-0.7058203530250551,-0.6657600197234255,-0.6933859841703991,-0.53231336146147,-0.10425297965738209,0.4861986690159922,0.7477105159632319,-1.1351862814649643,-1.117871070957753,-0.20889788261778783,-1.6680811607970578,1.1916652965112875
2006-09-21,0.25136283167920687,0.5889561508532358,-0.6823489843550007,1.2261623877098327,-0.23104652386391156,0.9425921268196229,1.0076308118888095,0.8916117670618985,0.1722027966109754,0.6169533194437073,1.8199592992064286,2.078720440131196,1.1873585543692176,-0.3531980681598216,-0.48021971157228616,-1.5273078567116865,-2.0720109572114835,-1.872757383620561,-0.5730341035194612,0.9123134710801163,-0.9725408584307828,-0.9642213866191327,-0.37040898040067927,-2.1750319817303128,1.4795032641869579
2006-10-01,0.31649756771949783,0.6804032825174293,-0.5710186396152369,1.3864905832734564,-0.21074774622244472,0.938364706581987,1.0027745776449077,0.876149119298981,0.220445611950465,0.667629728876197,-1.3937699945520012,0.034444462748321955,1.7754414689808418,2.446080377847263,2.3901979968835727,1.6916305712976827,0.5370766050412665,-1.0022785804237315,-2.318606478667173,-2.280983858187442,-1.2281265231987823,-1.2331083342117184,-0.21839853542854615,-2.2372891000905373,1.6450100956004683
2006-10-11,0.3816323037597926,0.7718504141816228,-0.45968829487547314,1.54681877883708,-0.19044896858097785,0.9341372863443509,0.9979183434010112,0.8606864715360635,0.26868842728995856,0.7183061383086864,-2.120352269662603,-2.7506726726506896,-2.187248077140477,-0.1199248643258977,0.6548504088817415,1.9584855705108946,2.6758565380467396,2.639408058266802,1.1509212762703838,-0.8434513834999847,-1.483712187966782,-1.5019952818043039,-0.06638809045641302,-2.299546218450762,1.8105169270139787
2006-10-21,0.4467670398000836,0.8632975458458164,-0.3483579501357093,1.7071469744007037,-0.170150190939511,0.9299098661067149,0.9930621091571094,0.8452238237731461,0.3169312426294482,0.7689825477411759,-0.052387332809352205,-0.41117427891551994,-0.7472693516428546,-0.5050968985633068,-0.2510228603267613,0.046024742816209024,0.3131205911139919,0.5899263190945199,0.610496392323724,0.2868222416359553,-1.7392978527347815,-1.7708822293968896,0.08562235451572014,-2.361803336810986,1.9760237584274893
2006-11-01,0.4974273900536445,0.9308889040323942,-0.29788819385368304,1.5646330227885938,-0.11215368339246333,0.9679566482454388,1.0853305597912286,0.9534623581135682,0.40970588751308146,0.8534432301286584,-1.019300668148845,-0.8400823177669676,-0.26361237513983665,0.5798947471758735,0.9277038032216521,1.1134447396690568,0.9961864335921796,0.5678888810389039,-0.2541834219909319,-0.8708852093527988,-1.2281265231987823,-1.2331083342117182,0.2471334522986116,-2.166138107678852,1.9400440124680305
2006-11-11,0.5480877403072054,0.998480262218972,-0.24741843757165682,1.4221190711764837,-0.054157175845415635,1.0060034303841627,1.177599010425353,1.0617008924539904,0.5024805323967187,0.9379039125161409,-0.7398459469524598,-1.5753532415123068,-1.8684741608089424,-0.8794190163433239,-0.5075050510062773,0.5463778663409814,1.371312756920365,1.906663242917572,1.5130059485146459,0.30876930231820654,-0.7169551936627832,-0.695334439026547,0.40864455008150297,-1.970472878546719,1.9040642665085716
2006-11-21,0.5987480905607663,1.0660716204055498,-0.19694868128963058,1.279605119564374,0.003839331701632051,1.0440502125228865,1.2698674610594722,1.1699394267944125,0.5952551772803519,1.0223645949036233,1.400777217411851,0.8978307747220154,-0.2965889871741333,-1.2266163429798618,-1.3042369624788162,-1.3605234822034287,-1.081005595583293,-0.29157120313011753,0.8428790924207878,1.4116091016013326,-0.20578386412678393,-0.15756054384137577,0.5701556478643945,-1.7748076494145852,1.868084520549113
2006-12-01,0.5770365118806693,1.0660716204055498,-0.02921096188172044,1.2475394804516493,0.09953356915426058,1.1539631387014222,1.1921677131570534,1.2008647223202473,0.6212320778477698,1.1279404478879766,-0.40450028151679757,-0.22178631370838714,0.09913035723742698,0.4279959167723883,0.3983682182022258,0.46854515823712783,0.36351069424762866,0.12714011992658522,-0.22716217779359896,-0.4429175260488991,-0.345194226727511,-0.3112102281799961,0.6176589119181861,-1.3479016949444755,1.5586587052977674
2006-12-11,0.5553249332005685,1.0660716204055498,0.13852675752619129,1.2154738413389248,0.1952278066068922,1.2638760648799576,1.1144679652546396,1.2317900178460823,0.6472089784151835,1.2335163008723296,0.8418677750190805,-0.1660839710004069,-1.4397782043630853,-1.6985877088764052,-1.4734060669695606,-0.9435625459327853,-0.17958263952601244,0.8653942947897191,1.6697291648591772,1.4939105791597749,-0.48460458932823797,-0.46485991251861647,0.6651621759719777,-0.9209957404743659,1.2492328900464214
2006-12-21,0.5336133545204715,1.0660716204055498,0.3062644769341014,1.1834082022262,0.2909220440595207,1.3737889910584933,1.0367682173522206,1.2627153133719171,0.6731858789826014,1.339092153856683,2.0658794538592478,0.6527404668069026,-1.577180754505988,-2.7239048140999307,-2.69578927361236,-2.238921187946918,-1.2209781042878398,0.49075784784424814,2.30202627907677,2.6955121515130314,-0.6240149519289652,-0.6185095968572368,0.7126654400257693,-0.4940897860042562,0.9398070747950757
2007-01-01,0.43952984690671665,0.95474467751001,0.4814242193246636,1.0052657627110624,0.34891855160656843,1.2892405863057737,0.8279501448644729,1.154476779031495,0.5136134897827487,1.1912859596785885,0.96482785234549,1.516126778780596,1.341249410529269,0.4062960838576047,0.17462843484349913,-0.7100644216212247,-1.360950612992386,-1.6083081269531698,-0.9945655129978559,0.0838119303251312,-0.8098954353966011,-0.8105717022805123,0.6366602175397027,-0.38736329738672876,0.7958880909572406
2007-01-11,0.34544633929296176,0.8434177346144699,0.6565839617152243,0.8271233231959251,0.4069150591536161,1.204692181553054,0.6191320723767305,1.046238244691073,0.35404110058289995,1.0434797655004941,0.2047110106913222,0.6638809353484985,0.7971353119633736,0.5147952484315227,0.5238807795985846,0.012667867914557516,-0.4875221586760151,-0.836997795006612,-0.7837998082586586,-0.3222086922965172,-0.9957759188642372,-1.0026338077037877,0.5606549950536361,-0.28063680876920133,0.6519691071194053
2007-01-21,0.25136283167920687,0.73209079171893,0.8317437041057865,0.6489808836807878,0.4649115667006638,1.1201437768003342,0.4103139998889828,0.9379997103506507,0.19446871138304722,0.8956735713223997,-0.09151099377684613,0.2572538335802429,0.46736919162040663,0.46054566614456366,0.5620802548061721,0.2628444296769437,-0.1011980346514663,-0.4403239100055251,-0.5892468500378609,-0.41548370019608505,-1.1816564023318734,-1.1946959131270631,0.4846497725675696,-0.17391032015167385,0.5080501232815701
2007-02-01,0.17537230629886547,0.5571484528830815,0.9994814235136982,0.48865268811716417,0.43881313830449126,0.7819501577894553,0.25977073832804676,0.8503780396941185,0.020052379001814613,0.6253993876824555,0.35002746571344245,0.47449297014136577,0.291493927437491,0.015699091391499744,0.10368655231512237,-0.1707949440445257,-0.3867419524087415,-0.44583326951942903,-0.23256642663306554,0.08381193032513118,-0.9028356771304193,-0.9258089655344777,0.380142591649228,0.08401202734068408,0.2202121556058996
2007-02-11,0.0993817809185241,0.38220611404723287,1.1672191429216083,0.3283244925535406,0.4127147099083218,0.44375653877857635,0.10922747676711589,0.7627563690375864,-0.154363953379418,0.3551252040425115,-0.4100893759407252,-0.8735037233917557,-1.0440588599515248,-0.46712219096243546,-0.3383359465155326,0.3073202628791457,0.7890271207094506,1.1022967538875905,0.8699003366181207,0.17708693822469906,-0.6240149519289652,-0.656922017941892,0.2756354107308866,0.341934374833042,-0.06762581206977084
2007-02-21,0.023391255538182724,0.20726377521138437,1.33495686232952,0.16799629698991697,0.3866162815121493,0.10556291976769745,-0.04131578479382016,0.6751346983810542,-0.3287802857606506,0.08485102040256755,1.7920138270867898,1.1206401455539363,-0.42299933330560396,-1.590088544302487,-1.6316610356867087,-1.7552465018729715,-1.4001429154296594,-0.4017583934081972,1.0482405483205186,1.8011694287112927,-0.345194226727511,-0.3880350703493063,0.17112822981254502,0.5998567223254,-0.3554637797454413
2007-03-01,0.05595862355833013,0.07208105883822866,1.337925671522581,-0.006583293734917605,0.4417129636818441,-0.1480822944904618,-0.031603316306016496,0.6132841073293844,-0.21002874030959953,0.00461337213445915,0.3835620322570087,1.0983592084707445,1.3577377165464173,0.8131679510097973,0.5293378474853828,-0.15411650659369996,-0.8178572792187453,-1.2997839941745466,-1.156692978181854,-0.4209704653666479,-0.25225398499369295,-0.27279780709534107,0.04761974327268685,0.19073851595821154,-0.11799745641301322
2007-03-11,0.08852599157847368,-0.06310165753492705,1.3408944807156402,-0.1811628844597522,0.496809645851542,-0.401727508748621,-0.02189084781821801,0.5514335162777146,-0.09127719485854452,-0.07562427613364925,-0.09151099377684613,0.22383242795545472,0.4508808856032583,0.4659706243732596,0.37653994665503293,0.19613067987364075,-0.06760463256237507,-0.3521741577830613,-0.4865661220879957,-0.3661028136610197,-0.15931374325987493,-0.15756054384137572,-0.07588874326717132,-0.21837969040897698,0.1194688669194149
2007-03-21,0.12109335959862108,-0.19828437390808276,1.343863289908701,-0.3557424751845868,0.5519063280212368,-0.6553727230067803,-0.012178379330414347,0.48958292522604485,0.027474350592506542,-0.1558619244017576,-0.10268918262470154,0.7530046836812669,1.3797221245692814,1.214614859933294,1.0859587719388002,0.3740340126824487,-0.4259342548460146,-1.1895968038964668,-1.4431181666735837,-0.9038058003761756,-0.0663735015260569,-0.04232328058741047,-0.19939722980702948,-0.6274978967761654,0.35693519025184306
2007-04-01,0.18984669208559551,-0.27780361883346844,1.1820631888869109,-0.43056229978094446,0.7113967237756188,-0.5919614194422403,0.0023903234012911446,0.3607275272017328,0.22786758354115694,-0.16430799264050588,-1.56703192169376,-1.5252211330751244,-0.7033005355971258,0.6558441623776162,0.9222467353348539,1.5192867176391498,1.6456588739812765,1.223502663193478,0.03764601534026441,-1.0848690510047485,-0.1825488036933294,-0.1575605438413758,-0.17089527137475455,-0.5652407784159411,0.328151393484276
2007-04-11,0.2586000245725738,-0.35732286375885414,1.0202630878651209,-0.5053821243773021,0.8708871195300008,-0.5285501158777005,0.01695902613299146,0.23187212917742064,0.42826081648980735,-0.17275406087925413,-0.5386385476910625,-0.427884981727914,-0.14819423301979817,0.33034666865586204,0.49113837227779533,0.5908536995431833,0.5090821033003572,0.2703834672880888,-0.15150269404106653,-0.48132488224283887,-0.29872410586060194,-0.27279780709534107,-0.14239331294247956,-0.5029836600557167,0.299367596716709
2007-04-21,0.3273533570595482,-0.4368421086842399,0.8584629868433308,-0.58020194897366,1.0303775152843826,-0.46513881231316073,0.03152772886469695,0.10301673115310853,0.6286540494384577,-0.18120012911800237,0.22147829396310528,0.07343610264390808,-0.20315525307695934,-0.24469890358590352,-0.294679403421147,-0.23194921469755342,-0.1347914367405575,0.04449972721802546,0.24841172007946177,0.27036194612426695,-0.4148994080278745,-0.3880350703493063,-0.11389135451020461,-0.4407265416954924,0.27058379994914195
2007-05-01,0.35630212863301214,-0.46069788216185564,0.6061142054331996,-0.7868471788112192,0.7867921835867805,-0.6680549837196881,0.02667149462079512,-0.0464555305550935,0.5358794045548244,-0.3205602550573485,0.45063116534414105,0.8811200719096215,0.9070573520776959,0.43342087500108417,0.19645670639069193,-0.3042224436511317,-0.739472674344199,-0.9802411423681155,-0.7081403245061262,-0.10822485064456736,-0.4148994080278745,-0.3880350703493063,0.03811909046192855,-0.5385591562615593,0.46487442813021945
2007-05-11,0.38525090020647224,-0.4845536556394713,0.3537654240230668,-0.9934924086487786,0.5432068518891814,-0.8709711551262155,0.02181526037689329,-0.19592779226329554,0.44310475967118723,-0.45992038099669463,-0.4380348480603638,-0.04353881704285038,0.41790427356896165,0.6883939117497916,0.7039640198629254,0.5408183871907062,0.21793928519490016,-0.2144401699354618,-0.6216723430746606,-0.6788484283831002,-0.4148994080278745,-0.3880350703493063,0.19012953543406164,-0.636391770827626,0.659165056311297
2007-05-21,0.41419967177993616,-0.5084094291170871,0.10141664261293562,-1.2001376384863378,0.2996215201915793,-1.0738873265327429,0.01695902613299146,-0.3454000539714975,0.35033011478755394,-0.5992805069360408,-1.393769994552001,-1.5697830072415087,-0.9890978398943636,0.2977969192836867,0.5839085263533648,1.324704947379516,1.6288621729367307,1.4163302461801173,0.38892218990559335,-0.7776102014532309,-0.4148994080278745,-0.3880350703493063,0.3421399804061948,-0.7342243853936928,0.8534556844923745
2007-06-01,0.31649756771949783,-0.5441930893335105,-0.06928988598803534,-1.0968150235675582,0.23292553651247305,-0.9343824586907553,0.05580890008420093,-0.32993740620858003,0.39486194433169763,-0.4768125174741912,-0.44921303690821923,-1.2968415279724055,-1.7805365287174841,-1.0258928885181133,-0.551161594100663,0.3128797420294209,1.0521754370739982,1.6201765481945647,1.4373464647621135,0.47337225743509115,-0.1593137432598749,-0.1575605438413758,0.44664716132453636,-0.5652407784159411,0.7958880909572404
2007-06-11,0.21879546365905944,-0.5799767495499342,-0.2399964145890063,-0.9934924086487785,0.1662295528333699,-0.7948775908487677,0.0946587740354104,-0.3144747584456626,0.4393937738758452,-0.3543445280123415,1.5293263891621878,0.41879062743338547,-1.324360062243047,-2.148859241858165,-2.08459767029096,-1.671854314618843,-0.8626484820042003,0.4687204097886322,1.8318566300431751,2.0645341568983078,0.09627192150812473,0.07291398266655472,0.5511543422428777,-0.39625717143818934,0.7383204974221064
2007-06-21,0.12109335959862108,-0.6157604097663578,-0.4107029431899773,-0.8901697937299988,0.09953356915426367,-0.6553727230067803,0.13350864798661988,-0.29901211068274514,0.48392560341998886,-0.23187653855049192,1.3113517066290075,1.293317407948675,0.4728652936261228,-0.5756213555363534,-0.7421589701386003,-1.210417545145997,-1.3497528122960227,-0.9912598613959236,-0.005587975375468355,0.8848796452273023,0.3518575862761243,0.30338850917448534,0.6556615231612193,-0.2272735644604376,0.6807529038869723
2007-07-01,-0.03812488405542861,-0.6515440699827814,-0.5828938763874787,-0.8260385155045494,-0.17594984169421363,-0.727238867046592,0.04609643159640244,-0.3660169176553874,0.2315785693365029,-0.3458984597735933,0.6406603757576831,1.0537973343043603,0.9290417601005603,0.2977969192836867,0.16371429906990267,-0.45432838070856335,-0.9354341865305645,-1.1289938492435232,-0.724353071024526,0.017970748278377392,0.026566740207761192,-0.003910859502755387,0.5606549950536361,-0.3251061790265044,0.6951448022707558
2007-07-11,-0.19734312770947446,-0.687327730199205,-0.75508480958498,-0.7619072372790999,-0.451433252542694,-0.7991050110864037,-0.04131578479382016,-0.4330217246280297,-0.020768464746983076,-0.45992038099669463,-0.8236823633113753,-1.2299987167228292,-1.1539809000658474,-0.2555488200432954,0.010916398239552783,0.713162240849239,1.152955643341272,1.2951243368742298,0.7510068621498556,-0.17406603269132118,-0.2987241058606019,-0.3112102281799961,0.46564846694605294,-0.42293879359257125,0.7095367006545393
2007-07-21,-0.35656137136352417,-0.7231113904156286,-0.9272757427824815,-0.6977759590536505,-0.7269166633911713,-0.8709711551262155,-0.12872800118403757,-0.500026531600672,-0.27311549883046904,-0.573942302219796,0.8101962399501569,-0.1326625653756187,-1.370160912290681,-1.6352965295416195,-1.4097402749569148,-0.9287372681987179,-0.23183904277570988,0.7441883854838313,1.5310201113128679,1.398806649536686,-0.6240149519289652,-0.6185095968572368,0.3706419388384698,-0.520771408158638,0.7239285990383229
2007-08-01,-0.5700585617178144,-0.8225104465723607,-1.118763935734875,-0.8117871203433384,-1.028498502635821,-1.035840544394019,-0.13844046967184123,-0.4639470201538646,-0.4846416891651573,-0.6457338822491561,0.4729875430398519,0.4243608617041835,0.044169337180265826,-0.2663987365006871,-0.2237375208927703,-0.3987335892058108,-0.4539287565869239,-0.29708056264402155,0.07007150837706404,0.34168989334158356,-0.345194226727511,-0.3496226492646512,0.3706419388384698,-0.5296652822100986,0.7239285990383229
2007-08-11,-0.7835557520721085,-0.9219095027290928,-1.3102521286872688,-0.9257982816330262,-1.3300803418804679,-1.2007099336618225,-0.14815293815963973,-0.42786750870705725,-0.6961678794998417,-0.7175254622785163,0.4450420709202134,0.017733759935927865,-0.6153629035056678,-0.770919851769406,-0.6111893408554433,-0.4320904641074624,-0.14598923743692124,0.29793026485760876,0.6969643737551896,0.6763825687459153,-0.06637350152605694,-0.08073570167206562,0.3706419388384698,-0.5385591562615593,0.7239285990383229
2007-08-21,-0.9970529424263987,-1.021308558885825,-1.5017403216396623,-1.0398094429227143,-1.6316621811251177,-1.365579322929626,-0.1578654066474434,-0.3917879972602499,-0.9076940698345299,-0.7893170423078765,0.26060195493059923,-0.8679334891209578,-1.961907894906116,-1.6985877088764052,-1.2714945551580268,-0.4320904641074624,0.4922854022558116,1.4879519198608693,1.8913033672773076,1.225059085802197,0.21244722367539717,0.1881512459205201,0.3706419388384698,-0.5474530303130198,0.7239285990383229
2007-09-01,-1.1635083789738114,-1.1246835772888264,-1.5581476963078087,-1.0754379308257416,-1.6925585140495183,-1.365579322929626,-0.33754607367178524,-0.5721855544942868,-1.0635554732390367,-0.9075619976503521,1.4399008783793446,0.8142772606600451,-0.5274252714142101,-1.4327647556703058,-1.331522301912807,-1.410558794555906,-1.0922033962796567,-0.23096824847717376,0.9563683180495862,1.515857639842026,0.11950698194157916,0.11132640375120993,0.19012953543406164,-0.7164366372907716,0.7239285990383229
2007-09-11,-1.3299638155212243,-1.2280585956918277,-1.6145550709759566,-1.1110664187287689,-1.7534548469739188,-1.365579322929626,-0.517226740696122,-0.7525831117283236,-1.2194168766435434,-1.0258069529928275,1.0710206464001164,1.1039294427415423,0.4728652936261228,-0.3748979010746052,-0.5457045262138647,-0.9769194208344366,-1.1481923997614754,-0.8976007496595558,-0.09205595680693394,0.6708958035753524,0.026566740207761116,0.034501561581899765,0.009617132029653563,-0.8854202442685234,0.7239285990383229
2007-09-21,-1.496419252068637,-1.331433614094829,-1.6709624456441028,-1.1466949066317966,-1.8143511798983194,-1.365579322929626,-0.6969074077204638,-0.9329806689623606,-1.37527828004805,-1.1440519083353031,1.03748607985655,0.9479628831591979,0.24752511139176206,-0.5159468150206986,-0.605732272968645,-0.9491220250830605,-1.0194176917532927,-0.6937544476451084,0.1024970014138636,0.7531972811337947,-0.0663735015260569,-0.04232328058741047,-0.17089527137475455,-1.0544038512462752,0.7239285990383229
2007-10-01,-1.612214338362489,-1.4387845947441,-1.7051037513642977,-1.3319630437275394,-1.8694478620680142,-1.4797196693457977,-0.7503259844033735,-0.9896770440930579,-1.4940298254991013,-1.2834120342746491,-1.1199043677795437,-0.8790739576625538,-0.15369033502551432,0.7480684522654466,0.8622189885800736,1.163480052021534,1.0745710384667257,0.6064543976362318,-0.2920131638671981,-0.9696469824229293,0.14274204237503366,0.149738824835865,-0.332406369157646,-0.9209957404743658,0.49365822489778644
2007-10-11,-1.7280094246563447,-1.5461355753933705,-1.739245057084491,-1.5172311808232823,-1.924544544237709,-1.5938600157619691,-0.8037445610862886,-1.0463734192237553,-1.6127813709501562,-1.4227721602139953,-0.8404496465831583,-1.3525438706803858,-1.329856164248763,-0.36947294284590926,-0.15279563836439355,0.6853648450978626,1.2481369492603638,1.4769332008330611,0.9455598203706532,-0.08079102479175332,0.3518575862761242,0.34180093025914043,-0.49391746694053745,-0.7875876297024565,0.2633878507572501
2007-10-21,-1.8438045109501966,-1.6534865560426413,-1.7733863628046858,-1.702499317919025,-1.979641226407404,-1.708000362178141,-0.8571631377691983,-1.1030697943544525,-1.7315329164012072,-1.5621322861533413,1.0039515133129837,0.6917321067024886,-0.1536903350255143,-0.8088945593702772,-0.8840427351953538,-0.9880383791349872,-0.834653980263291,-0.31911800069963747,0.49160291785545873,0.950720827274056,0.5609731301772147,0.5338630356824159,-0.6554285647234289,-0.6541795189305474,0.0331174766167138
2007-11-01,-1.9161764398838546,-1.7171019519829498,-1.7080725605573586,-1.8129476304184102,-2.0202387816903373,-1.8136858681190404,-1.0902623814764498,-1.3453179426401594,-1.7983306607174228,-1.6592620708989463,0.9257041913779961,0.9201117118052076,0.35195104950036826,-0.3640479846172133,-0.49659091523268084,-0.8546108795283811,-0.9802253893160194,-0.7488480427841483,-0.04341771725173455,0.5940810911874731,0.6074432510441238,0.6106878778517261,-0.7979383568848037,-0.6008162746217836,-0.1179974564130132
2007-11-11,-1.9885483688175123,-1.7807173479232585,-1.6427587583100298,-1.9233959429177951,-2.060836336973271,-1.9193713740599403,-1.3233616251837015,-1.5875660909258658,-1.8651284050336423,-1.7563918556445512,0.6574276590294662,1.298887642219473,1.3247611045121206,0.5907446636332653,0.45839596495700613,-0.39873358920581087,-1.1145989976723842,-1.5146490152168022,-1.145884480502921,-0.20698662371469803,0.6539133719110327,0.6875127200210364,-0.9404481490461786,-0.5474530303130198,-0.2691123894427402
2007-11-21,-2.0609202977511702,-1.8443327438635668,-1.5774449560627024,-2.0338442554171805,-2.101433892256205,-2.02505688000084,-1.5564608688909531,-1.8298142392115726,-1.9319261493498576,-1.853521640390156,-1.4273045610955675,-0.5392896671438745,0.769654801934793,1.6811612676011416,1.9318042943925229,1.6582736963960312,0.9457963304585428,-0.18689337236594183,-1.437713917834117,-1.820095583860166,0.7003834927779418,0.7643375621903465,-1.0829579412075534,-0.4940897860042562,-0.42022732247246714
2007-12-01,-2.1151992444514147,-1.8840923663262599,-1.3696283125484758,-1.9697129771917308,-2.028938257822396,-1.948963315723392,-1.5176109949397438,-1.675187761582398,-1.9059492487824399,-1.752168821525177,-0.17534741013576166,-1.4360973847423562,-2.374115545334825,-1.6985877088764052,-1.2551233514976319,-0.11520015254177314,0.9961864335921794,2.0168504331956516,2.1344945650533047,1.0604561306853126,1.0024392784128504,1.0716369308675873,-1.0924585940183116,-0.42293879359257125,-0.47779491600760127
2007-12-11,-2.169478191151659,-1.9238519887889525,-1.1618116690342508,-1.9055816989662815,-1.956442623388584,-1.8728697514459445,-1.4787611209885394,-1.5205612839532237,-1.8799723482150221,-1.6508160026601981,1.261049856813658,0.3742287532670012,-1.0165783499229444,-1.6714629177329257,-1.7571735970830673,-1.3994398362553557,-0.7226759732996536,0.3695519385383605,1.4859847043173127,1.6859473601294734,1.304495064047759,1.3789362995448282,-1.10195924682907,-0.35178780118088626,-0.5353625095427353
2007-12-21,-2.2237571378519037,-1.9636116112516455,-0.9539950255200242,-1.841450420740832,-1.8839469889547753,-1.7967761871684966,-1.4399112470373299,-1.3659348063240493,-1.8539954476476044,-1.549463183795219,1.6969992218800187,1.9673157547152356,1.2203351664035142,-0.24469890358590352,-0.7530731059121968,-1.5717836899138882,-1.9768296512923917,-1.7515514743146732,-0.5135873662853288,0.8684193497156137,1.6065508496826677,1.6862356682220687,-1.1114598996398284,-0.28063680876920133,-0.5929301030778694
2008-01-01,-2.23099433074527,-1.9795154602367224,-0.48789198220954627,-1.321274497356631,-1.765054148483327,-1.7925487669308606,-1.8624036262567218,-1.6958046252662882,-2.0395447374148747,-1.7226075826895582,-0.06356552165720762,0.4912036729537597,0.8466002300148185,0.7589183687228384,0.7694488345045041,0.2572849505266684,-0.3027584471860134,-0.8039416379231882,-0.9567357711215897,-0.6020337159952208,1.6530209705495766,1.7246480893067238,-0.9119461906139036,-0.34289392712942557,-0.3986394748967918
2008-01-11,-2.2382315236386336,-1.9954193092217998,-0.02178893889906836,-0.8010985739724302,-1.6461613080118789,-1.7883213466932248,-2.284896005476114,-2.025674444208527,-2.2250940271821413,-1.8957519815838975,-0.8739842131267246,-0.10481139402162863,0.8246158219919542,1.3502388156506917,1.5770948817506392,1.1301231771198825,0.43069749842581107,-0.489908145630661,-1.3080119456869188,-1.3592073095328896,1.6994910914164858,1.7630605103913788,-0.7124324815879789,-0.40515104548965,-0.20434884671571427
2008-01-21,-2.2454687165320006,-2.011323158206877,0.44431410441140956,-0.28092265058822913,-1.5272684675404307,-1.7840939264555888,-2.707388384695506,-2.3555442631507657,-2.410643316949412,-2.0688963804782365,1.1604461571829592,0.37422875326700134,-0.9231446158257703,-1.530414003786832,-1.4406636596487714,-1.1992985868454464,-0.6498902687732893,0.3144583433993207,1.3130487414543817,1.5103708746714635,1.7459612122833947,1.8014729314760343,-0.5129187725620541,-0.4674081638498743,-0.010058218534636766
2008-02-01,-2.118817840898098,-1.9636116112516453,0.7560390696827479,-0.09209166470218354,-1.2430855805598948,-1.669953580039417,-2.7413820244028133,-2.3297731835459032,-2.306735714679741,-2.0266660392844953,1.7417119772714404,0.9869545230547839,-0.5604018834485068,-1.6606130012755338,-1.795373072290655,-1.7941628559248983,-1.3217583105551132,-0.25300568653278965,1.1941552669861164,1.8505503152463578,2.0944871187852123,2.1087723001532748,-0.8454416209385953,-0.823163125908299,0.02592152742482204
2008-02-11,-1.9921669652641958,-1.9159000642964141,1.0677640349540862,0.09673932118386204,-0.9589026935793621,-1.5558132336232455,-2.775375664110121,-2.3040021039410408,-2.2028281124100695,-1.9844356980907543,-0.4715694146039301,-0.01568764568886017,0.5553068237118645,0.8131679510097973,0.6057367979005577,0.5352589080404309,0.2291370858912639,-0.23647760799107773,-0.67031058262986,-0.7337160800887285,2.4430130252870303,2.4160716688305155,-1.1779644693151368,-1.1789180879667238,0.061901273384280836
2008-02-21,-1.8655160896302936,-1.8681885173411825,1.3794890002254245,0.28557030706990766,-0.6747198065988262,-1.4416728872070739,-2.8093693038174288,-2.2782310243361783,-2.0989205101403985,-1.9422053568970128,-0.4827476034517854,-0.7788097407881893,-0.7857420656828674,-0.20672419598503222,-0.10368202738320965,0.3962719292835497,0.7162414161830862,0.8543755757619111,0.5510496550895915,-0.04787043376837638,2.791538931788848,2.723371037507756,-1.5104873176916778,-1.5346730500251486,0.09788101934373966
2008-03-01,-1.626688724149223,-1.7767413856769891,1.4923037495617189,0.3746415268274763,-0.27164407914684213,-1.1838002527112785,-2.600551231329681,-2.123604546707004,-1.7092670016291316,-1.709938480331436,-0.9186969685181463,-1.9986910460929566,-2.3576272393176763,-1.107267261948552,-0.7639872416857932,0.5686157829420824,1.6512577743294583,2.347412004029891,1.885899118437841,0.4130178405589002,2.3268377231197572,2.2624219844918954,-1.7100010267176025,-1.7481260272602033,0.11946886691941493
2008-03-11,-1.3878613586681483,-1.6852942540127955,1.6051184988980132,0.46371274658504497,0.13143164830513882,-0.9259276182154833,-2.3917331588419386,-1.9689780690778296,-1.3196134931178687,-1.4776716037658588,1.1828025348786702,-0.03796858277205234,-1.6376378765688653,-2.100034617799902,-2.035484059309776,-1.3938803571050804,-0.4315331551941963,0.9039598113870468,2.0318138371034395,1.938338557975363,1.862136514450667,1.8014729314760336,-1.9095147357435274,-1.9615790044952581,0.14105671449509022
2008-03-21,-1.1490339931870777,-1.593847122348602,1.7179332482343073,0.5527839663426136,0.5345073757571229,-0.6680549837196881,-2.182915086354191,-1.8143515914486552,-0.9299599846066018,-1.245404727200282,0.5791803370944782,1.3378792821150591,1.5610934907579133,0.8457177003819727,0.38199701454183116,-0.3931741100555357,-1.0922033962796567,-1.5587238913280337,-1.2593737061317194,-0.33318222263764286,1.397435305781577,1.3405238784601727,-2.109028444769452,-2.1750319817303128,0.1626445620707655
2008-04-01,-0.9102066277060069,-1.482520179453062,1.5591019564055781,0.48152699053655873,0.7055970730209131,-0.5919614194422403,-1.9740970138664433,-1.7370383526340678,-0.6887459079091537,-1.2073974201259148,-1.321111767040941,-1.5196508988043265,-1.0330666559400925,0.23269742053933584,0.6548504088817416,1.2635506767264884,1.5112852656249116,1.3061430559020377,0.35109244802932715,-0.7282293149181654,1.0953795201466685,1.071636930867587,-2.2135356256877934,-1.890428012083573,-0.14678125318058025
2008-04-11,-0.6713792622249324,-1.371193236557522,1.4002706645768472,0.41027001473050384,0.8766867702847064,-0.5158678551647926,-1.765278941378701,-1.6597251138194806,-0.44753183121170165,-1.1693901130515478,0.5735912426705506,0.03444446274832193,-0.7362771476314224,-0.9390935568589788,-0.9167851425161431,-0.648910150968197,-0.2355716430078311,0.3640425790244565,0.9077300784943868,0.8848796452273023,0.7933237345117597,0.8027499832750016,-2.318042806606135,-1.6058240424368335,-0.45620706843192593
2008-04-21,-0.4325518967438617,-1.259866293661982,1.241439372748118,0.33901303892444884,1.0477764675484966,-0.4397742908873448,-1.5564608688909531,-1.5824118750048932,-0.20631775451425358,-1.1313828059771807,-0.23123835437503873,-0.2217863137083871,-0.13170592700264985,0.12962321419411368,0.08185828076792952,0.20169015902391596,0.223538185543082,0.17672435555172106,0.026837517661331238,-0.16857926752075833,0.4912679488768513,0.5338630356824159,-2.4225499875244765,-1.3212200727900938,-0.7656328836832718
2008-05-01,-0.3167568104500098,-1.1922749354754043,1.039560347620013,0.24994181916688019,1.0187782137749712,-0.32986136470880917,-1.3962051388422188,-1.5617950113210035,-0.11725409542596231,-1.0638142600671947,0.21588919953917757,0.7251535123272768,0.9290417601005604,0.6341443294628325,0.4693101007306025,-0.07628379848984643,-0.5883023649432887,-0.9692224233403076,-0.886480536208524,-0.36061604849045686,0.21244722367539717,0.22656366700517513,-2.223036278498552,-1.570248546230991,-0.41303137328057543
2008-05-11,-0.20096172415615793,-1.1246835772888262,0.8376813224919082,0.1608705994093115,0.989779960001449,-0.21994843853027352,-1.2359494087934841,-1.5411781476371136,-0.028190436337675002,-0.9962457141572086,-1.527908260726266,-0.940346534641332,0.26950951941462653,1.4153383143950424,1.571637813863841,1.608238384043554,1.1921479457785449,0.2814021863158968,-0.9675442688005229,-1.6115985073787789,-0.06637350152605694,-0.08073570167206562,-2.023522569472627,-1.8192770196718882,-0.060429862877879145
2008-05-21,-0.08516663786230606,-1.0570922191022485,0.6358022973638032,0.07179937965174284,0.9607817062279236,-0.11003551235173789,-1.0756936787447495,-1.5205612839532237,0.06087322275061626,-0.9286771682472226,-1.6341010547808925,-1.8427244865106118,-1.186957512100144,0.30864683574107843,0.6766786804289345,1.5192867176391498,1.869614887908551,1.6367046267362768,0.45917742481865914,-0.89283227003505,-0.345194226727511,-0.3880350703493063,-1.8240088604467024,-2.0683054931127858,0.2921716475248172
2008-06-01,-0.06707365562889255,-0.9656450874380549,0.476971005535074,0.20362478489294447,0.7693932313226665,-0.14808229449046179,-1.0319875705496384,-1.4947902043483612,0.016341393206472606,-0.9075619976503521,0.5959476203662615,-0.3164802963119535,-1.3903132863116403,-1.492439296185961,-1.2878657588184215,-0.7323023382223257,-0.017214529428738305,0.8874317328453349,1.5076016996751793,1.2415193813138852,-0.08960856195951136,-0.11914812275672071,-1.5294886233131946,-2.0771993671642464,0.5296379708572454
2008-06-11,-0.048980673395475176,-0.8741979557738613,0.31813971370634314,0.33545019013414606,0.5780047564174063,-0.18612907662918565,-0.9882814623545322,-1.469019124743499,-0.028190436337675002,-0.8864468270534813,0.38356203225700863,0.32966687910061715,0.011192725145969137,-0.21214915421372812,-0.18008097779838456,-0.31534140195168214,-0.36994525136419587,-0.2474963270188857,0.04305026417973105,0.2703619461242669,0.16597710280848824,0.1497388248358649,-1.2349683861796865,-2.086093241215707,0.7671042941896734
2008-06-21,-0.030887691162061665,-0.7827508241096678,0.15930842187761393,0.46727559537534774,0.3866162815121493,-0.22417585876790955,-0.9445753541594208,-1.4432480451386365,-0.07272226588181865,-0.8653316564566108,-0.8180932688874475,-1.00161911162011,-0.7747498616714352,0.04282388253497926,0.327426335673849,0.7854354698028171,0.9905875332439977,0.920487889928759,0.340283950350394,-0.3990234046843966,0.42156276757648775,0.4186257724284506,-0.9404481490461786,-2.0949871152671675,1.0045706175221014
2008-07-01,-0.07431084852225564,-0.687327730199205,0.02868081738295788,0.6311666397292741,0.2706232664180539,-0.067761309975378,-0.8863005432326093,-1.3556263744821042,-0.08756620906319855,-0.7090793940397682,-1.203740784138459,-1.642196052761883,-1.3848171843059238,-0.17959940484155276,0.12551482386231522,1.030052552414928,1.5504775680621845,1.6367046267362768,0.8320705947418545,-0.388049874343271,0.30538746540921524,0.30338850917448534,-0.7599357456417704,-2.2106074779361555,1.2204490932788543
2008-07-11,-0.1177340058824496,-0.591904636288742,-0.10194678711169976,0.7950576840832004,0.15463025132395852,0.08865323881715349,-0.8280257323057925,-1.2680047038255722,-0.10241015224458241,-0.5528271316229254,-0.23682744879896647,-1.0796023914112827,-1.6486300805802976,-1.0747175125763764,-0.7476160380253986,0.08494109686813574,0.8338183234949056,1.4604051222913492,1.44275071360158,0.6215149170402872,0.18921216324194276,0.1881512459205201,-0.5794233422373624,-2.3262278406051435,1.4363275690356074
2008-07-21,-0.16115716324264356,-0.4964815423782792,-0.23257439160635582,0.9589487284371268,0.038637236229863134,0.245067787609685,-0.7697509213789808,-1.18038303316904,-0.11725409542596231,-0.3965748692060828,0.7394010439137393,0.4392148197596449,-0.25262017112840435,-0.6877371589294022,-0.689407313899551,-0.7285960187888091,-0.5827034645951068,-0.1520007621112166,0.4609788410984813,0.7513683594102738,0.07303686107467015,0.07291398266655479,-0.39891093883295425,-2.4418482032741315,1.65220604479236
2008-08-01,-0.229910495729618,-0.44081807093050923,-0.33648271336346913,1.0587084945656036,-0.05705700122276539,0.38034523521403657,-0.8134570295740922,-1.18038303316904,-0.19147381133286973,-0.3121141868186003,0.528878487279129,0.09014680545630216,-0.5768901894656551,-0.8034696011415815,-0.83492912421417,-0.6099937969162704,-0.26916504509692235,0.24834602923247287,0.7456026133103889,0.7641708114749203,0.3518575862761242,0.34180093025914043,-0.43691355007598753,-2.139456485524471,1.3859559246923652
2008-08-11,-0.2986638282165963,-0.38515459948273917,-0.44039103512058086,1.1584682606940806,-0.15275123867539703,0.5156226828183881,-0.8571631377691983,-1.18038303316904,-0.26569352723978107,-0.22765350443111776,0.25501286050667155,-0.7453883351634012,-1.714583304648891,-1.476164421499873,-1.1623531974220624,-0.40985254750636135,0.4139007973812655,1.2951243368742298,1.6697291648591772,1.0933767217086892,0.6306783114775781,0.6106878778517261,-0.4749161613190208,-1.8370647677748095,1.1197058045923698
2008-08-21,-0.3674171607035707,-0.3294911280349692,-0.5442993568776942,1.2582280268225574,-0.24844547612802553,0.6509001304227398,-0.9008692459643096,-1.18038303316904,-0.33991324314668847,-0.14319282204363526,0.3891511266809364,-0.8289418492253716,-2.0278611189747093,-1.8287867063651069,-1.4843202027431568,-0.5933153594654446,0.4083018970330836,1.4934612793747732,2.0101968417455733,1.3841752757485184,0.9094990366790324,0.8795748254443118,-0.5129187725620541,-1.5346730500251486,0.8534556844923745
2008-09-01,-0.4434076860839121,-0.33346709028123844,-0.5947691131597205,1.236850934080741,-0.3760377927315292,0.553669464957112,-0.866875606257002,-1.128840873959315,-0.45495380280239356,-0.21498440207299538,1.490202728194694,0.7474344494104688,-0.6813161275742613,-1.5792386278450954,-1.5934615604791211,-1.543986294162512,-1.081005595583293,-0.09323426062957414,1.177942520467717,1.6749738297883476,0.9792042179793959,0.9563996676136219,-0.5034181197512958,-1.2055997101211058,0.5944015135842711
2008-09-11,-0.5193982114642535,-0.3374430525275078,-0.6452388694417467,1.2154738413389248,-0.5036301093350359,0.4564387994914843,-0.8328819665496943,-1.07729871474959,-0.5699943624581026,-0.28677598210235555,0.43945297649628573,0.7808558550352571,0.7531664959176447,0.3140717939697743,0.054572941333938474,-0.35425775600360887,-0.6946814715587443,-0.853525873548324,-0.5730341035194612,-0.03689690342725077,1.0489093992797593,1.033224509782932,-0.49391746694053745,-0.8765263702170627,0.3353473426761678
2008-09-21,-0.5953887368445948,-0.341419014773777,-0.6957086257237729,1.1940967485971083,-0.6312224259385397,0.3592081340258567,-0.7988883268423866,-1.0257565555398653,-0.6850349221138078,-0.35856756213171564,-1.0807807068120496,-0.9013548947457458,-0.24712406912268828,0.6449942459202244,0.8131053775988897,1.0745283856171302,1.0073842342885433,0.5899263190945199,-0.2487791731514653,-0.8983190352056128,1.118614580580123,1.1100493519522423,-0.4844168141297791,-0.5474530303130198,0.07629317176806436
2008-10-01,-0.6532862799915227,-0.38515459948273917,-0.7521160003919193,0.9553858796468241,-0.6399219020705982,0.3127065114118608,-0.7211885789399678,-0.9484433167252782,-0.6664799931370818,-0.3416754256542191,-0.5218712644192793,-1.2467094195352235,-1.5606924484888396,-0.8034696011415813,-0.5293333225534701,0.34067713778079717,1.0353787360294526,1.5154987174303893,1.269814750738649,0.3307163630004579,1.1418496410135774,1.1484617730368976,-0.5509213838050874,-0.5830285265188624,0.054705324192389077
2008-10-11,-0.7111838231384467,-0.4288901841917013,-0.8085233750600671,0.7166750106965399,-0.6486213782026536,0.2662048887978649,-0.6434888310375539,-0.8711300779106909,-0.647925064160352,-0.32478328917672267,1.4510790672272,0.2015514908722626,-1.571684652500272,-2.262783364660779,-2.1882819601401255,-1.632937960566916,-0.6834836708623805,0.7331696664560233,2.058835081300772,2.135862104115624,1.1650847014470322,1.1868741941215524,-0.6174259534803956,-0.6186040227247047,0.033117476616713784
2008-10-21,-0.7690813662853746,-0.47262576890066343,-0.8649307497282135,0.47796414174625595,-0.6573208543347122,0.2197032661838691,-0.5657890831351351,-0.7938168390961035,-0.6293701351836262,-0.3078911526992262,1.870261149021778,1.8614813035700732,0.7916392099576576,-0.7058203530250551,-1.1077825185540804,-1.7719249393237972,-1.9712307509442095,-1.4815928581333782,-0.05963046377013433,1.2415193813138852,1.1883197618804866,1.2252866152062079,-0.6839305231557039,-0.6541795189305474,0.011529629041038512
2008-11-01,-0.8559276810057626,-0.5521450138260492,-0.8189142072357785,0.3176359461826324,-0.7066178857497044,0.10133549953006143,-0.6046389570863445,-0.8298963505429109,-0.6664799931370818,-0.37123666448983805,0.41709659880057487,-0.193935142354397,-0.9726095338772154,-1.0150429720607215,-0.7967296490065825,-0.4765662973096644,-0.03961013082146573,0.551360802497192,0.9833895622469193,0.8190384631805484,1.211554822313941,1.2252866152062079,-0.7694363984525288,-0.5563469043644805,-0.13238935479679673
2008-11-11,-0.9427739957261543,-0.6316642587514351,-0.7728976647433419,0.15730775061900876,-0.7559149171646936,-0.017032267123746177,-0.6434888310375488,-0.8659758619897184,-0.7035898510905336,-0.4345821762804499,0.7803877363558757,0.4522120330581736,-0.28010068115698494,-0.7546449770833181,-0.8403861921009681,-0.8101350463261793,-0.5939012652914706,-0.10976233917128608,0.5456454062501247,0.8245252283511113,1.2347898827473958,1.2252866152062079,-0.8549422737493537,-0.45851428979841363,-0.2763083386346319
2008-11-21,-1.0296203104465422,-0.7111835036768207,-0.726881122250907,-0.003020444944614864,-0.8052119485796858,-0.1354000337775538,-0.6823387049887583,-0.9020553734365258,-0.7406997090439893,-0.4979276880710618,-0.4659803201800023,-0.14380303391721477,0.2859978254317749,0.6070195383193531,0.5511661190325756,0.4852235956879537,0.24593378693580945,-0.11527169868519006,-0.5081831174458621,-0.623980776677472,1.2580249431808501,1.2252866152062079,-0.9404481490461786,-0.36068167523234684,-0.42022732247246714
2008-12-01,-1.116466625166934,-0.7827508241096678,-0.5858626855805396,-0.09565451349248628,-0.9531030428246563,-0.38059040756044105,-0.9202941829399117,-1.0412192033027827,-0.9782027999460954,-0.6964102916816456,0.41709659880057487,-0.11595186256322466,-0.8242147797228803,-0.9282436404015871,-0.8021867168933807,-0.5099231722113159,-0.10679693499964817,0.4466829717330163,0.8753045854575873,0.7641708114749204,1.304495064047759,1.2636990362908627,-1.016453371532245,-0.35178780118088626,-0.484990865199493
2008-12-11,-1.203312939887322,-0.854318144542515,-0.4448442489101721,-0.1882885820403577,-1.10099413706963,-0.6257807813433283,-1.1582496608910653,-1.18038303316904,-1.2157058908481975,-0.8948928952922296,-0.5609949253867733,-0.8679334891209578,-0.8516952897514608,-0.20672419598503222,-0.08185375583601678,0.44074776248575165,0.7778293200130868,0.9149785304148549,0.5672624016079911,-0.0862777899623161,1.3509651849146682,1.3021114573755177,-1.0924585940183118,-0.34289392712942557,-0.5497544079265189
2008-12-21,-1.2901592546077139,-0.9258854649753621,-0.3038258122398047,-0.28092265058822913,-1.2488852313146004,-0.8709711551262155,-1.3962051388422188,-1.319546863035297,-1.4532089817503036,-1.0933754989028135,0.8027441140515865,0.7251535123272768,0.1870679893288848,-0.36947294284590926,-0.578446933534654,-0.7934566088753534,-0.8178572792187453,-0.5450017407697008,0.09709275257439699,0.5885943260169102,1.397435305781577,1.3405238784601727,-1.1684638165043784,-0.334000053077965,-0.6145179506535448
2009-01-01,-1.3227266226278611,-0.9735970119305936,-0.03960179405743177,-0.24529416268520168,-1.0516971056546378,-0.7526033884724078,-1.5418921661592528,-1.3556263744821042,-1.4791858823177213,-1.0849294306640653,-0.19211469340754483,0.2405431307678488,0.5937795377518773,0.6558441623776162,0.6057367979005577,0.3184392211796962,-0.07880243325873881,-0.489908145630661,-0.7189488221850594,-0.5581395946307183,1.2580249431808501,1.2252866152062079,-1.04495532996452,-0.34289392712942557,-0.5209706111589518
2009-01-11,-1.3552939906480048,-1.0213085588858248,0.22462222412494118,-0.2096656747821742,-0.854508979994675,-0.6342356218186003,-1.6875791934762818,-1.3917058859289115,-1.5051627828851353,-1.076483362425317,-1.8520757373140728,-1.430527150471558,-0.1756747430483787,1.2525895675341652,1.467953524014675,1.8417365083551143,1.6512577743294583,0.8378474972201991,-0.6108638453957274,-1.6445190984021556,1.118614580580123,1.1100493519522423,-0.9214468434246619,-0.35178780118088626,-0.4274232716643589
2009-01-21,-1.387861358668152,-1.0690201058410562,0.48884624230731416,-0.1740371868791467,-0.6573208543347122,-0.5158678551647926,-1.8332662207933161,-1.427785397375719,-1.531139683452553,-1.0680372941865688,0.26619104935452687,-0.6005622441226527,-1.4672587143916658,-1.2862908834955167,-1.0150123644785107,-0.40429306835608614,0.29632389006944626,1.0912780348597821,1.45896346011998,0.9781546531268701,0.9792042179793959,0.9948120886982772,-0.7979383568848037,-0.36068167523234684,-0.333875932169766
2009-02-01,-1.2829220617143469,-1.0451643323634405,0.7115069317868418,-0.2025399772015687,-0.47173203018415777,-0.5454597968282444,-1.8186975180616107,-1.3504721585611317,-1.393833209024776,-0.9835766117990863,1.1436788739111763,1.2264745966990986,0.5937795377518773,-0.3097984023302544,-0.4365631684779005,-0.9935978582852625,-1.248972606028749,-1.0463534565349635,-0.20554518243573253,0.6599222732342269,1.2812600036143045,1.3021114573755177,-0.6459279119126706,-0.6008162746217836,-0.017254167726528536
2009-02-11,-1.1779827647605454,-1.021308558885825,0.9341676212663694,-0.23104276752399064,-0.2861432060336064,-0.5750517384916964,-1.8041288153299104,-1.2731589197465445,-1.2565267345969953,-0.8991159294116037,-0.45480213133214686,-0.3220505305827516,-0.027279988894043653,0.40087112562890875,0.44202476129661145,0.48522359568795365,0.3803073952921743,0.13264947944048922,-0.21635368011466574,-0.45389105639002475,1.5833157892492133,1.6094108260527584,-0.49391746694053745,-0.8409508740112202,0.299367596716709
2009-02-21,-1.0730434678067402,-0.9974527854082093,1.156828310745897,-0.25954555784641264,-0.10055438188305194,-0.6046436801551482,-1.7895601125982048,-1.195845680931957,-1.1192202601692183,-0.8146552470241212,0.37797293783308095,-0.15494350245881086,-0.8242147797228803,-0.8468692669711485,-0.7694443095725915,-0.4598878598588386,-0.0508079315178295,0.4852484883303442,0.8753045854575873,0.742223750792669,1.8853715748841218,1.9167101947299992,-0.34190702196840433,-1.081085473400657,0.6159893611599464
2009-03-01,-0.8559276810057664,-0.9258854649753621,1.1939384256591512,-0.34861677760398124,0.05893601387132998,-0.7018743456207761,-1.6535855537689743,-1.1185324421173701,-0.9410929419926397,-0.8231013152628696,0.22147829396310528,0.023303994206725902,-0.3020850891798494,-0.3369231934737339,-0.3547071501759273,-0.25974661044892966,-0.11799473569601192,0.11061204138487327,0.340283950350394,0.3307163630004579,1.3277301244812134,1.3405238784601727,-0.1613946185639962,-0.9743589847831295,0.6735569546950805
2009-03-11,-0.6388118942047888,-0.854318144542515,1.2310485405724068,-0.4376879973615499,0.2184264096257119,-0.7991050110864037,-1.5176109949397438,-1.0412192033027827,-0.7629656238160611,-0.8315473835016177,0.4506311653441411,0.530195312849346,0.2805017234260588,-0.05482536558154698,-0.1364244347039989,-0.3820551517549851,-0.5211155607651062,-0.47338006708894903,-0.14069419636213334,0.21549429441863874,0.7700886740783052,0.7643375621903464,0.019117784840411867,-0.8676324961656022,0.7311245482302146
2009-03-21,-0.42169610740381513,-0.7827508241096678,1.2681586554856608,-0.5267592171191187,0.3779168053800938,-0.8963356765520314,-1.3816364361105131,-0.9639059644881955,-0.5848383056394826,-0.839993451740366,-1.7291156599876636,-1.39710574484677,-0.2691084771455527,1.1332404865028556,1.3478980305051143,1.7527848419507102,1.6232632725885487,0.9039598113870468,-0.4595448778906627,-1.4799161432852712,0.21244722367539717,0.1881512459205201,0.19963018824481993,-0.7609060075480747,0.7886921417653487
2009-04-01,-0.17563154902937747,-0.6714238812141278,1.2622210370995408,-0.23104276752399064,0.673698993870038,-0.6384630420562362,-1.085406147232548,-0.7938168390961035,-0.19889578292356164,-0.6457338822491562,0.47298754303985197,-1.0684619228696866,-2.555486911523457,-2.2953331140329545,-1.8881432263662246,-0.7712186922742524,0.5090821033003573,1.9176819619453798,2.577642969889566,1.762762072517353,0.3518575862761243,0.34180093025914043,-0.07588874326717136,-0.6452856448790867,0.4864622757058948
2009-04-11,0.07043300934506017,-0.5600969383185878,1.256283418713419,0.06467368207113734,0.969481182359982,-0.38059040756044105,-0.789175858354583,-0.6237277137040115,0.18704673979235528,-0.45147431275794647,1.976453943076404,1.6832338069045365,0.3354627434832199,-1.1181171784059436,-1.3915500486675874,-1.9109119180806786,-1.8928461460696635,-1.156540646813043,0.39432643874506,1.5707252915476542,0.4912679488768513,0.4954506145977609,-0.3514076747791626,-0.5296652822100986,0.18423240964644075
2009-04-21,0.31649756771949783,-0.44876999542304774,1.250345800327299,0.3603901316662654,1.2652633708499261,-0.12271777306464585,-0.49294556947661794,-0.45363858831191967,0.5729892625082762,-0.2572147432667366,-0.5833513030824842,0.6304595297237104,1.7699453669751257,1.8601848891481063,1.7135215789205944,0.8577086987563953,-0.20197824091873987,-1.3658963083413946,-2.0213727924965097,-1.551244090502588,0.6306783114775784,0.6491002989363812,-0.6269266062911539,-0.41404491954111056,-0.1179974564130132
2009-05-01,0.49019019716027756,-0.31358727904989203,1.107842959060401,0.41739571231110933,1.2826623231140402,0.05483387691606557,-0.24042138879376415,-0.32993740620858003,0.725139680117437,-0.11363158320801638,-1.5055518830305552,-1.346973636409588,-0.4944486593799134,0.7806182016376219,1.0968729077123969,1.4859298427374983,1.4440984614467292,0.9149785304148549,-0.23256642663306554,-1.1836308240748792,0.2821524049757608,0.30338850917448534,-0.45591485569750423,-0.17391032015167385,-0.18995694833193077
2009-05-11,0.6638828266010572,-0.17840456267673632,0.9653401177935034,0.47440129295595324,1.3000612753781542,0.232385526896777,0.012102791889094806,-0.20623622410524042,0.8772900977265977,0.02995157685070389,-0.169758315711834,-0.37218263901993376,-0.49994476138562954,-0.2338489871285117,-0.16370977413798993,0.10717901346923675,0.29632389006944626,0.43566425270520837,0.36190094570826037,0.06735163481344275,-0.06637350152605685,-0.04232328058741041,-0.2849031051038544,0.06622427923776288,-0.2619164402508484
2009-05-21,0.837575456041837,-0.043221846303580634,0.8228372765266055,0.5314068736007972,1.3174602276422682,0.40993717687748854,0.2646269725719486,-0.08253504200190086,1.0294405153357584,0.17353473690942414,-0.4212675647885807,-0.3833231075615299,-0.17567474304837874,0.22727246231063994,0.251027385258674,0.42406932503492595,0.4250985980776293,0.2924209053437048,-0.021800721893868166,-0.32769545746708,-0.4148994080278745,-0.3880350703493063,-0.11389135451020461,0.30635887862719957,-0.333875932169766
2009-06-01,0.8737614205086679,0.06412913434569008,0.6432243203464537,0.6133523957777602,1.2275656409443454,0.5156226828183882,0.33261425198656386,-0.03614709871314851,1.0554174159031764,0.2748875557744032,-0.4883366978757132,0.5858976555573262,1.5665895927636295,1.6377616017715746,1.5170671349958589,0.757638074051441,-0.1907804402223761,-1.228162320493795,-1.7943943412389125,-1.3646940747034522,-0.3219591662940565,-0.3112102281799961,0.18062888262330326,0.4664486115534906,-0.2331326434832814
2009-06-11,0.9099473849754949,0.17148011499496082,0.4636113641663002,0.6952979179547234,1.1376710542464195,0.6213081887592878,0.40060153140117916,0.010240844575603838,1.0813943164705941,0.37624037463938215,-2.4053960852829155,-1.9819803432805625,-0.45047984333418445,1.4695878966820015,1.8881477512981373,2.4088033816831897,2.2335434105403724,1.2565588202769018,-0.6216723430746606,-2.0285926603415527,-0.22901892456023845,-0.23438538601068595,0.4751491197568112,0.6265383444797817,-0.13238935479679673
2009-06-21,0.9461333494423259,0.27883109564423153,0.28399840798614834,0.7772434401316867,1.0477764675484966,0.7269936947001875,0.4685888108157944,0.056628787864356184,1.107371217038012,0.4775931935043612,-1.6564574324766035,-1.7814519095318337,-1.0495549619572409,0.444270791458476,0.8622189885800737,1.6026789048932788,1.8472192865158235,1.5154987174303893,0.28624146195572797,-1.0080543386168692,-0.1360786828264204,-0.15756054384137577,0.7696693568903191,0.7866280774060729,-0.03164606611031205
2009-07-01,0.8773800169553514,0.34642245383080933,0.1236827115608887,0.8663146598892554,0.8679872941526479,0.7946324185023633,0.5171511532548023,0.13394202667894345,0.9960416431776488,0.5240465688174766,-0.6280640584739057,-0.4613063873527022,-0.07124880493977258,0.444270791458476,0.6275650694477506,0.713162240849239,0.5874667081749033,0.2814021863158968,-0.2379706754725321,-0.5965469508246579,-0.0896085619595114,-0.11914812275672067,0.5036510781890862,1.0000810546411278,-0.4130313732805753
2009-07-11,0.808626684468373,0.41401381201738724,-0.036632984864370936,0.9553858796468239,0.6881981207567991,0.8622711423045392,0.5657134956938155,0.21125526549353074,0.8847120693172896,0.570499944130592,0.8418677750190804,0.9256819460760057,0.4398886815918261,-0.22842402889981586,-0.2564799282135595,-0.6989454633206742,-0.9242363858342008,-0.8039416379231881,-0.18933243591733273,0.46239872709396546,-0.043138441092602356,-0.08073570167206556,0.23763279948785324,1.2135340318761827,-0.7944166804508388
2009-07-21,0.7398733519813987,0.4816051702039651,-0.19694868128963058,1.0444570994043927,0.5084089473609503,0.9299098661067149,0.6142758381328235,0.288568504308118,0.7733824954569266,0.6169533194437073,-0.05797642723327991,0.86626611385416,1.5281168787236166,1.3014141915924282,1.122339224517455,0.3425302974975556,-0.5192492606490456,-1.3273307917440667,-1.5566073923023824,-0.9348974696760316,0.0033316797743066506,-0.04232328058741047,-0.028385479213379725,1.4269870091112378,-1.175801987621102
2009-08-01,0.6602642301543739,0.5332926794054658,-0.36913961448713195,0.9803258211789433,0.3315195993424544,0.9468195470572589,0.6676944148157384,0.39165282272756763,0.6843188363686392,0.6845218653536934,-1.1590280287470378,-0.695256226726219,0.16508358130602033,1.0247413219289376,1.315155623184325,1.2969075516281399,0.9289996294139973,0.209780512635145,-0.7567785640613256,-1.24398524095107,-0.15931374325987488,-0.19597296492603083,0.09512300732647845,1.346942142648092,-1.0174911053994833
2009-08-11,0.5806551083273528,0.5849801886069664,-0.5413305476846334,0.9161945429534938,0.15463025132395852,0.9637292280078028,0.7211129914986482,0.4947371411470173,0.595255177280348,0.7520904112636793,-0.9466424406377848,-1.2299987167228292,-1.0330666559400925,-0.08195015672502648,0.327426335673849,0.9188629694094232,1.2201424475194544,1.201465225137862,0.5240284108922584,-0.388049874343271,-0.3219591662940564,-0.3496226492646512,0.21863149386633662,1.2668972761849466,-0.8591802231778646
2009-08-21,0.501045986500328,0.6366676978084671,-0.7135214808821347,0.8520632647280444,-0.0222590966945374,0.9806389089583467,0.7745315681815632,0.5978214595664669,0.5061915181920607,0.8196589571736653,-0.2368274487989664,-0.2162160794375891,-0.16468253903694655,0.08622354836454647,0.22374204582468302,0.29064182542831996,0.2627304879803551,0.18223371506562505,-0.005587975375468355,-0.19052632820300963,-0.484604589328238,-0.5032723336032716,0.3421399804061948,1.186852409721801,-0.7008693409562459
2009-09-01,0.47933440782023096,0.6883552070099678,-0.7803196877259924,0.7914948352928977,-0.08605525499629078,0.9764114887207107,0.7114005230108497,0.5462793003567421,0.465370674443263,0.8281050254124136,1.0821988352479717,1.538407715863788,1.1818624523635017,0.17844783825237678,0.09822948442832417,-0.7934566088753534,-1.4001429154296594,-1.55321453181413,-0.8486507943322578,0.24841488544201565,-0.29872410586060194,-0.3112102281799961,0.32313867478467817,1.0534442989498916,-0.6073220014616529
2009-09-11,0.45762282914013014,0.7400427162114686,-0.8471178945698516,0.7309264058577509,-0.14985141329804416,0.9721840684830747,0.6482694778401311,0.4947371411470173,0.4245498306944614,0.8365510936511618,0.5959476203662615,0.6694511696192965,0.29699002944320707,-0.15247461369807322,-0.07093962006242036,-0.4376499432577376,-0.6498902687732893,-0.6000953359087408,-0.18392818707786612,0.29230900680651817,-0.1128436223929659,-0.11914812275672071,0.30413736916316153,0.9200361881779823,-0.51377466196706
2009-09-21,0.43591125046003315,0.7917302254129692,-0.9139161014137093,0.6703579764226042,-0.21364757159979755,0.9679566482454387,0.5851384326694177,0.44319498193729245,0.38372898694566365,0.8449971618899101,0.7803877363558757,1.4158625619062315,1.39621043058643,0.5744697889471777,0.37653994665503293,-0.515482651361591,-1.2321759049842034,-1.5807613293836498,-1.1134589874661212,-0.10822485064456736,0.07303686107467015,0.07291398266655479,0.28513606354164484,0.7866280774060729,-0.42022732247246714
2009-10-01,0.5263761616271045,0.9110090928010478,-0.9272757427824815,0.5349697223910999,-0.21074774622244472,0.9383647065819868,0.8279501448644729,0.6957515620649442,0.46165968864791707,0.9336808783967668,-0.11945646589648463,0.5691869527449321,1.066444310243463,0.9487919067271949,0.8294765812592843,0.3073202628791457,-0.3195551482305591,-0.9086194686873639,-1.1350759828239876,-0.744689610429854,-0.5078396497616925,-0.5032723336032716,0.380142591649228,0.8133096995604547,-0.3698556781292248
2009-10-11,0.6168410727941799,1.0302879601891264,-0.940635384151252,0.3995814683595955,-0.20784792084509185,0.908772764918535,1.070761857059523,0.9483081421925957,0.5395903903501704,1.0223645949036233,-1.1813844064427483,-0.9236358318289379,-0.17567474304837877,0.7589183687228382,0.9931886178632306,1.2246343226745617,1.0801699388149077,0.5623795215249999,-0.3676726476197305,-1.040974929640246,-1.0887161605980553,-1.079458649873098,0.47514911975681134,0.8399913217148366,-0.3194840337859825
2009-10-21,0.7073059839612512,1.1495668275772049,-0.9539950255200242,0.2641932143280911,-0.204948095467739,0.8791808232550831,1.3135735692545785,1.2008647223202473,0.6175210920524238,1.11104831141048,-1.3434681447366517,-1.430527150471558,-0.8516952897514608,0.36289641802803746,0.7312493592969165,1.3135859890789656,1.488889664232184,1.21248394416567,0.2105819782031956,-0.8324778531588591,-1.669592671434418,-1.6556449661429242,0.5701556478643945,0.8666729438692184,-0.2691123894427402
2009-11-01,0.8194824738084235,1.28872550619663,-0.8426646807802604,0.2641932143280911,-0.0802556042415851,1.0144582708594347,1.4592605965716126,1.3606454158703942,0.8253362965917661,1.3264230514985607,0.35002746571344245,-0.9124953632873418,-2.1212948530718836,-1.87761133042337,-1.5552620852715335,-0.5766369220146189,0.4922854022558116,1.6477233457640847,2.1507073115717046,1.4280693971130212,-1.437242067099873,-1.425170439634994,0.3326393275954366,0.7866280774060729,-0.38424757651300834
2009-11-11,0.9316589636555919,1.427884184816055,-0.7313343360404966,0.2641932143280911,0.04443688698456574,1.1497357184637862,1.6049476238886415,1.5204261094205413,1.0331515011311045,1.541797791586641,1.71935559957573,1.549548184405384,0.43439257958610994,-0.8848439745720199,-1.1678102653088607,-1.6384974397171912,-1.674489032490571,-1.0794096136183873,0.24300747123999517,1.301873798190076,-1.204891462765328,-1.1946959131270631,0.09512300732647852,0.7065832109429273,-0.4993827635832765
2009-11-21,1.043835453502764,1.5670428634354803,-0.6200039913007328,0.2641932143280911,0.16912937821071966,1.2850131660681379,1.7506346512056759,1.6802068029706885,1.2409667056704468,1.7571725316747213,0.36120565456129783,1.0816485056583502,1.352241614540701,0.8457177003819728,0.6985069519761273,-0.08184327764012171,-0.8178572792187453,-1.3548775893135863,-1.2323524619343864,-0.4648645867311504,-0.9725408584307828,-0.9642213866191327,-0.1423933129424796,0.6265383444797817,-0.6145179506535448
2009-12-01,1.0981144002030085,1.646562108360866,-0.383983660452433,0.3960186195692928,0.28512239330481504,1.4287454541477613,1.643797497839851,1.6802068029706885,1.2706545920332106,1.8627483846590742,-0.06356552165720762,0.028874228477523897,0.0386732351745497,0.12419825596541778,0.30014099623985796,0.201690159023916,0.055571175097626,-0.07119682257395821,-0.1623111917199997,-0.1576057371796327,-1.0190109792976918,-1.0026338077037877,0.19963018824481993,0.5909628482739393,-0.32667998297787426
2009-12-11,1.152393346903249,1.7260813532862516,-0.14796332960413475,0.5278440248104944,0.4011154083989135,1.5724777422273848,1.5369603444740314,1.6802068029706885,1.3003424783959703,1.9683242376434276,-0.39332209266894214,0.27953477066343496,0.9235456580948442,1.041016196615025,0.9386179389952486,0.5630563037918073,0.010779972312171086,-0.6331514929921647,-1.0648207479109217,-0.8983190352056128,-1.0654811001646007,-1.0410462287884428,0.5416536894321193,0.5553873520680968,-0.03884201530220384
2009-12-21,1.2066722936034935,1.8056005982116372,0.08805700124416505,0.659669430051696,0.5171084234930089,1.7162100303070082,1.4301231911082068,1.6802068029706885,1.3300303647587342,2.0739000906277805,0.18794372741953902,-0.2552077193331753,-0.7472693516428546,-0.6841205201102715,-0.627560544515838,-0.243068172998104,0.15075248101671776,0.5954356786084238,0.8104535993839881,0.5556737349935333,-1.1119512210315097,-1.079458649873098,0.8836771906194191,0.5198118558622543,0.24899595237346667
2010-01-01,1.1921979078167635,1.7817448247340215,0.24540388847636385,0.43877280505292576,0.5345073757571229,1.5682503219897488,1.3184298034984803,1.6750525870497157,1.2446776914657927,2.010554578837169,1.3616535564443568,1.4715649046142119,0.7366781899004963,-0.4020226922180847,-0.5948181371950485,-1.1992985868454464,-1.4729286199560236,-1.2226529609798908,-0.23256642663306548,0.7861178721571717,-1.2513615836322367,-1.2331083342117184,0.9026784962409357,0.2885711305242783,0.450482529746436
2010-01-11,1.1777235220300295,1.7578890512564058,0.4027507757085642,0.21787618005415543,0.5519063280212368,1.4202906136724895,1.2067364158887588,1.6698983711287436,1.1593250181728474,1.947209067046557,0.6797840367251771,1.5829695900301723,1.830402489038003,0.992191572556762,0.6985069519761272,-0.3598172351538842,-1.2881649084660218,-1.894794821676177,-1.562011641141849,-0.43194399570777353,-1.390771946232964,-1.386758018550339,0.9216798018624522,0.057330405186302204,0.6519691071194053
2010-01-21,1.1632491362432995,1.7340332777787901,0.560097662940763,-0.003020444944614864,0.5693052802853509,1.2723309053552299,1.0950430282790322,1.6647441552077709,1.0739723448799061,1.883863555255945,-1.2205080674102424,-0.043538817042850377,1.4017065325921463,2.033783552466375,2.111887534656864,1.5359651550899758,0.5538733060858121,-0.7598667618119562,-1.9186920645466445,-1.9462911827831106,-1.5301823088336908,-1.5404077028889593,0.9406811074839689,-0.17391032015167385,0.8534556844923745
2010-02-01,1.145156154009886,1.6227063348832502,0.7486170467000959,-0.10990590865369726,0.6823984700020934,1.1370534577508782,0.9105061270107937,1.5410429731044313,1.0071746005636906,1.7402803951972248,-1.3546463335845071,-0.7286776323510072,0.37393545752323276,1.3176890662785161,1.5334383386562533,1.5081677593385996,1.0577743374221802,0.20978051263514497,-0.9405230246031899,-1.4963764387969598,-1.669592671434418,-1.6940573872275797,1.064189594023827,0.1640568938038297,0.6735569546950805
2010-02-11,1.1270631717764685,1.5113793919877099,0.9371364304594302,-0.21679137236277965,0.7954916597188391,1.0017760101465267,0.7259692257425501,1.4173417910010917,0.9403768562474712,1.5966972351385045,-0.7957368911917366,-0.9737679402661201,-0.7417732496371385,0.04824884076367515,0.2619415210322705,0.7409596366006151,0.9737908321994521,0.9645627660399907,0.4051349364239931,-0.3496425181493312,-1.809003034035145,-1.8477070715662,1.1876980805636852,0.5020241077593331,0.49365822489778644
2010-02-21,1.108970189543055,1.40005244909217,1.125655814218763,-0.32367683607186204,0.9085848494355816,0.866498562542175,0.5414323244743116,1.2936406088977521,0.8735791119312557,1.4531140750797842,-0.7901477967678091,-0.8512227863085637,-0.5164330674027778,0.23269742053933584,0.4092823539758222,0.7909949489530923,0.9178018287176335,0.7717351830533514,0.17815648516639598,-0.4758381170722761,-1.948413396635872,-2.0013567559048204,1.3112065671035433,0.8399913217148366,0.31375949510049256
2010-03-01,1.1270631717764685,1.2489658837339372,1.2310485405724068,-0.25241986026580715,1.1289715781143639,0.858043722066903,0.5851384326694228,1.2678695292928897,1.0294405153357624,1.4193298021247913,-0.1474019380161232,-0.04353881704285038,0.04966543918598193,0.1947227129384645,0.21828497793788482,0.2183685964747417,0.139554680320354,0.044499727218025475,-0.10286445448586713,-0.19601309337357245,-1.6463576110009632,-1.6940573872275797,1.3302078727250601,0.6976893368914667,0.44328658055454423
2010-03-11,1.145156154009886,1.097879318375704,1.3364412669260488,-0.1811628844597522,1.3493583067931434,0.8495888815916312,0.6288445408645289,1.2420984496880274,1.1853019187402654,1.3855455291697982,-0.2032928822554002,-0.36104217047833775,-0.42299933330560396,-0.11992486432589777,-0.05456841640202571,0.20724963817419123,0.3691095945958106,0.46321105027472825,0.3294754526714608,0.017970748278377406,-1.3443018253660548,-1.3867580185503388,1.3492091783465767,0.5553873520680969,0.5728136660085958
2010-03-21,1.1632491362432995,0.9467927530174713,1.4418339932796926,-0.10990590865369727,1.5697450354719258,0.8411340411163591,0.6725506490596402,1.216327370083165,1.341163322144772,1.3517612562148054,1.098966118519755,1.1986234253451085,0.6542366598147547,-0.2338489871285117,-0.5184191867798735,-0.9713599416841615,-1.1761869015023847,-0.9802411423681155,-0.18933243591733273,0.6215149170402872,-1.0422460397311464,-1.079458649873098,1.3682104839680933,0.413085367244727,0.7023407514626475
2010-04-01,1.1270631717764685,0.7519706029502764,1.4195679243317396,0.1466192042481005,1.6393408445283848,0.7692678970765474,0.7259692257425501,1.1287056994266327,1.363429236916844,1.1321634820073507,-0.9019296852463633,-0.29419935922876145,0.5992756397575935,1.2037649434759023,1.1405294508067823,1.0133741149641025,0.5706700071303578,-0.148327855768614,-0.9405230246031899,-1.1726572937337536,-0.32195916629405646,-0.3496226492646512,1.3492091783465767,0.32414662673012085,0.7671042941896734
2010-04-11,1.0908772073096416,0.5571484528830815,1.3973018553837881,0.4031443171498983,1.708936653584841,0.6974017530367357,0.779387802425465,1.0410840287701002,1.3856951516889155,0.9125657077998962,-0.08592189935291845,-0.10481139402162865,-0.10972151897978541,0.04282388253497928,0.04911587344714026,0.1238574509200625,0.13395577997217215,0.12163076041268124,0.05926301069813083,-0.053357198938939185,0.39832770714303334,0.3802133513437955,1.3302078727250601,0.2352078862155147,0.8318678369166992
2010-04-21,1.0546912428428108,0.36232630281588646,1.375035786435835,0.659669430051696,1.7785324626413,0.625535608996924,0.8328063791083747,0.9534623581135682,1.4079610664609874,0.6929679335924416,-0.734256852528532,-0.5058682615190864,0.011192725145969168,0.5853197054045695,0.5839085263533648,0.7409596366006151,0.6378568113085401,0.2924209053437048,-0.2920131638671981,-0.6953087238947887,1.118614580580123,1.1100493519522423,1.3112065671035433,0.14626914570090843,0.8966313796437251
2010-05-01,0.9171845778688619,0.1555762660098836,1.1375310509910048,0.48508983932686145,1.4914497502834112,0.3549807137882207,0.7308254599864519,0.7009057779859166,1.1741689613542274,0.3973555452362528,0.9704169467694176,-0.021257879959658322,-1.373824980294492,-1.7419873747059724,-1.4843202027431568,-1.0769900455393913,-0.3755441517123778,0.6670573522891756,1.5886654322671783,1.548778230865403,1.0024392784128504,0.9948120886982772,0.9881843715377605,0.413085367244727,0.42889468217076065
2010-05-11,0.7796779128949092,-0.05117377079611925,0.9000263155461762,0.31051024860202686,1.2043670379255256,0.08442581857951752,0.6288445408645289,0.4483491978582649,0.9403768562474712,0.10174315688006406,0.5959476203662616,0.4856334386829617,0.038673235174549715,-0.37489790107460513,-0.551161594100663,-0.5933153594654446,-0.5379122618096519,-0.26953376507450166,0.205177729363729,0.4953193181173424,0.886263976245578,0.8795748254443118,0.6651621759719776,0.6799015887885455,-0.03884201530220384
2010-05-21,0.6421712479209603,-0.2579238076021221,0.662521580101346,0.13593065787719225,0.917284325567637,-0.18612907662918565,0.526863621742606,0.1957926177306132,0.7065847511407111,-0.19386923147612475,-1.2763990116495194,-0.7509585694341991,0.29149392743749103,1.2254647763906859,1.2169284012219572,1.3302644265297914,1.0297798356812708,0.2924209053437048,-0.7567785640613256,-1.3372602488506382,0.7700886740783054,0.7643375621903465,0.3421399804061948,0.946717810332364,-0.5065787127751682
2010-06-01,0.4033438824398896,-0.4527459576693171,0.45618934118364973,0.15374490182870598,0.6128026609456343,-0.38481782779807705,0.3229017834987602,-0.04645553055509345,0.4802146176246429,-0.3796827327285863,-0.3486093372775205,-0.9180655975581399,-1.236422430151589,-0.6678456454241838,-0.37653542172312016,0.24060651307584272,0.7442359179239956,1.1298435514571104,0.9779853134074528,0.2868222416359553,0.5609731301772147,0.572275456767071,0.3991438972707448,0.9378239362809034,-0.45620706843192593
2010-06-11,0.16451651695881506,-0.6475681077365121,0.2498571022659551,0.17155914578021972,0.30832099632363474,-0.5835065789669686,0.11893994525491437,-0.28870367884080017,0.25384448410857474,-0.5654962339810479,-0.5218712644192793,-1.0907428599528786,-1.3023756542201825,-0.5864712719937452,-0.3165076749683398,0.38515297098299917,0.9289996294139973,1.2730868988186137,0.9941980599258525,0.17708693822469906,0.3518575862761243,0.3802133513437955,0.4561478141352946,0.9289300622294427,-0.4058354240886836
2010-06-21,-0.07431084852225564,-0.8423902578037071,0.04352486334825888,0.18937338973173345,0.003839331701632051,-0.7821953301358598,-0.08502189298893145,-0.5309518271265069,0.027474350592506542,-0.7513097352335094,0.5959476203662615,-0.5058682615190863,-1.720079406654607,-1.7311374582485803,-1.4679489990827623,-0.7545402548234268,0.11715907892762652,1.1684090680544381,1.8102396346853087,1.4116091016013326,0.14274204237503366,0.1881512459205201,0.5131517309998446,0.9200361881779823,-0.3554637797454413
2010-07-01,-0.34570558202347373,-0.9974527854082093,-0.3424203317495892,-0.2559827090561099,-0.3093418090524261,-0.9132453575025753,-0.3035524339644776,-0.7371204639654062,-0.2619825414444351,-0.9075619976503521,0.07616183894098498,-0.684115758184623,-1.3628327762830594,-1.0638675961189847,-0.83492912421417,-0.19859233979590196,0.4474941994703567,1.0857686753458784,1.2752189995781156,0.7477105159632319,0.7003834927779418,0.7259251411056914,0.4276458557030198,0.857779069817758,-0.37705162732111663
2010-07-11,-0.6171003155246918,-1.1525153130127115,-0.7283655268474357,-0.7013388078439533,-0.6225229498064843,-1.044295384869291,-0.5220829749400289,-0.9432891008043055,-0.5514394334813728,-1.0638142600671947,-0.7677914190720982,-1.898426829218592,-2.3960999533576888,-1.2754409670381248,-0.8458432599877663,0.45742619993657735,1.5392797673658207,2.3033371279186587,1.956154353350907,0.5501869698229704,1.25802494318085,1.2636990362908627,0.3421399804061948,0.7955219514575336,-0.39863947489679186
2010-07-21,-0.8884950490259099,-1.3075778406172134,-1.114310721945284,-1.1466949066317966,-0.9357040905605424,-1.1753454122360065,-0.7406135159155751,-1.149457737643205,-0.8408963255183145,-1.2200665224840375,1.365379619393642,0.34266409239914586,-1.2162700561306299,-1.9065444409764147,-1.8608578869322336,-1.4958041415267933,-0.7581356755048054,0.4356642527052083,1.657119250900422,1.8523792369698784,1.8156663935837583,1.8014729314760343,0.2566341051093699,0.7332648330973093,-0.42022732247246714
2010-08-01,-1.1200852216136175,-1.426856708005292,-1.2375163034572894,-1.0932521747772552,-1.1589906446166776,-1.2260744550876383,-1.0174188678179379,-1.3917058859289115,-1.0969543453971464,-1.342534511945887,-0.3150747707339543,-0.940346534641332,-1.3133678582316144,-0.7492200188546224,-0.4583914400250933,0.179452242422815,0.7330381172276318,1.1518809895127262,1.0374320506415853,0.3526634236827092,1.8156663935837583,1.8014729314760343,0.03811909046192847,0.6976893368914667,-0.5425584587346272
2010-08-11,-1.3516753942013213,-1.5461355753933705,-1.360721884969295,-1.0398094429227143,-1.38227719867281,-1.2768034979392702,-1.2942242197202958,-1.6339540342146182,-1.3530123652759745,-1.4650025014077366,0.5735912426705506,-0.7342478666218051,-2.110302649060451,-2.0349351190555507,-1.6862317145546906,-0.7878971297250783,0.27952718902490065,1.5044799984025812,2.1723243069295712,1.5926723522299056,1.8156663935837583,1.8014729314760343,-0.1803959241855129,0.6621138406856243,-0.664889594996787
2010-08-21,-1.583265566789029,-1.6654144427814492,-1.4839274664813005,-0.9863667110681731,-1.6055637527289452,-1.327532540790902,-1.5710295716226588,-1.8762021825003248,-1.6090703851548063,-1.5874704908695862,0.42268569322450256,0.034444462748321955,-0.5658979854542229,-0.7166702694824469,-0.5620757298742594,-0.42097150580691184,-0.17958263952601244,0.23732731020466485,0.6159006411631905,0.6160281518697244,1.8156663935837583,1.8014729314760343,-0.39891093883295425,0.6265383444797817,-0.7872207312589471
2010-09-01,-1.7280094246563447,-1.7489096499531043,-1.5878357882384138,-1.139569209051191,-1.6519609587665844,-1.3063954396027222,-1.7458540044030988,-2.0514455238133893,-1.6944230584477515,-1.6297008320633275,1.0933770240958272,-0.22735654797918517,-1.9014507728432388,-2.2302336152886033,-1.9208856336870137,-1.2715718157990248,-0.2859617461414679,1.0527125182624544,2.1290903162138384,1.938338557975363,1.9783118166179399,1.9551226158146546,-0.5984246478588789,1.1601707875674188,-1.3772885649940712
2010-09-11,-1.8727532825236606,-1.832404857124759,-1.6917441099955255,-1.2927717070342093,-1.6983581648042207,-1.2852583384145424,-1.9206784371835335,-2.226688865126454,-1.779775731740693,-1.6719311732570687,0.35002746571344245,-0.46130638735270213,-1.329856164248763,-1.2754409670381248,-1.1132395864408786,-0.4988042139107654,0.17874698275762704,0.9590534065260867,1.377899727527981,0.9891281834679958,2.1409572396521215,2.1087723001532748,-0.7979383568848037,1.6938032306550561,-1.9673563987291953
2010-09-21,-2.0174971403909763,-1.9159000642964141,-1.7956524317526388,-1.4459742050172273,-1.7447553708418602,-1.2641212372263622,-2.0955028699639735,-2.4019322064395183,-1.8651284050336383,-1.71416151445081,0.3109038047459485,-1.0628916885988886,-2.302666219260515,-1.9861104949972879,-1.6971458503282872,-0.582196401164894,0.6042634092194489,1.829532209722916,2.3182390255951693,1.4939105791597749,2.303602662686303,2.2624219844918954,-0.9974520659107283,2.227435673742693,-2.55742423246432
2010-10-01,-2.0681574906445372,-1.9477077622665684,-1.761511126032444,-1.4673512977590437,-1.8462492590491943,-1.4416728872070739,-2.0323718247932603,-2.3400816153878483,-1.902238262987094,-1.7563918556445512,2.6918580293391505,1.7110849782585267,-0.5549057814427906,-2.3658575710060012,-2.504791897574422,-2.733714832321415,-2.1951867648714845,-0.7047731666729163,1.507601699675179,2.6955121515130314,2.117722179218667,2.0703598790686195,-1.21596708055817,1.9339378300444927,-2.492660689737294
2010-10-11,-2.118817840898098,-1.9795154602367224,-1.7273698203122507,-1.4887283905008601,-1.9477431472565288,-1.6192245371877851,-1.9692407796225466,-2.2782310243361787,-1.9393481209405457,-1.7986221968382925,0.663016753453394,0.6026083583697204,0.11561866325457532,-0.34234815170242977,-0.37653542172312016,-0.6266722343670961,-0.7002803719069262,-0.49541750514456495,0.03224176650079784,0.4678854922645283,1.9318416957510307,1.8782977736453441,-1.434482095205611,1.6404399863462924,-2.4278971470102686
2010-10-21,-2.169478191151659,-2.011323158206877,-1.693228514592056,-1.5101054832426766,-2.0492370354638627,-1.7967761871684966,-1.9061097344518332,-2.2163804332845087,-1.9764579788940013,-1.8408525380320337,1.3001735177811518,0.7752856207644591,-0.379030517259875,-1.1994915518363822,-1.3206081661392106,-1.3494045239028782,-1.0362143927978382,-0.26402440556059764,0.8266663459023879,1.3457679195545786,1.7459612122833947,1.6862356682220687,-1.6529971098530525,1.346942142648092,-2.3631336042832425
2010-11-01,-2.183952576938389,-2.011323158206877,-1.56853852848352,-1.4780398441299518,-1.9825410517847566,-1.7502745645545008,-1.9498158426469445,-2.2576141606522886,-1.9690360073033095,-1.853521640390156,0.679784036725177,0.6973023409732867,0.29699002944320707,-0.21214915421372807,-0.4147348969307076,-0.6544696301184725,-0.739472674344199,-0.5615298193114128,-0.04341771725173455,0.42947813607058855,1.5600807288157585,1.5325859838834486,-1.8335095132574606,1.1157014173101159,-2.305566010748109
2010-11-11,-2.198426962725123,-2.011323158206877,-1.4438485423749856,-1.4459742050172273,-1.9158450681056536,-1.7037729419405048,-1.9935219508420507,-2.2988478880200685,-1.9616140357126215,-1.8661907427482785,-0.13063465474434005,-0.43902545026951006,-0.6538356175456806,-0.3640479846172133,-0.3055935391947434,0.046024742816209024,0.3355161925067194,0.5733982405528079,0.5564539039290579,0.19903399890695028,1.3742002453481226,1.3789362995448282,-2.0140219166618687,0.8844606919721397,-2.2479984172129743
2010-11-21,-2.212901348511853,-2.011323158206877,-1.3191585562664496,-1.4139085659045025,-1.8491490844265472,-1.657271319326509,-2.037228059037162,-2.3400816153878483,-1.9541920641219295,-1.878859845106401,0.8586350582908636,0.13470867962268634,-0.9396329218429187,-1.318840632867692,-1.3151510982524124,-0.9769194208344366,-0.42033535449783266,0.4246455336774004,1.2103680135045163,1.247006146484448,1.1883197618804866,1.2252866152062079,-2.194534320066277,0.6532199666341636,-2.1904308236778403
2010-12-01,-2.2165199449585367,-1.971563535744184,-1.1202483403314054,-1.3711543804208695,-1.8404496082944888,-1.6741810002770532,-2.0032344193298544,-2.1906093536796463,-1.9319261493498576,-1.781730060360796,1.6634646553364527,1.1763424882619165,-0.10972151897978541,-1.2483161758946453,-1.5552620852715338,-1.7163301478210446,-1.4393352178669323,-0.5835672573670287,0.772623857507722,1.5597517612065286,1.8156663935837583,1.839885352560689,-2.0900271391479355,0.21742013811259334,-1.7586738721643347
2010-12-11,-2.22013854140522,-1.931803913281491,-0.9213381243963598,-1.3284001949372366,-1.8317501321624332,-1.6910906812275968,-1.9692407796225466,-2.041137091971444,-1.909660234577782,-1.684600275615191,-0.2200601655271833,-0.15494350245881083,-0.02178388688832758,0.22184750408194404,0.13097189174911344,0.2350470339255675,0.21793928519490013,0.11612140089877729,-0.06503471260960095,-0.21247338888526088,2.44301302528703,2.4544840899151703,-1.9855199582295937,-0.21837969040897698,-1.3269169206508291
2010-12-21,-2.2237571378519037,-1.8920442908187984,-0.7224279084613157,-1.2856460094536035,-1.8230506560303747,-1.708000362178141,-1.9352471399152391,-1.8916648302632422,-1.8873943198057102,-1.5874704908695862,0.7915659252037311,0.6137488269113164,0.02768103116311748,-0.499671940334611,-0.7367019022518021,-0.7934566088753536,-0.6890825712105624,-0.31911800069963747,0.31326270615306095,0.6928428642576037,3.070359656990302,3.0690828272696518,-1.8810127773112524,-0.6541795189305474,-0.8951599691373234
2011-01-01,-2.1513852089182457,-1.8005971591546048,-0.3884368742420242,-1.0790007796160441,-1.7012579901815736,-1.7037729419405048,-2.0663654645005676,-1.9122816939471323,-2.017278822642799,-1.7014924120926878,-0.05797642723327991,0.13470867962268634,0.2640134174089104,0.31407179396977436,0.20191377427749016,0.09606005516868628,-0.06760463256237506,-0.22545888896326974,-0.2974174127066647,-0.2234469192263865,2.838009052655757,2.838608300761721,-1.8430101660682192,-0.9209957404743658,-0.6504976966130036
2011-01-11,-2.0790132799845877,-1.7091500274904112,-0.05444584002273277,-0.8723555497784851,-1.5794653243327756,-1.699545521702869,-2.1974837890858967,-1.932898557631022,-2.147163325479888,-1.8155143333157888,-0.415678470364653,0.41322039316258746,1.2148390643977982,1.3068391498211243,1.1241582471463878,0.6242105744448349,-0.073203532910557,-0.87556331160394,-1.3512459364026514,-1.0684087554930601,2.6056584483212113,2.608133774253791,-1.8050075548251858,-1.1878119620181844,-0.4058354240886836
2011-01-21,-2.0066413510509298,-1.6177028958262176,0.27954519419655866,-0.6657103199409258,-1.4576726584839745,-1.695318101465233,-2.3286021136712254,-1.953515421314912,-2.277047828316977,-1.9295362545388903,-0.3262529595818097,-0.3331909991243477,-0.20865135508267546,0.1404731306515055,0.1800855027302973,0.3406771377807972,0.3635106942476287,0.2869115458298008,0.04305026417973105,-0.22344691922638654,2.3733078439866664,2.3776592477458602,-1.7670049435821524,-1.454628183562003,-0.16117315156436376
2011-02-01,-1.8401859145035169,-1.510351915176947,0.6090830146262589,-0.4412508461518527,-1.115493263956391,-1.4924019300587057,-2.333458347915127,-1.8968190461842147,-2.1063424817310903,-1.8070682650770407,0.7692095475080203,0.301815707746627,-0.5109369653970618,-0.9011188492581075,-0.9658987534973269,-0.8323729629272804,-0.5155166604169245,0.07204652478754539,0.7564111109893221,0.9397472969329305,2.535953267020848,2.5313089320844804,-1.6624977626638109,-1.3745833170988573,-0.14678125318058025
2011-02-11,-1.6737304779561002,-1.4030009345276764,0.9386208350559606,-0.21679137236277968,-0.7733138694288106,-1.2894857586521782,-2.3383145821590237,-1.8401226710535175,-1.9356371351451997,-1.684600275615191,0.7636204530840925,0.301815707746627,-0.47796035336276504,-0.8468692669711485,-0.9440704819501342,-0.7990160880256287,-0.4651265572832876,0.12163076041268123,0.7780281063471886,0.9342605317623677,2.6985986900550296,2.6849586164231014,-1.5579905817454696,-1.2945384506357118,-0.13238935479679673
2011-02-21,-1.5072750414086875,-1.2956499538784054,1.2681586554856608,0.007668101426293376,-0.43113447490122714,-1.086569587245651,-2.3431708164029255,-1.7834262959228202,-1.764931788559313,-1.5621322861533413,0.6350712813337553,0.6583107010777006,0.2805017234260587,-0.15789957192676912,-0.2783081997607524,-0.559958484563793,-0.6778847705141986,-0.5670391788253167,-0.08665170796746735,0.3746104843649604,2.8612441130892114,2.8386083007617215,-1.4534834008271278,-1.2144935841725664,-0.1179974564130132
2011-03-01,-1.2575918865875664,-1.2002268599679429,1.2666742508891304,-0.1740371868791467,-0.20204827009038615,-1.086569587245651,-2.003234419329849,-1.4896359884273889,-1.4494979959549577,-1.4101030578558726,-0.2871292986143158,-0.5281491986022784,-0.5878823934770874,-0.16332453015546503,-0.10368202738320963,0.25172547137639323,0.4866865019076298,0.6064543976362319,0.43215618062132616,0.017970748278377406,2.791538931788848,2.761783458592411,-1.3299749142872697,-1.2767507025327907,0.02592152742482204
2011-03-11,-1.0079087317664452,-1.1048037660574799,1.2651898462926017,-0.3557424751845868,0.027037934720451743,-1.086569587245651,-1.663298022256778,-1.195845680931957,-1.134064203350598,-1.2580738295584044,0.4729875430398519,-0.22178631370838714,-1.0385627579458088,-1.0692925543476806,-0.9768128892709234,-0.5766369220146189,-0.045209031169647605,0.6340011952057518,1.1239000320730506,0.9397472969329305,2.721833750488484,2.6849586164231014,-1.2064664277474115,-1.339007820893015,0.16984051126265726
2011-03-21,-0.7582255769453242,-1.009380672147017,1.2637054416960711,-0.5374477634900269,0.25612413953129276,-1.086569587245651,-1.3233616251837015,-0.9020553734365258,-0.8186304107462427,-1.106044601260936,1.9485084709567655,1.9728859889860337,0.918049556089128,-0.6515707707380961,-1.195095604742852,-1.8775550431790273,-2.0664120568633013,-1.55321453181413,-0.07584321028853415,1.285413502678388,2.6521285691881205,2.608133774253791,-1.0829579412075534,-1.4012649392532393,0.31375949510049256
2011-04-01,-0.5483469830377175,-0.9378133517141699,1.190969616466092,-0.4020595094585224,0.496809645851542,-0.9047905170273035,-1.308792922451996,-1.0309107714608379,-0.5774163340487906,-1.076483362425317,-0.19211469340754483,0.530195312849346,1.1323975343120565,1.0952657789019842,0.8676760564668717,0.3684745335321734,-0.25796724440055857,-0.9031101091734597,-1.183714222379187,-0.8215043228177334,2.396542904420121,2.3776592477458602,-1.0924585940183116,-1.26785682848133,0.1986243080302243
2011-04-11,-0.3384683891301068,-0.8662460312813228,1.1182337912361124,-0.2666712554270181,0.7374951521717882,-0.723011446808956,-1.2942242197202958,-1.1597661694851498,-0.3362022573513425,-1.0469221235896982,-0.33743114842966515,0.056725399831514034,0.48935359964327113,0.6938188699784875,0.6821357483157326,0.4574261999365774,0.10596127823126279,-0.3411554387552534,-0.6757148314693265,-0.6349543070185977,2.1409572396521215,2.14718472123793,-1.10195924682907,-1.1344487177094207,0.08348912095995613
2011-04-21,-0.12858979522250003,-0.7946787108484756,1.0454979660061332,-0.13128300139551374,0.9781806584920375,-0.5412323765906085,-1.2796555169885904,-1.2886215675094619,-0.09498818065389049,-1.0173608847540794,0.584769431518406,0.02887422847752393,-0.7692537596657191,-0.9716433062311545,-0.8731285994217574,-0.648910150968197,-0.25796724440055857,0.33098642194103267,0.8915173319759871,0.8903664103978651,1.8853715748841218,1.9167101947299992,-1.1114598996398284,-1.0010406069375115,-0.03164606611031205
2011-05-01,-0.009176112481964682,-0.731063314908167,0.9222923844941276,-0.03152323526703683,0.9027851986808758,-0.5031855944518847,-0.9834252281106252,-1.1185324421173701,0.06829519434130422,-0.8611086223372367,0.9983624188890561,1.8447706007576792,1.8853635090951641,0.8023180345524056,0.4092823539758222,-0.7100644216212247,-1.6017033279642066,-2.0655849666072004,-1.4701394108709167,-0.1576057371796327,1.304495064047759,1.3405238784601727,-1.0544559827752784,-0.8409508740112204,-0.1179974564130132
2011-05-11,0.11023757025857452,-0.6674479189678585,0.7990868029821236,0.06823653086144009,0.8273897388697141,-0.46513881231316073,-0.6871949392326601,-0.9484433167252782,0.2315785693365029,-0.704856359920394,-1.5614428272698322,-1.140874968390061,-0.016287784882611428,1.2037649434759023,1.3206126910711233,1.613797863193829,1.4049061590094558,0.6615479927752717,-0.5892468500378609,-1.4360220219207687,0.7236185532113963,0.7643375621903464,-0.9974520659107283,-0.6808611410849292,-0.20434884671571435
2011-05-21,0.22965125299910988,-0.6038325230275499,0.6758812214701181,0.16799629698991697,0.7519942790585524,-0.4270920301744369,-0.390964650354695,-0.7783541913331861,0.39486194433169763,-0.5486040975035513,0.9424714746497791,0.780855855035257,0.0826420512202786,-0.5647714390789617,-0.6057322729686451,-0.8657298378289319,-0.8738462827005641,-0.5229643027140848,0.2105819782031956,0.7477105159632319,0.14274204237503366,0.1881512459205201,-0.9404481490461786,-0.520771408158638,-0.29070023701841546
2011-06-01,0.20432107787232942,-0.5680488628111263,0.4740021963420131,0.2000619361026417,0.6505003908512182,-0.3298613647088092,-0.3958208845985969,-0.8144337027799934,0.3614630721735879,-0.5148198245485583,0.28295833262631004,0.056725399831514034,-0.2965889871741333,-0.36404798461721344,-0.398363693270313,-0.28198452705003063,-0.11239583534783001,0.14366819846829715,0.39973068758452657,0.39655754504721163,0.09627192150812466,0.11132640375120993,-0.6744298703449456,-0.42293879359257125,-0.16836910075625552
2011-06-11,0.17899090274554896,-0.5322652025947028,0.27212317121390817,0.23212757521536642,0.5490065026438841,-0.23263069924318153,-0.4006771188424987,-0.8505132142268009,0.32806420001548214,-0.4810355515935653,1.1604461571829594,1.3155983450318671,0.769654801934793,-0.20129923775633637,-0.5184191867798736,-1.0658710872388406,-1.327357210903295,-1.1400125682713311,-0.27580041734879834,0.6324884473814127,0.04980180064121566,0.034501561581899765,-0.40841159164371255,-0.3251061790265044,-0.046037964494095585
2011-06-21,0.1536607276187685,-0.4964815423782792,0.0702441460858032,0.2641932143280911,0.44751261443654977,-0.1354000337775538,-0.40553335308640054,-0.8865927256736083,0.2946653278573724,-0.4472512786385723,0.4673984486159242,0.41879062743338547,0.06615374520313028,-0.23927394535720767,-0.21282338511917387,-0.3764956726047099,-0.4315331551941964,-0.3025899221579255,0.05385876185866424,0.3362031281710207,0.0033316797743066506,-0.04232328058741047,-0.1423933129424796,-0.2272735644604376,0.07629317176806436
2011-07-01,0.008916869751452687,-0.5203373158558949,-0.12272845146312084,0.2784446094893021,0.2416250126445285,-0.11003551235173789,-0.3958208845985969,-0.8402047823848559,0.18704673979235528,-0.3965748692060828,-0.06915461608113534,0.06229563410231206,0.14309917328315588,0.22184750408194404,0.23465618159827945,0.157214325821714,0.021977773008534783,-0.11527169868519006,-0.20554518243573253,-0.18503956303244679,0.2821524049757608,0.26497608808983025,-0.11389135451020464,-0.11165320179144954,0.00433367984914675
2011-07-11,-0.13582698811586696,-0.5441930893335105,-0.3157010490120449,0.29269600465051315,0.03573741085251029,-0.08467099092592197,-0.3861084161107984,-0.7938168390961035,0.07942815172734212,-0.3458984597735933,-0.225649259951111,-0.6339836497474407,-0.8791757997800413,-0.4779721074198274,-0.2728511318739541,0.16833328412226448,0.520279903996721,0.7882632615950632,0.6969643737551896,0.21000752924807592,0.560973130177215,0.572275456767071,-0.08538939607792966,0.003967160877538515,-0.06762581206977086
2011-07-21,-0.28057084598318277,-0.5680488628111263,-0.5086736465609689,0.3069473998117241,-0.170150190939511,-0.05930646950010604,-0.3763959476229947,-0.7474288958073512,-0.028190436337675002,-0.29522205034110377,0.22893041986167553,0.4577822673289717,0.45088088560325834,0.2562055728636847,0.21646595530895207,-0.09852171509094748,-0.38114305206055965,-0.5376559280844955,-0.4109066383354633,-0.09725132030344173,0.8397938553786689,0.8795748254443118,-0.056887437645654716,0.11958752354652656,-0.13958530398868846
2011-08-01,-0.4542634754239625,-0.6276882965051657,-0.7046150533029538,0.18224769215112796,-0.46013272867474947,-0.20726617781736562,-0.33754607367178524,-0.659807225150819,-0.2619825414444351,-0.3923518350867087,-0.19211469340754483,-0.03796858277205234,0.08813815322599475,0.25982221168281533,0.40928235397582224,0.3073202628791457,0.12835687962399023,-0.07119682257395818,-0.2541834219909319,-0.3002616316142659,0.6306783114775784,0.6491002989363812,-0.018884826402621423,0.09290590139214468,-0.08921365964544614
2011-08-11,-0.6279561048647423,-0.687327730199205,-0.9005564600449372,0.057547984490531834,-0.7501152664099909,-0.35522588613462514,-0.29869619972057576,-0.5721855544942868,-0.4957746465511913,-0.48948161983231353,-0.39332209266894214,-1.0127595801617062,-1.3188639602373307,-0.6895454783389674,-0.398363693270313,0.29620130457859517,0.8674117255839968,1.26757753930471,1.0806660413573181,0.30876930231820665,0.42156276757648775,0.4186257724284507,0.019117784840411867,0.06622427923776288,-0.03884201530220381
2011-08-21,-0.801648734305522,-0.7469671638932441,-1.096497866786922,-0.06715172317006429,-1.0400978041452293,-0.5031855944518847,-0.2598463257693663,-0.48456388383775456,-0.7295667516579514,-0.5866114045779184,0.9201150969540682,0.12356821108109034,-1.0330666559400925,-1.4164898809842184,-1.2987798945920177,-0.9880383791349872,-0.4259342548460146,0.4521923312469203,1.2914317460965155,1.3402811543840158,0.21244722367539717,0.1881512459205201,0.05712039608344516,0.039542657083381,0.011529629041038512
2011-09-01,-0.9463925921728378,-0.8304623710648993,-1.2330630896676997,-0.29517404574944006,-1.1676901207487331,-0.6004162599175124,-0.4298145243059045,-0.6598072251508189,-0.8742951976764203,-0.6921872575622715,0.9592387579215622,0.6917321067024886,-0.08224100895120481,-0.711245311253751,-0.7858155132329859,-0.9046461918808585,-0.7954616778260178,-0.3301367197274454,0.4267519317818595,0.8793928800567393,0.44479782800994216,0.4186257724284506,-0.00938417359186312,-0.31621230497504377,0.2561919015653583
2011-09-11,-1.0911364500401537,-0.9139575782365542,-1.3696283125484758,-0.5231963683288158,-1.2952824373522398,-0.69764692538314,-0.5997827228424427,-0.8350505664638834,-1.019023643694893,-0.7977631105466247,0.9145260025301406,0.8644093690972274,0.2859978254317748,-0.39117277576069287,-0.5293333225534701,-0.8268134837770049,-0.9074396847896551,-0.6496795715338765,0.04305026417973103,0.6324884473814127,0.6771484323444873,0.6491002989363812,-0.07588874326717132,-0.6719672670334685,0.5008541740896783
2011-09-21,-1.2358803079074694,-0.9974527854082093,-1.5061935354292535,-0.7512186909081917,-1.4228747539557436,-0.7948775908487676,-0.7697509213789808,-1.0102939077769477,-1.163752089713362,-0.903338963530978,0.9983624188890562,1.3434495163858573,0.9949949841691537,0.10792338127933009,-0.10913909527000787,-0.8101350463261793,-1.2769671077696583,-1.3328401512579706,-0.643289338432527,0.30876930231820665,0.9094990366790324,0.8795748254443118,-0.1423933129424796,-1.0277222290918933,0.7455164466139981
2011-10-01,-1.3191080261811778,-1.065044143594787,-1.4958027032535424,-0.8331642130851549,-1.448973182351916,-0.8667437348885794,-0.8280257323057925,-1.0721444988286177,-1.1748850470994,-0.9202311000084744,-0.7845587023438814,-0.422314747457116,0.23653290738032984,0.8131679510097973,0.7912771060516968,0.8410302613055697,0.6042634092194489,0.10510268187096927,-0.5460128593221283,-0.8763719745233616,0.7933237345117597,0.8027499832750016,0.009617132029653563,-0.9743589847831295,0.8174759385329157
2011-10-11,-1.4023357444548823,-1.132635501781365,-1.485411871077831,-0.9151097352621181,-1.4750716107480855,-0.9386098789283913,-0.8863005432326093,-1.1339950898802873,-1.1860180044854338,-0.9371232364859708,-1.019300668148845,-2.3830372107780207,-2.8962452358778554,-1.4544645885850895,-0.9167851425161431,0.674245886797312,1.9815928948721884,2.8597824388229616,2.3560687674714353,0.5940810911874731,0.6771484323444873,0.7259251411056914,0.16162757700178665,-0.9209957404743658,0.8894354304518333
2011-10-21,-1.4855634627285905,-1.2002268599679426,-1.4750210389021197,-0.9970552574390813,-1.5011700391442582,-1.010476022968203,-0.9445753541594208,-1.195845680931957,-1.1971509618714715,-0.9540153729634674,1.5684500501296819,0.4967739072245578,-1.236422430151589,-2.0891847013425098,-1.980913380441794,-1.6551758771680172,-0.9018407844414733,0.39709873610788043,1.7561971462906427,2.042587096216056,0.5609731301772147,0.6491002989363812,0.3136380219739198,-0.8676324961656021,0.9613949223707509
2011-11-01,-1.5289866200887845,-1.2240826334455583,-1.3250961746525713,-0.9044211888912099,-1.5504670705592503,-1.1288437896220107,-1.0028501650862325,-1.257696271983627,-1.275081663573725,-1.0680372941865688,1.2945844233572243,1.4214327961770297,0.769654801934793,-0.2935235276441666,-0.6002752050818468,-1.1548227536432447,-1.4057418157778412,-1.1730687253547551,-0.23256642663306548,0.7367369856221062,0.7003834927779418,0.7643375621903465,0.28513606354164484,-0.5118775341071774,0.6447731579275136
2011-11-11,-1.5724097774489822,-1.247938406923174,-1.1751713104030215,-0.8117871203433384,-1.5997641019742395,-1.2472115562758184,-1.0611249760130441,-1.319546863035297,-1.3530123652759745,-1.1820592154096703,-0.415678470364653,-0.5782813070394606,-0.5439135774313585,-0.07110024026763467,0.12005775597551703,0.42962880418520116,0.5874667081749033,0.6064543976362319,0.31326270615306095,-0.1356586764973814,0.8397938553786689,0.8795748254443118,0.2566341051093699,-0.15612257204875263,0.3281513934842761
2011-11-21,-1.6158329348091762,-1.2717941804007897,-1.0252464461534732,-0.7191530517954671,-1.6490611333892318,-1.365579322929626,-1.1193997869398558,-1.3813974540869667,-1.4309430669782277,-1.2960811366327716,1.8758502434457054,0.6750214038900946,-1.285887348203034,-2.3387327798625215,-2.433850015046046,-2.033220459386734,-1.1481923997614754,0.3640425790244565,1.9993883440666398,2.393740067132077,0.9792042179793959,0.9948120886982772,0.22813214667709492,0.19963239000967212,0.011529629041038512
2011-12-01,-1.6158329348091762,-1.2320345579380971,-0.8441490853767908,-0.7120273542148615,-1.5997641019742395,-1.3233051205532662,-1.3282178594276033,-1.4844817725064163,-1.5014517970897892,-1.3003041707521454,1.5572718612818262,2.01187762888162,1.4731558586664553,0.059098757221066965,-0.40927782904390936,-1.3605234822034287,-1.9320384485069366,-1.9113229002178889,-0.8216295501349247,0.5940810911874729,1.5136106079488494,1.5325859838834486,0.30413736916316153,0.21742013811259334,0.05470532419238909
2011-12-11,-1.6158329348091762,-1.1922749354754043,-0.6630517246001085,-0.7049016566342561,-1.5504670705592503,-1.2810309181769062,-1.537035931915346,-1.5875660909258658,-1.5719605272013546,-1.3045272048715197,0.8418677750190804,0.7864260893060551,0.24752511139176206,-0.38574781753199694,-0.6111893408554433,-0.7990160880256287,-0.8178572792187453,-0.5339830217418928,0.10790125025333021,0.6160281518697244,2.048016997918303,2.0703598790686195,0.380142591649228,0.2352078862155146,0.09788101934373966
2011-12-21,-1.6158329348091762,-1.1525153130127115,-0.4819543638234262,-0.6977759590536505,-1.5011700391442582,-1.2387567158005464,-1.7458540044030935,-1.6906504093453154,-1.642469257312916,-1.3087502389908938,1.244282573541875,1.3545899849274534,0.7091976798719157,-0.33149823524503796,-0.654845883949829,-1.1603822327935198,-1.3777473140369318,-1.1289938492435232,-0.20554518243573253,0.7147899249398549,2.582423387887757,2.608133774253791,0.4561478141352946,0.2529956343184358,0.1410567144950902
2012-01-01,-1.5470796023222018,-1.0729960680873256,-0.22515236862370375,-0.6835245638924395,-1.2546848820693062,-1.0527502253445629,-1.808985049573807,-1.644262466056563,-1.5496946124292827,-1.1651670789321737,-0.12504556032041234,0.21826219368465669,0.4783613956318389,0.5039453319741309,0.3874540824286294,0.19613067987364075,-0.1011980346514663,-0.40175839340819725,-0.5514171081615948,-0.4209704653666479,2.048016997918303,2.0703598790686195,0.17112822981254502,-0.013820587225382725,0.14825266368698198
2012-01-11,-1.4783262698352235,-0.9934768231619399,0.03164962657601713,-0.6692731687312286,-1.0081997249943513,-0.8667437348885796,-1.8721160947445257,-1.597874522767811,-1.4569199675456455,-1.0215839188734535,0.6797840367251771,0.6694511696192966,0.23653290738032984,-0.27182369472938306,-0.474762643685488,-0.648910150968197,-0.6890825712105624,-0.47338006708894903,0.04305026417973103,0.4678854922645283,1.5136106079488494,1.5325859838834486,-0.11389135451020461,-0.2806368087692013,0.15544861287887374
2012-01-21,-1.409572937348249,-0.9139575782365542,0.2884516217757396,-0.6550217735700176,-0.7617145679193993,-0.6807372444325961,-1.9352471399152391,-1.5514865794790587,-1.3641453226620124,-0.8780007588147332,0.37797293783308095,0.758574917952065,0.7806470059462252,0.38459625094282107,0.20737084216428836,-0.23194921469755347,-0.6274946673805618,-0.859035233062228,-0.6540978361114602,-0.1356586764973814,0.9792042179793959,0.9948120886982772,-0.39891093883295425,-0.5474530303130198,0.1626445620707655
2012-02-01,-1.2720662723743004,-0.8543181445425149,0.5912701594678971,-0.49113072921609113,-0.4920308078256277,-0.5835065789669683,-1.85754739201282,-1.4020143177708566,-1.263948706187687,-0.8357704176209919,-1.622922865933037,-0.43345521599871195,1.2643039824492432,2.218232132242036,2.182829417185241,1.8361770292048392,0.9569941311549066,-0.4348145504916211,-1.8808623226703782,-2.204169145799563,0.7468536136448509,0.7643375621903465,-0.6079253006696373,-0.591922400570323,0.03311747661671382
2012-02-11,-1.1345596074003477,-0.7946787108484756,0.8940886971600545,-0.3272396848621648,-0.22234704773185301,-0.4862759135013407,-1.7798476441104063,-1.2525420560626546,-1.163752089713362,-0.7935400764272507,-0.9242860629420739,-1.391535510575972,-1.2748951441916019,-0.2501238618145994,-0.1309673668172007,0.690924324248138,1.2313402482158182,1.4163302461801175,0.853687590099721,-0.17406603269132118,0.5145030093103058,0.5338630356824159,-0.8169396625063203,-0.6363917708276261,-0.09640960883733789
2012-02-21,-0.9970529424263987,-0.7350392771544363,1.1969072348522118,-0.16334864050823847,0.04733671236191859,-0.389045248035713,-1.7021478962079875,-1.1030697943544525,-1.0635554732390367,-0.7513097352335094,0.6518385646055385,-0.3276207648535496,-1.4617626123859497,-1.5738136696163991,-1.4897772706299552,-0.8434919212278308,-0.034011230473283874,0.9700721255538948,1.6481121695013108,1.3512546847251417,0.2821524049757608,0.30338850917448534,-1.0259540243430034,-0.6808611410849292,-0.2259366942913896
2012-03-01,-0.7944115414121551,-0.6913036924454742,1.281518296854433,-0.13840869897611924,0.3112208217009876,-0.33408878494644517,-1.663298022256778,-1.128840873959315,-0.8371853397229685,-0.7048563599203941,2.904243617448403,2.284819108150723,0.2255407033688976,-1.9155860380242409,-2.4229358792724485,-2.906058685979948,-2.63190099202967,-1.3438588702857786,0.9563683180495862,2.5199356660550216,0.37509264670957876,0.3802133513437955,-1.253969691801203,-1.134448717709421,-0.03164606611031203
2012-03-11,-0.5917701403979114,-0.647568107736512,1.3661293588566525,-0.113468757444,0.5751049310400534,-0.27913232185717735,-1.6244481483055684,-1.1546119535641775,-0.6108152062069003,-0.6584029846072786,0.7524422642362372,1.7222254468001226,2.000781651215203,1.0681409877585046,0.5784514584665668,-0.4654473390091139,-1.3889451147332956,-2.0049820119542567,-1.6322668760549146,-0.42645723053721074,0.46803288844339674,0.4570381935131057,-1.4819853592594028,-1.5880362943339124,0.16264456207076552
2012-03-21,-0.3891287393836677,-0.6038325230275499,1.4507404208588734,-0.08852881591188078,0.8389890403791225,-0.22417585876790955,-1.585598274354359,-1.18038303316904,-0.38444507269083217,-0.6119496092941632,-0.4827476034517854,0.21826219368465669,0.9400339641119925,1.1549403194176393,1.0914158398255984,0.6686864076470369,0.061170075445807874,-0.6551889310477806,-1.145884480502921,-1.0025675734463064,0.5609731301772147,0.5338630356824159,-1.7100010267176025,-2.0416238709584036,0.35693519025184306
2012-04-01,-0.208198917049521,-0.564072900564857,1.4551936346484649,0.2321275752153664,0.969481182359979,-0.21149359805500156,-1.3767802018666113,-1.1030697943544525,-0.19889578292356164,-0.641510848129782,-1.5111409774544828,-0.6506943525598348,0.7806470059462252,1.778810515717668,1.6480367642790157,1.6026789048932788,1.0409776363776346,-0.010593867921014372,-1.291799199168519,-1.7981485231779146,0.18921216324194268,0.14973882483586495,-1.519987970502436,-1.3034323246871726,-0.09640960883733789
2012-04-11,-0.02726909471537819,-0.5243132781021641,1.4596468484380545,0.5527839663426136,1.0999733243408385,-0.19881133734209358,-1.167962129378869,-1.0257565555398653,-0.013346493156295105,-0.671072086965401,-0.16416922128790626,-0.6729752896430269,-1.0165783499229444,-0.6135960631372248,-0.4474773042514969,0.06826265941730997,0.5314777046930848,0.9149785304148549,0.8861130831365204,0.3636369540238348,-0.18254880369332946,-0.23438538601068595,-1.3299749142872697,-0.5652407784159411,-0.5497544079265189
2012-04-21,0.1536607276187685,-0.4845536556394713,1.4641000622276457,0.8734403574698607,1.2304654663216952,-0.18612907662918565,-0.9591440568911213,-0.9484433167252782,0.1722027966109754,-0.7006333258010199,0.6797840367251771,1.0983592084707443,1.005987188180586,0.33034666865586204,0.021830534013149213,-0.532161088812417,-0.9634286882714739,-1.1179751302157153,-0.6919275779877264,0.05089133930175432,-0.5543097706286015,-0.6185095968572368,-1.1399618580721034,0.17295076785529026,-1.0030992070156999
2012-05-01,0.28393019969935424,-0.40901037296035486,1.2963623428197355,0.869877508679558,1.163769482642592,-0.12694519330228182,-0.7697509213789808,-0.8917469415945807,0.32064222842479023,-0.5654962339810478,0.3220819935938039,0.9368224146176016,1.1818624523635017,0.7480684522654466,0.49659544016459356,-0.13187858999259897,-0.7282748736478354,-1.162050006326947,-1.0377995037135885,-0.388049874343271,-0.43813446846132903,-0.5032723336032716,-0.9784507602892119,0.5464934780166361,-1.1829979368129937
2012-05-11,0.41419967177993616,-0.33346709028123844,1.1286246234118238,0.8663146598892554,1.0970734989634858,-0.067761309975378,-0.5803577858668354,-0.8350505664638834,0.469081660238609,-0.43035914216107574,-0.08592189935291845,0.786426089306055,1.4401792466321588,1.2254647763906859,1.004102753636827,0.32399870032997147,-0.4539287565869239,-1.200615522924275,-1.4323096689946504,-0.8873455048644872,-0.3219591662940565,-0.3880350703493063,-0.8169396625063203,0.9200361881779822,-1.3628966666102877
2012-05-21,0.5444691438605219,-0.2579238076021221,0.9608869040039137,0.8627518110989526,1.0303775152843826,-0.0085774266484742,-0.390964650354695,-0.7783541913331861,0.6175210920524238,-0.29522205034110377,0.3444383712895147,0.535765547120144,0.4234003755746777,0.1350481724228096,0.10914362020192059,-0.22638973554727815,-0.48752215867601506,-0.5835672573670287,-0.3568641499407973,0.017970748278377392,-0.20578386412678393,-0.27279780709534107,-0.6554285647234289,1.2935788983393282,-1.5427953964075818
2012-06-01,0.5697993189873024,-0.1664766759379285,0.8228372765266055,1.04089425061409,1.0100787376429157,0.20279358523332514,-0.3278336051839816,-0.7371204639654062,0.714006722731403,-0.11363158320801636,1.562860955705754,1.7723575552373048,1.00049108617487,-0.3152233605589503,-0.578446933534654,-1.3772019196542546,-1.7696703384096626,-1.5642332508419379,-0.427119384853863,0.8190384631805484,-0.39166434759442004,-0.4264474914339614,-0.45591485569750423,0.8666729438692183,-1.0462749021670503
2012-06-11,0.5951294941140829,-0.0750295442737349,0.684787649049299,1.2190366901292273,0.989779960001449,0.4141645971151245,-0.26470256001326814,-0.6958867365976263,0.8104923534103823,0.06795888392507106,-1.3434681447366517,-0.6061324783934506,0.6322522517918902,1.5401123536550483,1.5279812707694553,1.4525729678358468,0.9401974301103609,-0.0050845084071103825,-1.1404802316634541,-1.5951382118670905,-0.5775448310620561,-0.5800971757725819,-0.2564011466715795,0.4397669893991087,-0.5497544079265189
2012-06-21,0.6204596692408633,0.016417587390458645,0.5467380215719909,1.3971791296443647,0.969481182359982,0.625535608996924,-0.20157151484255467,-0.6546530092298465,0.9069779840893615,0.24954935105815843,-0.5162821699953516,-0.5894217755810567,-0.47246425135704895,0.06452371544976288,0.37653994665503293,0.5408183871907062,0.5650711067821758,0.4687204097886322,0.1024970014138636,-0.31123516195539147,-0.7634253145296921,-0.7337468601112022,-0.056887437645654716,0.012861034928999118,-0.05323391368598734
2012-07-01,0.5842737047740324,0.11184068130092152,0.19641853679086801,1.0373314018237871,0.7606937551906079,0.6466727101851037,-0.18214657786695254,-0.6082650659410941,0.7659605238662386,0.2622184534162808,0.8083332084755143,0.6026083583697204,-0.06575270293405645,-0.6081711049085288,-0.5839040014214522,-0.7378618173726011,-0.6890825712105624,-0.3246273602135415,0.30785845731359435,0.7038163945987294,-0.6240149519289652,-0.5800971757725819,0.00011647921889518194,-0.39625717143818934,0.31375949510049256
2012-07-11,0.5480877403072054,0.20726377521138437,-0.15390094799025641,0.6774836740032097,0.5519063280212368,0.6678098113732838,-0.16272164089134522,-0.5618771226523418,0.6249430636431118,0.2748875557744032,0.43386388207235793,0.2851050049342329,-0.1426981310140821,-0.37489790107460513,-0.27285113187395416,-0.36537671430415936,-0.35314855031965026,-0.153837215282518,0.19436923168479578,0.3910707798766488,-0.484604589328238,-0.42644749143396143,0.05712039608344516,-0.8053753778053779,0.6807529038869723
2012-07-21,0.5119017758403746,0.3026868691218472,-0.5042204327713793,0.31763594618263236,0.34311890085186275,0.6889469125614636,-0.14329670391574306,-0.5154891793635894,0.48392560341998886,0.28755665813252557,0.5381936446523418,1.2673229813516176,1.4475073826397804,0.7878514792758832,0.5584422095483066,-0.3060756033678901,-1.056743694074505,-1.5330135469298154,-1.2575722898518973,-0.3496425181493313,-0.345194226727511,-0.27279780709534107,0.11412431294799505,-1.2144935841725664,1.047746312673452
2012-08-01,0.4322926540133497,0.34642245383080933,-0.6793801751619415,0.24281612158627464,0.1836285050974808,0.7312211149378235,-0.026747082062114663,-0.340245838050525,0.4876365892153348,0.4607010570268648,-1.2316862562580977,-0.444595684540308,0.7366781899004962,1.5184125207402643,1.6098372890714285,1.391418697182819,0.7834282203612686,-0.1868933723659419,-1.2593737061317194,-1.5841646815259651,-0.39166434759442004,-0.3496226492646512,0.3896432444599864,-1.2144935841725664,1.2708207376220968
2012-08-11,0.3526835321863287,0.39015803853977143,-0.8545399175525021,0.16799629698991697,0.024138109343101986,0.7734953173141833,0.08980253979150857,-0.1650024967374606,0.49134757501067683,0.633845455921204,-0.27595110976646037,-0.422314747457116,-0.44498374132846835,-0.08195015672502645,0.06003000922073672,0.2850823462780447,0.4083018970330836,0.4411736122191124,0.259220217758395,-0.06433072928006486,-0.43813446846132903,-0.4264474914339614,0.6651621759719776,-1.2144935841725664,1.4938951625707415
2012-08-21,0.27307441035930385,0.4338936232487336,-1.0296996599430643,0.0931764723935593,-0.13535228641127992,0.8157695196905432,0.20635216164513698,0.010240844575603838,0.4950585608060228,0.8069898548155431,1.188391629302598,0.9646735859715918,0.08813815322599475,-0.7600699353120142,-0.83492912421417,-1.0992279621404921,-1.0642088945387473,-0.5890766168809327,0.3348797015109274,0.9891281834679958,-0.484604589328238,-0.5032723336032716,0.9406811074839689,-1.2144935841725664,1.7169695875193858
2012-09-01,0.20432107787232942,0.4338936232487336,-1.0029803772055217,0.2570675167474857,-0.28324338065625354,0.6889469125614636,0.21606463013294064,0.02570349233852128,0.35404110058289995,0.7056370359505642,1.395188122987923,1.3434495163858573,0.4453847835975422,-0.6298709378233126,-0.6493888160630307,-1.2159770242962724,-1.4057418157778412,-1.0463534565349633,-0.005587975375468386,0.9397472969329304,-0.3219591662940565,-0.3496226492646512,0.8551752321871441,-1.036616103143354,1.501091111762633
2012-09-11,0.13556774538535113,0.4338936232487336,-0.9762610944679773,0.42095856110141205,-0.4311344749012241,0.562124305432384,0.2257770986207391,0.04116614010143874,0.2130236403597731,0.604284217085585,0.568002148246623,0.7530046836812669,0.4948497016489872,0.021124049620195665,2.262465956381416e-06,-0.4098525475063614,-0.705879272255108,-0.7323199642424363,-0.34605565226186413,0.17708693822469906,-0.15931374325987493,-0.1959729649260309,0.7696693568903191,-0.8587386221141415,1.2852126360058802
2012-09-21,0.0668144128983767,0.4338936232487336,-0.9495418117304345,0.5848496054553384,-0.5790255691461976,0.43530169830330445,0.23548956710854277,0.056628787864356184,0.0720061801366502,0.502931398220606,0.7971550196276588,1.3768709220106454,1.3192650025064045,0.5039453319741308,0.26194152103227053,-0.5543990054135178,-1.198582502895112,-1.4926115771611859,-1.0107782595162558,-0.042383668597813604,0.0033316797743066506,-0.04232328058741047,0.6841634815934943,-0.6808611410849292,1.0693341602491273
2012-10-01,0.012535466198132304,0.3941340007860408,-1.0549345380840767,0.22500187763476096,-0.6660203304667708,0.27465972927313687,0.3471829547182694,0.17002153812575085,0.046029279569232404,0.469147125265613,-0.3933220926689422,0.21826219368465666,0.813623617980522,0.9867666143280662,0.9877315499764325,0.5964131786934586,0.04997227474944413,-0.5780578978531248,-0.9999697618373226,-0.8489381486705475,0.026566740207761154,-0.003910859502755387,0.6176589119181861,-0.5474530303130198,0.9110232780275086
2012-10-11,-0.04174348050210823,0.3543743783233479,-1.1603272644377205,-0.13484585018581646,-0.7530150917873407,0.1140177602429694,0.45887634232799074,0.28341428838714555,0.020052379001814613,0.43536285231061994,-1.0919588956599051,-1.346973636409588,-1.0110822479172281,0.05367379899237109,0.3437975393342436,1.0244930732646529,1.3545160558758191,1.2951243368742298,0.5186241620527918,-0.4922984125839645,0.04980180064121566,0.034501561581899695,0.5511543422428777,-0.41404491954111056,0.7527123958058898
2012-10-21,-0.09602242720235263,0.31461475586065507,-1.2657199907913625,-0.4946935780063939,-0.8400098531079138,-0.04662420878719809,0.5705697299377174,0.3968070386485401,-0.005924521565603177,0.4015785793556269,0.24942376608274383,-0.6729752896430269,-1.5936690605231365,-1.4002150062981304,-1.0750401112332912,-0.3876146309052604,0.3691095945958106,1.21248394416567,1.5670484369093118,1.0275355396619354,0.07303686107467015,0.07291398266655479,0.4846497725675696,-0.28063680876920133,0.5944015135842711
2012-11-01,-0.18648733836942405,0.24304743542780793,-1.102435485173042,-0.36643102155549506,-0.7443156156552853,0.04637903644079363,0.5754259641816192,0.4122696864114576,0.06458420854595827,0.4607010570268647,1.5796282389775371,1.0872187399291484,-0.21964355909410768,-1.2971407999529083,-1.3970071165543854,-1.5551052524630626,-1.3105605098587494,-0.500926864658469,0.772623857507722,1.4993973443303374,0.04980180064121566,0.07291398266655479,0.40864455008150297,-0.12944094989437077,0.4145027837869772
2012-11-11,-0.27695224953649933,0.1714801149949608,-0.9391509795547232,-0.2381684651045962,-0.6486213782026536,0.1393822816687853,0.5802821984255159,0.427732334174375,0.13509293865752367,0.5198235346981024,0.4562202597680688,0.8699796033680254,0.863088536031967,0.39002120917151695,0.2510273852586741,-0.27086556874948015,-0.7170770729514716,-0.9526943447985956,-0.7027360756666596,-0.10273808547400454,0.026566740207761154,0.07291398266655479,0.3326393275954364,0.02175490898045972,0.2346040539896831
2012-11-21,-0.3674171607035707,0.09991279456211366,-0.7758664739364027,-0.10990590865369727,-0.5529271407500251,0.23238552689677702,0.5851384326694177,0.44319498193729245,0.20560166876908512,0.5789460123693402,-0.007674577417930597,-0.1827946738128009,-0.3735344152541589,-0.2392739453572076,-0.2019092493455774,0.007108388764282277,0.16195028171308148,0.3199677029132247,0.3456881991898606,0.1661134078835734,0.0033316797743066506,0.07291398266655479,0.2566341051093699,0.17295076785529026,0.05470532419238909
2012-12-01,-0.4832122469974226,0.008465662897920074,-0.6467232740382771,-0.2346056163142934,-0.7936126470702745,-0.14385487425282584,0.29862061227925624,0.25764320878228303,-0.2174507119002875,0.16931170279005006,0.5959476203662615,0.35194781618380927,-0.23063576310553988,-0.5756213555363535,-0.6002752050818468,-0.5988748386157199,-0.4595276569351058,-0.09323426062957411,0.4105391852634598,0.6160281518697243,-0.3219591662940564,-0.27279780709534107,0.41814520289226137,0.2974650045757389,0.08348912095995613
2012-12-11,-0.5990073332912783,-0.08298146876627349,-0.5175800741401498,-0.3593053239748895,-1.0342981533905238,-0.5200952754024286,0.01210279188908963,0.07209143562727365,-0.6405030925696641,-0.24032260678924008,-0.0467982383854245,-0.25520771933317526,-0.44498374132846835,-0.2663987365006871,-0.2019092493455774,0.02934630536538326,0.21234038484671822,0.39158937659397647,0.3943264387450599,0.16062664271301058,-0.6472500123624195,-0.6185095968572368,0.579656300675153,0.4219792412961875,0.11227291772752315
2012-12-21,-0.7148024195851302,-0.17442860043046704,-0.3884368742420242,-0.4840050316354857,-1.274983659710773,-0.8963356765520314,-0.2744150285010718,-0.11346033752773577,-1.0635554732390367,-0.6499569163685303,1.2889953289332967,0.992524757325582,0.044169337180265826,-0.8685690998859321,-1.1077825185540806,-1.2604528574984744,-1.1145989976723845,-0.5174549432001809,0.502411415534392,1.1427576082437547,-0.9725408584307828,-0.9642213866191327,0.7411673984580442,0.5464934780166363,0.1410567144950902
2013-01-01,-0.7871743485187881,-0.24997188310958346,-0.09452476412904767,-0.3735567191361005,-1.1618904699940305,-0.9047905170273035,-0.42495829006200264,-0.1598482808164881,-1.0969543453971464,-0.6541799504879043,2.054701265011392,2.396223793566683,1.4731558586664553,-0.32607327701634203,-0.7967296490065825,-1.855317126577926,-2.39114827705785,-2.1372066402879524,-0.6486935872719937,1.0330223048324982,-0.7634253145296921,-0.7721592811958573,0.579656300675153,0.4041914931932663,0.11946886691941493
2013-01-11,-0.859546277452446,-0.32551516578869993,0.19938734598392885,-0.2631084066367154,-1.048797280277285,-0.9132453575025753,-0.5755015516229387,-0.20623622410524045,-1.1303532175552522,-0.6584029846072784,-0.6727768138653272,0.21826219368465669,1.1378936363177727,1.4261882308524343,1.4788676597882715,0.9133034902591478,0.1227579792758084,-0.814960356950996,-1.4917564062287831,-1.3207999533389496,-0.5543097706286015,-0.5800971757725819,0.41814520289226137,0.26188950836989644,0.09788101934373962
2013-01-21,-0.9319182063861039,-0.4010584484678163,0.4932994560969054,-0.15266009413733025,-0.9357040905605424,-0.9217001979778474,-0.7260448131838696,-0.2526241673939928,-1.163752089713362,-0.6626260187266527,-0.2535947320707495,0.301815707746627,0.7421742919062124,0.8077429927811014,0.9277038032216521,0.4741046373874031,-0.08440133360692068,-0.6386608525060685,-0.9513315222821231,-0.7337160800887285,-0.345194226727511,-0.3880350703493063,0.2566341051093699,0.11958752354652656,0.07629317176806436
2013-02-01,-0.8486904881123956,-0.4010584484678163,0.7322885961382645,-0.141971547766422,-0.6950185842402931,-0.8709711551262155,-0.7017636419643656,-0.1650024967374606,-1.1043763169878344,-0.6626260187266527,-0.4659803201800023,-0.47244685589429813,-0.2965889871741333,0.1458980888802014,0.1855425706170955,0.4185098458846507,0.4866865019076298,0.4191361741634964,0.09168850373493043,-0.2947748664437031,-0.4148994080278745,-0.4264474914339614,0.14262627138027004,0.15516301975236904,-0.031646066110312045
2013-02-11,-0.7654627698386911,-0.4010584484678163,0.9712777361796251,-0.13128300139551374,-0.45433307792004685,-0.8202421122745838,-0.6774824707448565,-0.07738082608092837,-1.045000544262311,-0.6626260187266527,1.1604461571829592,0.6583107010777005,-0.3845266192655911,-1.0855674290337682,-1.2114668084032465,-1.2159770242962722,-0.9074396847896551,-0.18689337236594183,0.7942408528655884,1.2360326161433226,-0.4846045893282381,-0.4648599125186165,0.02861843765117025,0.19073851595821154,-0.13958530398868846
2013-02-21,-0.6822350515649828,-0.4010584484678163,1.210266876220984,-0.1205944550246055,-0.21364757159979755,-0.7695130694229518,-0.6532012995253524,0.010240844575603838,-0.9856247715367833,-0.6626260187266527,0.5624130538226951,1.1596317854495224,1.2423195744263786,0.6070195383193531,0.300140996239858,-0.38205515175498506,-0.9746264889678377,-1.3163120727162587,-0.9999697618373226,-0.19601309337357245,-0.5543097706286015,-0.5032723336032716,-0.08538939607792966,0.226314012164054,-0.24752454186706488
2013-03-01,-0.49406803633747304,-0.369250750497662,1.2295641359758764,-0.2559827090561099,0.1836285050974808,-0.5200952754024286,-0.8717318405009038,-0.28870367884080017,-0.6998788652951876,-0.5528271316229254,-0.5833513030824842,0.18484078805986853,0.9840027801577215,1.263439483991557,1.336983894731518,0.8410302613055697,0.13955468032035398,-0.6827357286173005,-1.2809907014895858,-1.1507102330515022,0.11950698194157916,0.14973882483586495,0.02861843765117017,0.2796772564728177,-0.20434884671571432
2013-03-11,-0.30590102110995937,-0.3374430525275078,1.2488613957307686,-0.39137096308761427,0.5809045817947591,-0.2706774813819054,-1.0902623814764498,-0.5876482022572042,-0.4141329590535959,-0.44302824451919814,-1.1366716510513268,-0.6172729469350466,0.3684393555175166,1.1983399852472065,1.184185993901168,1.2357532809751124,0.9122029283694516,0.20427115312124106,-0.7621828129007922,-1.24398524095107,0.7933237345117597,0.8027499832750016,0.14262627138027004,0.33304050078158143,-0.16117315156436374
2013-03-21,-0.1177340058824496,-0.30563535455735347,1.2681586554856608,-0.5267592171191187,0.9781806584920375,-0.021259687361382163,-1.3087929224520012,-0.8865927256736083,-0.1283870528120002,-0.3332293574154709,0.4003293155287918,0.1514193824350804,-0.3185733951969978,-0.4779721074198274,-0.4256490327043041,-0.3709361934544347,-0.2355716430078311,0.0720465247875454,0.4213476829423929,0.48983255294677946,1.4671404870819407,1.455761141714138,0.2566341051093699,0.3864037450903451,-0.1179974564130132
2013-04-01,0.03424704487823314,-0.2976834300648149,1.0514355843922534,-0.7369672957469807,1.09127384820878,-0.02971452783665414,-1.0077063993301343,-0.7113493843605437,0.20560166876908512,-0.19386923147612475,1.6187518999450312,1.3434495163858573,0.2255407033688976,-0.9770682644598502,-1.3151510982524124,-1.610700043965815,-1.5121209223932968,-0.8425071545205159,0.4375604294607927,1.340281154384016,0.9792042179793958,0.9563996676136219,0.09512300732647845,0.3508282488845027,-0.20434884671571435
2013-04-11,0.18622809563891204,-0.28973150557227634,0.8347125132988473,-0.9471753743748428,1.2043670379255256,-0.03816936831192611,-0.7066198762082674,-0.5361060430474793,0.5395903903501704,-0.0545091055367786,0.41709659880057487,0.9256819460760055,1.0444599022205987,0.5690448307184818,0.2673985889190687,-0.26530608959920493,-0.7506704750405628,-1.0573721755627714,-0.8324380478138579,-0.20698662371469803,0.49126794887685116,0.4570381935131057,-0.06638809045641302,0.31525275267866015,-0.29070023701841546
2013-04-21,0.3382091463995948,-0.2817795810797378,0.6179894422054398,-1.1573834530027047,1.3174602276422682,-0.04662420878719809,-0.40553335308640054,-0.360862701734415,0.8735791119312557,0.08485102040256755,-0.2983074874621712,0.1904110223306666,0.6322522517918902,0.7589183687228382,0.7421634950705129,0.42962880418520116,-0.0004178283841926887,-0.48439878611675696,-0.7946083059375918,-0.6678748980419746,0.0033316797743066506,-0.04232328058741047,-0.22789918823930447,0.2796772564728177,-0.3770516273211165
2013-05-01,0.3707765144197422,-0.31358727904989203,0.4086883940946843,-1.2607060679214845,1.007178912265563,-0.3467710456593531,-0.3035524339644776,-0.3969422131812223,0.7474055948895127,-0.0882933784917716,0.23265648281096063,-0.7231073980802092,-1.6046612645345686,-1.3839401316120428,-1.2933228267052197,-0.4710068181593891,0.3859062956403562,1.2841056178464216,1.6589206671802441,1.071429661026438,0.21244722367539717,0.1881512459205201,-0.5889239950481207,0.3508282488845027,-0.7152612393400294
2013-05-11,0.4033438824398857,-0.34539497702004635,0.19938734598392727,-1.3640286828402641,0.6968975968888546,-0.6469178825315082,-0.20157151484255467,-0.4330217246280297,0.6212320778477658,-0.2614377773861108,0.37797293783308095,0.6304595297237104,0.5608029257175806,0.2109975876245522,0.08185828076792952,-0.2708655687494802,-0.5547089628541974,-0.6662076500755885,-0.4271193848538631,0.0015104527666889597,0.42156276757648775,0.4186257724284507,-0.9499488018569369,0.4219792412961875,-1.053470851358942
2013-05-21,0.43591125046003315,-0.3772026749902006,-0.009913702126828194,-1.4673512977590437,0.3866162815121493,-0.9470647194036632,-0.09959059572063177,-0.4691012360748371,0.4950585608060228,-0.4345821762804499,-0.47156941460393004,-0.26077795360397327,0.10462645924314307,0.47139558260195547,0.39291115031542756,0.47966411653767843,0.3747084949439924,0.11061204138487327,-0.27039616850933174,-0.5032719429250901,0.6306783114775784,0.6491002989363812,-1.310973608665753,0.49313023370787246,-1.3916804633778548
2013-06-01,0.3526835321863248,-0.4050344107140856,-0.30234140764327433,-1.6561822836450892,0.1894281558521865,-0.9935663420176591,-0.09959059572063177,-0.4948723156796995,0.4171278591037694,-0.45147431275794647,0.8139223028994418,0.6527404668069025,0.016688827151685258,-0.5267967314780904,-0.6057322729686451,-0.7712186922742524,-0.739472674344199,-0.3962490338942933,0.2538159689189284,0.6873560990870409,0.79332373451176,0.8027499832750016,-1.367977525530303,0.341934374833042,-1.3125250222670455
2013-06-11,0.26945581391262036,-0.43286614643797067,-0.5947691131597205,-1.845013269531135,-0.007759969807776251,-1.0400679646316549,-0.09959059572063177,-0.5206433952845619,0.33919715740152,-0.4683664492354429,1.7249446939996576,1.9227538805488518,1.0884287182663277,-0.3586230263885175,-0.7694443095725915,-1.5717836899138882,-1.9376373488551186,-1.6578923625783055,-0.39469389181706355,0.9452340621034933,0.9559691575459414,0.9563996676136219,-1.4249814423948528,0.19073851595821145,-1.233369581156236
2013-06-21,0.18622809563891204,-0.46069788216185564,-0.8871968186761665,-2.0338442554171805,-0.204948095467739,-1.086569587245651,-0.09959059572063177,-0.5464144748894243,0.26126645569926665,-0.48525858571293945,-1.170206217594893,-0.6228431812058448,0.35744715150608436,1.1820651105611186,1.2223854691087555,1.2357532809751124,0.8618128252358148,0.12163076041268124,-0.8432465454927912,-1.304339657827261,1.118614580580123,1.1100493519522423,-1.4819853592594028,0.039542657083381,-1.1542141400454267
2013-07-01,0.05957722000500975,-0.46467384440812487,-1.07274739324244,-2.0017786163044557,-0.36153866584476807,-0.9893389217800231,-0.08016565874502962,-0.4948723156796995,0.13880392445286963,-0.45147431275794647,-0.23123835437503873,-0.9681977059953221,-1.4837470204088143,-0.9607933897737624,-0.6111893408554433,0.09050057601841102,0.72743921687945,1.2785962583325179,1.2481977553807826,0.5227531439701565,0.9559691575459414,0.9563996676136219,-1.2729709974227197,0.09290590139214468,-1.0462749021670505
2013-07-11,-0.06707365562888869,-0.4686498066543942,-1.258297967808712,-1.969712977191731,-0.5181292362217972,-0.8921082563143954,-0.0607407217694223,-0.4433301564699747,0.01634139320646865,-0.41769003980295344,1.0877879296718993,0.8644093690972274,0.044169337180265826,-0.7275201859398387,-0.8403861921009681,-1.0491926497880149,-0.9914231900123832,-0.5284736622279889,0.3348797015109274,0.9232870014212419,0.79332373451176,0.8027499832750016,-1.0639566355860368,0.14626914570090843,-0.938335664288674
2013-07-21,-0.193724531262791,-0.47262576890066343,-1.4438485423749856,-1.9376473380790062,-0.6747198065988262,-0.7948775908487676,-0.04131578479382016,-0.3917879972602499,-0.10612113803992837,-0.38390576684796046,0.7729356104573056,0.7734288760075262,0.2750056214203426,-0.3152233605589502,-0.39836369327031296,-0.6989454633206744,-0.8103920787545028,-0.6111140549365487,-0.029006387013156953,0.49897716156438426,0.6306783114775784,0.6491002989363812,-0.8549422737493537,0.19963239000967212,-0.8303964264102975
2013-08-01,-0.2841894424298624,-0.44479403317677846,-1.4720522297090588,-1.659745132435392,-0.906705836787017,-0.8582888944133075,-0.09473436147672994,-0.40209642910219484,-0.33249127155599656,-0.4725894833548171,0.15999825529990055,0.2572538335802429,0.1870679893288848,0.06994867367845876,-0.021826009081236466,-0.11520015254177321,-0.22997274265964923,-0.25300568653278965,-0.14069419636213334,0.006997217937251765,0.39832770714303334,0.4186257724284506,-0.8359409681278369,0.09290590139214468,-0.7296531377238129
2013-08-11,-0.37465435359693766,-0.4169622974528935,-1.5002559170431335,-1.3818429267917778,-1.1386918669752109,-0.9217001979778472,-0.1481529381596449,-0.41240486094413975,-0.5588614050720647,-0.5612731998616737,-0.6112967752021226,-0.18836490808359896,0.4014159675518133,0.8131679510097973,0.8021912418252933,0.690924324248138,0.3579117938994469,-0.14281849625471,-0.6757148314693265,-0.8269910879882962,0.16597710280848824,0.18815124592052004,-0.8169396625063203,-0.013820587225382725,-0.6289098490373283
2013-08-21,-0.46511926476400905,-0.3891305617290085,-1.5284596043772067,-1.1039407211481636,-1.3706778971634015,-0.9851115015423871,-0.20157151484255467,-0.4227132927860847,-0.7852315385881329,-0.6499569163685303,-0.9689988183334955,-0.9960488773493122,-0.5494096794370745,0.2977969192836867,0.4256535576362168,0.9133034902591478,1.0577743374221802,0.8709036543036229,0.15113524096906303,-0.6130072463363464,-0.0663735015260569,-0.04232328058741047,-0.7979383568848037,-0.12054707584291013,-0.5281665603508435
2013-09-01,-0.5121610185708865,-0.36129882600512353,-1.5314284135702676,-1.0113066526002923,-1.2372859298051921,-0.7018743456207761,-0.08502189298893145,-0.29385789476177265,-0.6405030925696641,-0.43035914216107574,0.48416573188770734,-0.29419935922876145,-1.186957512100144,-1.2428912176659495,-1.1896385368560536,-0.6322317135173714,0.016378872660352897,0.8103006996506792,1.3292614879727815,1.0549693655147496,-0.01990338065914789,-0.003910859502755387,-0.7884377040740456,0.003967160877538515,-0.6145179506535448
2013-09-11,-0.559202772377764,-0.33346709028123844,-1.5343972227633267,-0.9186725840524208,-1.1038939624469797,-0.41863718969916497,0.03152772886469695,-0.1650024967374606,-0.4957746465511913,-0.21076136795362121,1.4063663118357785,1.8336301322160833,1.346745512534985,0.09164850659324238,-0.3055935391947434,-1.188179628544896,-1.7248791356242077,-1.7295140362590575,-0.7513743152218589,0.5282399091407192,0.026566740207761154,0.034501561581899695,-0.7789370512632869,0.12848139759798716,-0.700869340956246
2013-09-21,-0.6062445261846414,-0.30563535455735347,-1.5373660319563875,-0.8260385155045494,-0.9705019950887703,-0.1354000337775538,0.14807735071832018,-0.03614709871314851,-0.3510462005327224,0.008836406253833284,0.6462494701816108,1.4548542018018176,1.6435350208436552,0.8674175332967563,0.5457090511457774,-0.3820551517549851,-1.1929836025469303,-1.6964578791756333,-1.367458682921051,-0.34415575297876844,0.07303686107467015,0.07291398266655479,-0.7694363984525288,0.2529956343184358,-0.7872207312589471
2013-10-01,-0.5953887368445948,-0.27382765658719915,-1.4794742526917108,-0.790410027601522,-0.9473033920699506,-0.1354000337775538,0.177214756181726,-0.0052218031873136036,-0.42526591643962985,-0.07562427613364922,0.40032931552879175,1.1763424882619165,1.4566675526493071,0.8999672826689318,0.714878155636522,-0.14299754829314945,-0.9298352861823826,-1.4926115771611859,-1.3350331898842518,-0.49778517775452735,-0.06637350152605685,-0.08073570167206559,-0.48441681412977905,0.413085367244727,-0.700869340956246
2013-10-11,-0.5845329475045444,-0.24201995861704492,-1.4215824734270326,-0.7547815396984945,-0.924104789051134,-0.1354000337775538,0.20635216164513698,0.025703492338521303,-0.49948563234653726,-0.16008495852113175,-0.5442276421149901,-0.2162160794375891,0.2585173154031943,0.6558441623776162,0.6875928162025308,0.6575674493464864,0.4139007973812655,0.00042485110679359086,-0.4865661220879957,-0.6733616632125374,-0.20578386412678393,-0.23438538601068595,-0.19939722980702942,0.5731751001710181,-0.6145179506535448
2013-10-21,-0.5736771581644978,-0.2102122606468906,-1.3636906941623559,-0.7191530517954671,-0.9009061860323143,-0.1354000337775538,0.23548956710854277,0.056628787864356184,-0.5737053482534447,-0.24454564090861422,-0.42126756478858063,0.001023057123533788,0.4728652936261228,0.7155187028932711,0.7039640198629256,0.5463778663409814,0.21234038484671827,-0.2419869675049817,-0.643289338432527,-0.684335193553663,-0.345194226727511,-0.3880350703493063,0.08562235451572014,0.7332648330973093,-0.5281665603508435
2013-11-01,-0.5881515439512279,-0.1982843739080828,-1.2479071356330007,-0.7084645054245587,-0.9212049636737812,-0.21149359805500156,0.2403458013524446,0.06693721970630118,-0.532884504504647,-0.21920743619236951,0.4618093541919965,-0.11595186256322466,-0.862687493762893,-0.9607933897737624,-0.8294720563273716,-0.5043636930610406,-0.06760463256237506,0.5127952858998641,0.9671768157285194,0.8409855238627998,-0.043138441092602356,-0.08073570167206559,0.2946367163524032,0.786628077406073,-0.4130313732805753
2013-11-11,-0.6026259297379618,-0.18635648716927491,-1.1321235771036473,-0.6977759590536505,-0.941503741315248,-0.2875871623324493,0.24520203559634127,0.07724565154824613,-0.4920636607558453,-0.19386923147612475,0.7580313586601649,0.6750214038900946,0.16508358130602035,-0.3803228593033011,-0.5839040014214522,-0.7323023382223257,-0.7282748736478354,-0.4403239100055251,0.14573099212959642,0.5831075608463474,0.25891734454230625,0.2265636670051752,0.5036510781890862,0.8399913217148366,-0.2978961862103072
2013-11-21,-0.6171003155246918,-0.17442860043046704,-1.0163400185742921,-0.6870874126827423,-0.9618025189567149,-0.36368072660989714,0.2500582698402431,0.0875540833901911,-0.4512428170070476,-0.16853102675987996,0.3835620322570087,0.6137488269113164,0.5113380076661356,0.167597921794985,0.0654870771075349,-0.2708655687494802,-0.5435111621578338,-0.6331514929921647,-0.39469389181706355,0.017970748278377406,0.5609731301772147,0.5338630356824159,0.7126654400257693,0.8933545660236004,-0.18276099914003904
2013-12-01,-0.6713792622249363,-0.19430841166181348,-0.7417251682162079,-0.4626279388936692,-0.8690081068814393,-0.25376780043136143,-0.07045319025722596,-0.13923141713259815,-0.5477284476860269,-0.20653833383424713,0.774798641931948,0.001023057123533788,-1.0715393699801052,-1.367665256925955,-1.2824086909316232,-0.893527233580308,-0.30275844718601347,0.556870162011096,1.2914317460965155,1.2415193813138852,0.3053874654092152,0.30338850917448534,0.3706419388384698,0.74215870714877,-0.3194840337859825
2013-12-11,-0.7256582089251767,-0.2141882228931599,-0.4671103178581252,-0.2381684651045962,-0.7762136948061604,-0.14385487425282578,-0.3909646503547002,-0.3660169176553874,-0.64421407836501,-0.24454564090861422,1.0263078910086947,0.8644093690972274,0.1540913772945881,-0.5918962302224411,-0.8458432599877663,-0.9935978582852625,-0.9298352861823826,-0.5174549432001809,0.28083721311626136,0.8354987586922369,0.04980180064121566,0.07291398266655479,0.02861843765117025,0.5909628482739393,-0.45620706843192593
2013-12-21,-0.7799371556254211,-0.23406803412450633,-0.1924954675000409,-0.013708991315523104,-0.6834192827308847,-0.03394194807429013,-0.7114761104521693,-0.5928024181781767,-0.7406997090439893,-0.2825529479829814,0.8362786805951528,1.2710364708654829,1.0774365142548954,0.25982221168281533,0.016373466126351,-0.648910150968197,-1.1425934994132936,-1.2832559156328347,-0.7405658175429257,0.13867958203075936,-0.20578386412678393,-0.15756054384137577,-0.31340506353612935,0.43976698939910885,-0.5929301030778694
2014-01-01,-0.8269789094322986,-0.28575554332600706,0.08657259664763463,0.05754798449053183,-0.6312224259385427,-0.13117261353991783,-0.8280257323057925,-0.6031108500201215,-0.8891391408578041,-0.4134670056835793,0.5177002984312735,1.1317806140955322,1.264303982449243,0.6449942459202244,0.3055980641266562,-0.3264603602522327,-0.913038585137837,-1.2557091180633149,-0.9891612641583893,-0.2289336843969493,0.3286225258426697,0.34180093025914043,-0.39891093883295425,0.2707833824213571,-0.5209706111589518
2014-01-11,-0.8740206632391799,-0.3374430525275078,0.36564066079530855,0.12880496029658678,-0.5790255691461976,-0.22840327900554555,-0.9445753541594208,-0.6134192818620666,-1.037578572671619,-0.5443810633841771,0.7692095475080203,1.2543257680530888,1.1378936363177727,0.36289641802803746,0.120057755975517,-0.5655179637140684,-1.0922033962796567,-1.2997839941745466,-0.8216295501349247,0.03991780896062867,0.8630289158121234,0.8411624043596565,-0.4844168141297791,0.10179977544360536,-0.44901111924003423
2014-01-21,-0.9210624170460573,-0.3891305617290085,0.6447087249429841,0.2000619361026417,-0.5268287123538556,-0.3256339444711732,-1.0611249760130441,-0.6237277137040116,-1.1860180044854338,-0.6752951210847751,-0.3486093372775205,0.12913844535188834,0.5992756397575935,0.7806182016376219,0.824019513372486,0.5130209914393299,0.07796677649035345,-0.4348145504916211,-0.7946083059375918,-0.7062822542359143,1.397435305781577,1.3405238784601727,-0.569922689426604,-0.06718383153414645,-0.3770516273211165
2014-02-01,-0.8523090845590829,-0.4050344107140856,0.7144757409799026,-0.19541427962096325,-0.4804315063162163,-0.5581420575411525,-1.0514125075252405,-0.5412602589684519,-1.2528157488016491,-0.8273243493822436,0.29972561589809305,0.2628240678510409,0.022184929157401362,-0.15789957192676912,-0.25102286032676124,-0.2597466104489296,-0.25236834405237674,-0.12078105819909406,0.10790125025333021,0.23195458993032714,0.8630289158121234,0.8411624043596565,-0.6174259534803956,-0.18280419420313448,-0.3194840337859825
2014-02-11,-0.7835557520721046,-0.42093825969916276,0.7842427570168211,-0.5908904953445682,-0.43403430027858,-0.7906501706111317,-1.041700039037442,-0.4587928042328921,-1.3196134931178687,-0.9793535776797121,0.5568239593987675,1.3824411562814434,1.6655194288665194,0.9542168649558908,0.5457090511457774,-0.2986629645008564,-1.0698077948869291,-1.6083081269531696,-1.3512459364026514,-0.40451016985495947,0.32862252584266977,0.34180093025914043,-0.6649292175341872,-0.29842455687212255,-0.2619164402508484
2014-02-21,-0.7148024195851302,-0.4368421086842399,0.8540097730537396,-0.9863667110681731,-0.3876370942409406,-1.023158283681111,-1.0319875705496384,-0.37632534949733243,-1.386411237434084,-1.1313828059771807,-0.9466424406377847,-0.06581975412604248,1.0444599022205987,1.5672371447985278,1.5334383386562533,1.1690395311718094,0.4698898008630842,-0.4954175051445649,-1.3890756782789175,-1.4689426129441456,-0.20578386412678393,-0.15756054384137577,-0.7124324815879788,-0.41404491954111056,-0.20434884671571435
2014-03-01,-0.49044943989078954,-0.36527478825139276,0.9475272626351415,-0.9400496767942373,0.04153706160721289,-0.727238867046592,-0.8620193720131001,-0.26808681515691024,-1.015312657899547,-0.9160080658891002,-1.432893655519495,-1.140874968390061,-0.23613186511125603,0.9108171991263235,1.206014265448361,1.4914893218877736,1.3489171555276374,0.7441883854838313,-0.4000981406565301,-1.2384984757805075,-0.5775448310620561,-0.5416847546879267,-0.7029318287772206,-0.07607770558560704,-0.4705989668157095
2014-03-11,-0.2660964601964489,-0.2937074678185456,1.041044752216542,-0.8937326425203016,0.4707112174553695,-0.4313194504120729,-0.692051173476562,-0.15984828081648808,-0.6442140783650061,-0.7006333258010199,0.37797293783308095,0.6583107010777005,0.5882834357461612,0.2109975876245522,0.12551482386231522,-0.22638973554727815,-0.53231336146147,-0.6551889310477805,-0.43252363369332963,-0.00946307757443668,-0.9493057979973282,-0.9258089655344777,-0.6934311759664622,0.2618895083698965,-0.7368490869157046
2014-03-21,-0.04174348050210823,-0.22214014738569848,1.134562241797944,-0.847415608246366,0.899885373303523,-0.1354000337775538,-0.5220829749400238,-0.05160974647606595,-0.27311549883046904,-0.48525858571293945,-0.05797642723327991,0.16255985097667647,0.3134783354603555,0.3357716268845579,0.24557031737187582,0.15165484667143875,-0.02841233012510202,-0.20893081042155778,-0.3082259103855979,-0.23990721473807494,-1.3210667649326004,-1.3099331763810287,-0.6839305231557039,0.5998567223254,-1.0030992070156999
2014-04-01,0.21155827076569636,-0.1068372422438892,1.0707328441471455,-0.690650261473045,1.0825743720767247,-0.04239678854956208,-0.2549900915254645,0.0875540833901911,0.13509293865752367,-0.26566081150548493,1.8534938657499946,2.290389342421521,1.5501012867464812,-0.08737511495372233,-0.5075050510062773,-1.5884621273647141,-2.206384565567848,-2.1096598427184325,-0.805416803616525,0.8025781676688601,-0.6704850727958741,-0.6569220179418919,-0.5889239950481207,0.4575547375020301,-0.8232004772184058
2014-04-11,0.4648600220334971,0.00846566289792009,1.0069034464963487,-0.5338849146997241,1.265263370849923,0.05060645667842965,0.01210279188908963,0.22671791325644822,0.5433013761455124,-0.046063037298030365,0.0817509333649127,1.4994160759682018,2.440469811672491,1.9198594296637612,1.6207514248450248,0.3517960960813477,-0.9690275886196558,-2.1537347188296643,-2.3834574647407716,-1.309826422997824,-0.01990338065914801,-0.003910859502755195,-0.49391746694053745,0.31525275267866015,-0.6433017474211118
2014-04-21,0.7181617733013017,0.12376856803972935,0.9430740488455504,-0.3771195679264032,1.4479523696231247,0.14360970190642133,0.2791956753036489,0.3658817431227052,0.9515098136335052,0.17353473690942414,-0.9131078740942186,-0.04353881704285038,1.0389638002148827,1.540112353655048,1.5116100671090604,1.1301231771198825,0.4250985980776293,-0.5339830217418928,-1.3890756782789175,-1.4415087870913315,0.6306783114775784,0.6491002989363812,-0.39891093883295425,0.17295076785529026,-0.4634030176238177
2014-05-01,0.83033826314847,0.18738396398003793,0.9133859569149467,-0.04933747921855058,1.4653513218872387,0.3211613518871328,0.4928699820352984,0.44834919785826494,1.0776833306752482,0.28755665813252557,-1.6173337715091094,-1.7480305039070456,-1.0165783499229444,0.43342087500108417,0.6657645446553381,1.4692514052866728,1.7744335819894592,1.5099893579164851,0.340283950350394,-0.953186686911241,0.5377380697437604,0.533863035682416,-0.20889788261778783,0.2618895083698965,-0.3842475765130083
2014-05-11,0.9425147529956424,0.2509993599203465,0.8836978649843431,0.2784446094893021,1.4827502741513559,0.4987130018678442,0.7065442887669428,0.5308166525938246,1.203856847716991,0.4015785793556269,0.5400566761269844,0.7864260893060551,0.621260047780458,0.1404731306515055,-0.01091187330764005,-0.40985254750636135,-0.7114781726032897,-0.7819041998675721,-0.4271193848538631,0.11124575617794528,0.44479782800994233,0.4186257724284506,-0.018884826402621423,0.3508282488845027,-0.3050921354021989
2014-05-21,1.0546912428428108,0.31461475586065507,0.8540097730537396,0.6062266981971547,1.5001492264154699,0.6762646518485557,0.9202185954985922,0.6132841073293843,1.3300303647587342,0.5156005005787283,-0.6504204361696165,-0.6451241182890369,-0.3515500072312944,0.2435473369967276,0.42019648974941864,0.6853648450978626,0.7218403165312681,0.5403420834693841,0.03764601534026443,-0.4593778215605876,0.3518575862761243,0.30338850917448534,0.17112822981254502,0.43976698939910885,-0.2259366942913896
2014-06-01,0.9750821210157858,0.28280705789050076,0.7367418099278557,0.8378118695668333,1.4363530681137164,0.8199969399281792,0.8230939106205711,0.4792744933840998,1.2743655778285525,0.5240465688174766,0.31649289916987616,0.3909394560793954,0.19256409133460092,-0.05482536558154698,-0.005454805420841849,-0.19859233979590196,-0.3419507496232866,-0.33013671972744546,-0.12448144984373352,0.1277060516896337,0.21244722367539717,0.1881512459205201,0.12362496575875344,0.5375996039651757,-0.3410718813616577
2014-06-11,0.8954729991887649,0.2509993599203465,0.6194738468019702,1.0693970409365121,1.372556909811963,0.9637292280078028,0.7259692257425501,0.34526487943881523,1.218700790898375,0.5324926370562248,1.3001735177811518,1.8057789608620929,1.4291870426207267,0.2109975876245522,-0.18008097779838456,-1.0714305663891162,-1.668890132142389,-1.7515514743146736,-0.8756720385295907,0.3800972495355232,0.07303686107467013,0.07291398266655484,0.07612170170496176,0.6354322185312424,-0.4562070684319259
2014-06-21,0.81586387736174,0.21919166195019224,0.5022058836760863,1.3009822123061905,1.3087607515102098,1.1074615160874264,0.6288445408645289,0.21125526549353066,1.1630360039681935,0.540938705294973,-0.7957368911917369,0.4577822673289716,1.7754414689808418,2.0066587613228957,1.7135215789205944,1.0411715107154786,0.038774474053080384,-1.1730687253547551,-2.0105642948175766,-1.7048735152783467,-0.0663735015260569,-0.04232328058741047,0.02861843765117017,0.7332648330973093,-0.5713422555021942
2014-07-01,0.6421712479209603,0.16750415274869151,0.3240773320924648,1.350862095370429,0.952082230095865,0.917227605393807,0.5122949190109005,0.118479378916026,0.8253362965917621,0.3297869993262668,-0.04120914396149679,0.16255985097667647,0.2585173154031943,0.27067212814020714,0.2783127246926651,0.12385745092006245,-0.08440133360692072,-0.26953376507450166,-0.3352471545829309,-0.23442044956751212,-0.20578386412678393,-0.19597296492603083,-0.094890048888688,0.7599464552516911,-0.6864774425724623
2014-07-11,0.4684786184801806,0.1158166435471908,0.14594878050884177,1.4007419784346675,0.5954037086815234,0.7269936947001875,0.3957452971572773,0.025703492338521303,0.4876365892153348,0.11863529335756054,-0.4492130369082192,0.8031367921184492,1.9458206311580415,1.9035845549776735,1.5061529992222624,0.713162240849239,-0.31395624788237714,-1.4375179820221462,-2.0159685436570434,-1.4744293781147086,-0.345194226727511,-0.3496226492646512,-0.21839853542854618,0.7866280774060729,-0.8016126296427305
2014-07-21,0.29478598903940084,0.06412913434569008,-0.03217977107477969,1.450621861498906,0.23872518726717873,0.5367597840065681,0.2791956753036489,-0.0670723942389834,0.14993688183890355,-0.09251641261114574,-0.7286677581046043,0.27953477066343496,1.352241614540701,1.641378240590705,1.5079720218511952,0.9466603651607991,0.11529277881156592,-0.8976007496595557,-1.6322668760549148,-1.4396798653678105,-0.484604589328238,-0.5032723336032716,-0.34190702196840433,0.8133096995604547,-0.9167478167129988
2014-08-01,0.17899090274554896,0.06810509659195936,-0.22663677322023415,1.3294850026286127,0.0038393317016351416,0.4691210602043923,0.34718295471826416,0.056628787864356184,0.008919421615780678,-0.08407034437239748,-0.7063113804088936,-0.6117027126642487,-0.2251396610998238,0.3791712927141252,0.50750957593819,0.7409596366006151,0.7218403165312681,0.4742297693025362,-0.08124745912800073,-0.563626359801281,-0.6937201332293286,-0.6953344390265471,-0.38941028602219596,0.9200361881779823,-1.0390789529751587
2014-08-11,0.06319581645169323,0.07208105883822866,-0.4210937753656886,1.208348143758319,-0.23104652386391156,0.4014823364022166,0.41517023413287946,0.1803299699676958,-0.13209803860734617,-0.07562427613364923,-1.2763990116495192,-1.391535510575972,-0.8681835957686093,0.27067212814020714,0.589365594240163,1.2135153643740113,1.4440984614467292,1.223502663193478,0.2916457107951945,-0.7446896104298539,-0.9028356771304191,-0.8873965444498225,-0.43691355007598753,1.0267626767955096,-1.1614100892373185
2014-08-21,-0.05259926984215865,0.07605702108449792,-0.6155507775111431,1.0872112848880258,-0.46593237942945515,0.33384361260004075,0.48315751354749475,0.3040311520710354,-0.27311549883046904,-0.06717820789490098,0.43945297649628573,0.15698961670587844,-0.34055780321986223,-0.5593464808502658,-0.5948181371950486,-0.4598878598588386,-0.24676944370419485,0.11612140089877725,0.49700716669492534,0.5556737349935333,-1.1119512210315097,-1.079458649873098,-0.4844168141297791,1.1334891654130372,-1.2837412254994782
2014-09-01,-0.0598364627355256,0.14364837927107582,-0.6986774349168338,0.9874515187595486,-0.52102906159915,0.3422984530753127,0.5997071354011232,0.4328865500953475,-0.20631775451425358,0.06795888392507106,0.9480605690737067,1.4938458416974039,1.3247611045121206,0.35747145979934153,0.054572941333938474,-0.7378618173726011,-1.3273572109032952,-1.520158374730706,-0.913501780405857,0.11673252134850808,-1.1119512210315097,-1.079458649873098,-0.39891093883295425,1.1512769135159584,-1.2405655303481278
2014-09-11,-0.06707365562888869,0.21123973745765368,-0.7818040923225228,0.8876917526310718,-0.5761257437688448,0.35075329355058477,0.7162567572547464,0.5617419481196595,-0.13952001019803414,0.2030959757450431,-0.47156941460393004,-0.48358732443589425,-0.280100681156985,0.167597921794985,0.19645670639069193,0.4518667207863022,0.520279903996721,0.4301548931913044,0.08088000605599724,-0.30574839678482874,-1.1119512210315097,-1.079458649873098,-0.31340506353612935,1.1690646616188796,-1.1973898351967773
2014-09-21,-0.07431084852225564,0.27883109564423153,-0.8649307497282135,0.7879319865025949,-0.6312224259385397,0.3592081340258567,0.8328063791083747,0.6905973461439717,-0.07272226588181865,0.3382330675650151,0.6183039980619722,1.037086631491966,0.9235456580948442,0.31949675219847024,0.31651219990025264,-0.3320198394025079,-0.8458517809596546,-1.0904283326461954,-0.7405658175429257,-0.00946307757443668,-1.1119512210315097,-1.079458649873098,-0.22789918823930447,1.186852409721801,-1.1542141400454267
2014-10-01,0.0016796768580857398,0.382206114047233,-0.8738371773073944,0.6632322788419986,-0.5268287123538526,0.4818033209173003,0.8036689736449689,0.6596720506181367,-0.02447945054232904,0.38890947699750456,-0.13622374916826777,0.552476249932538,1.0939248202720437,1.003041489014154,0.8021912418252933,0.3184392211796962,-0.28036284579328596,-0.8700539520900358,-1.1134589874661212,-0.744689610429854,-1.0654811001646007,-1.0410462287884428,0.009617132029653485,0.973399432486746,-0.8016126296427305
2014-10-11,0.07767020223842712,0.4855811324502344,-0.8827436048865753,0.5385325711814026,-0.4224349987691686,0.6043985078087439,0.774531568181558,0.6287467550923018,0.023763364797160576,0.4395858864299941,-0.734256852528532,-0.8456525520377657,-0.6153629035056678,0.08079859013585058,0.2673985889190687,0.7187217199995141,0.9010051276730878,0.8323381377062952,0.28624146195572797,-0.37707634400214535,-1.0190109792976918,-1.0026338077037877,0.24713345229861153,0.7599464552516911,-0.44901111924003423
2014-10-21,0.1536607276187685,0.5889561508532358,-0.8916500324657562,0.41383286352080656,-0.31804128518448155,0.7269936947001875,0.7453941627181522,0.5978214595664669,0.0720061801366502,0.4902622958624836,0.2717801437784546,0.08457657118550414,-0.26361237513983665,-0.3640479846172133,-0.3328788786287345,-0.2597466104489296,-0.14598923743692124,0.08857460332925735,0.3294754526714608,0.3471766585121463,-0.9725408584307828,-0.9642213866191327,0.4846497725675696,0.5464934780166363,-0.0964096088373379
2014-11-01,0.18984669208559551,0.6565475090398135,-0.7283655268474357,0.5385325711814026,-0.21074774622244472,0.8326792006410872,0.8668000188156773,0.7318310735117515,0.20931265456443107,0.6253993876824555,-0.24800563764682182,0.023303994206725902,0.30248613144892317,0.4551207079158678,0.39291115031542756,0.3128797420294209,0.10036237788308097,-0.15934657479642195,-0.39469389181706355,-0.4154837001960851,-1.0887161605980553,-1.079458649873098,0.5036510781890862,0.4753424856049513,-0.01725416772652853
2014-11-11,0.2260326565524264,0.7241388672263914,-0.5650810212291169,0.6632322788419986,-0.10345420726040479,0.9383647065819868,0.9882058749132074,0.8658406874570359,0.346619128992208,0.7605364795024276,-0.27595110976646037,-0.8345120834961696,-1.1704692060829955,-0.6732706036528797,-0.43110610059110227,0.17389276327253972,0.6770491137458131,1.0802593158319744,0.9725810645679861,0.33071636300045787,-1.2048914627653278,-1.1946959131270631,0.522652383810603,0.4041914931932663,0.061901273384280836
2014-11-21,0.2622186210192534,0.7917302254129692,-0.4017965156107964,0.7879319865025949,0.003839331701632051,1.0440502125228865,1.1096117310107325,0.9998503014023206,0.48392560341998886,0.8956735713223997,2.239141381001007,1.8614813035700735,0.3079822334546394,-1.3513903822398674,-1.669860510894296,-2.1610884798430647,-2.0720109572114835,-1.1730687253547551,0.5726666504474578,1.839576784905232,-1.3210667649326004,-1.3099331763810287,0.5416536894321196,0.3330405007815814,0.1410567144950902
2014-12-01,0.25136283167920687,0.8155859988905849,-0.3468735455391789,0.48508983932686145,-0.010659795185129098,0.9975485899088907,1.0124870461327113,1.0101587332442656,0.37630701535497174,0.8449971618899101,0.025859989125635655,0.7752856207644591,1.2807922884663916,1.0301662801576335,0.7858200381648986,0.18501172157309023,-0.4875221586760151,-1.1014470516740031,-1.2269482130949196,-0.6953087238947887,-1.1816564023318734,-1.1946959131270631,0.35164063321695316,0.4219792412961875,-0.07482176126166261
2014-12-11,0.24050704233915643,0.8394417723682007,-0.291950575467563,0.18224769215112796,-0.025158922071890247,0.9510469672948948,0.9153623612546904,1.0204671650862105,0.26868842728995856,0.7943207524574207,0.2885474270502378,0.07343610264390808,-0.31307729319128164,-0.40744765044678066,-0.3765354217231202,-0.28198452705003063,-0.14598923743692124,0.11612140089877725,0.3673051945477269,0.3800972495355233,-1.0422460397311464,-1.079458649873098,0.16162757700178673,0.5109179818107938,-0.2907002370184154
2014-12-21,0.22965125299910988,0.8632975458458164,-0.23702760539594547,-0.1205944550246055,-0.039658048958651396,0.904545344680899,0.8182376763766693,1.0307755969281553,0.16106983922494145,0.7436443430249311,1.7920138270867898,1.6999445097169308,0.5937795377518773,-0.825169434056365,-1.1623531974220624,-1.7218896269713202,-1.8200604415432995,-1.2612184775772188,0.11330549909279677,1.2799267375078252,-0.9028356771304191,-0.9642213866191327,-0.028385479213379725,0.5998567223254,-0.5065787127751682
2015-01-01,0.19708388497896245,0.831489847875662,0.0375872449621388,-0.06002602558945882,0.012538807833690595,0.8073146792152713,0.6822631175474387,1.0050045173232929,0.08313913752268809,0.6929679335924416,1.2163371014222366,2.2792488738799253,2.3470360775753174,0.9759166978706744,0.5620802548061721,-0.8156945254764544,-1.9376373488551186,-2.5504086038307507,-1.8484368296335785,-0.2289336843969493,-1.0190109792976918,-1.0410462287884428,-0.4654155085082625,0.32414662673012085,-0.6145179506535448
2015-01-11,0.16451651695881891,0.7996821499055078,0.3122020953202215,0.000542403845687876,0.06473566462603568,0.7100840137496436,0.5462885587182134,0.9792334377184306,0.005208435820434714,0.6422915241599522,-0.8628060242788692,0.15698961670587844,1.3412494105292687,1.7082860587446211,1.4843247276750695,1.0634094273165795,0.28512608937308254,-0.7488480427841483,-1.5890328853391817,-1.523810264649774,-1.1351862814649643,-1.117871070957753,-0.9024455378031453,0.0484365311348416,-0.7224571885319212
2015-01-21,0.13194914893867152,0.7678744519353535,0.5868169456783058,0.061110833280834574,0.11693252141837766,0.6128533482840159,0.4103139998889828,0.9534623581135682,-0.07272226588181865,0.5916151147274626,-0.02444186068971369,0.6583107010777005,1.104917024283476,0.9216671155837154,0.8021912418252933,0.24616599222611796,-0.37554415171237776,-0.9637130638264038,-1.1242674851450545,-0.6788484283831002,-1.2513615836322367,-1.1946959131270631,-1.339475567098028,-0.2272735644604376,-0.8303964264102975
2015-02-01,0.1862280956389159,0.7360667539651993,0.7278353823486732,-0.16334864050823844,0.27352309179540674,0.5409872042442041,0.47830127930359806,1.0874719720588526,0.07942815172734212,0.6929679335924416,-0.8572169298549415,-0.3220505305827516,0.4948497016489871,1.0681409877585046,1.020473957297222,0.9466603651607993,0.5762689074785395,-0.07670618208786217,-0.8162253012954581,-1.073895520663623,-0.8331304958300556,-0.8105717022805123,-1.1494625108828618,-0.11165320179144954,-0.7800247820670553
2015-02-11,0.24050704233915643,0.7042590559950449,0.8688538190190421,-0.38780811429731143,0.4301136621724358,0.46912106020439237,0.5462885587182081,1.2214815860041373,0.2315785693365029,0.7943207524574207,-0.25918382649467725,-0.22735654797918517,-0.12071372299121759,0.1513230471088973,0.23465618159827945,0.32399870032997147,0.29632389006944626,0.18223371506562508,-0.03260921957280136,-0.2234469192263865,-0.4148994080278745,-0.4264474914339615,-0.9594494546676952,0.003967160877538515,-0.7296531377238128
2015-02-21,0.29478598903940084,0.6724513580248906,1.0098722556894095,-0.6122675880863846,0.5867042325494649,0.39725491616458053,0.6142758381328235,1.355491199949422,0.38372898694566365,0.8956735713223997,-0.6448313417456888,-0.02125787995965829,0.7421742919062124,1.1061156953593758,1.0859587719388002,0.8076733864039182,0.30192279041762815,-0.39073967438038926,-1.005374010676789,-1.0354881644696832,0.0033316797743066506,-0.04232328058741047,-0.7694363984525288,0.11958752354652656,-0.6792814933805705
2015-03-01,0.4684786184801806,0.6883552070099678,1.188000807273031,-0.3628681727651923,0.743294802926494,0.2915694102236809,0.6676944148157384,1.3451827681074768,0.4579487028525711,0.7647595136218018,2.110592209250669,2.8864044093969095,2.2590984454838603,0.276097086368903,-0.1746239099115864,-1.677413793769118,-2.654296593422398,-2.8038391414703345,-1.3998841759578509,0.6434619777225383,-0.3684292871609655,-0.3880350703493063,-0.4749161613190208,0.18184464190675093,-0.5065787127751682
2015-03-11,0.6421712479209603,0.704259055995045,1.366129358856654,-0.113468757444,0.899885373303523,0.18588390428278118,0.7211129914986482,1.334874336265532,0.5321684187594785,0.6338454559212039,-3.0649092273063845,-1.5363616016167205,1.1928546563749336,3.248974195694257,3.4161267596016365,3.3205579623283303,2.283933513674009,0.24834602923247284,-2.3618404693829054,-3.4770986653701357,-0.7401902540962375,-0.7337468601112022,-0.1803959241855129,0.24410176026697522,-0.33387593216976597
2015-03-21,0.81586387736174,0.7201629049801221,1.5442579104402756,0.13593065787719225,1.056475943680552,0.0801983983418815,0.7745315681815632,1.324565904423587,0.6063881346663859,0.502931398220606,-0.6112967752021226,-0.7509585694341994,-0.6098668014999518,0.015699091391499758,0.2510273852586741,0.607532136994009,0.7610326189685412,0.7276603069421195,0.28624146195572797,-0.28928810127314025,-1.1119512210315097,-1.079458649873098,0.11412431294799505,0.30635887862719957,-0.16117315156436376
2015-04-01,1.0185052783759838,0.7837783009204308,1.5383202920541554,0.43164710747232027,1.3580577829252019,0.35075329355058477,0.9930621091571094,1.4070333591591466,0.9589317852241971,0.6634066947568227,1.1939807237265259,1.5606886529469803,1.1488858403292048,0.05909875722106699,-0.27285113187395416,-0.982478899984712,-1.4393352178669323,-1.426499262994338,-0.616268094235194,0.4514251967528398,-0.8563655562635102,-0.8105717022805123,0.28513606354164484,0.2796772564728177,-0.01005821853463676
2015-04-11,1.2211466793902235,0.8473936968607393,1.5323826736680337,0.7273635570674482,1.6596396221698486,0.6213081887592878,1.2115926501326606,1.4895008138947063,1.3114754357820082,0.8238819912930395,-0.10827827704862926,0.3352371133714151,0.6982054758604835,0.6829689535210957,0.4529388970702079,0.2183685964747417,-0.1347914367405575,-0.5009268646584689,-0.67031058262986,-0.4813248822428388,-0.6007798914955106,-0.5416847546879268,0.4561478141352946,0.2529956343184359,0.14105671449509022
2015-04-21,1.4237880804044671,0.9110090928010479,1.5264450552819138,1.023080006662576,1.9612214614144985,0.891863083967991,1.4301231911082068,1.5719682686302665,1.6640190863398194,0.9843572878292562,0.19912191626739445,1.014805694408774,1.4676597566607394,1.0193163637002416,0.7367064271837147,0.02934630536538326,-0.6946814715587443,-1.2997839941745466,-1.3134161945263854,-0.6294675418480349,-0.345194226727511,-0.27279780709534107,0.6271595647289443,0.226314012164054,0.2921716475248172
2015-05-01,1.5612947453784198,0.9945042999727028,1.4165991151386803,1.1584682606940806,1.8858260016033368,0.9341372863443509,1.4592605965716126,1.463729734289844,1.693706972702583,0.9885803219486303,0.0035036114299248204,0.8755498376388234,1.451171450643591,1.1766401523324228,1.0695875682784057,0.30176078372887044,-0.5211155607651062,-1.2612184775772186,-1.4485224155130503,-0.8379646183294219,-0.6007798914955106,-0.5416847546879267,0.6271595647289443,0.20852626406113273,0.299367596716709
2015-05-11,1.6988014103523688,1.077999507144358,1.3067531749954453,1.2938565147255852,1.810430541792175,0.9764114887207107,1.4883980020350185,1.355491199949422,1.723394859065347,0.9928033560680045,-1.2372753506820258,0.01773375993592787,1.5720856947693458,2.163982549955077,1.9918320411473032,1.4803703635872232,0.5258788043449029,-0.7874135593814762,-1.9619260552623774,-1.995672069318176,-0.8563655562635102,-0.8105717022805123,0.6271595647289443,0.19073851595821154,0.3065635459086008
2015-05-21,1.8363080753263215,1.1614947143160128,1.1969072348522118,1.4292447687570895,1.7350350819810134,1.0186856910970705,1.5175354074984242,1.2472526656089997,1.7530827454281106,0.9970263901873786,-1.1031370845077606,-0.38332310756152976,0.676221067837619,1.3448138574219959,1.3315268268447198,1.2246343226745617,0.72743921687945,-0.10976233917128607,-1.0810334944293216,-1.3976146657268291,-1.1119512210315097,-1.079458649873098,0.6271595647289443,0.17295076785529026,0.31375949510049256
2015-06-01,1.861638250453102,1.2529418459802064,1.0692484395506168,1.632327149804346,1.685738050566021,1.18778250060251,1.54667281296183,1.2524068815299723,1.7605047170188026,1.077264038455487,-1.0472461402684834,-1.2355689509936274,-0.8736796977743252,0.09707346482193831,0.2673985889190687,0.9466603651607993,1.2705325506530911,1.2069745846517659,0.45377317597919253,-0.49778517775452735,-1.0422460397311464,-1.0410462287884428,0.7411673984580441,0.15516301975236904,0.4145027837869772
2015-06-11,1.8869684255798786,1.3443889776444,0.9415896442490199,1.8354095308516025,1.6364410191510321,1.3568793101079497,1.5758102184252358,1.2575610974509448,1.7679266886094906,1.1575016867235954,1.7025883163039466,1.6609528698213445,0.6432444558033225,-0.7058203530250551,-0.9495275498369324,-1.5551052524630626,-1.7248791356242077,-1.2557091180633149,0.016029019982398,1.159217903755443,-0.9725408584307828,-1.0026338077037877,0.8551752321871441,0.13737527164944777,0.5152460724734618
2015-06-21,1.912298600706659,1.4358361093085936,0.8139308489474246,2.038491911898859,1.5871439877360398,1.525976119613389,1.6049476238886415,1.2627153133719171,1.7753486602001824,1.2377393349917039,0.8251004917472974,2.3683726222126937,3.017560522272684,1.773385557488972,1.2005571975615625,-0.3820551517549851,-1.8424560429360268,-2.8974982532067024,-2.5780104229615692,-0.9092925655467384,-0.9028356771304191,-0.9642213866191327,0.9691830659162439,0.11958752354652656,0.6159893611599464
2015-07-01,1.9050614078132921,1.5630669011892109,0.6981472904180696,2.2415742929461153,1.494349575660764,1.7162100303070082,1.5758102184252358,1.2575610974509448,1.712261901679309,1.339092153856683,-2.7966326949578546,-0.7008264609970171,2.319555567546737,3.8999691831377654,3.7271796291491346,3.0981787963173204,1.56727426910673,-0.836997795006612,-3.3183925139684933,-3.828251636286156,-1.1351862814649643,-1.1562834920424083,1.1686967749421684,0.18184464190675093,0.7239285990383229
2015-07-11,1.897824214919929,1.690297693069828,0.5823637318887162,2.444656673993372,1.4015551635854853,1.906443941000628,1.54667281296183,1.2524068815299723,1.6491751431584396,1.4404449727216617,-2.4053960852829155,-1.7870221438026317,-0.07674490694548872,1.7299858916594049,1.9099760228453302,2.397684423382639,2.138362104621281,1.0582218777763586,-0.8540550431717244,-2.171248554776186,-1.3675368857995094,-1.3483455974656835,1.3682104839680933,0.24410176026697522,0.8318678369166993
2015-07-21,1.890587022026562,1.8175284849504452,0.46658017335936103,2.6477390550406286,1.3087607515102098,2.0966778516942473,1.5175354074984242,1.2472526656089997,1.586088384637566,1.541797791586641,-0.6727768138653272,-0.2032188661390604,0.41790427356896165,0.8529509780202339,0.9622652331713742,0.8206455044212269,0.436296398773993,-0.11894460502779271,-0.7279559035841704,-0.898319035205613,-1.5998874901340543,-1.5404077028889593,1.567724192994018,0.30635887862719957,0.9398070747950757
2015-08-01,1.8942056184732454,1.9527112013236008,0.22165341493188034,2.405465337300042,1.1579698318878864,2.1516343147835153,1.3912733171569973,1.16478521087344,1.58237739884222,1.7064961222422317,-0.6839550027131828,0.040014697019119964,0.8575924340262508,1.209189901704598,1.2551278764295448,0.8910655736580468,0.28512608937308254,-0.48990814563066093,-1.156692978181854,-1.1452234678809396,-1.7160627923013267,-1.6556449661429242,1.738735943587668,0.4219792412961875,0.9757868207545345
2015-08-11,1.897824214919929,2.0878939176967566,-0.023273343495598776,2.163191619559455,1.00717891226556,2.206590777872783,1.2650112268155704,1.0823177561378803,1.5786664130468782,1.8711944528978226,-1.4776064109109168,-0.8122311464129774,0.41790427356896165,1.4533130219959136,1.5279812707694553,1.5693220299916273,1.1361589422967264,0.24283666971856885,-0.9945655129978559,-1.6006249770376533,-1.8322380944685996,-1.7708822293968896,1.9097476941813176,0.5375996039651756,1.0117665667139932
2015-08-21,1.9014428113666124,2.223076634069912,-0.26820010192307947,1.9209179018188685,0.8563879926432365,2.261547240962051,1.1387491364741436,0.9998503014023206,1.574955427251532,2.0358927835534133,-1.231686256258098,-0.6729752896430269,0.3354627434832199,1.1983399852472065,1.358812166278711,1.3747402597319935,0.984988632895816,0.21528987214904896,-0.8378422966533247,-1.3592073095328896,-1.948413396635872,-1.886119492650855,2.0807594447749675,0.6532199666341636,1.047746312673452
2015-09-01,1.941247372280123,2.3423555014579907,-0.24148081918553674,2.084808946172795,0.8679872941526479,2.3672327469029506,1.1581740734497457,1.0307755969281553,1.574955427251532,2.0950152612246513,-1.0807807068120496,-0.5170087300606824,0.42340037557467775,1.1549403194176393,1.2278425369955537,1.2135153643740113,0.8170216224503599,0.09408396284316135,-0.8432465454927911,-1.2494720061216331,-2.0181185779362356,-1.962944334820165,2.156764667261034,0.5375996039651756,1.198861245703179
2015-09-11,1.9810519331936374,2.4616343688460693,-0.2147615364479924,2.248699990526721,0.8795865956620561,2.4729182528438503,1.177599010425353,1.0617008924539904,1.574955427251532,2.1541377388958893,-0.5442276421149902,-0.18279467381280093,0.3024861314489232,0.6829689535210957,0.8240195133724861,0.690924324248138,0.3747084949439924,-0.07119682257395818,-0.5676298546799946,-0.71725578457704,-2.087823759236599,-2.0397691769894752,2.2327698897471007,0.4219792412961875,1.3499761787329063
2015-09-21,2.020856494107148,2.5809132362341476,-0.18804225371044966,2.412591034880647,0.8911858971714676,2.5786037587847495,1.1970239474009552,1.0926261879798254,1.574955427251532,2.213260216567127,-1.5223191663023385,-0.2496374850623772,1.4566675526493074,2.299606505672474,2.2483142318268197,1.7972606751529123,0.8338183234949056,-0.5835672573670287,-1.9889472994597104,-2.1931956154584373,-2.1575289405369626,-2.1165940191587858,2.308775112233167,0.30635887862719957,1.501091111762633
2015-10-01,2.0968470194874893,2.6842882546371496,-0.15390094799025483,2.3912139421388305,0.9955796107561546,2.701198945676193,1.2795799295472707,1.175093642715385,1.7345278164513849,2.39062764958084,-1.4831955053348445,-0.13266256537561874,1.6105584088093585,2.397255753789,2.373826793223178,1.8028201543031876,0.7274392168794501,-0.7598667618119562,-2.1510747646437083,-2.264523562675754,-2.180764000970417,-2.1550064402434406,2.270772500990134,0.4575547375020301,1.3499761787329063
2015-10-11,2.1728375448678303,2.7876632730401507,-0.1197596422700616,2.3698368493970143,1.0999733243408385,2.8237941325676363,1.3621359116935914,1.2575610974509446,1.8941002056512335,2.5679950825945537,-1.9415012480969163,-0.9069251290165439,0.8246158219919542,2.104308009439422,2.346541453789187,2.1975431739727305,1.4384995610985474,0.07204652478754538,-1.6106498806970482,-2.2754970930168796,-2.203999061403872,-2.193418861328096,2.2327698897471007,0.6087505963768607,1.198861245703179
2015-10-21,2.2488280702481718,2.8910382914431523,-0.08561833654986677,2.348459756655198,1.2043670379255256,2.94638931945908,1.4446918938399071,1.3400285521865043,2.0536725948510863,2.745362515608267,-0.8572169298549415,-1.4193866819299623,-1.428786000351653,-0.4888220238772192,-0.28376526764755056,0.6631269284967616,1.3041259527421825,1.6146671886806607,1.0860702901967845,-0.00946307757443668,-2.227234121837326,-2.2318312824127506,2.1947672785040675,0.7599464552516911,1.047746312673452
2015-11-01,2.2886326311616823,2.95862964962973,0.0034459392419439704,2.291454176010354,1.3319593545290294,3.081666767063432,1.7312097142300684,1.6492815074448535,2.2614877993904288,2.960737255696347,0.43945297649628573,0.11799797681029228,-0.4229993333056039,-0.6244459795946166,-0.6439317481762326,-0.4710068181593891,-0.2075771412669218,0.2152898721490489,0.6050921434842573,0.6160281518697244,-1.762532913168236,-1.7708822293968896,2.1472640144502755,0.7777342033546123,0.9973746683302098
2015-11-11,2.3284371920751967,3.026221007816308,0.09251021503375628,2.2344485953655098,1.459551671132536,3.2169442146677834,2.017727534620235,1.9585344627032026,2.4693030039297668,3.176111995784428,-0.0020854829940028727,-0.16051373672960886,-0.3185733951969978,-0.22842402889981578,-0.22919458877956844,-0.004010569536268214,0.1563513813648996,0.3199677029132247,0.340283950350394,0.16062664271301058,-1.2978317044991459,-1.3099331763810287,2.0997607503964844,0.7955219514575336,0.9470030239869673
2015-11-21,2.368241752988707,3.093812366002886,0.181574490825567,2.177443014720666,1.5871439877360398,3.3522216622721355,2.3042453550103965,2.267787417961552,2.677118208469109,3.3914867358725083,0.8921696248344297,1.2431852995114927,0.9345378621062764,0.10249842305063417,-0.04365428062842931,-0.6822670258698486,-1.120197898020566,-1.1730687253547551,-0.5892468500378609,0.25938841578314126,-0.8331304958300557,-0.8489841233651675,2.0522574863426923,0.8133096995604547,0.8966313796437251
2015-12-01,2.3718603494353907,3.137547950711848,0.37009387458489984,2.1988201074624825,1.5697450354719258,3.2972651991828674,2.119708453742158,2.1904741791469644,2.487857932906497,3.2521266099331623,0.03144908354956335,0.4633525015997697,0.7421742919062124,0.5853197054045693,0.3601687429946383,0.09050057601841102,-0.25796724440055857,-0.5560204597975088,-0.6324808407535938,-0.3715895788315825,-0.8563655562635102,-0.8873965444498225,2.0902600975857255,1.204640157824722,0.6087934119680546
2015-12-11,2.375478945882074,3.18128353542081,0.5586132583442343,2.220197200204299,1.5523460832078118,3.2423087360935994,1.9351715524739144,2.113160940332377,2.29859765734388,3.112766483993816,1.6690537497603803,2.139993017109975,1.5336129807293328,0.004849174934107945,-0.4092778290439094,-1.3994398362553557,-2.0104230533814826,-1.9664164953569288,-0.8216295501349248,0.6599222732342268,-0.8796006166969648,-0.9258089655344777,2.128262708828759,1.5959706160889895,0.32095544429238426
2015-12-21,2.3790975423287577,3.225019120129772,0.747132642103567,2.2415742929461153,1.5349471309436977,3.1873522730043313,1.7506346512056759,2.0358477015177896,2.109337381781268,2.97340635805447,-0.5162821699953516,1.1484913169079265,2.566880157803962,2.429805503161176,2.319256114355196,1.0467309898657537,-0.4539287565869239,-2.0104913714681607,-2.7617548835034333,-1.935317652441985,-0.9028356771304191,-0.9642213866191327,2.1662653200717923,1.9873010743532566,0.0331174766167138
2016-01-01,2.3284371920751967,3.1773075731745406,0.8629162006329205,1.9244807506091712,1.6277415430189734,3.1535329111032437,1.5806664526691376,1.963688678624175,2.1130483675766136,3.007190631009463,-2.1371195529343856,-1.0406107515156966,0.8520963320205347,2.2833316309863863,2.4393116078647568,2.3420896318798867,1.5840709701512758,0.14917755798220111,-1.680905115610114,-2.4565603436454517,-1.5301823088336908,-1.5788201239736144,2.128262708828759,2.18296630348539,-0.15397720237247198
2016-01-11,2.2777768418216358,3.129596026219309,0.9786997591622756,1.607387208272227,1.7205359550942523,3.1197135492021557,1.4106982541325994,1.8915296557305603,2.1167593533719558,3.0409749039644556,0.24942376608274383,0.07900633691470611,-0.24162796711697215,-0.34234815170242977,-0.42564903270430404,-0.2875440062003059,-0.11799473569601188,0.14366819846829712,0.3727094433871936,0.358150188853272,-2.1575289405369626,-2.193418861328096,2.0902600975857255,2.3786315326175242,-0.3410718813616577
2016-01-21,2.227116491568075,3.081884479264078,1.094483317691629,1.2902936659352822,1.813330367169528,3.085894187301068,1.2407300555960612,1.8193706328369454,2.120470339167302,3.074759176919449,0.19353282184346676,0.8254177292016411,1.1323975343120565,0.7860431598663178,0.5839085263533648,0.012667867914557516,-0.5827034645951069,-1.0518628160488672,-1.0323952548741222,-0.4758381170722761,-2.7848755722402343,-2.8080175986825777,2.0522574863426923,2.5742967617496575,-0.5281665603508435
2016-02-01,2.1873119306545643,2.9427258006446526,1.2993311520127948,1.2190366901292273,1.8568277478298145,2.8491586539934532,1.2310175871082576,1.8760670079676427,2.094493438599884,2.97340635805447,0.43386388207235793,0.8866903061804194,0.9290417601005603,0.4551207079158678,0.2783127246926651,-0.22638973554727823,-0.6834836708623805,-0.9361662662568837,-0.7243530710245261,-0.14114544166794424,-2.6919353305064164,-2.731192756513267,1.767237902019943,2.46757027313213,-0.6576936458048953
2016-02-11,2.1475073697410503,2.803567122025228,1.5041789863339605,1.1477797143231725,1.900325128490098,2.6124231206858375,1.221305118620459,1.9327633830983404,2.0685165380324664,2.872053539189491,-0.16975831571183403,0.9145414775344095,1.742464856946545,1.5292624371976564,1.3206126910711233,0.4852235956879537,-0.47072545763146945,-1.4044618249387224,-1.7565645993626466,-1.1342499375398136,-2.5989950887725985,-2.654367914343957,1.4822183176971933,2.3608437845146026,-0.7872207312589471
2016-02-21,2.10770280882754,2.6644084434058026,1.7090268206551265,1.0765227385171174,1.9438225091503845,2.375687587378222,1.2115926501326555,1.9894597582290376,2.0425396374650484,2.7707007203245118,-2.0644613254233257,-0.8846441919333518,1.0169793921920183,2.353856087959433,2.4665969472987475,2.264256923776033,1.4273017604021834,-0.04365002500443827,-1.816011336596779,-2.473020639157141,-2.5060548470387802,-2.5775430721746466,1.1971987333744438,2.254117295897075,-0.9167478167129988
2016-03-01,2.0606610550206623,2.4377785953684534,1.801059905639998,1.112151226420145,2.054015873489777,2.206590777872783,1.1873114789131514,1.9018380875725054,1.9980078079209047,2.5088726049233157,-1.2540426339538087,-1.380395042034376,-0.8681835957686093,0.29237196105499075,0.5620802548061721,1.1745990103220845,1.4105050593576378,1.2290120227073817,0.32407120383199417,-0.7062822542359143,-1.7857679736016907,-1.8477070715662,1.5392222345617432,2.4319947769262873,-0.8016126296427305
2016-03-11,2.013619301213781,2.2111487473311042,1.893092990624868,1.1477797143231725,2.164209237829167,2.0374939683673436,1.1630303076936475,1.814216416915973,1.953475978376761,2.24704448952212,0.8977587192583575,1.020375928679572,0.5278263136832839,-0.21757411244242403,-0.2237375208927703,-0.7211833799217753,-0.9970220903605651,-0.8865820306317478,-0.2487791731514653,0.4514251967528398,-1.0654811001646007,-1.117871070957753,1.8812457357490429,2.6098722579555,-0.6864774425724623
2016-03-21,1.9665775474069034,1.984518899293755,1.9851260756097395,1.1834082022262,2.2744026021685597,1.868397158861904,1.1387491364741436,1.7265947462594409,1.9089441488326173,1.985216374120924,-0.7286677581046043,0.3742287532670014,1.5226207767179005,1.7516857245741884,1.6480367642790157,1.0133741149641022,0.08916457718671716,-1.0132972994515395,-1.778181594720513,-1.5402705601614621,-0.345194226727511,-0.3880350703493063,2.2232692369363423,2.787749738984712,-0.5713422555021942
2016-04-01,1.8724940397931484,1.7221053910399822,1.7565277677440918,0.9482601820662185,2.1526099363197586,1.5175212791381172,1.0610493885717245,1.494655029815679,1.8866782340605457,1.7191652246003544,-0.25918382649467725,0.11799797681029228,0.4508808856032583,0.5690448307184817,0.5784514584665668,0.3740340126824487,0.04437337440126225,-0.3136086411857335,-0.5784383523589278,-0.5307057687779042,-0.7866603749631466,-0.8105717022805123,2.1567646672610343,2.698810998470106,-0.5497544079265189
2016-04-11,1.7784105321793937,1.4596918827862093,1.5279294598784425,0.7131121619062372,2.0308172704709575,1.1666453994143302,0.9833496406693109,1.2627153133719171,1.8644123192884698,1.4531140750797842,-0.39891118709286993,0.32409664482981915,1.0224754941977343,1.1386654447315514,1.0477592967312128,0.6130916161442844,-0.006016728732374545,-0.6992638071590124,-1.1512887293423872,-0.953186686911241,-1.2281265231987823,-1.2331083342117182,2.0902600975857255,2.6098722579555,-0.5281665603508435
2016-04-21,1.6843270245656388,1.1972783745324365,1.2993311520127948,0.47796414174625595,1.9090246046221564,0.8157695196905432,0.9056498927668919,1.0307755969281553,1.842146404516398,1.1870629255592142,-0.9969442904531342,-0.6395538840182388,0.1376030712774398,0.8836924079828441,0.824019513372486,1.0189335941143776,0.8450161241912691,0.3475145004827446,-0.46494912673012934,-0.9861072779346179,-1.669592671434418,-1.6556449661429242,2.0237555279104176,2.520933517440894,-0.5065787127751682
2016-05-01,1.5395831666983228,0.9746244887413564,1.1330778372014134,0.47440129295595324,1.5929436384907456,0.5071678423431162,0.9493560009620032,0.9328454944296782,1.604643313614292,0.8872275030836514,-0.2983074874621712,-0.9069251290165439,-1.2639029401801696,-0.7383701023972304,-0.5184191867798735,0.16277380497198923,0.7330381172276318,1.179427787082246,1.0806660413573181,0.3746104843649604,-1.0422460397311464,-1.0410462287884428,1.5867254986155348,2.3964192807204454,-0.7368490869157046
2016-05-11,1.3948393088310032,0.7519706029502765,0.9668245223900338,0.4708384441656505,1.2768626723593346,0.19856616499568913,0.9930621091571094,0.8349153919312012,1.3671402227121898,0.5873920806080883,1.1492679683351041,0.7251535123272768,-0.28559678316270104,-1.036742804975505,-1.1132395864408786,-1.1437037953426943,-0.8962418840932915,-0.23096824847717376,0.7131771202735894,1.1701914340965687,-0.4148994080278745,-0.4264474914339614,1.149695469320652,2.2719050439999964,-0.967119461056241
2016-05-21,1.2500954509636875,0.5293167171591965,0.8005712075786525,0.46727559537534774,0.9607817062279236,-0.11003551235173789,1.0367682173522206,0.7369852894327241,1.1296371318100837,0.28755665813252557,-0.052387332809352205,0.4076501588917894,0.7476703939119286,0.6504192041489203,0.3328834035606472,0.10717901346923675,-0.22997274265964926,-0.5615298193114128,-0.6649063337903933,-0.4374307608783363,0.21244722367539717,0.1881512459205201,0.7126654400257693,2.147390807279548,-1.1973898351967773
2016-06-01,1.0221238748226633,0.3344945670920015,0.574941708906064,0.44233565384322854,0.7983914850961887,-0.1058080921141019,0.9930621091571094,0.6596720506181367,0.973775728405577,0.18198080514817247,-0.8739842131267246,-0.29419935922876145,0.5717951297290128,1.1332404865028556,1.02593102518402,0.9577793234613499,0.5706700071303576,-0.09323426062957413,-0.8540550431717243,-1.1123028768575627,0.30538746540921524,0.26497608808983025,0.2946367163524032,1.9695133262503355,-1.3628966666102877
2016-06-11,0.794152298681643,0.1396724170248065,0.34931221023347714,0.4173957123111092,0.6360012639644571,-0.10158067187646592,0.9493560009620032,0.5823588118035495,0.8179143250010742,0.07640495216381933,0.5009330151594904,-0.2329267822499832,-1.1319964920429826,-1.2320413012085576,-1.0804971791200892,-0.6266722343670961,-0.045209031169647605,0.7056228688865035,1.2265807600229162,1.0165620093208096,0.39832770714303334,0.34180093025914043,-0.12339200732096291,1.791635845221123,-1.5284034980237984
2016-06-21,0.5661807225406189,-0.05514973304238849,0.1236827115608887,0.39245577077899,0.4736110428327223,-0.09735325163882992,0.9056498927668919,0.5050455729889622,0.6620529215965675,-0.02917090082053385,1.4510790672272,1.6832338069045365,1.0169793921920183,-0.23927394535720767,-0.5675327977610576,-1.3049286907006765,-1.674489032490571,-1.4871022176472821,-0.43252363369332963,0.7312502204515434,0.4912679488768513,0.4186257724284506,-0.541420730994329,1.6137583641919104,-1.6939103294373088
2016-07-01,0.3273533570595482,-0.17840456267673632,-0.07225869518109618,0.3995814683595955,0.12273217217308337,-0.2875871623324493,0.7502503969620592,0.37103595904367764,0.346619128992208,-0.21498440207299538,-0.7957368911917366,-0.22178631370838714,0.5827873337404451,1.0789909042158965,1.0423022288444146,0.8910655736580468,0.4586920001667204,-0.20893081042155778,-0.9080975315663904,-1.0793822858341857,0.39832770714303334,0.34180093025914043,-0.7599357456417706,1.6849093566035958,-1.924180703577845
2016-07-11,0.08852599157847368,-0.3016593923110842,-0.26820010192307947,0.40670716594020107,-0.2281466984865587,-0.47782107302606874,0.5948509011572213,0.23702634509839307,0.031185336387852505,-0.4007979033254569,-0.7286677581046043,-0.912495363287342,-0.7362771476314224,-0.02227561620937157,0.20191377427749016,0.674245886797312,0.9066040280212697,0.892941092359239,0.37270944338719353,-0.3222086922965172,0.3053874654092152,0.26497608808983025,-0.9784507602892119,1.7560603490152804,-2.1544510777183814
2016-07-21,-0.150301373902597,-0.42491422194543205,-0.4641415086650644,0.41383286352080656,-0.5790255691461976,-0.6680549837196881,0.43945140535238864,0.10301673115310853,-0.28424845621650696,-0.5866114045779184,0.2997256158980931,-0.14008954440334948,-0.7106286716047472,-0.7347534635781,-0.5802659561635868,-0.33572615883602475,-0.01908082954479894,0.41362681464959233,0.7203827853928781,0.5940810911874731,0.21244722367539717,0.1881512459205201,-1.1969657749366533,1.8272113414269655,-2.384721451858918
2016-08-01,-0.3348497926834233,-0.5004575046245485,-0.6066443499319621,0.41739571231110933,-0.7588147425420464,-0.6511453027691442,0.31804554925486356,0.020549276417548785,-0.45866478859773957,-0.6161726434135373,0.132052783180262,0.4355013302457795,0.5388185176947161,0.39544616740021293,0.2783127246926651,-0.015129527836818722,-0.3139562478823772,-0.5450017407697008,-0.49737461976692887,-0.20698662371469803,0.3286225258426697,0.30338850917448534,-0.7789370512632869,1.7738480971182018,-2.0249239922643296
2016-08-11,-0.5193982114642535,-0.5760007873036649,-0.7491471911988584,0.420958561101412,-0.9386039159378952,-0.6342356218186003,0.19663969315733332,-0.06191817831801094,-0.6330811209789722,-0.6457338822491562,0.06498365009312956,0.5691869527449321,0.8520963320205347,0.6829689535210957,0.5784514584665668,0.112738492619512,-0.3867419524087415,-0.814960356950996,-0.859459292011191,-0.45937782156058754,0.44479782800994216,0.4186257724284506,-0.36090832758992086,1.720484852809438,-1.6651265326697415
2016-08-21,-0.7039466302450798,-0.6515440699827814,-0.8916500324657562,0.4245214098917148,-1.118393089333744,-0.6173259408680563,0.07523383705980825,-0.14438563305357063,-0.8074974533602047,-0.6752951210847751,-1.0584243291163389,-0.48915755870669225,0.4453847835975422,1.165790235875031,1.2005571975615628,1.1745990103220845,0.7890271207094506,0.055518446245833436,-0.859459292011191,-1.2439852409510703,0.5609731301772147,0.5338630356824159,0.05712039608344516,1.6671216085006744,-1.3053290730751537
2016-09-01,-0.8052673307522016,-0.6833517679529356,-0.9050096738345283,0.49221553690746694,-1.0835951848055159,-0.47782107302606874,-0.012178379330409172,-0.22169887186815787,-0.8334743539276226,-0.6499569163685303,0.11528549990847892,-0.25520771933317526,-0.6593317195513968,-0.5376466479354822,-0.4311061005911022,-0.1707949440445257,0.11715907892762652,0.4466829717330163,0.610496392323724,0.40204431021777454,0.7468536136448508,0.7259251411056913,-0.16139461856399623,1.791635845221123,-1.5787751423670406
2016-09-11,-0.9065880312593234,-0.71515946592309,-0.9183693152032989,0.5599096639232191,-1.048797280277285,-0.3383162051840812,-0.09959059572063177,-0.2990121106827451,-0.8594512544950403,-0.6246187116522856,1.2778171400854412,1.4270030304478276,0.7696548019347931,-0.28809856941547074,-0.5293333225534701,-1.1492632744929694,-1.4449341182151143,-1.2446903990355067,-0.30282166154613127,0.6928428642576037,0.932734097112487,0.9179872465289667,-0.3799096332114376,1.9161500819415718,-1.8522212116589274
2016-09-21,-1.0079087317664452,-0.7469671638932441,-0.9317289565720711,0.6276037909389712,-1.0139993757490569,-0.19881133734209364,-0.18700281211084918,-0.37632534949733243,-0.8854281550624581,-0.5992805069360408,0.6294821869098277,1.0036652258671779,0.8905690460605475,0.276097086368903,0.010916398239552783,-0.5043636930610407,-0.9074396847896551,-1.0408440970210595,-0.6324808407535938,0.05637810447231707,1.118614580580123,1.1100493519522423,-0.5984246478588789,2.0406643186620204,-2.1256672809508146
2016-10-01,-1.0513318891266392,-0.7708229373708599,-0.9050096738345283,0.588412454245641,-1.10099413706963,-0.3594533063722611,-0.29869619972057576,-0.500026531600672,-0.9856247715367833,-0.7133024281591422,0.4170965988005749,1.0426568657627642,1.264303982449243,0.7480684522654466,0.32742633567384904,-0.2819845270500307,-0.8458517809596545,-1.2391810395216027,-1.0269910060346554,-0.3112351619553916,0.560973130177215,0.5338630356824159,-0.5984246478588789,1.9428317040959535,-2.0393158906481132
2016-10-11,-1.094755046486837,-0.7946787108484756,-0.878290391096984,0.5492211175523107,-1.1879888983901998,-0.5200952754024286,-0.4103895873302972,-0.6237277137040116,-1.0858213880111085,-0.8273243493822436,0.25501286050667155,0.25725383358024284,0.06065764319741415,-0.08737511495372235,-0.11459616315680606,-0.20971129809645245,-0.26916504509692235,-0.20342145090765384,-0.010992224214934959,0.14965311237188494,0.003331679774306728,-0.042323280587410535,-0.5984246478588789,1.8449990895298867,-1.9529645003454121
2016-10-21,-1.138178203847031,-0.8185344843260913,-0.8515711083594413,0.5100297808589807,-1.274983659710773,-0.6807372444325961,-0.5220829749400238,-0.7474288958073512,-1.1860180044854338,-0.9413462706053449,0.28854742705023767,0.29624547347582897,0.07714594921456251,-0.09822503141111415,-0.16370977413798993,-0.2597466104489296,-0.319555148230559,-0.2474963270188857,-0.021800721893868138,0.17160017305413622,-0.5543097706286015,-0.6185095968572368,-0.5984246478588789,1.74716647496382,-1.866613110042711
2016-11-01,-1.1417968002937144,-0.8026306353410143,-0.7728976647433419,0.43164710747232027,-1.2517850566919533,-0.693419505145504,-0.5269392091839256,-0.7525831117283236,-1.145197160736636,-0.9160080658891002,-0.07474371050506304,0.4410715645165776,0.7971353119633736,0.7209436611219671,0.6166509336741542,0.2294875547752922,-0.24117054335601298,-0.6827357286173005,-0.8378422966533245,-0.5471660642895927,-0.5078396497616925,-0.5416847546879268,-0.4464142028867458,1.5515012458316864,-1.5931670407508243
2016-11-11,-1.1454153967403942,-0.7867267863559371,-0.6942242211272425,0.3532644340856599,-1.2285864536731337,-0.706101765858412,-0.5317954434278274,-0.7577373276492961,-1.1043763169878344,-0.8906698611728555,-0.5218712644192793,-1.1297344998484649,-1.3518405722716273,-0.602746146679833,-0.3274218107419363,0.3907124501332744,0.9625930315030885,1.3171617749298457,1.0428362994810518,0.19903399890695034,-0.4613695288947835,-0.46485991251861647,-0.2944037579146127,1.355836016699553,-1.3197209714589373
2016-11-21,-1.1490339931870777,-0.7708229373708599,-0.6155507775111431,0.2748817606989994,-1.2053878506543139,-0.71878402657132,-0.5366516776717293,-0.7628915435702686,-1.0635554732390367,-0.8653316564566108,1.1269115906393932,0.9925247573255819,0.22004460136318146,-0.6135960631372248,-0.7694443095725915,-1.071430566389116,-1.0978022966278387,-0.6882450881312044,0.18896498284532917,0.8629325845450511,-0.4148994080278745,-0.3880350703493063,-0.1423933129424796,1.160170787567419,-1.0462749021670505
2016-12-01,-1.1309410109536642,-0.7111835036768207,-0.4107029431899773,0.33188734134384335,-1.1212929147110937,-0.6215533611056923,-0.48323310098881944,-0.5824939863362317,-1.015312657899547,-0.7344175987560128,0.886580530410502,0.5914678898281243,-0.1536903350255143,-0.7166702694824469,-0.8567573957613628,-0.9268841084819595,-0.7786649767814723,-0.29708056264402155,0.45377317597919253,0.8519590542039254,-0.252253984993693,-0.23438538601068595,-0.13289266013172124,1.0089749286925884,-0.9167478167129988
2016-12-11,-1.1128480287202507,-0.6515440699827814,-0.2058551088688115,0.38889292198868725,-1.0371979787678767,-0.5243226956400646,-0.4298145243059045,-0.40209642910219484,-0.9670698425600575,-0.6035035410554149,0.20471101069132216,1.0036652258671779,1.434683144626443,1.0247413219289374,0.7803629702781004,0.012667867914557516,-0.7506704750405628,-1.3769150273692023,-1.3620544340815848,-0.6404410721891605,-0.08960856195951143,-0.08073570167206559,-0.12339200732096295,0.857779069817758,-0.7872207312589471
2016-12-21,-1.094755046486837,-0.591904636288742,-0.001007274547645696,0.44589850263353126,-0.9531030428246563,-0.4270920301744369,-0.3763959476229947,-0.22169887186815787,-0.9188270272205679,-0.4725894833548171,-0.2871292986143158,0.4299310959749815,1.0554521062320308,1.0898408206732884,0.9058755316744594,0.4407477624857517,-0.1683848388296487,-0.8204697164649001,-1.156692978181854,-0.8763719745233617,0.07303686107467015,0.07291398266655479,-0.11389135451020461,0.7065832109429273,-0.6576936458048953
2017-01-01,-1.0079087317664452,-0.4885296178857406,0.3433745918473571,0.6774836740032097,-0.7617145679193993,-0.32140652423353727,-0.4880893352327213,-0.22685308778913038,-0.9225380130159138,-0.4430282445191982,0.6853731311491048,1.009235460137976,0.8466002300148185,0.2326974205393358,-0.06002548428882393,-0.5655179637140684,-0.9298352861823826,-1.0132972994515395,-0.5514171081615948,0.14416634720132218,0.026566740207761154,0.034501561581899695,-0.2088978826177878,0.36861599698742376,-0.44901111924003423
2017-01-11,-0.9210624170460573,-0.38515459948273917,0.6877564582423583,0.9090688453728883,-0.5703260930141392,-0.21572101829263762,-0.5997827228424427,-0.23200730371010286,-0.9262489988112558,-0.4134670056835793,-1.2708099172255918,-1.202147545368839,-0.5329213734199261,0.5744697889471777,0.7476205629573112,1.1912774477729102,1.2537358496085458,0.898450451873143,-0.04341771725173458,-0.9202660958878641,-0.019903380659147853,-0.003910859502755387,-0.303904410725371,0.03064878303192032,-0.24032859267517315
2017-01-21,-0.8342161023256656,-0.2817795810797378,1.032138324637361,1.140654016742567,-0.37893761810888205,-0.11003551235173789,-0.7114761104521693,-0.23716151963107535,-0.9299599846066018,-0.38390576684796046,0.5903585259423338,0.29624547347582897,-0.3130772931912816,-0.6244459795946167,-0.6603029518366271,-0.648910150968197,-0.4763243579796514,-0.07670618208786217,0.45917742481865914,0.6544355080636641,-0.0663735015260569,-0.04232328058741047,-0.39891093883295425,-0.30731843092358313,-0.03164606611031205
2017-02-01,-0.6858536480116663,-0.2141882228931599,1.278549487661372,1.1655939582746861,-0.010659795185129098,0.12670002095587737,-0.7794633898667845,-0.24746995147302034,-0.7332777374532974,-0.23187653855049192,0.10410731106062353,0.9980949915963799,1.5336129807293328,1.1766401523324228,0.9822744820896342,0.16277380497198923,-0.6890825712105623,-1.4209899034804343,-1.5133734015866496,-0.7995572621354822,-0.15931374325987493,-0.1575605438413758,-0.3514076747791626,-0.30731843092358313,-0.0028622693427450044
2017-02-11,-0.537491193697667,-0.14659686470658204,1.5249606506853817,1.1905338998068054,0.35761802773862694,0.3634355542634927,-0.8474506692813947,-0.2577783833149653,-0.5365954902999929,-0.07984731025302338,-2.7742763172621436,-2.639267987234729,-1.1265003900372665,1.22003981816199,1.800834665109366,2.709015255798053,2.82702684744765,1.9893036356261318,-0.11907720100426697,-2.0066455996593016,-0.25225398499369295,-0.27279780709534107,-0.30390441072537105,-0.30731843092358313,0.02592152742482204
2017-02-21,-0.3891287393836677,-0.0790055065200042,1.7713718137093928,1.2154738413389246,0.7258958506623799,0.6001710875711079,-0.9154379486960099,-0.26808681515691024,-0.33991324314668847,0.07218191804444517,0.4226856932245025,-0.5058682615190864,-1.478250918403098,-1.4002150062981304,-1.2878657588184212,-0.6099937969162702,0.17874698275762704,1.0802593158319744,1.5832611834277117,1.159217903755443,-0.345194226727511,-0.3880350703493063,-0.2564011466715794,-0.30731843092358313,0.05470532419238909
2017-03-01,-0.1575385667959601,0.0005137384053815007,1.9480159606964855,1.461310407869814,0.9433827539638096,0.5874888268582,-0.837738200793591,-0.2526241673939928,-0.1135431096306203,0.11863529335756054,1.2163371014222366,1.2543257680530888,0.6102678437690257,-0.3586230263885175,-0.7476160380253986,-1.138144316192419,-1.2657693070732945,-0.9582037043124997,-0.05422621493066776,0.7806311069866089,0.026566740207761154,-0.003910859502755419,-0.18039592418551284,-0.4674081638498743,0.24180000318157485
2017-03-11,0.07405160579174365,0.08003298333076721,2.1246601076835767,1.7071469744007037,1.160869657265239,0.574806566145292,-0.7600384528911772,-0.23716151963107535,0.11282702388545184,0.16508866867067593,0.30531471032202073,0.9034010089928136,1.1488858403292046,0.726368619350663,0.4474818291834097,-0.1263191108423237,-0.6946814715587443,-1.1124657707018113,-0.994565512997856,-0.3715895788315825,0.39832770714303334,0.3802133513437955,-0.10439070169944631,-0.6274978967761654,0.42889468217076065
2017-03-21,0.3056417783794512,0.15955222825615292,2.301304254670669,1.9529835409315932,1.3783565605666688,0.562124305432384,-0.6823387049887583,-0.22169887186815787,0.33919715740152,0.2115420439837913,0.14882006645204512,0.552476249932538,0.7201898838833479,0.5039453319741308,0.39291115031542756,0.0015489096140070236,-0.3979397531051052,-0.7047731666729163,-0.6703105826298599,-0.2947748664437031,0.7700886740783054,0.7643375621903465,-0.028385479213379725,-0.7875876297024565,0.6159893611599464
2017-04-01,0.501045986500328,0.21123973745765365,2.0148141675403433,1.5753215691595022,1.514648353302231,0.5874888268582,-0.4638081640132121,-0.1340772012116257,0.6100991204617319,0.2748875557744032,0.07057274451705726,0.6304595297237103,0.9455300661177087,0.7372185358080547,0.6002797300137594,0.09606005516868624,-0.43713205554237833,-0.9031101091734597,-0.9513315222821231,-0.5032719429250901,0.3518575862761243,0.34180093025914043,0.009617132029653563,-0.8587386221141415,0.7023407514626475
2017-04-11,0.6964501946212047,0.26292724665915435,1.7283240804100186,1.1976595973874111,1.6509401460377933,0.6128533482840159,-0.24527762303766082,-0.04645553055509348,0.8810010835219476,0.3382330675650151,-0.7733805134960259,-0.21064584516679108,0.577291231734729,1.0735659459872007,0.998645685750029,0.8577086987563953,0.4418952991221748,-0.20893081042155784,-0.8810762873690573,-1.0464616948108088,-0.06637350152605685,-0.08073570167206562,0.04761974327268685,-0.9298896145258265,0.7886921417653487
2017-04-21,0.8918544027420814,0.31461475586065507,1.4418339932796926,0.8199976256153196,1.7872319387733555,0.6382178697098319,-0.026747082062114663,0.04116614010143874,1.1519030465821596,0.4015785793556269,-0.6336531528978334,0.10685750826869624,0.912553454083412,1.2363146928480777,1.2496708085427466,0.8243518238547438,0.17874698275762704,-0.6166234144504525,-1.2269482130949196,-1.1452234678809396,-0.484604589328238,-0.5032723336032716,0.08562235451572014,-1.0010406069375115,0.8750435320680497
2017-05-01,0.9787007174624693,0.35039841607707867,1.213235685414045,0.6703579764226042,1.6306413683963263,0.562124305432384,0.14807735071832537,0.0823998674692186,1.2001458619216492,0.4269167840718717,-2.058872230999398,-1.7536007381778433,-0.48345645536848114,1.1929150270185105,1.4952388634486662,2.0474372369152984,1.9815928948721884,1.206974584651766,-0.3892896429775969,-1.6609793939138442,-0.3219591662940565,-0.3112102281799961,0.2661347579201282,-0.9921467328860508,1.0045706175221014
2017-05-11,1.065547032182861,0.3861820762935022,0.9846373775483956,0.5207183272298889,1.4740507980192972,0.4860307411549363,0.3229017834987602,0.12363359483699847,1.2483886772611388,0.45225498878811643,0.6183039980619723,0.11242774253949428,-0.664827821557113,-0.9173937239441954,-0.8949568709689503,-0.687826505020124,-0.3139562478823772,0.28140218631589675,0.8590918389391875,0.890366410397865,-0.15931374325987493,-0.11914812275672071,0.4466471613245362,-0.9832528588345902,1.1340977029761534
2017-05-21,1.152393346903249,0.4219657365099258,0.7560390696827479,0.37107867803717354,1.3174602276422682,0.40993717687748854,0.4977262162792002,0.16486732220477834,1.2966314926006284,0.4775931935043612,0.6350712813337553,0.4243608617041835,-0.13720202900836595,-0.5322216897067863,-0.6111893408554433,-0.6377911926676465,-0.5155166604169245,-0.16485593431032594,0.36190094570826037,0.6160281518697244,0.0033316797743066506,0.07291398266655479,0.6271595647289443,-0.9743589847831295,1.263624788430205
2017-06-01,1.0944958037563213,0.41798977426365647,0.48736183771078373,0.2356904240056691,1.0622755944352578,0.27888714951077287,0.6434132435962344,0.2937227202290904,1.222411776693721,0.4649240911462388,0.21030010511524994,0.6583107010777006,0.8136236179805219,0.5364950813463063,0.37653994665503293,-0.08184327764012168,-0.5211155607651062,-0.831488435492708,-0.7459700663823924,-0.2947748664437031,-0.25225398499369295,-0.19597296492603083,0.5606549950536361,-0.8142692518568384,1.083726058632911
2017-06-11,1.0365982606093973,0.41401381201738724,0.2186846057388211,0.10030216997416475,0.8070909612282473,0.1478371221440573,0.7891002709132635,0.4225781182534025,1.1481920607868135,0.4522549887881165,-0.15299103244005086,-0.3888933418323278,-0.5494096794370746,-0.26097377827199125,-0.12551029893040244,0.11829797176978725,0.29632389006944626,0.4466829717330163,0.38892218990559335,0.09478546066625679,-0.5078396497616925,-0.46485991251861647,0.4941504253783278,-0.6541795189305474,0.9038273288356169
2017-06-21,0.9787007174624693,0.41003784977111796,-0.0499926262331431,-0.03508608405733959,0.5519063280212368,0.016787094777341725,0.9347872982302977,0.5514335162777146,1.0739723448799061,0.4395858864299941,0.5400566761269844,0.5079143757661538,0.13210696927172366,-0.24469890358590352,-0.3055935391947434,-0.48768525561021486,-0.5435111621578338,-0.3797209553525812,0.03764601534026443,0.3800972495355232,-0.7634253145296921,-0.7337468601112022,0.4276458557030196,-0.4940897860042562,0.7239285990383229
2017-07-01,0.7832965093415927,0.33051860484573226,-0.291950575467563,-0.13840869897611927,0.35181837698392127,0.050606456678429605,0.8085252078888708,0.44319498193729245,0.8810010835219437,0.3931325111168787,0.9983624188890562,1.0649378028459562,0.49484970164898723,-0.32064831878764616,-0.5184191867798736,-0.9213246293316844,-1.092203396279657,-0.8645445925761319,-0.11367295216480035,0.6050546215285987,-0.29872410586060194,-0.27279780709534096,0.6651621759719777,-0.28063680876920133,0.7311245482302146
2017-07-11,0.5878923012207159,0.25099935992034655,-0.5339085247019828,-0.24173131389489894,0.15173042594660566,0.08442581857951749,0.6822631175474387,0.3349564475968704,0.6880298221639852,0.34667913580376336,1.244282573541875,0.9702438202423898,0.060657643197414166,-0.8197444758276691,-1.0914113148936857,-1.2493338991979237,-1.1090000973242025,-0.5339830217418928,0.46458167365812575,1.0933767217086892,0.16597710280848818,0.18815124592052024,0.9026784962409357,-0.06718383153414645,0.7383204974221063
2017-07-21,0.3924880930998392,0.1714801149949608,-0.7758664739364027,-0.3450539288136785,-0.04835752509070994,0.11824518048060538,0.5560010272060119,0.22671791325644813,0.4950585608060228,0.300225760490648,0.4785766374637796,0.8848335614234868,0.8649205700338722,0.371938015075864,0.2346561815982794,-0.3023692839343732,-0.7469378748084416,-0.9747317828542116,-0.7027360756666596,-0.08627778996231608,0.6306783114775784,0.6491002989363812,1.1401948165098938,0.14626914570090843,0.7455164466139981
2017-08-01,0.17899090274554896,0.06810509659195936,-0.9154005060102397,-0.3308025336524676,-0.27744372990154786,0.06328871739133757,0.43945140535238864,0.1545588903628334,0.22415659774581098,0.1566426004319277,-0.6895440971371103,-0.4891575587066922,-0.03277609089975979,0.5093702902028268,0.5893655942401631,0.7465191157508905,0.6490546120049039,0.32547706242712865,-0.2487791731514653,-0.6404410721891605,0.5377380697437604,0.533863035682416,1.121193510888377,-0.18280419420313446,0.9973746683302097
2017-08-11,-0.03450628760874514,-0.03526992181104207,-1.0549345380840782,-0.31655113849125655,-0.5065299347123888,0.008332254302069733,0.3229017834987602,0.0823998674692186,-0.046745365314400864,0.01305944037320742,-0.1641692212879063,-0.2830588906871654,-0.3405578032198622,-0.07652519849633058,-0.032740144854832884,0.134976409220613,0.23473598623944575,0.2979302648576087,0.2105819782031956,-0.00946307757443668,0.44479782800994233,0.4186257724284506,1.1021922052668607,-0.5118775341071774,1.2492328900464214
2017-08-21,-0.24800347796303537,-0.13864494021404347,-1.1944685701579152,-0.3022997433300456,-0.7356161395232267,-0.04662420878719809,0.20635216164513698,0.010240844575603838,-0.3176473283746127,-0.13052371968551285,1.0095406077369116,0.4800632044121637,-0.5329213734199263,-1.1126922201772478,-1.0586689075728966,-1.0158357748863633,-0.700280371906926,-0.01610322743491836,0.8428790924207877,1.1482443734143175,0.3518575862761243,0.30338850917448534,1.0831908996453439,-0.8409508740112204,1.501091111762633
2017-09-01,-0.41445891451044814,-0.24599592086331423,-1.2998612965115575,-0.4555022413130637,-0.9473033920699506,-0.2706774813819054,0.11408371101101772,-0.08253504200190086,-0.4697977459837735,-0.24032260678924014,0.24942376608274383,0.1514193824350804,-0.12071372299121765,-0.24469890358590352,-0.2564799282135595,-0.20971129809645245,-0.15718703813328497,0.005934210620697564,0.1997734805242624,0.2539016506125784,0.37509264670957876,0.34180093025914043,0.8931778434301775,-0.5474530303130198,1.1197058045923698
2017-09-11,-0.5809143510578648,-0.3533469015125849,-1.405254022865201,-0.6087047392960818,-1.1589906446166776,-0.49473075397661265,0.02181526037689329,-0.17531092857940556,-0.6219481635929343,-0.35012149389296743,1.1828025348786702,0.9256819460760057,0.05516154119169805,-0.76549489354071,-0.9604416856105287,-1.1659417119437954,-1.0698077948869293,-0.5450017407697008,0.3997306875845265,1.0220487744913727,0.39832770714303334,0.3802133513437955,0.7031647872150111,-0.2539551866148195,0.7383204974221063
2017-09-21,-0.7473697876052776,-0.46069788216185564,-1.5106467492188433,-0.7619072372790999,-1.3706778971634015,-0.71878402657132,-0.07045319025722596,-0.26808681515691024,-0.7740985812020951,-0.4599203809966947,-0.5665840198107008,-0.18836490808359896,0.37393545752323276,0.7534934104941424,0.6057367979005577,0.5908536995431833,0.352312893551265,-0.07119682257395818,-0.5514171081615948,-0.7282293149181654,0.42156276757648775,0.4186257724284506,0.5131517309998446,0.039542657083381,0.35693519025184306
2017-10-01,-0.8631648738991294,-0.564072900564857,-1.5210375813945547,-0.8901697937299988,-1.3155812149937067,-0.6680549837196882,-0.08502189298893145,-0.28870367884080017,-0.7889425243834789,-0.4810355515935653,1.4957918226186218,1.1707722539911185,0.055161541191698034,-1.0096180138320257,-1.1623531974220624,-1.4494751486078328,-1.3441539119478407,-0.6992638071590124,0.4861986690159922,1.285413502678388,0.5377380697437604,0.5338630356824159,0.5796563006751527,0.07511815328922349,0.3785230378275184
2017-10-11,-0.9789599601929853,-0.6674479189678585,-1.5314284135702658,-1.0184323501808978,-1.2604845328240089,-0.6173259408680563,-0.09959059572063177,-0.30932054252469016,-0.8037864675648588,-0.502150722190436,2.0826467371310304,3.0590816717916485,2.6273372798668397,0.5853197054045693,-0.14188150259079704,-1.7330085852718706,-2.8222636038678535,-3.095835195707245,-1.7133306086469136,0.45691196192340255,0.6539133719110327,0.6491002989363812,0.6461608703504611,0.11069364949506597,0.4001108854031936
2017-10-21,-1.094755046486837,-0.7708229373708599,-1.5418192457459772,-1.1466949066317966,-1.2053878506543139,-0.5665968980164244,-0.11415929845233726,-0.32993740620858003,-0.8186304107462427,-0.5232658927873065,-1.3267008614648688,-0.6339836497474407,0.5498107217061484,1.4587379802246097,1.4843247276750695,1.4358945303850212,0.9569941311549065,0.05000908673192945,-1.075629245589855,-1.5457573253320251,0.7700886740783054,0.7643375621903465,0.7126654400257693,0.14626914570090843,0.4216987329788689
2017-11-01,-1.174364168313862,-0.8384142955574377,-1.4379109239888639,-1.1645091505833103,-1.3329801672578208,-0.8033324313240396,-0.2307089203059605,-0.4433301564699746,-1.0004687147181672,-0.7513097352335094,0.48416573188770734,-0.08810069120923453,-0.8626874937628931,-0.982493222688546,-0.8240149884405735,-0.5432800471129674,-0.12919253639237566,0.4632110502747282,0.9347513226917199,0.8409855238627998,0.7700886740783054,0.7643375621903465,0.7411673984580442,0.18184464190675093,0.4145027837869772
2017-11-11,-1.2539732901408829,-0.9060056537440156,-1.3340026022317522,-1.1823233945348242,-1.4605724838613243,-1.0400679646316549,-0.3472585421595889,-0.5567229067313691,-1.1823070186900877,-0.9793535776797121,0.24383467165881612,0.4800632044121637,0.4508808856032583,0.2164225458532481,0.14188602752270985,-0.14299754829314945,-0.3979397531051052,-0.5339830217418928,-0.39469389181706355,-0.07530425962119047,0.7700886740783054,0.7643375621903465,0.7696693568903191,0.21742013811259334,0.4073068345950854
2017-11-21,-1.3335824119679078,-0.9735970119305936,-1.2300942804746389,-1.2001376384863378,-1.5881648004648312,-1.2768034979392702,-0.4638081640132121,-0.6701156569927639,-1.3641453226620124,-1.207397420125915,1.3392971787486458,1.0370866314919662,0.022184929157401344,-0.928243640401587,-1.069583043346493,-1.2938097324001256,-1.1929836025469303,-0.5945859763948368,0.46458167365812575,1.159217903755443,0.7700886740783054,0.7643375621903465,0.7981713153225941,0.2529956343184358,0.4001108854031936
2017-12-01,-1.4059543409015656,-1.009380672147017,-1.0638409656632577,-1.2357661263893651,-1.625862530370412,-1.3571244824543538,-0.590070254354639,-0.6907325206766538,-1.4346540527735738,-1.2158434883646632,0.11528549990847894,0.8532689005556313,1.2698000844549593,0.9650667814132826,0.8458477849196789,0.10717901346923675,-0.6274946673805619,-1.2501997585494107,-1.291799199168519,-0.656901367700849,0.37509264670957876,0.3802133513437955,0.4181452028922612,0.20852626406113273,0.14825266368698198
2017-12-11,-1.4783262698352235,-1.0451643323634405,-0.8975876508518779,-1.2713946142923926,-1.663560260275993,-1.4374454669694376,-0.7163323446960711,-0.7113493843605437,-1.505162782885139,-1.2242895566034115,-0.34302024285359284,0.39093945607939534,1.0389638002148827,1.1115406535880719,1.1132441113727913,0.5463778663409814,-0.14598923743692122,-0.87556331160394,-1.2647779549711862,-0.9586734520818039,-0.019903380659147853,-0.003910859502755323,0.03811909046192847,0.16405689380382965,-0.10360555802922963
2017-12-21,-1.5506981987688815,-1.0809479925798642,-0.7313343360404966,-1.3070231021954202,-1.7012579901815736,-1.5177664514845213,-0.842594435037498,-0.7319662480444338,-1.5756715129967005,-1.2327356248421597,-0.7957368911917366,-0.912495363287342,-0.620859005511384,0.1513230471088973,0.2564844531454723,0.7020432825486884,0.895406227324906,0.8158100591645833,0.259220217758395,-0.4209704653666479,-0.4148994080278745,-0.3880350703493063,-0.34190702196840433,0.11958752354652656,-0.3554637797454413
2018-01-01,-1.5217494271954175,-1.0451643323634405,-0.4107029431899773,-1.1360063602608883,-1.5649661974460114,-1.4966293502963415,-0.8620193720131001,-0.6340361455459566,-1.520006726066519,-1.135605840096555,0.6574276590294662,0.16255985097667647,-0.5658979854542228,-0.8685690998859322,-1.1405249258748695,-0.7823376505748029,-0.3195551482305591,0.3254770624271287,0.9131343273338536,0.9397472969329305,0.049801800641215616,0.07291398266655484,-0.49391746694053745,-0.28953068282066186,-0.13238935479679673
2018-01-11,-1.4928006556219575,-1.009380672147017,-0.09007155033945644,-0.9649896183263564,-1.4286744047104492,-1.4754922491081617,-0.8814443089887074,-0.5361060430474793,-1.4643419391363375,-1.0384760553509498,1.6075737110971757,1.5272672473221918,0.5992756397575935,-0.6461458125094003,-1.145981993761668,-1.5717836899138882,-1.6185000290087521,-1.1124657707018113,0.12411399677173002,1.15373113858488,0.5145030093103058,0.5338630356824161,-0.6459279119126706,-0.6986488891878503,0.0906850701518479
2018-01-21,-1.4638518840484935,-0.9735970119305936,0.23055984251106285,-0.7939728763918247,-1.292382611974887,-1.4543551479199817,-0.9008692459643096,-0.43817594054900216,-1.4086771522061559,-0.9413462706053449,0.6853731311491048,1.7055147439877287,2.017269957232351,1.1278155282741595,0.7803629702781004,-0.35425775600360887,-1.3721484136887498,-2.0655849666072004,-1.7457561016837133,-0.5252190036073414,0.9792042179793959,0.9948120886982772,-0.7979383568848037,-1.107767095555039,0.31375949510049256
2018-02-01,-1.3552939906480048,-0.9497412384529778,0.5022058836760863,-0.704901656634256,-1.0024000742396486,-1.3275325407909024,-0.988281462354527,-0.4691012360748371,-1.3381684220945944,-0.9286771682472226,-1.7458829432594463,-0.5838515413102585,1.1543819423349209,2.2453569233855153,2.36836972533638,1.9918424454125463,1.0857688391630893,-0.3521741577830613,-1.8916708203493113,-2.2864706233580048,0.37509264670957876,0.38021335134379564,-0.4749161613190208,-1.107767095555039,0.5440298692410288
2018-02-11,-1.2467360972475199,-0.9258854649753621,0.7738519248411098,-0.6158304368766874,-0.7124175365044071,-1.2007099336618225,-1.0756936787447495,-0.500026531600672,-1.267659691983033,-0.9160080658891003,-0.6224749640499779,-0.02125787995965829,0.6432444558033223,1.00846644724285,1.2223854691087557,0.8076733864039182,0.21793928519490016,-0.48439878611675696,-1.0540122502319886,-1.0354881644696832,-0.22901892456023845,-0.23438538601068584,-0.1518939657532379,-1.107767095555039,0.7743002433815651
2018-02-21,-1.138178203847031,-0.9020296914977464,1.0454979660061332,-0.5267592171191187,-0.4224349987691686,-1.0738873265327429,-1.163105895134967,-0.5309518271265069,-1.1971509618714715,-0.903338963530978,0.26619104935452687,-0.8400823177669675,-1.9234351808661032,-1.6226382936746624,-1.1132395864408786,-0.4154120266566367,0.41949969772944745,1.3612366510410776,1.7778141416485091,1.1811649644376945,-0.8331304958300557,-0.8489841233651675,0.17112822981254502,-1.107767095555039,1.0045706175221014
2018-03-01,-0.9282996099394204,-0.8463662200499763,1.0811236763228584,-0.61939328566699,-0.17884966707156646,-1.0485228051069269,-1.065981210256946,-0.489718099758727,-1.033867586876273,-0.9286771682472227,2.25590866427279,1.5551184186761822,-0.2581162731341205,-1.8070868734503234,-1.8936002942530226,-2.172207438143615,-1.8424560429360268,-0.7047731666729163,1.0914745390362512,2.141348869286187,-0.08960856195951143,-0.08073570167206562,0.06662104889420346,-0.8320569999597597,0.7095367006545393
2018-03-11,-0.7184210160318136,-0.7907027486022062,1.1167493866395821,-0.7120273542148615,0.06473566462603259,-1.023158283681111,-0.9688565253789249,-0.44848437239094713,-0.8705842118810783,-0.9540153729634674,1.4510790672272,1.321168579302665,0.36843935551751655,-0.7166702694824469,-0.8131008526669772,-1.2993692115504012,-1.4001429154296594,-0.9526943447985957,0.1403267432901298,1.0549693655147496,0.6539133719110327,0.6875127200210362,-0.03788613202413811,-0.5563469043644805,0.4145027837869772
2018-03-21,-0.5085424221242031,-0.7350392771544363,1.1523750969563074,-0.8046614227627329,0.30832099632363474,-0.997793762255295,-0.8717318405009038,-0.40725064502316727,-0.7073008368858795,-0.9793535776797121,0.0705727445170573,0.7195832780564788,1.1104131262891919,0.8836924079828441,0.7639917666177058,0.16833328412226448,-0.4651265572832876,-1.0132972994515395,-1.0918419921082547,-0.5910601856540951,1.397435305781577,1.455761141714138,-0.1423933129424796,-0.28063680876920133,0.11946886691941493
2018-04-01,-0.2986638282165963,-0.6634719567215892,1.0098722556894095,-0.8367270618754576,0.4968096458515389,-0.8963356765520314,-0.61920765981805,-0.28870367884080017,-0.40671098746290396,-0.8780007588147332,-1.9023775871294222,-1.9262780005725824,-0.9945939419000798,0.6721190370637039,1.1350723829199842,1.8695339041064905,2.0599774997467346,1.581611031597237,0.14573099212959642,-1.2604455364627585,1.025674338846305,1.0716369308675873,-0.08538939607792966,-0.20059194230605573,0.09788101934373966
2018-04-11,-0.08878523430898567,-0.591904636288742,0.8673694144225117,-0.8687927009881823,0.6852982953794462,-0.7948775908487676,-0.36668347913519106,-0.17015671265843307,-0.10612113803992837,-0.776647939949754,0.9033478136822851,0.14027891389348435,-0.9945939419000799,-1.4164898809842184,-1.2987798945920177,-0.9769194208344366,-0.41473645414965077,0.4632110502747283,1.2860274972570487,1.3238208588723275,0.6539133719110327,0.6875127200210364,-0.028385479213379725,-0.12054707584291013,0.07629317176806436
2018-04-21,0.12109335959862108,-0.5203373158558949,0.724866573155614,-0.900858340100907,0.8737869449073504,-0.693419505145504,-0.11415929845233726,-0.05160974647606595,0.19446871138304722,-0.6752951210847751,0.6015367147901892,0.8755498376388234,0.7037015778661996,0.1567480053375932,-0.0327401448548329,-0.4654473390091139,-0.789862777477836,-0.859035233062228,-0.4595448778906627,0.13319281686019657,0.2821524049757608,0.30338850917448534,0.02861843765117017,-0.04050220937976457,0.05470532419238909
2018-05-01,0.2766930068059873,-0.4169622974528935,0.6031453962401387,-0.7939728763918247,0.8708871195299976,-0.5496872170658804,0.06066513432810276,-0.010376019108286077,0.3651740579689339,-0.5148198245485582,-0.7286677581046044,-0.7453883351634012,-0.43399153731703616,0.24897229522542352,0.4856813043909971,0.7465191157508902,0.7890271207094506,0.6009450381223278,0.05385876185866423,-0.49229841258396445,0.23568228410885175,0.26497608808983025,-0.0853893960779297,-0.2272735644604376,0.11946886691941493
2018-05-11,0.4322926540133497,-0.31358727904989203,0.4814242193246636,-0.6870874126827423,0.8679872941526479,-0.4059549289862569,0.23548956710854277,0.030857708259493775,0.5358794045548244,-0.3543445280123415,-0.041209143961496816,-1.0517512200572925,-1.8629780588032259,-1.3839401316120428,-0.9986411608181163,-0.12631911084232367,0.7330381172276318,1.559573593541621,1.7075589067354433,0.9123134710801163,0.18921216324194268,0.2265636670051752,-0.19939722980702954,-0.41404491954111056,0.1842324096464408
2018-05-21,0.5878923012207159,-0.2102122606468906,0.3597030424091885,-0.58020194897366,0.865087468775295,-0.2622226409066334,0.4103139998889828,0.07209143562727365,0.7065847511407111,-0.19386923147612475,0.9983624188890562,0.11242774253949422,-1.153980900065847,-1.5792386278450954,-1.5006914064035515,-1.1047874412907674,-0.4371320555423783,0.551360802497192,1.4643677089594465,1.4939105791597749,0.14274204237503366,0.1881512459205201,-0.31340506353612935,-0.6008162746217836,0.24899595237346667
2018-06-01,0.5987480905607663,-0.13466897796777422,0.1236827115608887,-0.633644680828201,0.7925918343414862,-0.12271777306464586,0.48801374779139656,0.12878781075797094,0.7399836232988208,-0.08407034437239748,0.6015367147901891,0.8365581977432373,0.6377483537976063,0.1187732977367219,-0.08185375583601678,-0.5154826513615911,-0.8066594785223816,-0.8425071545205159,-0.4109066383354633,0.17160017305413622,-0.04313844109260239,-0.003910859502755355,-0.41791224445447084,-0.6274978967761654,0.19142835883833256
2018-06-11,0.6096038799008129,-0.05912569528865777,-0.11233761928740951,-0.6870874126827423,0.7200961999076743,0.01678709477734169,0.5657134956938155,0.18548418588866825,0.7733824954569266,0.025728542731329792,-0.3094856763100266,-0.07696022266763854,0.2255407033688976,0.4605456661445637,0.4147394218626204,0.3462366169310725,0.16195028171308146,-0.0987436201434781,-0.3622683987802639,-0.44291752604889917,-0.22901892456023845,-0.1959729649260308,-0.5224194253728124,-0.6541795189305474,0.13386076530319846
2018-06-21,0.6204596692408633,0.016417587390458645,-0.3483579501357093,-0.7405301445372834,0.6476005654738654,0.15629196261932926,0.6434132435962293,0.24218056101936558,0.8067813676150363,0.13552742983505706,-0.2703620153425326,-0.7398181008926032,-1.0110822479172281,-0.5593464808502658,-0.36562128594952376,0.17389276327253972,0.6042634092194489,0.9370159684704708,0.8266663459023879,0.25390165061257847,-0.4148994080278745,-0.3880350703493063,-0.6269266062911539,-0.6808611410849292,0.07629317176806436
2018-07-01,0.5263761616271084,0.048225285360612935,-0.48789198220954627,-0.5980161929251736,0.45041243981390267,0.19433874475805316,0.6094196038889216,0.23187212917742064,0.6806078505732933,0.16508866867067593,0.489754826311635,0.3853692218085973,-0.027279988894043667,-0.3152233605589502,-0.3001364713079452,-0.44876890155828814,-0.4595276569351058,-0.2640244055605977,0.12411399677173002,0.39655754504721163,-0.2754890454271474,-0.27279780709534107,-0.541420730994329,-0.8320569999597597,0.270583799949142
2018-07-11,0.4322926540133497,0.08003298333076724,-0.6274260142833848,-0.4555022413130636,0.25322431415393987,0.23238552689677705,0.5754259641816192,0.22156369733547562,0.5544343335315504,0.19464990750629477,1.2331043846940195,1.9338943490904477,1.7314726529351132,0.5093702902028268,0.10368655231512236,-0.9658004625338862,-1.752873637365117,-2.0270194500098726,-1.2323524619343864,0.14416634720132213,-0.13607868282642036,-0.15756054384137572,-0.45591485569750423,-0.9832528588345902,0.4648744281302195
2018-07-21,0.3382091463995948,0.11184068130092152,-0.7669600463572218,-0.31298828970095377,0.05603618849397713,0.2704323090355009,0.5414323244743116,0.21125526549353066,0.42826081648980735,0.22421114634191372,-0.7323938210538895,0.0715793578869754,1.0041551541786806,1.3773636067941712,1.2787751706056703,0.8910655736580468,0.25339898740005196,-0.5927495232235354,-1.2899977828886968,-1.2494720061216331,0.0033316797743066506,-0.04232328058741047,-0.37040898040067927,-1.1344487177094207,0.659165056311297
2018-08-01,0.2658372174659369,0.16352819050242223,-0.8961032462553474,-0.2737969530076236,-0.170150190939511,0.21547584594623312,0.6142758381328286,0.3401106635178428,0.30208729944806434,0.24954935105815848,-0.8180932688874476,-0.01568764568886027,0.962018372134857,1.4207632726237382,1.3533550983919127,0.963338802611625,0.30752169076581,-0.5615298193114128,-1.3026076968474523,-1.309826422997824,-0.20578386412678393,-0.23438538601068593,-0.2373998410500628,-1.0455099771948146,0.6807529038869723
2018-08-11,0.19346528853227898,0.21521569970392296,-1.0252464461534732,-0.2346056163142934,-0.3963365703729961,0.16051938285696526,0.6871193517913405,0.46896606154215487,0.17591378240632136,0.2748875557744032,-0.5051039811474962,-0.010117411418062267,0.5717951297290128,0.8891173662115399,0.8840472601272664,0.6186510952945596,0.18994478345399077,-0.35768351729696535,-0.8162253012954582,-0.8215043228177334,-0.4148994080278745,-0.4264474914339614,-0.10439070169944635,-0.9565712366802084,0.7023407514626475
2018-08-21,0.12109335959862108,0.2669032089054237,-1.1543896460515988,-0.1954142796209632,-0.6225229498064843,0.10556291976769745,0.7599628654498577,0.5978214595664669,0.049740265364578366,0.300225760490648,0.21030010511524985,0.8811200719096215,1.1983507583806499,0.8457177003819728,0.6712216125421363,-0.009570048686543483,-0.6722858701660168,-1.184087444382563,-1.145884480502921,-0.5087587080956529,-0.6240149519289652,-0.6185095968572368,0.02861843765117017,-0.8676324961656021,0.7239285990383229
2018-09-01,0.14642353472540154,0.3702782273084251,-1.1647804782273101,-0.12415730381490825,-0.6428217274479511,0.16474680309460127,0.7453941627181522,0.5926672436454945,0.020052379001814613,0.3213409310875186,-0.6224749640499779,-0.45573615308190407,-0.07674490694548872,0.44969574968717185,0.5948226621269612,0.6631269284967616,0.5370766050412665,0.23181795069076092,-0.2595876708303986,-0.5910601856540951,-0.8563655562635102,-0.8489841233651675,0.19012953543406164,-0.9921467328860508,0.9470030239869673
2018-09-11,0.171753709852182,0.47365324571142653,-1.1751713104030215,-0.05290032800885332,-0.6631205050894179,0.22393068642150507,0.7308254599864519,0.587513027724522,-0.009635507360945185,0.3424561016843892,-0.21447107110325564,-0.19950537662519502,-0.12620982499693373,0.12419825596541778,0.16917136695670093,0.25172547137639323,0.24593378693580945,0.16570563652391312,-0.005587975375468355,-0.17406603269132118,-1.088716160598055,-1.079458649873098,0.351640633216953,-1.1166609696064995,1.170077448935612
2018-09-21,0.19708388497896245,0.577028264114428,-1.1855621425787328,0.018356647797201617,-0.6834192827308847,0.28311456974840893,0.7162567572547464,0.5823588118035495,-0.03932339372370894,0.36357127228125985,-1.8129520763465787,-1.4862294931795383,-0.34605390522557833,1.1006907371306802,1.4242969809202892,1.852855466655665,1.7240434788558223,0.9921095636095106,-0.4433321313722629,-1.523810264649774,-1.3210667649326004,-1.3099331763810287,0.5131517309998446,-1.241175206326948,1.3931518738842568
2018-10-01,0.2766930068059873,0.6883552070099679,-1.1039198897695726,0.1074278675547703,-0.52102906159915,0.48603074115493633,0.925074829742494,0.7988358804843937,0.1573588534295955,0.5873920806080886,-0.7845587023438814,-1.6421960527618829,-1.9344273848775355,-0.9119687657154993,-0.49659091523268084,0.5797347412426329,1.4161039597058198,1.950738119028804,1.5184101973541126,0.2868222416359553,-0.8331304958300556,-0.8105717022805123,0.41814520289226137,-1.054403851246275,1.170077448935612
2018-10-11,0.3563021286330083,0.7996821499055078,-1.0222776369604138,0.19649908731233892,-0.35863884046741523,0.6889469125614638,1.1338929022302364,1.015312949165238,0.35404110058289995,0.8112128889349172,0.2941365214741654,0.0010230571235338034,-0.45597594533990066,-0.5050968985633068,-0.3601642180627255,-0.26530608959920493,-0.1011980346514663,0.18774307457952902,0.4537731759791926,0.44593843158227703,-0.3451942267275109,-0.3112102281799961,0.32313867478467817,-0.8676324961656021,0.9470030239869676
2018-10-21,0.43591125046003315,0.9110090928010479,-0.9406353841512536,0.28557030706990766,-0.19624861933568047,0.891863083967991,1.3427109747179842,1.2317900178460823,0.5507233477362043,1.0350336972617458,-0.9019296852463631,-0.8066609121421795,-0.36803831324844277,0.42257095854369237,0.7912771060516968,0.9911361983630014,0.9234007290658154,0.5844169595806159,-0.13528994752266674,-0.7172557845770399,0.14274204237503366,0.1881512459205201,0.22813214667709492,-0.6808611410849292,0.7239285990383229
2018-11-01,0.472097214926864,0.9746244887413564,-0.75508480958498,0.4672755953753478,-0.11795333414716593,0.9595018077701668,1.2941486322789761,1.18540207455733,0.5729892625082762,1.0350336972617458,0.7412640753883817,-0.010117411418062267,-1.0605471659686732,-1.3242655910963876,-1.124153722214475,-0.7934566088753534,-0.26356614474874046,0.529323364441576,1.2211765111834494,1.1756781992671315,-0.019903380659147853,-0.003910859502755355,0.4751491197568112,-0.5474530303130198,0.7958880909572404
2018-11-11,0.508283179393691,1.038239884681665,-0.5695342350187081,0.6489808836807879,-0.039658048958651396,1.0271405315723425,1.245586289839963,1.1390141312685778,0.5952551772803519,1.0350336972617458,0.44504207092021336,0.6750214038900946,0.5113380076661356,0.11334833950802599,0.14734309540950807,-0.27642504789975536,-0.6050990659878345,-0.7213012452146284,-0.4379278825327963,0.04540457413119149,-0.1825488036933294,-0.1959729649260308,0.7221660928365276,-0.41404491954111056,0.8678475828761582
2018-11-21,0.5444691438605219,1.1018552806219735,-0.38398366045243454,0.8306861719862279,0.038637236229863134,1.0947792553745184,1.1970239474009552,1.0926261879798254,0.6175210920524238,1.0350336972617458,-1.7514720376833743,-1.1854368425564452,0.10462645924314307,1.4207632726237382,1.7189786468073927,1.8806528624070413,1.5112852656249116,0.5678888810389039,-0.8648635408506576,-1.7213338107900351,-0.345194226727511,-0.3880350703493063,0.9691830659162439,-0.28063680876920133,0.9398070747950757
2018-12-01,0.493808793606961,1.0819754693906272,-0.19546427669310015,0.8520632647280444,0.06473566462603568,1.1032340958497904,1.172742776181451,1.18540207455733,0.5618563051222423,1.0519258337392423,-0.007674577417930597,-0.7565288037049973,-1.4177937963402207,-1.0692925543476806,-0.7476160380253986,-0.10964067339149798,0.520279903996721,1.1573903490266302,1.2860274972570487,0.6983296294281666,0.07303686107467015,0.034501561581899765,0.9501817602947272,-0.2450613125633588,0.9038273288356169
2018-12-11,0.4431484433534001,1.0620956581592806,-0.0069448929337673606,0.8734403574698607,0.09083409302220513,1.1116889363250624,1.148461604961942,1.2781779611348347,0.5061915181920607,1.0688179702167389,1.4790245393468386,1.7667873209665068,1.104917024283476,-0.18502436307024867,-0.474762643685488,-1.2660123366487497,-1.708082434579662,-1.5642332508419379,-0.524395863964262,0.6983296294281666,0.49126794887685116,0.4570381935131058,0.9311804546732106,-0.20948581635751634,0.867847582876158
2018-12-21,0.3924880930998392,1.0422158469279343,0.181574490825567,0.8948174502116772,0.11693252141837766,1.1201437768003342,1.124180433742438,1.3709538477123393,0.45052673126187914,1.0857101066942354,1.5181482003143327,2.346091685129501,2.0392543652552155,0.5310701231176104,0.24011324948507767,-1.1492632744929694,-2.1391977613896658,-2.500824368205615,-1.5187776504261161,0.18257370339526188,0.9094990366790324,0.8795748254443118,0.9121791490516941,-0.17391032015167385,0.8318678369166992
2019-01-01,0.3780137073131091,1.0302879601891264,0.4265012492530477,0.8805660550504663,0.17492902896542536,1.0313679518099785,0.9542122352058998,1.2987948248187247,0.33919715740151607,0.9885803219486304,0.10969640548455123,0.7251535123272768,1.00049108617487,0.9487919067271947,0.6221080015609523,0.14053588837088815,-0.571505663898743,-0.8645445925761319,-0.8216295501349247,-0.5471660642895927,0.4912679488768513,0.4954506145977609,0.8836771906194191,0.030648783031920396,0.6447731579275134
2019-01-11,0.36353932152637525,1.0183600734503186,0.6714280076805269,0.8663146598892554,0.23292553651247305,0.9425921268196228,0.7842440366693616,1.2266358019251098,0.22786758354115694,0.8914505372030256,-1.1254934622034716,-0.8400823177669676,-0.4449837413284684,0.04824884076367509,0.4529388970702079,0.9244224485596984,0.9961864335921796,0.5072859263859602,-0.08124745912800074,-0.6788484283831002,0.07303686107467015,0.11132640375120993,0.8551752321871441,0.2352078862155147,0.45767847893832764
2019-01-21,0.3490649357396452,1.0064321867115107,0.9163547661080076,0.8520632647280444,0.2909220440595207,0.8538163018292672,0.6142758381328235,1.154476779031495,0.11653800968079385,0.7943207524574207,0.9927733244651283,0.4299310959749815,0.2805017234260587,-0.27182369472938306,-0.7858155132329859,-1.0603116080885653,-0.8122583788705633,-0.09874362014347812,0.45377317597919253,0.8848796452273023,-0.345194226727511,-0.27279780709534107,0.8266732737548691,0.43976698939910885,0.27058379994914195
2019-02-01,0.4214368646733031,0.9945042999727028,1.1315934326048847,0.8057462304541086,0.4881101697194835,0.845361461353995,0.5560010272060119,1.16478521087344,0.19075772558770127,0.8112128889349172,1.1213224962154658,0.8699796033680254,0.7806470059462252,0.2164225458532481,-0.4311061005911022,-0.9713599416841615,-1.1145989976723842,-0.5615298193114128,0.04305026417973103,0.6379752125519755,-0.8563655562635102,-0.8105717022805123,0.6556615231612193,0.46644861155349077,0.11946886691941493
2019-02-11,0.493808793606961,0.982576413233895,1.3468320991017602,0.7594291961801729,0.6852982953794462,0.8369066208787231,0.4977262162792002,1.1750936427153849,0.2649774414946126,0.8281050254124136,0.8642241527147912,0.41879062743338547,0.4838574976375549,-0.03855049089545926,-0.5675327977610576,-0.893527233580308,-0.7842638771296541,-0.1813840128520379,0.31866695499252756,0.7257634552809806,-1.3675368857995094,-1.3483455974656835,0.4846497725675696,0.49313023370787246,-0.03164606611031203
2019-02-21,0.5661807225406189,0.970648526495087,1.5620707655986374,0.7131121619062373,0.882486421039409,0.8284517804034511,0.43945140535238864,1.18540207455733,0.33919715740152,0.8449971618899101,-1.2708099172255918,-0.2440672507915792,0.30248613144892317,0.9976165307854581,1.364269234165509,1.4914893218877736,0.7890271207094505,-0.26402440556059764,-0.9837570153189227,-1.4415087870913315,-1.8787082153355084,-1.886119492650855,0.3136380219739198,0.5198118558622543,-0.18276099914003904
2019-03-01,0.7181617733013017,0.9626966020025485,1.6125405218806637,0.6525437324710905,1.1318714034917137,0.8622711423045392,0.5122949190109057,1.195710506399275,0.6249430636431157,0.9547960489936373,-0.8404496465831583,-1.9541291719265725,-1.8574819567975098,-1.7148625835624927,-1.20055267262965,-0.04292692358819497,1.483290763884002,2.0278691522234595,1.6697291648591772,0.7806311069866089,-1.4604771275333273,-1.463582860719649,0.27563541073088654,0.4041914931932663,-0.1179974564130132
2019-03-11,0.8701428240619844,0.95474467751001,1.6630102781626899,0.5919753030359438,1.3812563859440217,0.896090504205627,0.5851384326694177,1.2060189382412199,0.9106889698847075,1.0645949360973646,1.3113517066290075,0.40765015889178946,0.2805017234260588,-0.5539215226215698,-1.222380944176843,-1.5273078567116862,-1.0138187914051107,0.055518446245833436,0.8212620970629214,1.340281154384016,-1.0422460397311462,-1.0410462287884428,0.23763279948785324,0.2885711305242783,-0.05323391368598734
2019-03-21,1.022123874822667,0.9467927530174713,1.713480034444716,0.5314068736007972,1.6306413683963263,0.9299098661067149,0.6579819463279347,1.216327370083165,1.196434876126303,1.174393823201092,1.5237372947382601,0.7641451522228631,0.6597327618204708,-0.26097377827199125,-1.0804971791200892,-1.60514056481554,-1.3273572109032952,-0.27504312458840563,0.5942836458053241,1.2909002678489505,-0.6240149519289652,-0.6185095968572368,0.19963018824481993,0.17295076785529026,0.011529629041038512
2019-04-01,1.1415375575632025,0.9189610172935864,1.5783992161604687,0.5207183272298889,1.706036828207488,0.866498562542175,0.6774068833035369,1.0823177561378803,1.315186421577354,1.0688179702167386,0.6406603757576831,0.9479628831591979,1.0829326162606117,0.7426434940367506,0.21828497793788482,-0.3931741100555356,-0.9354341865305645,-0.853525873548324,-0.5135873662853286,-0.042383668597813576,-0.4613695288947835,-0.46485991251861647,0.43714650851377795,0.15516301975236904,0.20582025722211608
2019-04-11,1.260951240303738,0.8911292815697014,1.443318397876223,0.5100297808589807,1.7814322880186528,0.8030872589776353,0.6968318202791443,0.9483081421925957,1.4339379670284091,0.9632421172323856,-0.3821439038210868,-0.4056040446447219,-0.186666947059811,-0.07110024026763467,0.005459330352754582,0.21836859647474172,0.3635106942476287,0.30894898388541675,0.13492249445066323,-0.11919838098569299,-0.298724105860602,-0.3112102281799961,0.674662828782736,0.13737527164944777,0.4001108854031937
2019-04-21,1.3803649230442732,0.8632975458458164,1.3082375795919758,0.49934123448807244,1.8568277478298145,0.7396759554130955,0.7162567572547464,0.8142985282473111,1.5526895124794602,0.8576662642480325,-0.8683951187027968,-1.196577311098041,-1.0825315739915375,-0.7220952277111429,-0.28376526764755056,0.45742619993657746,1.1361589422967262,1.1078061134014943,0.6537303830394569,-0.003976312403873891,-0.1360786828264204,-0.15756054384137577,0.9121791490516941,0.11958752354652656,0.5944015135842711
2019-05-01,1.3912207123843237,0.8116100366443157,1.094483317691629,0.3853300731983846,1.758233684999833,0.7481307958883675,0.852231316083977,0.8194527441682835,1.589799370432912,0.8703353666061548,0.9312932858019237,0.5636167184741341,0.6597327618204708,0.02112404962019568,-0.5893610693082504,-1.0158357748863636,-0.957829787923292,-0.33564607924134937,0.232198973561062,0.7038163945987294,-0.345194226727511,-0.3496226492646512,1.121193510888377,-0.15612257204875263,0.9757868207545345
2019-05-11,1.4020765017243702,0.759922527442815,0.8807290557912839,0.2713189119086967,1.6596396221698517,0.7565856363636394,0.9882058749132074,0.8246069600892562,1.6269092283863678,0.8830044689642773,0.528878487279129,1.571829121488576,1.79192977499799,1.6594614346863579,1.0859587719388002,0.12385745092006245,-1.204181403243294,-1.6909485196617295,-1.4701394108709167,-0.8105307924766078,-0.5543097706286015,-0.5416847546879267,1.3302078727250601,-0.4318326676440318,1.357172127924798
2019-05-21,1.4129322910644206,0.7082350182413143,0.6669747938909372,0.15730775061900873,1.5610455593398704,0.7650404768389114,1.124180433742438,0.8297611760102286,1.6640190863398194,0.8956735713223997,-0.9466424406377847,0.6304595297237104,1.1378936363177725,1.778810515717668,1.8881477512981373,1.5026082801883243,0.12275797927580832,-1.1895968038964668,-1.7727773458810463,-1.8530161748835425,-0.7634253145296921,-0.7337468601112022,1.5392222345617432,-0.707542763239311,1.7385574350950612
2019-06-01,1.3152301870039822,0.6605234712860828,0.42798565384957654,0.0931764723935593,1.3290595291516796,0.6635823911356478,1.1824552446692496,0.8658406874570359,1.5452675408887684,0.8323280595317877,-2.433341557402554,-2.555714473172759,-2.0828221390318706,-1.042167763204201,0.1309718917491134,1.674952133846857,2.6758565380467396,2.0499065902790754,0.8050493505445216,-0.7556631407709797,-0.7634253145296921,-0.7721592811958573,1.415713748021885,-0.8676324961656021,1.77453718105452
2019-06-11,1.217528082943544,0.6128119243308515,0.18899651380821753,0.029045194168109856,1.0970734989634858,0.562124305432384,1.2407300555960665,0.9019201989038433,1.4265159954377133,0.7689825477411759,0.35002746571344245,-0.5002980272482882,-0.48345645536848114,-0.8088945593702772,-0.9713558213841251,-0.7267428590720506,0.02757667335671664,0.7331696664560234,0.9833895622469193,0.9287737665918049,-0.7634253145296921,-0.8105717022805123,1.292205261482027,-1.0277222290918933,1.8105169270139787
2019-06-21,1.1198259788831055,0.56510037737562,-0.0499926262331431,-0.03508608405733959,0.865087468775295,0.46066621972912036,1.299004866522878,0.9379997103506507,1.3077644499866623,0.7056370359505639,1.5796282389775373,1.1317806140955322,0.9785066781520053,0.1621729635662891,-0.6985024270442146,-1.410558794555906,-1.5121209223932968,-0.6992638071590124,0.15653948980852955,0.9891281834679958,-0.7634253145296921,-0.8489841233651675,1.1686967749421688,-1.1878119620181844,1.8464966729734378
2019-07-01,0.9280403672089123,0.4895570946965036,-0.3335139041704083,-0.23460561631429339,0.5345073757571229,0.3084790911742248,1.2892923980350743,0.9586165740345406,1.088816288061286,0.6296224218018298,0.25501286050667155,1.3378792821150591,1.4072026345978623,1.5401123536550483,1.184185993901168,0.4129503667343754,-0.8570495816560184,-1.5036302961889942,-1.4701394108709167,-0.9751337475934923,-0.7401902540962375,-0.8105717022805123,1.1401948165098938,-1.1433425917608815,1.7889290794383037
2019-07-11,0.7362547555347152,0.4140138120173872,-0.6170351821076735,-0.4341251485712472,0.20392728273894767,0.15629196261932926,1.2795799295472758,0.9792334377184306,0.8698681261359058,0.5536078076530955,0.2326564828109607,0.541335781390942,0.7806470059462252,0.6449942459202244,0.327426335673849,-0.06516484018929596,-0.5155166604169245,-0.6111140549365487,-0.4811618732485291,-0.2234469192263865,-0.7169551936627832,-0.7721592811958573,1.1116928580776189,-1.0988732215035784,1.7313614859031694
2019-07-21,0.5444691438605219,0.3384705293382708,-0.9005564600449387,-0.633644680828201,-0.12665281027922448,0.004104834064433753,1.2698674610594722,0.9998503014023206,0.6509199642105296,0.4775931935043612,0.3332601824416592,0.5543329946894706,0.65606869381666,0.5455366783941328,0.22738009108254845,-0.13558490942611579,-0.5379122618096518,-0.5743849915105221,-0.40730380577581893,-0.119198380985693,-0.6937201332293286,-0.7337468601112022,1.0831908996453439,-1.0544038512462752,1.6737938923680356
2019-08-01,0.3743951108664257,0.28280705789050076,-1.0267308507500035,-0.5908904953445681,-0.3644384912221209,-0.06776130997537802,1.172742776181451,0.9431539262716233,0.40228391592238955,0.3635712722812598,0.2773692382023823,-0.6339836497474407,-0.6318512095228163,-0.9282436404015871,-1.0313835681389054,-0.6878265050201237,0.16754918206126335,0.8929410923592389,1.107687285554651,0.9781546531268701,-0.6007798914955106,-0.6185095968572368,1.263703303049752,-1.427946561407621,2.1199427422653243
2019-08-11,0.20432107787232942,0.2271435864427308,-1.15290524145507,-0.5481363098609352,-0.6022241721650173,-0.13962745401518978,1.075618091303425,0.8864575511409258,0.15364786763424954,0.24954935105815843,-0.07474371050506304,1.0816485056583502,1.2862883904721079,1.5618121865698318,1.3533550983919127,0.7298406783000646,-0.5211155607651062,-1.3273307917440664,-1.4701394108709167,-1.1671705285631906,-0.5078396497616925,-0.5032723336032715,1.4442157064541599,-1.8014892715689672,2.5660915921626137
2019-08-21,0.03424704487823314,0.1714801149949608,-1.2790796321601348,-0.5053821243773021,-0.8400098531079138,-0.21149359805500156,0.9784934064254038,0.8297611760102286,-0.09498818065389049,0.13552742983505706,-0.6448313417456887,-1.2467094195352233,-1.0165783499229442,-0.8902689328007157,-0.5948181371950486,0.1016195343189615,0.9457963304585428,1.1959558656239582,0.9239428250127868,0.3362031281710207,-0.4148994080278745,-0.3880350703493063,1.624728109858568,-2.1750319817303128,3.0122404420599027
2019-09-01,-0.020031901822011245,0.18738396398003793,-1.3577530757762342,-0.5944533441348708,-0.9299044398058367,-0.25376780043136143,0.949356000961998,0.8039900964053661,-0.20631775451425358,0.06795888392507102,1.3840099341400676,0.5691869527449321,0.45088088560325834,-0.33149823524503796,-1.0422977039125019,-1.4661535860586588,-1.1313956987169298,-0.13179977722690206,0.6591346318789234,1.2634664419961366,-0.8098954353966011,-0.8105717022805123,1.4062130952111267,-2.3529094627595253,2.9834566452923355
2019-09-11,-0.07431084852225564,0.20328781296511508,-1.4364265193923351,-0.6835245638924394,-1.0197990265037626,-0.2960420028077213,0.9202185954985922,0.7782190168005038,-0.3176473283746127,0.00039033801508501424,0.6462494701816107,1.53283748159299,1.6050623068036423,1.5021376460541769,0.9386179389952485,0.023786826215107946,-1.204181403243294,-1.6027987674392656,-1.329628941044785,-0.6459278373597233,-1.2048914627653278,-1.2331083342117182,1.1876980805636852,-2.530786943788738,2.9546728485247686
2019-09-21,-0.12858979522250003,0.21919166195019224,-1.5150999630084345,-0.7725957836500081,-1.1096936132016855,-0.3383162051840812,0.8910811900351864,0.7524479371956414,-0.4289769022349758,-0.06717820789490098,-2.5563016347289635,-0.9793381745369183,-0.3570461092370105,1.0952657789019842,2.1064304667700657,2.753491089000255,1.9591972934794608,0.12714011992658522,-1.329628941044785,-2.4236397526220754,-1.5998874901340543,-1.6556449661429242,0.9691830659162439,-2.7086644248179503,2.925889051757202
2019-10-01,-0.08878523430898953,0.28280705789050076,-1.5032247262361929,-0.847415608246366,-0.9792014712208289,-0.18190165639154965,1.027055748864417,0.8916117670618983,-0.23229465508167135,0.15664260043192768,-1.3378790503127242,-0.4501659188111061,0.044169337180265826,0.7480684522654465,1.1678147902407736,1.4192160929341955,0.9178018287176335,-0.04915938451834226,-0.7892040570981252,-1.3317734836800752,-1.2978317044991459,-1.3483455974656835,1.1306941636991352,-2.9132235280015446,3.213727019432872
2019-10-11,-0.048980673395475176,0.34642245383080933,-1.491349489463951,-0.9222354328427236,-0.8487093292399692,-0.025487107599018132,1.1630303076936475,1.0307755969281553,-0.035612407928362975,0.3804634087587563,-1.4943736941826997,-0.5504301356854705,-0.06575270293405651,0.7263686193506629,1.23875667276915,1.5748815091419026,1.0857688391630893,0.03899036770412147,-0.8000125547770582,-1.430535256750206,-0.9957759188642372,-1.0410462287884428,1.292205261482027,-3.1177826311851384,3.501564987108543
2019-10-21,-0.009176112481964682,0.41003784977111796,-1.4794742526917093,-0.9970552574390813,-0.7182171872591128,0.13092744119351335,1.299004866522878,1.1699394267944125,0.16106983922494145,0.604284217085585,-1.0863698012359775,-1.5976341785954986,-1.3573366742773436,-0.9662183480024584,-0.4311061005911022,0.49634255398850413,1.4049061590094558,1.4383676842357334,0.9131343273338536,0.08381193032513118,-0.6937201332293286,-0.7337468601112022,1.4537163592649183,-3.3223417343687327,3.7894029547842134
2019-11-01,0.03424704487822929,0.4855811324502343,-1.2493915402295313,-0.7120273542148615,-0.625422775183837,0.21970326618386904,1.2358738213521645,1.1132430516637153,0.16106983922494145,0.5789460123693402,1.4510790672271998,0.40765015889178946,0.32447053947178767,-0.597321188451137,-1.3369793697996053,-1.677413793769118,-1.1090000973242025,0.0885746033292573,0.9455598203706532,1.5103708746714635,-0.8796006166969648,-0.8873965444498225,1.5962261514262932,-3.188933623596823,3.7894029547842134
2019-11-11,0.07767020223842712,0.5611244151293507,-1.019308827767353,-0.4269994509906418,-0.5326283631085583,0.3084790911742248,1.172742776181446,1.0565466765330178,0.16106983922494145,0.5536078076530955,-0.47156941460393004,0.9535331174299958,1.4731558586664557,1.816785223318539,1.6589509000526124,1.0356120315652033,-0.364346351016014,-1.4044618249387224,-1.7025221109679805,-1.5292970298203366,-1.0654811001646007,-1.041046228788443,1.738735943587668,-3.0555255128249144,3.7894029547842134
2019-11-21,0.12109335959862108,0.6366676978084671,-0.7892261153051748,-0.141971547766422,-0.4398339510332826,0.39725491616458053,1.1096117310107325,0.9998503014023206,0.16106983922494145,0.5282696029368508,-1.0304788569967003,-1.140874968390061,-0.7197888416142741,-0.34777310993112565,0.03820173767354385,0.6631269284967616,1.096966639859453,0.8929410923592389,0.3997306875845266,-0.2618542754203262,-1.2513615836322367,-1.1946959131270631,1.8812457357490429,-2.9221174020530047,3.7894029547842134
2019-12-01,0.11747476315193761,0.6684753957786215,-0.5487525706672854,0.000542403845687876,-0.44273377641063544,0.36343555426349267,1.0561931543278227,1.0617008924539904,0.08685012331803404,0.5198235346981025,-1.1478498398991823,-0.8902144262041498,-0.4889525573741973,0.015699091391499744,0.4365676934098132,0.9466603651607993,1.0521754370739982,0.5733982405528079,-0.02720497073333477,-0.6514146025302862,-1.1351862814649643,-1.117871070957753,1.7292352907769097,-2.2106074779361555,3.098591832362604
2019-12-11,0.113856166705258,0.7002830937487756,-0.3082790260293944,0.14305635545779774,-0.4456336017879883,0.32961619236240475,1.0027745776449077,1.1235514835056601,0.012630407411122686,0.5113774664593542,-1.15343893432311,-1.2801308251600116,-0.9945939419000799,-0.5050968985633068,0.005459330352754567,0.7520785949011656,1.281730351349455,1.0472031587485504,0.45917742481865914,-0.3002616316142659,-1.0190109792976918,-1.0410462287884428,1.5772248458047766,-1.4990975538193059,2.407780709940995
2019-12-21,0.11023757025857452,0.73209079171893,-0.06780548139150494,0.28557030706990766,-0.44853342716534117,0.29579683046131683,0.949356000961998,1.18540207455733,-0.06158930849578472,0.502931398220606,0.6183039980619722,0.2795347706634349,0.2585173154031943,-0.04940040735285104,-0.40382076115711124,-0.5933153594654446,-0.4987199593723788,-0.09874362014347812,0.232198973561062,0.5172663787995937,-0.9028356771304191,-0.9642213866191327,1.4252144008326433,-0.7875876297024565,1.7169695875193858
2020-01-01,0.0993817809185241,0.7241388672263914,0.13704235292966085,0.17868484336082519,-0.3528391897127126,0.2662048887978649,0.8862249557912846,1.2317900178460823,-0.06158930849578472,0.5367156711755989,-0.9801770071813509,-1.0851726256820806,-0.7857420656828674,-0.4237225251328683,-0.032740144854832884,0.5852942203929081,1.0465765367258164,0.876413013817527,0.39432643874506,-0.24539397990863776,-0.6240149519289652,-0.656922017941892,1.5582235401832598,-0.10275932773998893,1.2564288392383134
2020-01-11,0.08852599157847754,0.7161869427338529,0.3418901872508251,0.0717993796517428,-0.257144952260081,0.236612947134413,0.8230939106205711,1.2781779611348345,-0.06158930849578472,0.570499944130592,1.7584792605432238,0.31852641055902103,0.23103680537461377,-0.9607933897737624,-1.849943751158637,-2.155529000692789,-1.2713682074214763,0.3144583433993207,1.3724954786885142,2.026126800704368,-0.34519422672751104,-0.3496226492646512,1.6912326795338766,0.5820689742224786,0.7958880909572406
2020-01-21,0.07767020223842712,0.7082350182413143,0.5467380215719909,-0.03508608405733959,-0.16145071480745246,0.2070210054709611,0.7599628654498577,1.324565904423587,-0.06158930849578472,0.604284217085585,-0.26477292091860494,0.8755498376388234,1.060948208237747,1.4804378131393934,1.4079257772598948,0.9188629694094229,-0.26356614474874046,-1.151031287299139,-1.4160969224762507,-1.2275249454393817,-0.0663735015260569,-0.04232328058741047,1.8242418188844929,1.2668972761849462,0.3353473426761678
2020-02-01,0.1536607276187685,0.704259055995045,0.8065088259647726,0.025482345377807115,0.009638982456337746,0.15629196261932926,0.6725506490596402,1.293640608897752,-0.05787832270043876,0.5324926370562248,-1.0919588956599051,-1.0628916885988886,-0.7582615556542869,-0.27724865295807893,0.18554257061709556,0.8243518238547438,1.1697523443858175,0.8378474972201991,0.2646244665978616,-0.40999693502552226,-0.15931374325987493,-0.1575605438413758,1.5107202761294682,1.3291543945451705,0.054705324192389056
2020-02-11,0.22965125299910988,0.7002830937487756,1.066279630357556,0.08605077481295383,0.18072867972013104,0.10556291976769745,0.5851384326694177,1.2627153133719171,-0.054167336905092796,0.4607010570268647,0.7692095475080203,-0.02125787995965829,-0.032776090899759774,-0.5918962302224412,-1.0040982287049143,-1.0436331706377397,-0.48752215867601506,0.3420051409688406,0.8158578482234546,1.043995835173624,-0.25225398499369295,-0.27279780709534107,1.1971987333744438,1.3914115129053952,-0.22593669429138963
2020-02-21,0.3056417783794512,0.6963071315025064,1.3260504347503375,0.14661920424810052,0.35181837698392127,0.0548338769160656,0.4977262162792002,1.2317900178460823,-0.05045635110974683,0.38890947699750456,-0.47156941460393004,0.4299310959749815,0.6982054758604835,1.0627160295298088,1.075044636165204,0.8243518238547438,0.010779972312171055,-0.7102825261868204,-1.0215867571951889,-1.0354881644696832,-0.345194226727511,-0.3880350703493063,0.8836771906194191,1.4536686312656195,-0.5065787127751682
2020-03-01,0.43229265401335354,0.6565475090398135,1.444802802472752,0.2535046679571829,0.601203359436226,0.08442581857951752,0.48315751354749475,1.154476779031495,0.17591378240632136,0.43536285231061994,0.22147829396310528,-0.6061324783934507,-0.670323923562829,-0.9065438074868035,-0.9768128892709235,-0.6266722343670961,0.18434588310580893,0.8323381377062952,0.9941980599258525,0.8629325845450511,-0.3684292871609655,-0.3880350703493063,0.9311804546732106,1.4180931350597772,-0.4418151700481424
2020-03-11,0.558943529647252,0.6167878865771207,1.5635551701951678,0.36039013166626527,0.8505883418885338,0.1140177602429694,0.4685888108157944,1.0771635402169077,0.40228391592238955,0.4818162276237353,-0.40450028151679757,0.22940266222625275,0.6157639457747418,0.8077429927811014,0.7585346987309076,0.5741752620923577,-0.00601672873237453,-0.49541750514456495,-0.7081403245061262,-0.7392028452592913,-0.39166434759442004,-0.3880350703493063,0.9786837187270022,1.3825176388539344,-0.3770516273211165
2020-03-21,0.6855944052811542,0.577028264114428,1.682307537917582,0.46727559537534774,1.0999733243408385,0.14360970190642133,0.45402010808408894,0.9998503014023206,0.6286540494384577,0.5282696029368508,-0.5609949253867732,-1.9541291719265725,-1.714583304648891,-1.8667614139659778,-1.5552620852715338,-0.4765662973096644,1.2201424475194544,2.0884721068764036,1.956154353350907,1.1701914340965687,-0.4148994080278745,-0.3880350703493063,1.026186982780794,1.346942142648092,-0.3122880845940907
2020-04-01,0.7471105448747656,0.4855811324502344,1.5294138644749729,0.4102700147305038,1.2797624977366873,0.23661294713441303,0.4977262162792002,0.8967659829828709,0.8216253107964162,0.5071544323399801,0.847456869443008,-0.33876123339514563,-0.4944486593799134,-1.101842303719856,-1.4515777954223676,-1.271571815799025,-0.30275844718601347,0.7937726211089672,1.3130487414543819,1.4445296926247095,-0.298724105860602,-0.27279780709534107,1.0546889412130689,1.3380482685966315,-0.28350428782652365
2020-04-11,0.808626684468373,0.39413400078604083,1.3765201910323654,0.3532644340856599,1.459551671132536,0.32961619236240475,0.5414323244743063,0.7936816645634213,1.0145965721543786,0.4860392617431094,-0.9578206294856401,0.30738594201742503,0.6872132718490512,1.3176890662785161,1.522524202882657,1.3580618222811676,0.3355161925067194,-0.7763948403536682,-1.3620544340815848,-1.5622176208437135,-0.18254880369332946,-0.15756054384137572,1.0831908996453439,1.3291543945451705,-0.25472049105895667
2020-04-21,0.8701428240619844,0.3026868691218472,1.2236265175897563,0.29625885344081593,1.6393408445283848,0.4226194375903965,0.5851384326694177,0.6905973461439717,1.207567833512337,0.4649240911462388,-1.3881809001280734,-2.0711040916133308,-1.8135131407517808,-1.329690549325084,-0.6057322729686451,0.6186510952945595,1.8416203861676417,1.912172602431476,1.2481977553807826,0.16062664271301058,-0.0663735015260569,-0.04232328058741047,1.1116928580776189,1.32026052049371,-0.2259366942913896
2020-05-01,0.8267196667017904,0.1873839639800379,0.9742465453726843,0.09673932118386207,1.3841562113213743,0.20279358523332514,0.48315751354749475,0.43804076601632,1.0034636147683407,0.203095975745043,0.07057274451705726,-0.9013548947457458,-0.9506251258543509,-1.139817011320727,-1.1023254506672822,-0.5766369220146189,0.44749419947035673,1.1463716299988225,1.2373892577018493,0.9562075924446188,0.026566740207761154,0.034501561581899695,1.149695469320652,0.9378239362809034,0.11227291772752318
2020-05-11,0.7832965093415927,0.07208105883822864,0.724866573155614,-0.10278021107309175,1.128971578114361,-0.017032267123746177,0.38117659442557184,0.18548418588866825,0.7993593960243484,-0.05873213965615276,-2.109174080814747,-2.171368308487695,-1.7915287327289164,-0.8414443087424527,0.18008550273029736,1.497048801038049,2.311928015414918,1.7358730979865487,0.6375176365210569,-0.6953087238947887,0.11950698194157916,0.11132640375120993,1.1876980805636852,0.5553873520680968,0.450482529746436
2020-05-21,0.7398733519813987,-0.043221846303580634,0.47548660093854195,-0.3022997433300456,0.8737869449073504,-0.2368581194808175,0.2791956753036489,-0.0670723942389834,0.5952551772803519,-0.3205602550573485,0.23824557723488834,-0.4668766216235002,-0.5219291694084941,-0.7600699353120142,-0.8513003278745646,-0.582196401164894,0.11156017857944459,0.6890947903447917,0.853687590099721,0.7531972811337946,0.21244722367539717,0.1881512459205201,1.2257006918067184,0.17295076785529026,0.7886921417653487
2020-06-01,0.5951294941140829,-0.13864494021404347,0.17563687243944537,-0.5125078219579077,0.5809045817947591,-0.4228646099368008,0.3568954232060678,-0.010376019108286099,0.5099025039874067,-0.3458984597735933,-1.0696025179641944,-0.5504301356854705,-0.28559678316270104,0.2977969192836867,0.6930498840893291,1.0578499481663042,0.895406227324906,0.24283666971856888,-0.3622683987802639,-0.8818587396939244,-0.0896085619595114,-0.11914812275672064,1.2352013446174768,0.012861034928999118,0.9182192272194004
2020-06-11,0.45038563624676703,-0.23406803412450633,-0.12421285605965283,-0.7227159005857697,0.2880222186821679,-0.6088711003927842,0.4345951711084816,0.0463203560224112,0.42454983069446534,-0.37123666448983805,-1.281988106073447,-1.3525438706803858,-1.0275705539343765,-0.4942469821059151,0.08185828076792956,0.8743871362072212,1.3881094579649103,1.0802593158319744,0.4267519317818595,-0.39353663951383383,-0.3916643475944199,-0.4264474914339614,1.2447019974282352,-0.14722869799729202,1.047746312673452
2020-06-21,0.3056417783794512,-0.3294911280349692,-0.42406258455874946,-0.9329239792136318,-0.004860144430423402,-0.7948775908487676,0.5122949190109005,0.10301673115310853,0.33919715740152,-0.3965748692060828,-0.9801770071813509,-0.8679334891209578,-0.8022303717000158,-0.21757411244242403,0.2673985889190687,0.8521492196061202,1.0857688391630893,0.6890947903447916,0.1133054990927968,-0.49229841258396445,-0.6937201332293286,-0.7337468601112022,1.2542026502389934,-0.30731843092358313,1.1772733981275039
2020-07-01,0.135567745385355,-0.3811786372364699,-0.6437544648452163,-0.9828038622778702,-0.18464931782627217,-0.7314662872842279,0.4345951711084816,0.05147457194338371,0.2315785693365029,-0.3416754256542192,-1.4496609387912782,-0.6896859924554211,-0.34605390522557833,0.48224549905934727,1.0641305003916075,1.5137272384888747,1.2089446468230907,0.25936474826028083,-0.5730341035194612,-1.2549587712921957,-0.39166434759442004,-0.42644749143396143,1.2162000389959602,-0.14722869799729202,1.0261584650977766
2020-07-11,-0.03450628760874514,-0.4328661464379706,-0.8634463451316846,-1.0326837453421087,-0.3644384912221209,-0.6680549837196881,0.3568954232060678,-6.758726634113003e-05,0.12395998127148578,-0.28677598210235555,-2.092406797542964,-1.36925457349278,-0.8681835957686093,0.1621729635662891,1.02593102518402,1.8695339041064905,1.864015987560369,0.8047913401367752,-0.3244386569039977,-1.4140749612385175,-0.08960856195951143,-0.11914812275672071,1.178197427752927,0.012861034928999118,0.8750435320680496
2020-07-21,-0.2045803206028414,-0.4845536556394713,-1.0831382254181514,-1.0825636284063471,-0.5442276646179697,-0.6046436801551482,0.2791956753036489,-0.05160974647606595,0.01634139320646865,-0.23187653855049192,-1.540949481048764,-1.6366258184910851,-1.3738249802944915,-0.6515707707380962,0.1000485070572569,1.1023257813685061,1.742706480016429,1.3428721193280644,0.5222269946124362,-0.48132488224283887,0.21244722367539717,0.1881512459205201,1.1401948165098938,0.17295076785529026,0.7239285990383229
2020-08-01,-0.3855101429369881,-0.5521450138260492,-1.181108928789143,-0.9685524671166592,-0.7356161395232267,-0.6088711003927844,0.050952665840299095,-0.2526241673939928,-0.269404513035127,-0.39235183508670873,-0.5274603588432071,-1.7034686297406614,-1.6486300805802976,-1.6117883772172708,-1.2496662836108339,-0.27642504789975536,1.1585545436894538,1.8240228502090121,1.6373036718223777,0.9287737665918048,0.46803288844339674,0.4570381935131058,0.9026784962409357,0.413085367244727,0.34973924105995124
2020-08-11,-0.5664399652711309,-0.619736372012627,-1.2790796321601348,-0.8545413058269713,-0.9270046144284869,-0.6130985206304203,-0.1772903436230507,-0.45363858831191967,-0.5551504192767188,-0.5528271316229255,-0.5218712644192792,0.5246250785785479,0.4948497016489872,1.1006907371306802,1.2496708085427466,1.0411715107154786,0.13395577997217215,-0.7598667618119562,-1.1783099735397204,-1.222038180268819,0.7236185532113963,0.7259251411056914,0.6651621759719776,0.6532199666341636,-0.024450116918420344
2020-08-21,-0.7473697876052776,-0.687327730199205,-1.3770503355311263,-0.7405301445372834,-1.118393089333744,-0.6173259408680563,-0.40553335308640054,-0.6546530092298465,-0.8408963255183145,-0.7133024281591422,-2.80781088380571,-1.7257495668238534,-1.1594770020715632,0.3032218775123825,1.5279812707694553,2.6145041102433737,2.491092826556738,0.9425253279843747,-0.6054595965562608,-2.0285926603415527,0.9792042179793959,0.9948120886982772,0.4276458557030196,0.8933545660236004,-0.39863947489679186
2020-09-01,-0.9319182063861039,-0.8145585220798222,-1.429004496409683,-0.7654700860694026,-1.2865829612201813,-0.7737404896605878,-0.4589519297693103,-0.7010409525185988,-0.9373819561972937,-0.7639788375916318,-1.3155226726170133,-1.608774647137095,-1.4287860003516528,-0.8468692669711485,-0.16916684202478813,0.8299113030050191,1.623263272588549,1.4328583247218294,0.7456026133103889,-0.19601309337357245,0.9094990366790324,0.917987246528967,0.19012953543406164,0.8133096995604547,-0.51377466196706
2020-09-11,-1.116466625166934,-0.9417893139604392,-1.4809586572882396,-0.790410027601522,-1.4547728331066219,-0.9301550384531194,-0.5123705064522253,-0.7474288958073512,-1.033867586876273,-0.8146552470241212,-1.2372753506820253,-2.0822445601549266,-1.9893884049346968,-1.5358389620155282,-0.8131008526669772,0.4574261999365774,1.8248236851230961,2.0388878712512675,1.431942215922647,0.3636369540238348,0.8397938553786689,0.8411624043596567,-0.04738678483489641,0.7332648330973093,-0.6289098490373283
2020-09-21,-1.3010150439477604,-1.0690201058410562,-1.5329128181667964,-0.8153499691336412,-1.622962704993059,-1.086569587245651,-0.5657890831351351,-0.7938168390961035,-1.1303532175552522,-0.8653316564566108,0.2382455772348884,-0.6005622441226526,-0.664827821557113,-0.9173937239441954,-0.993184092931318,-0.648910150968197,0.16754918206126335,0.8323381377062952,1.0050065576047857,0.8739061148861766,0.7700886740783054,0.7643375621903465,-0.28490310510385436,0.6532199666341636,-0.7440450361075964
2020-10-01,-1.4204287266882958,-1.1763710864903272,-1.48838068027089,-0.8153499691336412,-1.6287623557477648,-1.1288437896220107,-0.7017636419643656,-0.9381348848833331,-1.3084805357318308,-1.0722603283059429,-0.5945294919303395,-1.5085104302627306,-1.5002353264259625,-1.3622402986972593,-0.9713558213841252,-0.059605361039020706,1.14735674299309,1.5981391101389488,1.3346657368122483,0.6544355080636641,0.6074432510441238,0.6106878778517262,-0.094890048888688,0.5820689742224786,-0.5425584587346272
2020-10-11,-1.539842409428835,-1.2837220671395977,-1.4438485423749856,-0.8153499691336412,-1.6345620065024675,-1.1711179919983705,-0.8377382007935962,-1.0824529306705626,-1.4866078539084093,-1.279189000155275,0.6406603757576831,-0.912495363287342,-1.1045159820144022,-1.6497630848181422,-1.8226584117246458,-1.343845044752603,0.07236787614217155,1.3336898534715578,1.7778141416485091,1.6804605949589104,0.44479782800994233,0.4570381935131057,0.09512300732647845,0.5109179818107938,-0.3410718813616577
2020-10-21,-1.6592560921693702,-1.3910730477888684,-1.3993164044790793,-0.8153499691336412,-1.640361657257173,-1.2133921943747303,-0.9737127596228267,-1.226770976457792,-1.664735172084988,-1.486117672004607,0.7077295088448156,0.13470867962268637,-0.049264396916908135,-0.45084731627634783,-0.7749013774593896,-0.8490514003781059,-0.448329856238742,0.193252434093433,0.5726666504474578,0.7916046373277345,0.2821524049757608,0.30338850917448534,0.28513606354164484,0.43976698939910885,-0.13958530398868846
2020-11-01,-1.7099164424229312,-1.4228807457590227,-1.276110822967074,-0.7832843300209165,-1.6461613080118789,-1.2683486574639982,-0.9688565253789249,-1.2216167605368198,-1.6832901010617138,-1.5283480131983485,-0.06915461608113534,-0.3220505305827516,-0.2965889871741333,-0.30979840233025435,-0.31105060708154164,-0.12075963169204842,0.19554368380217266,0.38608001708007245,0.36190094570826037,0.2154942944186388,0.3518575862761243,0.3802133513437955,0.2661347579201282,0.32414662673012085,-0.06042986287787908
2020-11-11,-1.7605767926764921,-1.454688443729177,-1.15290524145507,-0.7512186909081918,-1.6519609587665813,-1.3233051205532662,-0.9640002911350231,-1.216462544615847,-1.7018450300384436,-1.5705783543920895,-1.360235428008435,-1.5029401959919324,-1.340848368260195,-0.6841205201102715,0.016373466126351,0.9577793234613499,1.6064665715440032,1.2841056178464216,0.5510496550895914,-0.3661028136610197,0.42156276757648775,0.4570381935131057,0.24713345229861153,0.2085262640611328,0.018725578232930307
2020-11-21,-1.8112371429300531,-1.4864961416993312,-1.0296996599430643,-0.7191530517954671,-1.6577606095212871,-1.378261583642534,-0.9591440568911213,-1.2113083286948747,-1.7203999590151695,-1.612808695585831,-0.15299103244005088,-1.163155905473253,-1.2144380221287245,-1.2971407999529083,-1.1350678579880715,-0.44876890155828814,0.6994447151385406,1.3557272915271736,1.334665736812248,0.9013399407389906,0.4912679488768513,0.5338630356824159,0.22813214667709492,0.09290590139214468,0.09788101934373966
2020-12-01,-1.8003813535900026,-1.4387845947440996,-0.8768059865004552,-0.7868471788112192,-1.5446674198045447,-1.2387567158005464,-1.1436809581593597,-1.2886215675094619,-1.6944230584477515,-1.511455876720852,0.2997256158980931,-0.6005622441226526,-0.7307810456257063,-0.982493222688546,-1.0586689075728966,-0.7100644216212247,0.1563513813648996,0.8653942947897191,1.0590490459994517,0.9452340621034933,0.932734097112487,0.9563996676136219,0.15212692419102833,-0.0849715796370677,0.177036460454549
2020-12-11,-1.7895255642499561,-1.3910730477888684,-0.7239123130578461,-0.8545413058269713,-1.431574230087802,-1.0992518479585587,-1.3282178594276033,-1.365934806324049,-1.6684461578803338,-1.410103057855873,0.32767108801773165,-0.7453883351634012,-0.7692537596657191,-1.1615168442355108,-1.2878657588184212,-0.8879677544300328,0.14515358066853581,1.0251657206929345,1.280623248417582,1.1427576082437545,1.3742002453481226,1.3789362995448282,0.07612170170496184,-0.26284906066628005,0.2561919015653583
2020-12-21,-1.7786697749099056,-1.343361500833637,-0.5710186396152369,-0.9222354328427236,-1.3184810403710596,-0.9597469801165711,-1.5127547606958418,-1.4432480451386365,-1.642469257312916,-1.3087502389908938,-0.26477292091860494,-0.22178631370838714,-0.12071372299121762,0.015699091391499758,0.06548707710753489,0.1905712007233655,0.24033488658762758,0.15468691749610514,0.016029019982398043,-0.14663220683850706,1.8156663935837583,1.8014729314760343,0.00011647921889526104,-0.4407265416954924,0.3353473426761678
2021-01-01,-1.7207722317629777,-1.2757701426470591,-0.30382581223980315,-0.8794812473590905,-1.1444915177299164,-0.8794259956014874,-1.6972916619640857,-1.5205612839532237,-1.6387582715175701,-1.2707429319165269,-0.8348605521592307,-1.7758816752610356,-1.670614488603162,-1.487014337957265,-1.0040982287049143,0.034905784515658504,1.3601149562240011,1.7909666931255883,1.431942215922647,0.6050546215285987,1.8621365144506674,1.839885352560689,-0.40841159164371255,-0.8943141183199841,0.39291493621130186
2021-01-11,-1.6628746886160537,-1.2081787844604814,-0.036632984864370936,-0.8367270618754576,-0.9705019950887703,-0.7991050110864037,-1.8818285632323242,-1.5978745227678108,-1.635047285722224,-1.2327356248421597,0.5009330151594904,-0.7342478666218051,-0.9836017378886476,-1.3622402986972593,-1.4679489990827626,-1.0380736914874644,0.11715907892762656,1.1133154729153982,1.4373464647621135,1.3402811543840158,1.9086066353175761,1.8782977736453441,-0.8169396625063203,-1.3479016949444755,0.450482529746436
2021-01-21,-1.604977145469126,-1.1405874262739035,0.23055984251106285,-0.7939728763918247,-0.7965124724476272,-0.71878402657132,-2.0663654645005676,-1.675187761582398,-1.6313362999268781,-1.1947283177677925,0.31649289916987616,0.09014680545630217,0.02768103116311748,-0.13077478078328958,-0.3328788786287345,-0.3764956726047099,-0.2355716430078311,0.05000908673192945,0.2105819782031956,0.3197428326593323,1.9550767561844853,1.9167101947299992,-1.2254677333689281,-1.8014892715689672,0.5080501232815701
2021-02-01,-1.4783262698352235,-1.0928758793186721,0.4873618377107853,-0.7369672957469807,-0.6486213782026536,-0.8033324313240396,-2.0615092302566658,-1.608182954609756,-1.5571165840199708,-1.1820592154096703,0.9312932858019237,0.17927055378907053,0.060657643197414166,-0.5376466479354822,-1.0040982287049145,-1.138144316192419,-0.6554891691214711,0.198761793607337,0.7347941156314557,1.0549693655147496,1.792431333150304,1.7630605103913788,-1.1494625108828616,-1.6413995386426758,0.450482529746436
2021-02-11,-1.3516753942013213,-1.0451643323634408,0.7441638329105061,-0.6799617151021368,-0.5007302839576832,-0.8878808360767594,-2.056652996012764,-1.5411781476371136,-1.4828968681130634,-1.1693901130515478,0.6127149036380446,0.20712172514306065,0.1430991732831559,-0.1904493212989445,-0.5184191867798735,-0.6600291092687476,-0.45392875658692383,0.02246228916240953,0.36190094570826037,0.5940810911874731,1.6297859101161223,1.6094108260527584,-1.073457288396795,-1.481309805716385,0.39291493621130186
2021-02-21,-1.225024518567419,-0.9974527854082093,1.0009658281102287,-0.6229561344572928,-0.35283918971270956,-0.9724292408294791,-2.051796761768862,-1.4741733406644713,-1.4086771522061559,-1.1567210106934254,-0.052387332809352205,-0.8345120834961696,-0.818718677717164,-0.9716433062311541,-0.9222422104029412,-0.44320942240801287,0.43629639877399296,1.0031282826373185,1.0320278018021185,0.7367369856221062,1.4671404870819407,1.455761141714138,-0.9974520659107283,-1.3212200727900938,0.3353473426761678
2021-03-01,-1.0368575033399092,-0.9656450874380549,1.1004209360777506,-0.5659505538124489,-0.05705700122276539,-0.8709711551262155,-1.7701351756226027,-1.2370794082997372,-1.1043763169878344,-1.0215839188734535,1.316940801052935,0.4410715645165776,0.1540913772945881,-0.548496564392874,-1.145981993761668,-1.4161182737061813,-0.95223088757511,0.044499727218025475,0.7618153598287888,1.279926737507825,1.025674338846305,1.033224509782932,-0.8074390096955619,-1.081085473400657,0.27777974914103365
2021-03-11,-0.8486904881123956,-0.9338373894679006,1.1998760440452727,-0.5089449731676049,0.23872518726717873,-0.7695130694229517,-1.488473589476338,-0.9999854759350028,-0.8000754817695128,-0.8864468270534814,-0.7901477967678091,-0.41117427891551994,-0.11521762098550153,0.2489722952254235,0.48022423650419893,0.7020432825486884,0.5930656085230852,0.17121499603781706,-0.2433749243119987,-0.623980776677472,0.5842081906106693,0.6106878778517261,-0.6174259534803956,-0.8409508740112202,0.2202121556058996
2021-03-21,-0.6605234728848858,-0.9020296914977464,1.2993311520127948,-0.45193939252276094,0.5345073757571229,-0.6680549837196881,-1.2068120033300784,-0.7628915435702686,-0.4957746465511913,-0.7513097352335094,-0.6280640584739057,-1.865005423593804,-1.632141774563149,-1.709437625333797,-1.3697217771203944,-0.3320198394025079,1.2201424475194544,1.956247478542708,1.767005643969576,0.9891281834679958,0.14274204237503366,0.1881512459205201,-0.42741289726522924,-0.6008162746217836,0.1626445620707655
2021-04-01,-0.4542634754239587,-0.8384142955574377,1.0647952257610254,-0.704901656634256,0.5693052802853509,-0.7906501706111317,-0.9542878226472246,-0.6443445773879015,-0.29167042780719493,-0.7597558034722576,1.8255483936303563,0.28510500493423296,-0.09323321296263705,-1.1723667606929027,-1.9590851088946015,-2.15552900069279,-1.159390200457839,0.4521923312469202,1.4859847043173129,2.1139150434333733,0.14274204237503366,0.149738824835865,-0.43691355007598753,-0.7786937556509959,0.2921716475248172
2021-04-11,-0.24800347796303537,-0.7747988996171293,0.8302592995092577,-0.957863920745751,0.6041031848135788,-0.9132453575025753,-0.7017636419643656,-0.5257976112055344,-0.0875662090632025,-0.7682018717110058,1.266638951237586,0.9479628831591979,0.9894988821634376,0.25982221168281533,-0.5129621188930753,-1.1659417119437954,-1.3161594102069314,-0.6496795715338765,0.07007150837706404,0.7586840463043576,0.14274204237503366,0.11132640375120986,-0.4464142028867458,-0.9565712366802084,0.421698732978869
2021-04-21,-0.04174348050210823,-0.7111835036768207,0.5957233732574883,-1.210826184857246,0.6389010893418069,-1.035840544394019,-0.4492394612815118,-0.40725064502316727,0.11653800968079385,-0.776647939949754,0.25501286050667155,1.02594616295037,1.29728059448354,1.2417396510767735,0.845847784919679,0.18501172157309023,-0.7618682757369266,-1.151031287299139,-1.0486080013925219,-0.6404410721891605,0.14274204237503366,0.07291398266655479,-0.4559148556975041,-1.1344487177094207,0.5512258184329206
2021-05-01,0.07405160579174365,-0.6475681077365121,0.4740021963420131,-1.1039407211481633,0.6244019624550458,-0.9047905170273035,-0.25499009152546964,-0.3454000539714975,0.2352895551318449,-0.6710720869654009,-3.092854699426023,-1.915137532030986,-1.1319964920429828,0.39002120917151695,1.6698650358262088,2.8257643179538334,2.6702576376985574,1.0086376421512226,-0.6540978361114601,-2.204169145799563,0.18921216324194268,0.14973882483586495,-0.7124324815879788,-0.8231631259082991,0.11227291772752315
2021-05-11,0.18984669208559937,-0.5839527117962034,0.352281019426538,-0.9970552574390812,0.6099028355682845,-0.7737404896605878,-0.0607407217694223,-0.2835494629198277,0.35404110058289995,-0.5654962339810478,-0.33743114842966515,-1.7424602696362474,-1.6596222845917297,-1.8016619152216273,-1.5388908816111393,-0.5599584845637933,1.0521754370739982,1.9452287595148998,1.8804948695983748,1.2250590858021968,0.23568228410885175,0.2265636670051752,-0.9689501074784533,-0.5118775341071774,-0.3266799829778743
2021-05-21,0.3056417783794512,-0.5203373158558949,0.23055984251106285,-0.8901697937299988,0.5954037086815234,-0.6426904622938723,0.13350864798661988,-0.22169887186815787,0.472792646033951,-0.4599203809966947,1.6299300887928865,-0.13266256537561874,-0.3515500072312944,-1.4598895468137856,-2.1664536885929335,-2.1833263964441656,-0.9186374854860189,0.8158100591645832,1.7994311370063756,2.2565709378680068,0.2821524049757608,0.30338850917448534,-1.2254677333689281,-0.20059194230605573,-0.7656328836832718
2021-06-01,0.2803116032526708,-0.4845536556394713,0.1325891391400712,-0.6122675880863847,0.5345073757571229,-0.4905033337389767,0.20635216164513698,-0.17015671265843305,0.5136134897827527,-0.3416754256542192,0.21030010511524985,0.6973023409732867,0.9290417601005604,0.8402927421532769,0.50750957593819,0.02934630536538326,-0.5883023649432887,-0.7874135593814761,-0.6865233291482598,-0.39353663951383383,0.25891734454230625,0.26497608808983025,-1.0639566355860366,0.07511815328922349,-0.8663761723697564
2021-06-11,0.2549814281258903,-0.44876999542304774,0.034618435769077964,-0.33436538244277036,0.4736110428327223,-0.3383162051840812,0.2791956753036489,-0.11861455344870823,0.5544343335315504,-0.22343047031174362,-0.9689988183334957,-0.6674050553722289,-0.4449837413284684,0.05909875722106698,0.44202476129661145,0.8521492196061202,0.8898073269767242,0.4356642527052083,-0.10286445448586713,-0.6349543070185977,0.23568228410885167,0.2265636670051752,-0.9024455378031452,0.3508282488845027,-0.967119461056241
2021-06-21,0.22965125299910988,-0.41298633520662414,-0.06335226760191369,-0.05646317679915607,0.4127147099083218,-0.18612907662918565,0.352039188962166,-0.0670723942389834,0.5952551772803519,-0.1051855149692681,-0.8795733075506523,0.09014680545630216,0.3629432535118005,0.943366948498499,1.1787289260143698,1.1468016145707083,0.4250985980776293,-0.46787070757504506,-1.0053740106767892,-1.2604455364627587,0.21244722367539717,0.1881512459205201,-0.7409344400202538,0.6265383444797817,-1.0678627497427255
2021-07-01,0.08852599157847754,-0.4328661464379706,-0.21773034564105323,0.050422286909926325,0.18652833047483366,-0.19035649686682163,0.24520203559634127,-0.15469406489551563,0.38743997274100966,-0.16853102675987996,-1.131082556627399,-1.7480305039070456,-1.434282102357369,-1.156091886006815,-0.627560544515838,0.37959349183272395,1.4664940628394565,1.6311952672223728,1.1184957832335842,0.21549429441863874,0.5842081906106693,0.572275456767071,-0.5604220366158457,0.8044158255089942,-1.0750586989346174
2021-07-11,-0.05259926984215865,-0.452745957669317,-0.3721084236801928,0.1573077506190087,-0.039658048958651396,-0.1945839171044576,0.1383648822305217,-0.24231573555204786,0.1796247682016673,-0.23187653855049184,-0.44921303690821923,-1.2801308251600116,-1.335352266254479,-1.1940665936076862,-0.8731285994217574,-0.10408119424122267,0.9457963304585427,1.3777647295827897,1.1779425204677167,0.6160281518697244,0.9559691575459414,0.9563996676136219,-0.37990963321143756,0.9822933065382067,-1.0822546481265092
2021-07-21,-0.193724531262791,-0.47262576890066343,-0.5264865017193323,0.2641932143280911,-0.26584442839213956,-0.19881133734209364,0.03152772886469695,-0.32993740620858003,-0.028190436337675002,-0.29522205034110377,1.9354672506342676,1.4455704780171543,1.2349914384187572,0.281522044597599,-0.743977992767533,-1.6737074743356013,-1.8853809456054211,-0.9526943447985956,0.0934899200147526,1.1427576082437545,1.3277301244812134,1.3405238784601727,-0.19939722980702948,1.160170787567419,-1.0894505973184008
2021-08-01,-0.34932417847015723,-0.5123853913633563,-0.7105526716890754,0.17155914578021972,-0.4833313316935691,-0.24108553971845348,0.012102791889094806,-0.29901211068274514,-0.21002874030959953,-0.3332293574154709,-0.9466424406377847,-0.05467928558444642,0.23103680537461377,0.8402927421532769,1.1187011792595896,1.1634800520215338,0.5314777046930848,-0.34666479826915736,-0.9080975315663904,-1.2165514150982562,1.0256743388463048,1.033224509782932,-0.19939722980702948,1.0356565508469704,-0.9887073086319164
2021-08-11,-0.5049238256775196,-0.5521450138260492,-0.894618841658817,0.0789250772323483,-0.7008182349949987,-0.2833597420948134,-0.007322145086512516,-0.26808681515691024,-0.39186704428152014,-0.37123666448983805,-2.450108840674337,-1.7758816752610356,-1.3793210823002078,-0.10364998963981008,1.0313880930708181,2.169745778221354,2.367917018896737,1.190446506110054,-0.1731196893989329,-1.512836734308648,0.7236185532113962,0.7259251411056913,-0.19939722980702948,0.9111423141265216,-0.8879640199454316
2021-08-21,-0.6605234728848858,-0.591904636288742,-1.0786850116285602,-0.013708991315523104,-0.9183051382964283,-0.3256339444711732,-0.026747082062114663,-0.23716151963107535,-0.5737053482534447,-0.4092439715642052,-0.9522315350617125,-0.9793381745369182,-1.005586145911512,-0.439997399818956,0.07094414499433309,0.7354001574503397,1.1417578426449082,0.8543755757619111,0.29704995963466113,-0.34415575297876844,0.42156276757648775,0.4186257724284506,-0.19939722980702948,0.7866280774060729,-0.7872207312589471
2021-09-01,-0.7944115414121551,-0.6634719567215892,-1.090560248400802,0.05398513570022909,-0.9705019950887703,-0.31295168375826526,-0.2064277490864565,-0.41755907686511223,-0.6219481635929343,-0.40502093744483103,-1.0696025179641944,-1.2522796538060215,-1.0275705539343765,-0.5864712719937453,-0.09276789160961318,0.6464484910459359,1.2313402482158182,1.0747499563180705,0.5402411574106581,-0.2014998585441352,0.4912679488768513,0.4954506145977608,-0.12339200732096295,0.6621138406856243,-0.6361057982292201
2021-09-11,-0.9282996099394204,-0.7350392771544364,-1.102435485173042,0.1216792627159813,-1.0226988518811153,-0.3002694230453573,-0.3861084161107932,-0.5979566340991491,-0.6701909789324278,-0.40079790332545695,-0.4771585090278577,-1.4806592589087402,-1.4397782043630853,-1.4164898809842181,-1.1023254506672822,-0.23194921469755342,1.0297798356812708,1.598139110138949,1.4103252205647805,0.7861178721571715,0.5609731301772147,0.572275456767071,-0.04738678483489641,0.5375996039651756,-0.484990865199493
2021-09-21,-1.0621876784666897,-0.8066065975872835,-1.114310721945284,0.18937338973173345,-1.0748957086734574,-0.28758716233244935,-0.5657890831351351,-0.7783541913331861,-0.7184337942719174,-0.3965748692060828,-0.05797642723327991,-0.7008264609970171,-0.6758200255685451,-0.7546449770833181,-0.7094165628178111,-0.31534140195168214,0.3803073952921743,0.8268287781923912,0.8320705947418545,0.5885943260169102,0.6306783114775784,0.6491002989363812,0.02861843765117017,0.413085367244727,-0.333875932169766
2021-10-01,-1.1309410109536642,-0.8582941067887843,-1.1410300046828281,0.02191949658750438,-1.1647902953713802,-0.45245655160025283,-0.6337763625497503,-0.8556674301477734,-0.900272098243842,-0.607726575174789,1.4510790672272,-0.19950537662519502,-0.4889525573741973,-1.42733979744161,-2.019112855649382,-1.9831851470342567,-0.7674671760851086,0.8103006996506792,1.6859419113775769,2.07002092206887,0.6074432510441238,0.6106878778517262,-0.1328926601317213,0.7599464552516911,-0.7368490869157046
2021-10-11,-1.1996943434406424,-0.9099816159902849,-1.167749287420371,-0.1455343965567247,-1.2546848820693062,-0.6173259408680564,-0.7017636419643656,-0.9329806689623606,-1.0821104022157626,-0.8188782811434953,0.5009330151594904,0.2628240678510409,0.12661086726600754,-0.07110024026763467,-0.3328788786287345,-0.471006818159389,-0.3923408527569234,-0.07670618208786219,0.17275223632692938,0.385584014706086,0.5842081906106693,0.5722754567670709,-0.2944037579146127,1.1068075432586553,-1.139822241661643
2021-10-21,-1.2684476759276169,-0.9616691251917856,-1.1944685701579152,-0.31298828970095377,-1.344579468767229,-0.7821953301358598,-0.7697509213789808,-1.0102939077769477,-1.263948706187687,-1.0300299871122016,-0.4436239424842915,-0.4501659188111061,-0.46696814935133285,-0.1850243630702486,0.027287601899947427,0.35179609608134765,0.5426755053894484,0.41362681464959244,0.14573099212959642,-0.1630925023501955,0.5609731301772147,0.5338630356824159,-0.4559148556975041,1.4536686312656195,-1.5427953964075818
2021-11-01,-1.344438201307958,-1.021308558885825,-1.1603272644377205,-0.4982564267966966,-1.3735777225407544,-0.8709711551262155,-0.8280257323057925,-1.0669902829076452,-1.275081663573725,-1.0638142600671947,-0.7622023246481705,-1.3581141049511838,-1.3793210823002078,-1.0855674290337682,-0.6221034766290396,0.223928075625017,1.1809501450821815,1.3722553700688853,0.9833895622469193,0.2868222416359553,0.6539133719110327,0.6491002989363811,-0.4464142028867458,1.1957462837732615,-1.3197209714589373
2021-11-11,-1.4204287266882958,-1.0809479925798642,-1.1261859587175271,-0.6835245638924395,-1.4025759763142767,-0.9597469801165713,-0.8863005432326093,-1.1236866580383424,-1.286214620959759,-1.0975985330221878,0.2326564828109607,-0.6228431812058448,-0.6593317195513968,-0.933668598630283,-1.015012364478511,-0.6822670258698486,0.15075248101671773,0.8488662162480071,1.0374320506415853,0.8958531755684279,0.7468536136448509,0.7643375621903465,-0.43691355007598753,0.9378239362809034,-1.0966465465102926
2021-11-21,-1.496419252068637,-1.1405874262739035,-1.0920446529973324,-0.8687927009881824,-1.431574230087802,-1.0485228051069269,-0.9445753541594208,-1.18038303316904,-1.2973475783457968,-1.1313828059771807,0.07057274451705726,-0.6451241182890369,-0.7527654536485707,-0.8794190163433239,-0.8622144636481609,-0.4654473390091139,0.30192279041762815,0.8323381377062952,0.9023258296549204,0.6983296294281666,0.8397938553786689,0.8795748254443118,-0.42741289726522924,0.6799015887885455,-0.8735721215616481
2021-12-01,-1.518130830748734,-1.1246835772888264,-1.0178244231708227,-1.12531781388998,-1.538867769049842,-1.2345292955629104,-1.0951186157203519,-1.2216167605368198,-1.4346540527735738,-1.2158434883646632,0.9368823802258515,0.37979898753779934,0.3024861314489232,-0.27182369472938306,-0.7749013774593895,-1.049192649788015,-0.7674671760851085,-0.043650025004438285,0.49160291785545873,0.8739061148861766,1.0489093992797596,1.0716369308675873,-0.30390441072537105,0.6354322185312424,-0.7440450361075964
2021-12-11,-1.539842409428835,-1.1087797283037493,-0.9436041933443144,-1.3818429267917778,-1.6461613080118789,-1.4205357860188936,-1.2456618772812877,-1.2628504879045996,-1.5719605272013546,-1.3003041707521457,0.16558734972382827,-0.04910905131364841,0.1101225612488592,-0.0982250314111142,-0.3055935391947434,-0.3264603602522327,-0.15718703813328497,0.11061204138487327,0.24300747123999517,0.28133547646539253,1.2580249431808501,1.2636990362908627,-0.18039592418551284,0.5909628482739393,-0.6145179506535448
2021-12-21,-1.561553988108932,-1.0928758793186721,-0.8693839635178047,-1.6383680396935756,-1.7534548469739188,-1.6065422764748771,-1.3962051388422188,-1.3040842152723795,-1.7092670016291316,-1.3847648531396282,0.7915659252037311,1.6052505271133641,1.6710155308722356,1.4099133561663464,0.7694488345045041,-0.18747338149535145,-1.3217583105551132,-1.5807613293836498,-1.2215439642554533,-0.5032719429250901,1.4671404870819407,1.455761141714138,-0.056887437645654716,0.5464934780166363,-0.484990865199493
2022-01-01,-1.547079602322198,-1.0729960680873256,-0.4967984097887288,-1.3426515900984477,-1.625862530370412,-1.5896325955243331,-1.240805643037386,-1.0257565555398653,-1.661024186289642,-1.2918581025133973,0.2047110106913222,0.1737003195182725,0.23103680537461374,0.11334833950802599,-0.08731082372281501,-0.19859233979590196,-0.23557164300783107,-0.10976233917128607,-0.00018372653600175169,0.11124575617794528,1.072144459713214,1.0716369308675873,0.09512300732647845,0.7510525812002304,-0.5281665603508435
2022-01-11,-1.532605216535468,-1.0531162568559793,-0.12421285605965125,-1.0469351405033198,-1.4982702137669084,-1.5727229145737893,-1.085406147232548,-0.7474288958073511,-1.6127813709501524,-1.1989513518871666,0.1264636887563343,-0.026828114230456317,0.0386732351745497,-0.05482536558154695,-0.2019092493455774,-0.20971129809645245,-0.10679693499964814,0.06102780575973742,0.14573099212959642,0.17708693822469906,0.6771484323444873,0.6875127200210364,0.2471334522986116,0.9556116843838248,-0.5713422555021942
2022-01-21,-1.518130830748734,-1.0332364456246328,0.24837269766942469,-0.7512186909081917,-1.3706778971634015,-1.5558132336232453,-0.9300066514277154,-0.4691012360748371,-1.5645385556106628,-1.106044601260936,0.7021404144208878,0.54690601566174,0.43439257958610994,0.1513230471088973,-0.24010872455316493,-0.5655179637140684,-0.661088069469653,-0.3411554387552534,0.005220522303464852,0.37461048436496047,0.2821524049757608,0.30338850917448534,0.3991438972707448,1.160170787567419,-0.6145179506535448
2022-02-01,-1.4204287266882958,-1.0213085588858248,0.37306268377796065,-1.011306652600292,-1.132892216220505,-1.5093116110092495,-0.9931376965984289,-0.47425545199580954,-1.4569199675456455,-1.0553681918284463,0.5065221095834181,-0.2217863137083871,-0.3405578032198622,-0.6949704365676633,-0.9113280746293447,-0.7767781714245278,-0.14039033708873938,0.5348327239554801,0.8266663459023879,0.8848796452273023,0.5145030093103058,0.533863035682416,0.03811909046192855,0.9111423141265217,-0.6936733917643542
2022-02-11,-1.3227266226278573,-1.009380672147017,0.497752669886495,-1.2713946142923924,-0.8951065352776086,-1.4628099883952537,-1.0562687417691423,-0.4794096679167821,-1.3493013794806323,-1.004691782395957,-0.5554058309628456,-1.5196508988043265,-1.5002353264259625,-1.3947900480694346,-1.0313835681389054,-0.1263191108423237,1.096966639859453,1.587120391111141,1.3562827321701145,0.7093031597692921,0.7468536136448509,0.7643375621903467,-0.32290571634688764,0.6621138406856244,-0.7728288328751635
2022-02-21,-1.225024518567419,-0.9974527854082093,0.622442655995031,-1.531482575984493,-0.6573208543347122,-1.4163083657812578,-1.1193997869398558,-0.48456388383775456,-1.2416827914156152,-0.9540153729634674,0.16558734972382827,-1.3525438706803858,-1.5661885504945556,-1.872186372194674,-1.773544800743462,-0.9658004625338862,0.6434557116567219,1.7413824575004526,1.9075161137957075,1.4993973443303377,0.9792042179793959,0.9948120886982772,-0.6839305231557039,0.413085367244727,-0.8519842739859729
2022-03-01,-1.0911364500401537,-1.0252845211320942,0.8139308489474246,-1.2571432191311815,-0.32674076131654006,-1.2641212372263624,-1.260230580012988,-0.7010409525185988,-1.1229312459645642,-1.0300299871122016,0.32208199359380396,0.15698961670587844,0.049665439185981944,-0.06567528203893876,-0.2510228603267613,-0.3209008811019574,-0.2355716430078311,-0.01610322743491836,0.1403267432901298,0.2593884157831413,1.2347898827473953,1.2636990362908627,-0.6459279119126706,0.226314012164054,-0.664889594996787
2022-03-11,-0.9572483815128844,-1.0531162568559793,1.0054190418998183,-0.9828038622778702,0.0038393317016351416,-1.1119341086714667,-1.4010613730861206,-0.9175180211994433,-1.0041797005135091,-1.106044601260936,-0.8572169298549415,-1.4193866819299623,-1.186957512100144,-0.9716433062311541,-0.578446933534654,0.24060651307584272,1.1473567429930902,1.3336898534715578,0.9563683180495862,0.24841488544201565,1.490375547515395,1.5325859838834486,-0.6079253006696373,0.039542657083381,-0.4777949160076012
2022-03-21,-0.823360312985619,-1.0809479925798642,1.1969072348522118,-0.7084645054245587,0.3344194247198073,-0.9597469801165711,-1.5418921661592528,-1.1339950898802875,-0.8854281550624581,-1.1820592154096703,1.9485084709567655,0.6360297639945085,0.2365329073803298,-0.8577191834285403,-1.7353453255358744,-2.1610884798430647,-1.4449341182151143,0.06102780575973737,1.1509212762703838,1.9273650276342373,1.7459612122833947,1.8014729314760343,-0.569922689426604,-0.14722869799729202,-0.29070023701841546
2022-04-01,-0.7111838231384467,-1.1167316527962878,0.9534648810212616,-0.9792410134875675,0.3982155830215607,-1.0400679646316549,-1.4399112470373299,-1.1700746013270948,-0.6961678794998417,-1.207397420125915,0.6853731311491048,-0.19393514235439702,-0.2746045791512688,-0.7763448099981018,-1.1023254506672822,-1.0436331706377397,-0.33635184927510464,0.5293233644415761,0.9671768157285195,1.0933767217086892,1.7227261518499402,1.7630605103913788,-0.541420730994329,0.10179977544360529,-0.4777949160076012
2022-04-11,-0.5990073332912783,-1.1525153130127113,0.7100225271903113,-1.250017521550576,0.46201174132331096,-1.1203889491467387,-1.3379303279154071,-1.2061541127739022,-0.5069076039372291,-1.2327356248421597,0.7244967921165986,0.3185264105590211,0.46187308961469054,-0.05482536558154698,-0.5511615941006629,-0.8379324420775555,-0.7002803719069262,-0.13730913674080603,0.32407120383199417,0.6599222732342268,1.6994910914164856,1.7246480893067238,-0.5129187725620541,0.3508282488845027,-0.664889594996787
2022-04-21,-0.48683084344410604,-1.188298973229135,0.46658017335936103,-1.520794029613585,0.5258078996250644,-1.2007099336618225,-1.2359494087934841,-1.2422336242207095,-0.3176473283746127,-1.2580738295584044,-1.3099335781930854,-1.0796023914112827,-0.818718677717164,-0.20129923775633632,0.3710828787682347,1.0411715107154786,1.2985270523940007,0.7992819806228713,0.09168850373493043,-0.6788484283831002,1.676256030983031,1.6862356682220687,-0.4844168141297791,0.5998567223254,-0.8519842739859729
2022-05-01,-0.4072217216170812,-1.1684191619977884,0.3018112631445102,-1.520794029613585,0.41561453528567466,-1.2133921943747303,-1.167962129378869,-1.3143926471143244,-0.32506929996530465,-1.3003041707521454,-0.8460387410070862,-1.163155905473253,-0.9890978398943636,-0.6624206871954879,-0.26193699610035776,0.4351882833354764,1.068972138118544,1.0527125182624544,0.6267091388421238,-0.003976312403873891,1.5833157892492131,1.5709984049681034,-0.569922689426604,0.6799015887885455,-0.9815113594400245
2022-05-11,-0.32761259979006024,-1.148539350766442,0.13704235292966085,-1.520794029613585,0.3054211709462819,-1.2260744550876383,-1.0999748499642537,-1.3865516700079392,-0.33249127155599656,-1.342534511945887,0.36120565456129783,-0.2997695934995595,-0.40651102728845556,-0.6515707707380961,-0.7967296490065825,-0.621112755216821,-0.03401123047328389,0.5403420834693841,0.7456026133103889,0.7422237507926691,1.490375547515395,1.455761141714138,-0.6554285647234289,0.7599464552516911,-1.1110384448940764
2022-05-21,-0.24800347796303537,-1.1286595395350956,-0.027726557285190023,-1.520794029613585,0.1952278066068922,-1.2387567158005464,-1.0319875705496384,-1.4587106929015539,-0.33991324314668847,-1.3847648531396282,0.09292912221276811,-1.374824807763578,-1.4122976943345045,-1.7745371240781478,-1.71897412187548,-0.9491220250830605,0.6042634092194489,1.6807795028475088,1.8588778742405083,1.4445296926247095,1.397435305781577,1.3405238784601727,-0.7409344400202538,0.8399913217148366,-1.240565530348128
2022-06-01,-0.2624778637497654,-1.0809479925798642,-0.2399964145890063,-1.517231180823282,0.11403269604102483,-1.111934108671467,-0.866875606257002,-1.3092384311933518,-0.26569352723978107,-1.2285125907227856,-0.06356552165720762,1.1707722539911185,1.302776696489256,1.599786894170703,1.3915545735995,0.7298406783000646,-0.5659067635505612,-1.3989524654248182,-1.5457988946234493,-1.222038180268819,1.490375547515395,1.455761141714138,-0.7219331343987372,0.991187180589667,-1.3413088190346125
2022-06-11,-0.27695224953649933,-1.0332364456246328,-0.4522662718928226,-1.5136683320329793,0.032837585475157444,-0.9851115015423871,-0.7017636419643656,-1.1597661694851498,-0.19147381133286973,-1.0722603283059429,-1.7402938488355186,-1.202147545368839,-0.857191391757177,0.03739892430628337,0.7912771060516969,1.5470841133905262,1.612065471892185,0.7496977449977354,-0.21094943127519913,-1.134249937539814,1.5833157892492131,1.5709984049681034,-0.7029318287772206,1.1423830394644976,-1.442052107721097
2022-06-21,-0.2914266353232293,-0.9855248986694014,-0.664536129196639,-1.5101054832426766,-0.04835752509070994,-0.8582888944133075,-0.5366516776717293,-1.0102939077769477,-0.11725409542596231,-0.9160080658891003,-1.8967884927054945,-1.391535510575972,-1.0110822479172281,-0.06567528203893876,0.7585346987309076,1.630476300644655,1.791230283034005,0.9039598113870468,-0.12448144984373354,-1.161683763392628,1.676256030983031,1.6862356682220687,-0.6839305231557039,1.2935788983393282,-1.5427953964075818
2022-07-01,-0.4072217216170812,-0.9775729741768627,-0.8278206348149594,-1.421034263485108,-0.19624861933568047,-0.7483759682347718,-0.7163323446960711,-1.1700746013270948,-0.24713859826305126,-0.8906698611728555,0.1823546329956114,-1.36925457349278,-1.4507704083745172,-1.8504865392798904,-1.8008301401774531,-1.0158357748863633,0.6154612099158127,1.7744386145838764,1.9777713487087734,1.576212056718217,1.3277301244812134,1.3405238784601727,-0.9974520659107283,1.32026052049371,-1.809045516507577
2022-07-11,-0.523016807910937,-0.9696210496843243,-0.9911051404332782,-1.3319630437275392,-0.3441397135806541,-0.6384630420562362,-0.8960130117204078,-1.3298552948772417,-0.3770231011001402,-0.8653316564566108,0.5177002984312735,-0.27748865641636733,-0.45047984333418445,-0.7817697682267978,-0.9768128892709234,-0.8156945254764544,-0.1347914367405575,0.5789076000667119,0.8807088342970539,0.9287737665918049,0.9792042179793958,0.9948120886982772,-1.3109736086657529,1.346942142648092,-2.075295636607572
2022-07-21,-0.6388118942047888,-0.9616691251917856,-1.1543896460515988,-1.2428918239699707,-0.4920308078256246,-0.5285501158777005,-1.0756936787447495,-1.4896359884273889,-0.5069076039372291,-0.839993451740366,-1.8613908946872857,-1.5697830072415087,-1.230926328145873,-0.3333065546546033,0.514785666453921,1.48407668302074,1.8434866862837023,1.1114790197440971,0.11510691537261902,-0.953186686911241,0.6306783114775784,0.6491002989363812,-1.6244951514207775,1.3736237648024738,-2.3415457567075673
2022-08-01,-0.7980301378588385,-1.0054047099007477,-1.2107970207197467,-1.0326837453421087,-0.729816488768521,-0.6004162599175124,-1.143680958159365,-1.5154070680322513,-0.7889425243834789,-0.9920226800378346,-0.09710008820077383,-0.46130638735270213,-0.6098668014999518,-0.5050968985633068,-0.398363693270313,-0.07628379848984647,0.36351069424762866,0.5623795215249999,0.49160291785545873,0.28133547646539253,0.7236185532113963,0.7259251411056914,-1.5674912345562275,1.5248196236773044,-2.4207011978183766
2022-08-11,-0.9572483815128844,-1.04914029460971,-1.2672043953878929,-0.8224756667142465,-0.9676021697114174,-0.6722824039573242,-1.211668237573975,-1.5411781476371136,-1.0709774448297247,-1.1440519083353031,-0.8683951187027968,-0.929206066099736,-0.6978044335914096,-0.34777310993112565,2.2624659563662694e-06,0.5408183871907062,0.9234007290658153,0.7496977449977353,0.31326270615306095,-0.2508807450792006,0.8165587949452143,0.8027499832750016,-1.5104873176916778,1.6760154825521352,-2.499856638929186
2022-08-21,-1.116466625166934,-1.0928758793186721,-1.3236117700560408,-0.6122675880863846,-1.2053878506543139,-0.7441485479971359,-1.2796555169885904,-1.566949227241976,-1.3530123652759745,-1.2960811366327716,-2.3662724243154214,-2.0154017489053504,-1.676110590608878,-0.49424698210591494,0.6439362731081452,1.919569216458968,2.418307122030374,1.4769332008330611,0.18896498284532917,-1.194604354416005,0.9094990366790324,0.8795748254443118,-1.4534834008271278,1.8272113414269655,-2.579012080039995
2022-09-01,-1.2214059221207394,-1.132635501781365,-1.4468173515680465,-0.8082242715530357,-1.344579468767229,-0.8582888944133075,-1.3233616251837015,-1.608182954609756,-1.386411237434084,-1.274965966035901,-0.7063113804088936,-1.2912712937016075,-1.3133678582316144,-1.042167763204201,-0.6221034766290398,0.18501172157309023,1.1137633409039989,1.3171617749298457,0.9563683180495862,0.29779577197708096,1.1418496410135774,1.1100493519522423,-1.4534834008271278,1.7382726009123595,-2.507052588121078
2022-09-11,-1.3263452190745408,-1.1723951242440578,-1.5700229330800504,-1.0041809550196867,-1.4837710868801441,-0.9724292408294792,-1.3670677333788077,-1.6494166819775358,-1.4198101095921938,-1.2538507954390303,-0.5162821699953517,-0.6284134154766426,-0.664827821557113,-0.37489790107460513,-0.10368202738320963,0.32399870032997147,0.6658513130494493,0.6009450381223277,0.29704995963466113,-0.09725132030344175,1.3742002453481226,1.3405238784601732,-1.4534834008271278,1.649333860397753,-2.43509309620216
2022-09-21,-1.431284516028346,-1.2121547467067504,-1.693228514592056,-1.2001376384863378,-1.622962704993059,-1.086569587245651,-1.410773841573919,-1.6906504093453154,-1.4532089817503036,-1.2327356248421597,-0.9298751573660017,-1.4695187903671445,-1.3518405722716273,-1.0475927214328968,-0.5566186619874612,0.3406771377807972,1.2929281520458187,1.4383676842357331,0.9833895622469193,0.21000752924807597,1.6065508496826677,1.5709984049681034,-1.4534834008271278,1.5603951198831467,-2.3631336042832425
2022-10-01,-1.4421403053683965,-1.2002268599679426,-1.752604698453263,-1.4459742050172273,-1.6345620065024675,-1.1372986300972827,-1.4447674812812266,-1.726729920792123,-1.4198101095921938,-1.1989513518871666,-0.8516278354310137,-1.5753532415123068,-1.5551963464831238,-1.270016008809429,-0.7694443095725912,0.20724963817419126,1.3209226537867282,1.587120391111141,1.1671340227887834,0.385584014706086,1.6297859101161223,1.6094108260527584,-1.5579905817454696,1.3736237648024738,-2.2911741123643248
2022-10-11,-1.452996094708443,-1.188298973229135,-1.8119808823144719,-1.6918107715481168,-1.6461613080118789,-1.1880276729489145,-1.4787611209885343,-1.7628094322389303,-1.386411237434084,-1.1651670789321737,-0.03003095511364137,-0.7063966952678151,-0.8461991877457448,-0.8577191834285403,-0.7694443095725915,-0.3264603602522327,0.4250985980776293,0.8819223733314309,0.8807088342970539,0.6160281518697243,1.6530209705495766,1.647823247137414,-1.6624977626638109,1.1868524097218005,-2.2192146204454075
2022-10-21,-1.4638518840484935,-1.176371086490327,-1.871357066175679,-1.9376473380790062,-1.6577606095212871,-1.2387567158005464,-1.5127547606958418,-1.7988889436857378,-1.3530123652759745,-1.1313828059771807,-0.4324457536364361,-0.6117027126642487,-0.5439135774313585,-0.34777310993112565,-0.1527956383643935,0.21280911732446647,0.5706700071303576,0.5844169595806159,0.35649669686879376,0.00699721793725175,1.676256030983031,1.6862356682220687,-1.7670049435821524,1.0000810546411278,-2.14725512852649
2022-11-01,-1.4493774982617595,-1.1405874262739033,-1.691744109995527,-1.777319142515383,-1.6171630542383535,-1.2260744550876383,-1.4301987785495263,-1.706113057108233,-1.3641453226620124,-1.1651670789321737,-0.8180932688874476,0.023303994206725902,0.242029009386046,0.7860431598663178,1.0150168894104235,1.035612031565203,0.436296398773993,-0.3576835172969654,-0.8540550431717243,-1.1068161116869997,1.1418496410135774,1.1484617730368976,-1.6719984154745693,0.759946455251691,-1.8738090592346026
2022-11-11,-1.4349031124750296,-1.1048037660574799,-1.5121311538153737,-1.6169909469517592,-1.5765654989554228,-1.2133921943747303,-1.3476427964032056,-1.6133371705307284,-1.3752782800480463,-1.1989513518871666,-0.08592189935291838,-0.9904786430785142,-1.1265003900372665,-1.1886416353789901,-1.0368406360257036,-0.4320904641074624,0.5930656085230852,1.1959558656239582,1.1887510181466499,0.8190384631805484,0.6074432510441238,0.6106878778517262,-1.576991887366986,0.5198118558622542,-1.6003629899427156
2022-11-21,-1.4204287266882958,-1.0690201058410562,-1.3325181976352218,-1.4566627513881356,-1.5359679436724891,-1.2007099336618225,-1.2650868142568898,-1.5205612839532237,-1.386411237434084,-1.2327356248421597,0.05939455566920185,0.9256819460760055,1.0114832901863022,1.1549403194176393,0.9222467353348539,0.39071245013327444,-0.5267144611132881,-1.0518628160488672,-1.0918419921082547,-0.8105307924766076,0.07303686107467015,0.07291398266655479,-1.4819853592594028,0.2796772564728177,-1.326916920650829
2022-12-01,-1.409572937348249,-1.0133566343932863,-0.9955583542228695,-1.0790007796160446,-1.486670912257497,-1.1542083110478267,-1.2942242197202958,-1.4329396132966916,-1.4160991237968479,-1.1947283177677925,-1.550264638421977,-1.2912712937016075,-0.9451290238486347,-0.19587427952764047,0.47476716861740076,1.2413127601253875,1.5000874649285478,0.887431732845335,0.07007150837706404,-0.8105307924766078,0.7700886740783054,0.7643375621903464,-1.244469038990445,0.0484365311348416,-0.967119461056241
2022-12-11,-1.3987171480081988,-0.9576931629455163,-0.6585985108105188,-0.7013388078439534,-1.4373738808425078,-1.1077066884338307,-1.3233616251837015,-1.3453179426401591,-1.4457870101596115,-1.1567210106934254,-0.06356552165720762,-0.8345120834961696,-0.9231446158257703,-1.0096180138320254,-0.9167851425161431,-0.39873358920581087,0.475488701211266,1.0031282826373187,1.0104108064442525,0.7093031597692921,1.4671404870819407,1.455761141714138,-1.0069527187214868,-0.18280419420313448,-0.6073220014616529
2022-12-21,-1.387861358668152,-0.9020296914977464,-0.32163866739816654,-0.32367683607186204,-1.3880768494275155,-1.0612050658198349,-1.3524990306471074,-1.257696271983627,-1.4754748965223754,-1.1187137036190582,0.2773692382023823,-0.8790739576625538,-0.9890978398943636,-1.3568153404685634,-1.402464184441184,-0.8990867127305834,0.27952718902490065,1.206974584651766,1.4373464647621135,1.219572320631634,2.164192300085576,2.14718472123793,-0.7694363984525288,-0.41404491954111056,-0.24752454186706488
2023-01-01,-1.3263452190745408,-0.8344383333111685,-0.0648366721984441,-0.30229974333004556,-1.1879888983901998,-0.9428372991660272,-1.3962051388422188,-1.1906914650109848,-1.4494979959549577,-1.0553681918284463,0.5568239593987675,0.7975665578476511,0.7751509039405091,0.5527699560323941,0.14188602752270985,-0.3264603602522326,-0.7506704750405628,-0.6827357286173005,-0.4109066383354633,-0.02043660791556231,1.8853715748841218,1.8782977736453441,-0.7979383568848037,-0.6008162746217836,-0.1179974564130132
2023-01-11,-1.2648290794809334,-0.7668469751245907,0.19196532300127678,-0.28092265058822913,-0.9879009473528844,-0.8244695325122197,-1.4399112470373248,-1.1236866580383424,-1.42352109538754,-0.9920226800378346,-0.6112967752021226,0.16813008524747447,0.4234003755746777,0.8565676168393646,0.9659032784292396,0.8743871362072212,0.23473598623944572,-0.4568519885472371,-0.8324380478138579,-0.980620512764055,1.6065508496826675,1.6094108260527584,-0.8264403153170787,-0.7875876297024565,0.011529629041038512
2023-01-21,-1.203312939887322,-0.6992556169380129,0.44876731820099924,-0.25954555784641264,-0.7878129963155688,-0.706101765858412,-1.483617355232436,-1.0566818510657001,-1.397544194820122,-0.9286771682472226,-1.131082556627399,-2.0265422174469467,-1.7585521206946197,-1.5141391291007447,-0.9386134140633359,0.2128091173244665,1.5840709701512758,1.923191321459284,1.44275071360158,0.47337225743509115,1.3277301244812134,1.3405238784601727,-0.8549422737493537,-0.9743589847831295,0.1410567144950902
2023-02-01,-1.0296203104465422,-0.5998565607812807,0.824321681123136,0.0789250772323483,-0.4746318555615106,-0.5496872170658804,-1.5030422922080433,-1.0154481236979205,-1.2453937772109613,-0.8231013152628696,-0.42126756478858063,-1.7034686297406614,-1.615653468546001,-1.7365624164772764,-1.4461207275355696,-0.4710068181593891,1.0745710384667257,1.89013516437586,1.7778141416485091,1.104350252049815,1.3277301244812134,1.3405238784601727,-0.9309474962354202,-1.2500690803784087,0.3065635459086008
2023-02-11,-0.8559276810057626,-0.5004575046245484,1.1998760440452727,0.4173957123111092,-0.16145071480745246,-0.39327266827334895,-1.5224672291836456,-0.9742143963301404,-1.0932433596018005,-0.7175254622785163,1.0654315519761886,0.32409664482981915,0.20905239735174927,-0.4345724415902601,-0.9822699571577216,-1.2326554617470982,-0.8290550799151091,0.03899036770412153,0.6537303830394569,1.0824031913675636,1.3277301244812134,1.3405238784601727,-1.0069527187214868,-1.5257791759736878,0.47207037732211127
2023-02-21,-0.6822350515649828,-0.4010584484678163,1.5754304069674094,0.7558663473898701,0.15173042594660566,-0.2368581194808175,-1.5418921661592528,-0.9329806689623606,-0.9410929419926397,-0.6119496092941632,-0.024441860689713685,-0.037968582772052374,0.0661537452031303,0.04282388253497928,-0.0491113485152275,-0.04848640273847023,-0.028412330125102,0.02797164867631349,0.026837517661331238,0.0015104527666889446,1.3277301244812134,1.3405238784601727,-1.0829579412075534,-1.8014892715689672,0.6375772087356217
2023-03-01,-0.4253147038504986,-0.2937074678185456,1.7713718137093943,1.0444570994043927,0.5200082488703587,-0.029714527836654146,-1.2942242197202958,-0.7371204639654062,-0.5922602772301745,-0.43035914216107574,-0.007674577417930597,0.6415999982653066,0.868584638037683,0.943366948498499,0.7203352235233202,0.30732026287914566,-0.4203353544978327,-0.8204697164649002,-0.8486507943322579,-0.6349543070185977,0.8630289158121234,0.8795748254443118,-0.8834442321816286,-1.6680811607970578,0.6735569546950805
2023-03-11,-0.16839435613601053,-0.18635648716927491,1.9673132204513777,1.3330478514189152,0.8882860717941147,0.1774290638075092,-1.0465562732813438,-0.5412602589684519,-0.2434276124677053,-0.24876867502798838,-2.5115888793375416,-0.7063966952678151,-0.06575270293405648,1.4044883979376503,2.351998521675985,2.8257643179538334,1.785631382685823,-0.1648559343103259,-1.6052456318575818,-2.621163298762337,0.39832770714303317,0.4186257724284506,-0.6839305231557039,-1.5346730500251486,0.7095367006545393
2023-03-21,0.08852599157847368,-0.0790055065200042,2.1632546271933624,1.6216386034334378,1.2565638947178677,0.3845726554516726,-0.7988883268423866,-0.3454000539714975,0.10540505229475991,-0.06717820789490098,-0.3709657149732314,-1.380395042034376,-1.335352266254479,-1.3513903822398674,-1.096868382780484,-0.2986629645008564,0.9010051276730878,1.4934612793747732,1.3670912298490476,0.8135516980099856,-0.0663735015260569,-0.04232328058741047,-0.4844168141297791,-1.4012649392532393,0.7455164466139981
2023-04-01,0.34182774284627826,0.03629739862180509,2.1721610547725434,1.9529835409315932,1.4015551635854884,0.4183920173527605,-0.4492394612815118,-0.11861455344870825,0.38743997274100966,0.01728247449258153,1.870261149021778,0.6861618724316906,0.34645494749465217,-0.7058203530250551,-1.5770903568187264,-2.016542021935908,-1.4001429154296594,0.0004248511067935985,1.042836299481052,1.8011694287112925,-0.04313844109260239,-0.04232328058741047,-0.028385479213379725,-0.965465110731669,0.7527123958058899
2023-04-11,0.5951294941140829,0.1516003037636144,2.1810674823517244,2.2843284784297486,1.5465464324531062,0.45221137925384836,-0.09959059572063177,0.10817094707408101,0.6694748931872554,0.10174315688006405,1.0486642687044054,1.5551184186761822,1.698496040900816,1.209189901704598,0.43111062552301505,-0.5543990054135178,-1.4841264206523874,-1.4375179820221462,-0.8972890338874572,-0.09176455513287893,-0.019903380659147853,-0.04232328058741047,0.4276458557030198,-0.5296652822100986,0.7599083449977816
2023-04-21,0.8484312453818874,0.2669032089054237,2.1899739099309055,2.615673415927904,1.691537701320727,0.4860307411549363,0.2500582698402431,0.33495644759687027,0.9515098136335052,0.18620383926754655,-1.6955810934440971,-0.6061324783934507,-0.02178388688832761,0.8565676168393646,1.4242969809202892,1.7750227585518112,1.2033457464749089,0.011443570134601583,-0.92431027808479,-1.6280588028904674,0.0033316797743066506,-0.04232328058741047,0.8836771906194191,-0.09386545368852829,0.7671042941896734
2023-05-01,1.0148866819293003,0.3861820762935022,1.9598911974687272,2.4624709179448856,1.7176361297168994,0.6804920720861918,0.40060153140117916,0.35041909535978777,1.08510530226594,0.30444879461002206,1.1269115906393932,-0.49472779297749025,-0.7747498616714352,-1.5466888784729198,-1.953628041007803,-1.677413793769118,-0.3531485503196503,1.0912780348597821,1.7724098928090426,1.9328517928048,-0.4846045893282381,-0.5032723336032715,0.6366602175397027,-0.013820587225382725,0.5080501232815701
2023-05-11,1.181342118476713,0.5054609436815808,1.7298084850065476,2.309268419961868,1.7437345581130688,0.8749534030174471,0.55114479296211,0.3658817431227052,1.218700790898375,0.42269374995249753,1.3281189899007906,0.6415999982653064,0.5498107217061484,-0.2392739453572076,-0.9495275498369323,-1.3772019196542546,-1.1034011969760205,-0.18138401285203792,0.5618581527685246,1.1482443734143175,-0.9725408584307828,-0.9642213866191326,0.3896432444599864,0.06622427923776288,0.24899595237346667
2023-05-21,1.347797555024126,0.6247398110696593,1.4997257725443693,2.1560659219788496,1.7698329865092415,1.0694147339487026,0.7016880545230461,0.38134439088562266,1.35229627953081,0.540938705294973,1.4063663118357785,1.811349195132891,1.8523868970608675,1.2254647763906859,0.28922686046626156,-0.8601703586786564,-1.8312582422396628,-1.6303455650087855,-0.9080975315663904,0.1002722258368196,-1.4604771275333273,-1.425170439634994,0.14262627138027004,0.14626914570090843,-0.010058218534636766
2023-06-01,1.3876021159376402,0.7320907917189299,1.3780045956288942,2.373399698187317,1.6944375266980798,1.2004647613154182,0.8765124873034861,0.5411250844357697,1.4413599386190972,0.7140831041893123,-0.2032928822554002,0.758574917952065,1.1433897383234888,1.3448138574219959,1.1405294508067823,0.6297700535951102,-0.4035386534532871,-1.0794096136183873,-1.2269482130949196,-1.0190278689579948,-0.9725408584307826,-0.9258089655344777,0.17112822981254502,0.2707833824213571,-0.08201771045355438
2023-06-11,1.4274066768511506,0.8394417723682007,1.256283418713419,2.5907334743957846,1.619042066886918,1.3315147886821337,1.0513369200839209,0.7009057779859166,1.5304235977073886,0.8872275030836515,0.774798641931948,-0.28862912495796345,-0.39551882327702337,-0.9390935568589789,-1.276951623044825,-1.1492632744929694,-0.3027584471860135,0.6670573522891756,1.1401127785914504,1.2744399723372621,-0.48460458932823797,-0.4264474914339614,0.19963018824481993,0.3952976191418056,-0.15397720237247198
2023-06-21,1.467211237764665,0.9467927530174713,1.134562241797944,2.808067250604252,1.5436466070757564,1.4625648160488491,1.226161352864361,0.8606864715360635,1.6194872567956757,1.0603719019779905,0.04821636682134646,0.41322039316258746,0.5553068237118645,0.5527699560323941,0.3710828787682347,0.11829797176978725,-0.2747639454451042,-0.4568519885472371,-0.45414062905119607,-0.32769545746707995,0.0033316797743066506,0.07291398266655479,0.22813214667709492,0.5198118558622543,-0.2259366942913896
2023-07-01,1.4454996590845681,1.0581196959130115,1.0217474924616496,3.0147124804418115,1.4334532427363635,1.6232067850790168,1.2358738213521645,0.8967659829828709,1.5378455692980764,1.140609550246099,-0.39332209266894214,-0.21064584516679108,-0.10972151897978541,0.12419825596541778,0.2346561815982795,0.379593491832724,0.3467139932030831,0.1326494794404892,-0.1028644544858671,-0.3167219271259543,-0.1825488036933294,-0.15756054384137577,0.3611412860277114,0.4575547375020301,-0.0820177104535544
2023-07-11,1.4237880804044671,1.1694466388085516,0.9089327431253571,3.2213577102793707,1.323259878396974,1.7838487541091843,1.245586289839963,0.9328454944296782,1.456203881800481,1.2208471985142075,1.188391629302598,0.10685750826869622,-0.1536903350255143,-0.8577191834285403,-1.3642647092335962,-1.4439156694575577,-0.6946814715587443,0.4081174551356884,1.0752617925178514,1.4445296926247095,-0.3684292871609655,-0.3880350703493063,0.49415042537832793,0.3952976191418056,0.061901273384280836
2023-07-21,1.4020765017243702,1.2807735817040917,0.7961179937890628,3.42800294011693,1.2130665140575811,1.9444907231393518,1.2552987583277668,0.9689250058764856,1.3745621943028816,1.3010848467823157,1.2647759197629433,1.1707722539911185,1.011483290186302,0.4768205408306514,-0.22737556615063578,-0.9398562264992685,-1.3068279096266284,-0.8498529672057213,-0.21275084755502133,0.5209242222466355,-0.5543097706286015,-0.6185095968572368,0.6271595647289443,0.3330405007815814,0.20582025722211605
2023-08-01,1.3731277301509062,1.3801726378608237,0.6640059846978763,3.4600685792296546,1.1260717527370112,2.1009052719318833,1.3281422719862839,1.0926261879798251,1.3114754357820082,1.3982146315279207,1.0318969854326223,1.3768709220106454,1.4236909406150104,0.9867666143280662,0.28376979257946333,-0.5655179637140684,-1.332956111251477,-1.239181039521603,-0.7243530710245261,0.023457513448940228,-0.7866603749631467,-0.8105717022805123,0.9786837187270022,0.13737527164944777,0.6303812595437299
2023-08-11,1.3441789585774462,1.479571694017556,0.5318939756066898,3.4921342183423794,1.0390769914164382,2.257319820724415,1.4009857856447958,1.216327370083165,1.2483886772611388,1.4953444162735257,0.7692095475080203,1.2988876422194728,1.302776696489256,1.057291071301113,0.5020525080513918,-0.28198452705003063,-1.1313956987169298,-1.228162320493795,-0.8810762873690573,-0.2508807450792006,-1.0190109792976918,-1.0026338077037877,1.3302078727250601,-0.058289957482685846,1.0549422618653437
2023-08-21,1.3152301870039822,1.578970750174288,0.3997819665155034,3.524199857455104,0.9520822300958681,2.413734369516946,1.4738292993033129,1.3400285521865043,1.1853019187402654,1.5924742010191304,0.15440916087597284,0.5246250785785479,0.7806470059462253,0.6992438282071833,0.42019648974941864,0.04602474281620899,-0.448329856238742,-0.6056046954226446,-0.5189916151247953,-0.3002616316142659,-1.2513615836322367,-1.1946959131270631,1.681732026723118,-0.2539551866148194,1.4795032641869579
2023-09-01,1.3297045727907124,1.6704178818384816,0.28696721717920914,3.3531831155205722,0.9259838016996955,2.460235992130942,1.5321041102301245,1.4173417910010917,1.218700790898375,1.6896039857647354,0.06498365009312959,-0.912495363287342,-0.8791757997800413,-1.0801424708050724,-1.0641259754596948,-0.5710774428643438,0.4083018970330836,1.0967873943736863,1.1941552669861166,0.9342605317623676,-1.4140070066664183,-1.3867580185503388,1.6152274570478098,-0.4318326676440318,1.5730506036815506
2023-09-11,1.3441789585774462,1.7618650135026752,0.17415246784291494,3.1821663735860404,0.899885373303523,2.506737614744938,1.5903789211569412,1.494655029815679,1.2520996630564807,1.78673377051034,0.4785766374637796,0.16255985097667647,0.2200446013631815,-0.0982250314111142,-0.4147348969307076,-0.5432800471129673,-0.3923408527569234,0.00042485110679360615,0.2754329642767947,0.46239872709396546,-1.5766524297006,-1.5788201239736144,1.5487228873725016,-0.6097101486732441,1.6665979431761435
2023-09-21,1.3586533443641762,1.8533121451668688,0.06133771850662071,3.0111496316515085,0.8737869449073504,2.5532392373589334,1.6486537320837529,1.5719682686302665,1.2854985352145905,1.883863555255945,0.5456457705509121,-0.48358732443589425,-0.39551882327702337,-0.9119687657154993,-1.2060097405164483,-1.0158357748863633,-0.16278593848146683,0.7496977449977353,1.145517027430917,1.1756781992671315,-1.7392978527347815,-1.7708822293968896,1.4822183176971933,-0.7875876297024565,1.7601452826707364
2023-10-01,1.4201694839577836,1.9447592768310622,0.0524312909274398,2.8828870752006095,0.8766867702847033,2.5236472956954814,1.726353479986172,1.6441272915238812,1.3114754357820082,1.9092017599721898,0.24383467165881606,1.276606705136281,1.5281168787236168,1.5184125207402646,1.0914158398255984,0.30176078372887044,-0.8962418840932915,-1.448536701049954,-1.3674586829210515,-0.8928322700350502,-1.437242067099873,-1.463582860719649,1.5297215817509848,-1.2856445765842512,2.1919022341842425
2023-10-11,1.481685623551395,2.036206408495256,0.04352486334825888,2.754624518749711,0.8795865956620561,2.4940553540320303,1.8040532278885857,1.716286314417496,1.337452336349426,1.9345399646884347,-0.11945646589648468,0.4020799246209914,0.6872132718490512,0.775193243408926,0.6221080015609524,0.35179609608134765,-0.19637934057055806,-0.5505111002836048,-0.6378850895930605,-0.5471660642895927,-1.1351862814649643,-1.1562834920424083,1.5772248458047766,-1.7837015234660458,2.623659185697748
2023-10-21,1.5432017631450026,2.127653540159449,0.034618435769077964,2.626361962298812,0.882486421039409,2.4644634123685782,1.8817529757910045,1.7884453373111107,1.363429236916844,1.9598781694046794,-0.37096571497323133,0.7975665578476512,1.1378936363177725,1.491287729596785,1.3915545735995,0.9133034902591478,-0.22997274265964923,-1.1014470516740031,-1.3728629317605179,-1.24398524095107,-0.8331304958300557,-0.8489841233651675,1.624728109858568,-2.28175847034784,3.0554161372112536
2023-11-01,1.5830063240585168,2.1912689360997577,0.11032307019211812,2.540853591331546,0.9375831032091039,2.4982827742696663,1.974021426425124,1.8915296557305603,1.4970247255492788,2.0907922271052772,-0.18652559898361715,-0.2886291249579634,0.016688827151685258,-0.02227561620937157,-0.07639668794921857,0.04046526366593377,0.19554368380217263,0.2648741077741848,0.19436923168479578,0.05089133930175428,-0.9493057979973282,-0.9642213866191327,1.890746388559801,-2.0860932412157065,3.098591832362604
2023-11-11,1.6228108849720273,2.2548843320400667,0.1860277046151567,2.4553452203642805,0.9926797853788017,2.532102136170754,2.066289877059248,1.99461397415001,1.6306202141817097,2.221706284805875,0.5288784872791289,1.1262103798247343,1.2972805944835397,1.1006907371306802,0.5948226621269613,-0.1207596316920484,-0.9746264889678377,-1.1675593658408512,-0.9080975315663904,-0.388049874343271,-1.0654811001646007,-1.079458649873098,2.156764667261034,-1.8904280120835733,3.1417675275139545
2023-11-21,1.6626154458855418,2.318499727980375,0.2617323390381968,2.3698368493970143,1.0477764675484966,2.5659214980718414,2.1585583276933673,2.0976982925694596,1.7642157028141445,2.352620342506473,-1.1366716510513266,-0.9626274717245241,-0.5988745974885195,-0.0928000731824183,0.3437975393342436,0.9021845319585974,1.0857688391630895,0.6505292737474636,0.05926301069813083,-0.5855734204835324,-1.1816564023318734,-1.1946959131270631,2.422782945962267,-1.6947627829514396,3.1849432226653054
2023-12-01,1.6517596565454913,2.34633146370426,0.321108522899404,2.0812460973824924,1.0622755944352578,2.5574666575965694,2.022583768864137,2.071927212964597,1.7345278164513809,2.39062764958084,1.4175445006836338,0.11242774253949428,-0.06025660092834032,-0.9716433062311545,-1.6316610356867087,-1.7552465018729715,-0.8794451830487457,0.46872040978863233,1.3022402437754483,1.762762072517353,-0.9725408584307828,-0.9642213866191327,2.565292738123642,-1.2945384506357118,2.9690647469085523
2023-12-11,1.6409038672054448,2.374163199428145,0.38048470676061114,1.7926553453679697,1.076774721322019,2.549011817121298,1.8866092100349063,2.0461561333597347,1.704839930088621,2.4286349566552072,0.7244967921165987,1.3434495163858573,1.3852182265749977,1.2037649434759023,0.6548504088817416,-0.1541165065937,-1.1090000973242025,-1.3108027132023548,-0.994565512997856,-0.36061604849045686,-0.7634253145296921,-0.7337468601112022,2.7078025302850164,-0.8943141183199841,2.7531862711517996
2023-12-21,1.6300480778653943,2.40199493515203,0.4398608906218183,1.504064593353447,1.09127384820878,2.540556976646026,1.7506346512056759,2.020385053754872,1.6751520437258574,2.4666422637295744,-0.7174895692567489,0.06786586837311008,0.2530212133974782,0.7914681180950137,0.9986456857500289,0.9911361983630014,0.391505195988538,-0.3631928768108693,-0.8216295501349247,-1.0354881644696832,-0.5543097706286015,-0.5032723336032716,2.850312322446391,-0.4940897860042562,2.5373077953950465
2024-01-01,1.57576913116515,2.34633146370426,0.6031453962401387,1.2974193635158877,1.1550700065105335,2.4602359921309422,1.6680786690593603,2.051310349280707,1.5638224698654941,2.377958547222718,-0.5051039811474962,-0.9793381745369182,-0.9890978398943636,-0.7437950606259264,-0.4311061005911022,0.1905712007233655,0.8618128252358148,0.9976189231234146,0.7185813691130559,0.23744135510089,-0.2754890454271474,-0.23438538601068598,2.8883149336894247,-0.11165320179144954,2.2638617261031597
2024-01-11,1.5214901844649094,2.29066799225649,0.7664299018584593,1.0907741336783283,1.218866164812287,2.379915007615858,1.5855226869130394,2.082235644806542,1.452492896005135,2.2892748307158612,0.6294821869098277,-0.7899502093297855,-0.9341368198372025,-1.4381897138990019,-1.6262039677999107,-1.2048580659957218,0.04997227474944413,1.1959558656239582,1.6156866764645113,1.5542649960359656,0.003331679774306728,0.03450156158189963,2.9263175449324574,0.2707833824213571,1.9904156568112727
2024-01-21,1.467211237764665,2.23500452080872,0.9297144074767797,0.884128903840769,1.2826623231140402,2.2995940231007745,1.502966704766724,2.113160940332377,1.341163322144772,2.2005911142090047,1.9485084709567655,2.3962237935666835,2.319555567546737,1.5129875625115685,0.31105513201345436,-1.1937391076951713,-2.4247416791469414,-2.1151692022323365,-1.1296717339845208,0.22646782475976437,0.2821524049757608,0.30338850917448534,2.964320156175491,0.6532199666341636,1.7169695875193858
2024-02-01,1.4418810626378846,2.1157256534206414,1.1776099750973197,0.9161945429534938,1.3696570844346132,2.1304972135953353,1.3329985062301857,1.99461397415001,1.3114754357820082,2.0950152612246513,0.8027441140515865,1.772357555237305,1.874371305083732,1.664886392915054,0.998645685750029,-0.07628379848984647,-1.422538516822387,-1.812154428967617,-1.4701394108709167,-0.6623881328714117,-0.4381344684613289,-0.4264474914339614,3.0023227674185247,1.1512769135159582,1.3427802295410143
2024-02-11,1.4165508875111041,1.9964467860325628,1.4255055427178611,0.9482601820662185,1.4566518457551834,1.9614004040898956,1.1630303076936475,1.8760670079676427,1.2817875494192486,1.9894394082402982,0.21588919953917757,1.0537973343043603,1.2368234724206626,1.3231140245072122,0.9931886178632306,0.35179609608134765,-0.6946814715587442,-1.2171436014659869,-1.1783099735397204,-0.7666366711121052,-1.1584213418984186,-1.1562834920424083,3.0403253786615574,1.6493338603977532,0.9685908715626426
2024-02-21,1.3912207123843237,1.8771679186444845,1.6734011103384012,0.9803258211789433,1.5436466070757564,1.792303594584456,0.9930621091571094,1.7575200417852757,1.2520996630564847,1.883863555255945,-0.24800563764682185,0.006593291394331816,0.20905239735174927,0.3357716268845579,0.32196926778705076,0.3073202628791457,0.11156017857944465,-0.10976233917128611,-0.2595876708303985,-0.33866898780820565,-1.8787082153355084,-1.886119492650855,3.078327989904591,2.147390807279548,0.5944015135842711
2024-03-01,1.4201694839577876,1.7340332777787901,1.6526194459869785,0.7523034985995674,1.6451404952830906,1.6062971041284726,0.9105061270107886,1.6080477800770736,1.3300303647587381,1.7613955657940954,0.025859989125635655,-1.6923281611990653,-1.714583304648891,-2.094609659571206,-1.9645421767813995,-1.0047168165858131,0.8338183234949056,2.0554159497929794,2.2047497999663705,1.669487064617785,-1.2048914627653275,-1.1946959131270631,2.8218103640141163,1.6938032306550561,0.7671042941896734
2024-03-11,1.4491182555312476,1.590898636913096,1.6318377816355558,0.5242811760201916,1.7466343834904217,1.4202906136724895,0.8279501448644729,1.4585755183688716,1.4079610664609874,1.6389275763322457,1.6634646553364527,1.7445063838833148,1.736968754940829,0.9216671155837154,-0.10913909527000777,-1.2270959825968228,-1.9488351495514824,-1.4430273415360502,-0.5622256058405279,0.5062928484584679,-0.531074710195147,-0.5032723336032715,2.565292738123642,1.2402156540305647,0.9398070747950757
2024-03-21,1.4780670271047116,1.4477639960474016,1.6110561172841331,0.29625885344081593,1.8481282716977558,1.234284123216506,0.7453941627181522,1.3091032566606695,1.4858917681632409,1.516459586870396,-1.7514720376833743,-0.25520771933317526,0.291493927437491,1.328538982735908,1.8990618870717337,2.0919130701175006,1.1081644405558169,-0.4017583934081972,-1.4160969224762507,-2.0450529558532415,0.14274204237503366,0.1881512459205201,2.308775112233167,0.7866280774060729,1.1125098554004782
2024-04-01,1.4635926413179816,1.272821657211553,1.452224825455404,0.22500187763476096,1.8452284463204032,1.0609598934734306,0.8279501448644729,1.2472526656089997,1.5378455692980764,1.3348691197373088,-0.49951488672356853,-1.0684619228696866,-0.8736796977743252,-0.8034696011415812,-0.5839040014214522,0.018227347064832783,0.8002249214058144,1.0802593158319744,0.8699003366181207,0.36912371919439757,-0.0663735015260569,-0.04232328058741051,2.308775112233167,0.9733994324867459,0.961394922370751
2024-04-11,1.4491182555312476,1.097879318375704,1.293393533626673,0.153744901828706,1.8423286209430534,0.887635663730355,0.9105061270107886,1.1854020745573302,1.589799370432912,1.1532786526042214,0.24942376608274383,0.41879062743338547,0.5388185176947161,0.4442707914584759,0.18554257061709556,-0.07628379848984643,-0.37554415171237776,-0.4017583934081972,-0.2920131638671981,-0.08627778996231614,-0.27548904542714747,-0.2727978070953411,2.308775112233167,1.160170787567419,0.810279989341024
2024-04-21,1.4346438697445176,0.9229369795398557,1.134562241797944,0.08248792602265106,1.8394287955657005,0.7143114339872796,0.9930621091571094,1.1235514835056601,1.6417531715677476,0.971688185471134,-0.7901477967678091,-0.7509585694341994,-0.5329213734199263,-0.16332453015546503,0.1582572311831045,0.6075321369940091,0.8450161241912691,0.5954356786084238,0.16734798748746282,-0.32769545746707995,-0.484604589328238,-0.5032723336032716,2.308775112233167,1.346942142648092,0.659165056311297
2024-05-01,1.3731277301509062,0.7917302254129692,0.85549417765027,-0.1882885820403577,1.549446257830462,0.4395291185409404,1.075618091303425,1.066855108374963,1.4858917681632409,0.7605364795024278,1.076609740824044,0.5079143757661538,0.4453847835975422,-0.16874948838416093,-0.7530731059121968,-1.1047874412907674,-0.913038585137837,-0.18138401285203784,0.4159434341029264,0.9123134710801163,-0.22901892456023842,-0.23438538601068598,1.9952535694781426,1.204640157824722,0.5368339200491371
2024-05-11,1.3116115905572987,0.6605234712860828,0.5764261135025944,-0.45906509010336644,1.2594637200952206,0.1647468030946012,1.1581740734497457,1.0101587332442656,1.3300303647587381,0.5493847735337214,-0.06915461608113531,-0.34433146766594364,-0.18117084505409486,-0.23927394535720767,-0.29467940342114696,-0.1263191108423237,0.16754918206126332,0.37506129805226457,0.3673051945477269,0.24292812027145277,0.026566740207761192,0.03450156158189963,1.681732026723118,1.0623381730013521,0.4145027837869772
2024-05-21,1.2500954509636875,0.5293167171591965,0.2973580493549205,-0.7298415981663753,0.969481182359982,-0.11003551235173789,1.2407300555960612,0.9534623581135682,1.1741689613542314,0.3382330675650151,-0.24241654322289413,-0.940346534641332,-0.9231446158257702,-0.9228186821728912,-0.7639872416857932,-0.20971129809645245,0.6210601102639945,1.0361844397207425,0.9509640692101197,0.5666472653346589,0.2821524049757608,0.30338850917448534,1.3682104839680933,0.9200361881779823,0.2921716475248172
2024-06-01,1.0981144002030048,0.42196573650992575,0.08805700124416505,-0.7191530517954671,0.7722930567000194,-0.15653713496573377,1.2407300555960612,0.9276912785087058,1.08510530226594,0.3086718287293962,0.15999825529990055,0.1681300852474745,0.23103680537461369,0.1621729635662891,-0.005454805420841834,-0.11520015254177321,-0.20197824091873992,-0.14281849625471,-0.07043896144906754,0.028944278619503033,0.11950698194157916,0.11132640375120993,1.3397085255358183,1.1157014173101159,0.11227291772752318
2024-06-11,0.9461333494423259,0.314614755860655,-0.121244046866592,-0.7084645054245587,0.5751049310400566,-0.2030387575797296,1.2407300555960612,0.9019201989038433,0.9960416431776528,0.2791105898937773,-0.013263671841858282,0.06229563410231205,0.14309917328315588,0.1513230471088973,0.06003000922073669,0.01822734706483277,-0.050807931517829474,-0.0711968225739582,-0.08665170796746734,-0.0862777899623161,-0.04313844109260239,-0.08073570167206556,1.3112065671035433,1.3113666464422495,-0.06762581206977084
2024-06-21,0.794152298681643,0.20726377521138437,-0.33054509497734746,-0.6977759590536505,0.3779168053800938,-0.2495403801937255,1.2407300555960612,0.876149119298981,0.9069779840893615,0.24954935105815843,-0.6001185863542672,-0.6451241182890368,-0.47796035336276504,-0.21757411244242403,2.262465956381416e-06,0.37959349183272395,0.643455711656722,0.5183046454137681,0.2105819782031956,-0.179552797861884,-0.20578386412678393,-0.27279780709534107,1.2827046086712683,1.5070318755743832,-0.24752454186706488
2024-07-01,0.6240782656875468,0.15160030376361436,-0.49382960059566794,-0.6122675880863847,0.16912937821071966,-0.22417585876790955,1.1921677131570534,0.8503780396941185,0.7436946090941667,0.23688024870003602,0.3109038047459485,-0.9180655975581399,-0.8956641057971897,-1.3351155075537797,-1.4570348633091659,-0.9769194208344366,0.21234038484671824,1.1959558656239582,1.4751762066383798,1.2909002678489505,-0.5078396497616925,-0.5416847546879267,1.2637033030497518,1.720484852809438,-0.43461922085625065
2024-07-11,0.45400423269344664,0.09593683231584435,-0.6571141062139868,-0.5267592171191187,-0.039658048958651396,-0.19881133734209364,1.1436053707180402,0.8246069600892562,0.5804112340989681,0.22421114634191372,0.3891511266809363,-0.2719184221455693,-0.2965889871741333,-0.6352958960520083,-0.8513003278745646,-0.7156239007715001,-0.14039033708873938,0.46872040978863233,0.7293898667919891,0.7641708114749203,-0.8098954353966011,-0.8105717022805123,1.2447019974282352,1.9339378300444932,-0.6217138998454365
2024-07-21,0.2839301996993504,0.040273360868074363,-0.8203986118323073,-0.44125084615185267,-0.24844547612802553,-0.17344681591627767,1.0950430282790322,0.7988358804843937,0.41712785910377337,0.2115420439837913,0.1804916015209688,-0.10295464926469595,-0.0254479548921383,-0.1886410018893792,-0.35834519543379284,-0.3283135199689911,-0.11239583534783004,0.16754208969521442,0.2916457107951946,0.32340067610637413,-1.1119512210315097,-1.079458649873098,1.2257006918067184,2.147390807279548,-0.8088085788346222
2024-08-01,0.11023757025857067,-0.01936607282596493,-0.9539950255200242,-0.41631090461973347,-0.486231157070922,-0.24531295995608945,0.9882058749132074,0.7369852894327239,0.16478082502028743,0.09329708864131578,-1.1087261789316882,-0.4724468558942982,-0.12620982499693373,0.4768205408306514,0.8513048528064773,1.1301231771198825,0.8226205227985418,0.08857460332925735,-0.5189916151247953,-1.0025675734463062,-0.48460458932823797,-0.46485991251861647,1.3112065671035433,1.6849093566035958,-0.36985567812922476
2024-08-11,-0.06345505918220522,-0.07900550652000421,-1.087591439207741,-0.39137096308761427,-0.7240168380138184,-0.31717910399590127,0.8813687215473879,0.6751346983810542,-0.0875662090632025,-0.024947866701159744,-1.790595698650868,-1.865005423593804,-1.29138345020875,-0.6298709378233125,0.120057755975517,1.1634800520215338,1.8416203861676417,1.4218396056940217,0.5564539039290579,-0.5526528294601555,0.14274204237503374,0.149738824835865,1.3967124424003683,1.2224279059276433,0.06909722257617266
2024-08-21,-0.23714768862298496,-0.13864494021404347,-1.221187852895458,-0.36643102155549506,-0.9618025189567149,-0.389045248035713,0.7745315681815632,0.6132841073293843,-0.33991324314668847,-0.14319282204363526,0.0817509333649127,-1.3302629335971938,-1.335352266254479,-1.704012667105101,-1.664403443007498,-0.915765150181409,0.5762689074785395,1.625685907708469,1.7886226393274425,1.3951488060896442,0.7700886740783054,0.7643375621903465,1.4822183176971933,0.7599464552516911,0.5080501232815701
2024-09-01,-0.34570558202347373,-0.17840456267673632,-1.3117365332837991,-0.4875678804257884,-0.9966004234849429,-0.35099846589698913,0.682263117547444,0.5205082207518796,-0.42155493064428784,-0.17697709499862824,1.0095406077369116,-0.46130638735270213,-0.6813161275742613,-1.4219148392129144,-1.8226584117246458,-1.5995810856652646,-0.3811430520605596,0.9590534065260867,1.5994739299461114,1.75727530734679,0.37509264670957876,0.3802133513437955,1.4347150536434017,0.8399913217148366,0.4001108854031936
2024-09-11,-0.4542634754239587,-0.21816418513942917,-1.4022852136721402,-0.6087047392960818,-1.0313983280131709,-0.31295168375826526,0.5899946669133195,0.427732334174375,-0.5031966181418832,-0.21076136795362121,0.6909622255730324,-0.28862912495796345,-0.3735344152541589,-0.933668598630283,-1.2714945551580268,-1.1437037953426943,-0.325154048578741,0.6009450381223278,1.053644797159985,1.1811649644376945,-0.019903380659147853,-0.003910859502755323,1.3872117895896101,0.9200361881779823,0.29217164752481717
2024-09-21,-0.5628213688244474,-0.2579238076021221,-1.4928338940604815,-0.7298415981663753,-1.066196232541399,-0.2749049016195414,0.4977262162792002,0.33495644759687027,-0.5848383056394826,-0.24454564090861422,-1.0640134235402665,-0.6674050553722289,-0.42849543531132006,0.1567480053375932,0.5784514584665668,0.9911361983630014,0.9401974301103608,0.3640425790244566,-0.22716217779359896,-0.7721234362826681,-0.4148994080278745,-0.3880350703493063,1.3397085255358183,1.0000810546411278,0.18423240964644078
2024-10-01,-0.5953887368445948,-0.2738276565871992,-1.397831999882549,-0.6015790417154764,-1.011099550371704,-0.22840327900554552,0.4248827026206831,0.25764320878228303,-0.6293701351836262,-0.29944508446047785,-0.5721731142346286,-1.664476989845075,-1.5112275304373948,-1.5141391291007447,-1.1896385368560536,-0.2430681729981039,1.1249611416003624,1.7524011765282603,1.5562399392303787,0.8629325845450511,-0.18254880369332946,-0.1575605438413758,1.178197427752927,1.275791150236407,-0.15397720237247195
2024-10-11,-0.6279561048647384,-0.28973150557227634,-1.3028301057046183,-0.4733164852645775,-0.9560028682020092,-0.18190165639154968,0.352039188962166,0.1803299699676958,-0.6739019647277738,-0.35434452801234156,1.0877879296718993,-1.0796023914112827,-1.4397782043630853,-2.3061830304903466,-2.608476187423588,-2.005423063635358,-0.0508079315178295,1.7744386145838764,2.4749622419397004,2.4540944840082677,0.049801800641215616,0.07291398266655472,1.0166863299700355,1.5515012458316864,-0.4921868143913847
2024-10-21,-0.6605234728848858,-0.30563535455735347,-1.2078282115266858,-0.3450539288136785,-0.9009061860323143,-0.1354000337775538,0.2791956753036489,0.10301673115310853,-0.7184337942719174,-0.4092439715642052,1.5796282389775373,1.2487555337822906,1.1104131262891919,0.2977969192836867,-0.5839040014214524,-1.38276139880453,-1.6073022283123886,-0.859035233062228,-0.0109922242149349,0.8629325845450511,0.2821524049757608,0.30338850917448534,0.8551752321871441,1.8272113414269655,-0.8303964264102975
2024-11-01,-0.7184210160318136,-0.341419014773777,-1.0104024001881722,-0.13840869897611924,-0.8632084561267335,-0.12694519330228185,0.26948320681584526,0.09786251523213606,-0.647925064160356,-0.35012149389296743,-0.8516278354310137,-0.054679285584446395,0.1595874793003042,0.7263686193506629,0.9877315499764325,1.0578499481663042,0.5258788043449029,-0.25300568653278965,-0.7729913105797254,-1.073895520663623,0.2821524049757608,0.30338850917448534,0.8266732737548691,1.9250439559930324,-0.9239437659048905
2024-11-11,-0.7763185591787377,-0.3772026749902006,-0.8129765888496568,0.06823653086144012,-0.8255107262211496,-0.11849035282700986,0.25977073832804676,0.09270829931116359,-0.5774163340487906,-0.2909990162217297,-1.1254934622034716,-1.5475020701583166,-1.39031328631164,-0.9228186821728912,-0.33833594651553267,0.6019726578437339,1.4608951624912747,1.4218396056940212,0.8482833412602543,0.0015104527666889597,0.2821524049757608,0.30338850917448534,0.7981713153225941,2.022876570559099,-1.0174911053994833
2024-11-21,-0.8342161023256656,-0.41298633520662414,-0.6155507775111431,0.2748817606989994,-0.7878129963155688,-0.11003551235173789,0.2500582698402431,0.0875540833901911,-0.5069076039372291,-0.23187653855049192,-0.24800563764682182,-2.065533857342533,-2.1542714651061803,-2.3550076545486096,-2.0245699235361796,-0.8156945254764547,1.2201424475194544,2.3859775206272187,2.377685762829302,1.6365664735944079,0.2821524049757608,0.30338850917448534,0.7696693568903191,2.120709185125166,-1.1110384448940762
2024-12-01,-0.9102066277060069,-0.4606978821618556,-0.4878919822095479,0.14661920424810052,-0.8632084561267305,-0.24531295995608945,-0.10930306420843543,-0.17531092857940556,-0.7481216806346772,-0.43458217628045,1.5181482003143323,-0.20507561089599302,-0.6098668014999518,-1.5521138367016158,-2.133711281272144,-2.055458375987835,-0.7562693753887447,0.887431732845335,1.7832183904879757,2.1687826951390012,0.5377380697437604,0.5722754567670709,0.3136380219739197,1.6938032306550561,-1.118234394085968
2024-12-11,-0.9861971530863483,-0.5084094291170871,-0.36023318690795103,0.01835664779720164,-0.9386039159378952,-0.38059040756044094,-0.468664398257114,-0.43817594054900216,-0.9893357573321293,-0.6372878140104079,1.6634646553364527,0.9145414775344096,0.5992756397575935,-0.2663987365006871,-1.0859542470068877,-1.6607353563182923,-1.4449341182151143,-0.40726775292210116,0.49700716669492534,1.2909002678489505,0.7933237345117597,0.8411624043596565,-0.14239331294247967,1.2668972761849466,-1.1254303432778596
2024-12-21,-1.0621876784666897,-0.5561209760723185,-0.23257439160635582,-0.10990590865369727,-1.0139993757490569,-0.5158678551647926,-0.8280257323057925,-0.7010409525185988,-1.2305498340295773,-0.839993451740366,0.9760060411933453,1.2264745966990989,1.1159092282949081,0.7317935775793588,0.10914362020192057,-0.6322317135173712,-1.2377748053323852,-1.0739002541044833,-0.5838426011983944,0.089298695495694,1.0489093992797593,1.1100493519522423,-0.5984246478588789,0.8399913217148366,-1.1326262924697514
2025-01-01,-1.0766620642534197,-0.5680488628111263,0.0019615346454135542,-0.14553439655672473,-0.8458095038626195,-0.4440017111249808,-1.0611249760130441,-0.8350505664638834,-1.293636592550451,-0.8780007588147332,-0.035620049537569094,0.05115516556071601,0.291493927437491,0.29237196105499075,0.13642895963591165,0.01822734706483277,-0.14598923743692122,-0.18689337236594186,-0.16231119171999972,-0.12468514615625581,0.6771484323444873,0.7259251411056914,-0.7029318287772205,0.6532199666341636,-1.0534708513589421
2025-01-11,-1.0911364500401537,-0.5799767495499342,0.23649746089718293,-0.18116288445975223,-0.677619631976179,-0.372135567085169,-1.2942242197202958,-0.969060180409168,-1.3567233510713204,-0.9160080658891002,-1.924733964825133,-1.3191224650555975,-0.8187186777171641,0.12962321419411368,0.8949613959008629,1.63603577979493,1.6344610732849127,0.7001135093725995,-0.2920131638671981,-1.2714190668038843,0.3053874654092152,0.34180093025914043,-0.8074390096955619,0.46644861155349077,-0.9743154102481328
2025-01-21,-1.1056108358268837,-0.591904636288742,0.4710333871489523,-0.21679137236277968,-0.5094297600897417,-0.3002694230453573,-1.5273234634275474,-1.1030697943544525,-1.4198101095921938,-0.9540153729634674,0.42827478764843036,-2.132376668592109,-2.25320130120907,-2.9029284356468956,-2.8704154459899023,-1.7163301478210446,0.7946260210576325,2.672464215350226,3.107259356157293,2.5912636132723383,-0.0663735015260569,-0.04232328058741047,-0.9119461906139036,0.2796772564728177,-0.8951599691373234
2025-02-01,-0.9500111886195174,-0.5084094291170871,0.8361969178953778,0.10030216997416475,-0.21944722235450326,-0.17767423615391367,-1.561317103134855,-1.07729871474959,-1.2268388482342354,-0.8019861446659988,1.942919376532838,0.9813842887839859,0.7696548019347931,-0.28267361118677486,-1.2933228267052197,-2.016542021935908,-1.7584725377132986,-0.46787070757504506,0.6591346318789234,1.5926723522299053,0.07303686107467015,0.07291398266655479,-0.6934311759664622,0.12848139759798716,-0.6145179506535448
2025-02-11,-0.7944115414121551,-0.42491422194543205,1.2013604486418032,0.41739571231110917,0.07053531538073829,-0.05507904926247006,-1.5953107428421627,-1.0515276351447278,-1.033867586876273,-0.6499569163685303,0.5512348649748396,1.265466236594685,1.5610934907579133,1.382788565022867,0.7967341739384951,-0.08184327764012171,-1.159390200457839,-1.4375179820221462,-1.1404802316634544,-0.5197322384367785,0.21244722367539726,0.1881512459205201,-0.4749161613190208,-0.022714461276843328,-0.333875932169766
2025-02-21,-0.6388118942047888,-0.341419014773777,1.5665239793882286,0.7344892546480536,0.3605178531159767,0.06751613762897356,-1.6293043825494704,-1.0257565555398653,-0.8408963255183145,-0.4979276880710618,0.014681800277780238,0.08457657118550414,0.36843935551751655,0.34119658511325385,0.14734309540950807,-0.015129527836818738,-0.20757714126692178,-0.22545888896326977,-0.1731196893989329,-0.09176455513287891,0.3518575862761243,0.30338850917448534,-0.2564011466715794,-0.17391032015167385,-0.05323391368598734
2025-03-01,-0.4108403180637647,-0.26985169434092987,1.7105112252516568,0.8983802990019799,0.7026972476435602,0.23661294713441303,-1.464192418256834,-0.9123638052784706,-0.4846416891651573,-0.3078911526992261,-1.9806249090644101,-1.3246926993263957,-0.8846719017857575,0.167597921794985,1.004102753636827,1.7861417168523621,1.7576368809449134,0.7386790259699274,-0.3298429057434643,-1.3482337791917636,0.7933237345117597,0.7643375621903464,-0.07588874326717132,-0.2272735644604376,0.12666481611130667
2025-03-11,-0.1828687419227444,-0.19828437390808276,1.8544984711150834,1.0622713433559063,1.0448766421711437,0.4057097566398525,-1.2990804539641976,-0.7989710550170761,-0.1283870528120002,-0.11785461732739047,-0.15299103244005083,-1.385965276305174,-1.280391246197318,-1.4978642544146568,-1.380635912893991,-0.648910150968197,0.6994447151385406,1.5430455149999092,1.5994739299461116,1.1262973127320661,1.2347898827473953,1.2252866152062072,0.10462366013723683,-0.28063680876920133,0.30656354590860074
2025-03-21,0.04510283421827971,-0.12671705347523562,1.9984857169785117,1.2261623877098327,1.3870560366987272,0.574806566145292,-1.1339684896715612,-0.6855783047556814,0.22786758354115694,0.07218191804444517,1.3616535564443568,0.8087070263892471,0.7751509039405091,-0.011425699751979759,-0.7967296490065825,-1.3938803571050806,-1.332956111251477,-0.478889426602853,0.3186669549925276,1.011075244150247,1.676256030983031,1.6862356682220687,0.28513606354164484,-0.334000053077965,0.4864622757058948
2025-04-01,0.2224140601057429,-0.09490935550508132,1.7921534780608155,1.0408942506140897,1.3493583067931465,0.34652587331294865,-0.9008692459643096,-0.5876482022572042,0.342908143196862,-0.0376169690592821,0.025859989125635655,-0.26634818787477127,-0.13170592700264985,-0.2501238618145994,-0.36016421806272547,-0.25418713129865445,0.033175573704898514,0.2924209053437048,0.35649669686879376,0.2868222416359553,1.2347898827473953,1.2252866152062079,0.5131517309998446,-0.07607770558560702,0.450482529746436
2025-04-11,0.3997252859932061,-0.06310165753492705,1.5858212391431208,0.8556261135183469,1.3116605768875624,0.11824518048060535,-0.667770002257058,-0.489718099758727,0.4579487028525711,-0.14741585616300937,0.6294821869098277,0.33523711337141515,0.3904237635403811,0.010274133162803838,-0.40382076115711113,-0.6655885884190227,-0.6106979663360161,-0.1868933723659419,0.17815648516639598,0.4898325529467796,0.7933237345117597,0.7643375621903465,0.7411673984580442,0.18184464190675093,0.4145027837869772
2025-04-21,0.5770365118806693,-0.03129395956477277,1.3794890002254245,0.6703579764226042,1.2739628469819817,-0.11003551235173789,-0.4346707585498063,-0.3917879972602499,0.5729892625082762,-0.2572147432667366,0.6797840367251771,1.3323090478442612,1.434683144626443,1.1983399852472065,0.6221080015609524,-0.2041518189461772,-1.1425934994132936,-1.3273307917440664,-1.0107782595162558,-0.39353663951383383,0.3518575862761243,0.30338850917448534,0.9691830659162439,0.43976698939910885,0.3785230378275184
2025-05-01,0.6204596692408633,-0.047197808549849916,1.1449530739736553,0.5029040832783752,1.1260717527370112,-0.17344681591627767,-0.21128398333035833,-0.2990121106827452,0.6434979926198376,-0.20653833383424713,0.6071258092141169,0.5134846100369518,0.5498107217061484,0.1947227129384645,-0.2237375208927703,-0.5543990054135179,-0.6498902687732893,-0.35768351729696535,-0.02720497073333477,0.3032825371476438,0.30538746540921524,0.26497608808983025,1.0451882884023107,0.5020241077593331,0.38571898701941015
2025-05-11,0.6638828266010572,-0.06310165753492707,0.9104171477218874,0.3354501901341461,0.9781806584920375,-0.2368581194808175,0.012102791889094806,-0.20623622410524045,0.714006722731403,-0.1558619244017576,0.7021404144208878,0.5914678898281243,0.4453847835975422,0.1350481724228096,-0.2619369961003577,-0.5710774428643435,-0.661088069469653,-0.36319287681086926,-0.027204970733334756,0.34168989334158356,0.2589173445423062,0.2265636670051752,1.121193510888377,0.5642812261195574,0.39291493621130186
2025-05-21,0.7073059839612512,-0.0790055065200042,0.6758812214701181,0.16799629698991697,0.830289564247067,-0.3002694230453573,0.23548956710854277,-0.11346033752773577,0.7845154528429644,-0.1051855149692681,1.03748607985655,-0.26634818787477127,-0.6428434135342485,-1.2917158417242125,-1.6534893072339016,-1.4494751486078328,-0.36994525136419587,0.8213194186784871,1.3941124740463808,1.5871855870593425,0.21244722367539717,0.1881512459205201,1.1971987333744438,0.6265383444797817,0.4001108854031936
2025-06-01,0.6421712479209603,-0.08695743101254277,0.5289251664136291,0.3283244925535406,0.7142965491529716,-0.22840327900554552,0.3666078916938715,-6.758726634113003e-05,0.7511165806848548,-0.07140124201427511,1.959686659804621,1.4102923276354333,0.9730105761462893,0.015699091391499772,-0.9440704819501341,-1.7385680644221455,-1.7696703384096626,-0.7819041998675721,0.22139047588212873,1.2140855554610712,0.16597710280848818,0.149738824835865,1.0641895940238273,0.7421587071487697,0.20582025722211603
2025-06-11,0.5770365118806655,-0.09490935550508134,0.38196911135714157,0.48865268811716417,0.5983035340588732,-0.15653713496573374,0.4977262162792002,0.11332516299505352,0.717717708526749,-0.0376169690592821,-0.035620049537569094,0.32409664482981915,0.20355629534603317,0.3574714597993416,0.3383404714474455,0.2572849505266685,-0.03401123047328389,-0.29157120313011753,-0.4217151360143965,-0.38256310917270814,0.11950698194157916,0.11132640375120986,0.9311804546732106,0.8577790698177579,0.011529629041038453
2025-06-21,0.5119017758403746,-0.10286127999761992,0.2350130563006525,0.6489808836807878,0.4823105189647778,-0.08467099092592197,0.6288445408645289,0.22671791325644813,0.6843188363686392,-0.0038326961042890947,1.166035251606887,-0.4000338103739239,-0.9341368198372024,-1.6497630848181422,-1.975456312554996,-1.6440569188674663,-0.27476394544510413,1.1243341919432062,1.7453886486117096,1.8999312017814232,0.07303686107467015,0.07291398266655479,0.7981713153225941,0.9733994324867459,-0.18276099914003904
2025-07-01,0.3526835321863287,-0.14262090246031275,0.012352366821124885,0.5955381518262466,0.2764229171727596,-0.06353388973774203,0.5171511532548023,0.13394202667894345,0.4950585608060228,-0.04606303729803035,1.3113517066290075,-0.3164802963119535,-0.7747498616714352,-1.6660379595042298,-2.1173400776117495,-1.8664360848784765,-0.48192325832783317,1.0472031587485504,1.7778141416485091,2.020640035533805,0.18921216324194268,0.18815124592052004,0.731666745647286,1.1334891654130372,-0.362659728937333
2025-07-11,0.19346528853227898,-0.1823805249230056,-0.21030832265840274,0.5420954199717054,0.07053531538073829,-0.0423967885495621,0.40545776564508096,0.041166140101438764,0.3057982852434103,-0.0882933784917716,1.5293263891621878,-0.2217863137083871,-0.7472693516428546,-1.7365624164772766,-2.275595046328897,-2.0776962925889357,-0.6330935677287437,1.0416937992346467,1.8913033672773079,2.218163581674067,0.3053874654092152,0.30338850917448534,0.6651621759719776,1.2935788983393282,-0.542558458734627
2025-07-21,0.03424704487823314,-0.22214014738569848,-0.4329690121379304,0.4886526881171642,-0.13535228641127992,-0.021259687361382163,0.2937643780353544,-0.05160974647606595,0.11653800968079385,-0.13052371968551285,1.003951513312984,1.4381434989894237,1.0701083782472738,0.8023180345524056,0.2710366341769342,-0.439503102974496,-1.1388608991811722,-1.1400125682713311,-0.7639842291806144,-0.08627778996231608,0.42156276757648775,0.4186257724284506,0.5986576062966693,1.4536686312656195,-0.7224571885319212
2025-08-01,-0.1358269881158631,-0.2778036188334685,-0.6110975637215519,0.40670716594020107,-0.4108356972597572,-0.13962745401518978,0.1917834589134315,-0.10830612160676327,-0.1283870528120002,-0.2445456409086143,-1.0975479900838327,-1.1297344998484649,-1.1210042880315505,-0.602746146679833,-0.027283076968034697,0.7687570323519912,1.3153237534385462,1.0416937992346464,0.39973068758452657,-0.35512928331989413,0.3518575862761243,0.34180093025914043,0.43714650851377795,1.489244127471462,-0.8663761723697564
2025-08-11,-0.30590102110996326,-0.33346709028123844,-0.7892261153051748,0.32476164376323785,-0.6863191081082376,-0.2579952206689974,0.08980253979150857,-0.1650024967374606,-0.3733121153047982,-0.35856756213171564,-0.23682744879896647,-1.6978983954698632,-2.099310445049019,-2.1271594089433816,-1.7080599861018835,-0.5543990054135178,1.2313402482158182,2.1325469829876353,1.9939840952271732,1.2909002678489505,0.28215240497576066,0.26497608808983025,0.27563541073088643,1.5248196236773044,-1.0102951562075917
2025-08-21,-0.4759750541040595,-0.3891305617290085,-0.9673546668887963,0.24281612158627466,-0.9618025189567149,-0.37636298732280504,-0.012178379330414347,-0.22169887186815787,-0.6182371777975922,-0.4725894833548171,0.9201150969540682,-0.48915755870669225,-1.0495549619572409,-1.590088544302487,-1.7844589365170584,-1.3716424405039793,-0.07320353291055694,1.135352910971014,1.5994739299461116,1.6475400039355337,0.21244722367539717,0.1881512459205201,0.11412431294799505,1.5603951198831467,-1.1542141400454267
2025-09-01,-0.5881515439512279,-0.4368421086842399,-1.0697785840493792,0.09673932118386204,-1.0690960579187516,-0.4482291313626168,-0.11901553269623909,-0.32993740620858003,-0.7147228084765714,-0.5190428586679324,-0.5889403975064118,-1.3525438706803858,-1.5606924484888396,-1.3134156746389962,-0.8458432599877664,0.07938161771786051,1.2033457464749089,1.5154987174303893,1.1671340227887834,0.4953193181173424,0.07303686107467015,0.034501561581899765,0.009617132029653563,1.6671216085006744,-1.3197209714589373
2025-09-11,-0.7003280337984001,-0.48455365563947134,-1.1722025012099622,-0.049337479218550605,-1.1763895968807916,-0.5200952754024286,-0.22585268606205866,-0.43817594054900216,-0.8112084391555507,-0.5654962339810478,0.2103001051152499,0.10685750826869622,-0.15918643703123042,-0.17417444661285686,-0.2291945887795685,-0.17635442319480094,-0.03961013082146574,0.09408396284316133,0.12411399677173002,0.14965311237188494,-0.0663735015260569,-0.11914812275672064,-0.09489004888868796,1.7738480971182016,-1.4852278028724477
2025-09-21,-0.8125045236455686,-0.5322652025947028,-1.2746264183705451,-0.1954142796209632,-1.2836831358428284,-0.5919614194422403,-0.3326898394278834,-0.5464144748894243,-0.9076940698345299,-0.6119496092941632,0.41709659880057487,-0.5949920098518546,-0.9781056358829314,-1.2266163429798618,-1.2496662836108339,-0.7934566088753536,0.23473598623944572,1.0196563611790306,1.2103680135045163,1.0878899565381266,-0.20578386412678393,-0.27279780709534107,-0.19939722980702948,1.880574585735729,-1.6507346342859581
2025-10-01,-0.8704020667924964,-0.5760007873036649,-1.2107970207197467,-0.14553439655672473,-1.2430855805598948,-0.5665968980164244,-0.3569710106473874,-0.5773397704152593,-0.9188270272205679,-0.6288417457716596,0.22147829396310528,-0.02125787995965829,-0.21414745708839156,-0.28267361118677486,-0.36016421806272547,-0.27086556874948015,-0.006016728732374545,0.2318179506907609,0.2916457107951946,0.2923090068065182,0.21244722367539717,0.149738824835865,-0.30390441072537105,1.9695133262503353,-1.8162414656994688
2025-10-11,-0.9282996099394204,-0.619736372012627,-1.1469676230689498,-0.09565451349248628,-1.202488025276964,-0.5412323765906085,-0.3812521818668965,-0.6082650659410941,-0.9299599846066018,-0.6457338822491562,-1.0416570458445558,-1.9652696404681682,-2.0113728129575614,-1.6172133354459663,-0.9331563461765378,0.3184392211796962,1.735241279552186,2.0388878712512675,1.4859847043173127,0.5008060832879051,0.6306783114775784,0.572275456767071,-0.4084115916437126,2.0584520667649415,-1.9817482971129792
2025-10-21,-0.9861971530863483,-0.6634719567215892,-1.0831382254181514,-0.04577463042824783,-1.1618904699940305,-0.5158678551647926,-0.40553335308640054,-0.6391903614669291,-0.9410929419926397,-0.6626260187266527,2.289443230816356,0.056725399831514006,-0.7582615556542869,-2.0403600772842467,-2.8267589028955165,-2.811547540425269,-1.1593902004578394,1.0141470016651266,2.26960078603997,2.9149827583355443,1.0489093992797593,0.9948120886982772,-0.5129187725620541,2.147390807279548,-2.14725512852649
2025-11-01,-1.0260017139998587,-0.6793758057066663,-1.0163400185742921,-0.15266009413733025,-1.202488025276964,-0.6215533611056923,-0.5075142722083235,-0.7371204639654062,-0.9967577289228212,-0.7470867011141352,1.2107480069983088,0.1681300852474745,-0.06025660092834034,-0.8305943922850608,-1.3915500486675874,-1.5273078567116865,-0.8066594785223816,0.32547706242712865,1.0266235529626522,1.428069397113021,1.025674338846305,0.9948120886982772,-0.6649292175341872,1.862786837632808,-2.0249239922643296
2025-11-11,-1.0658062749133732,-0.6952796546917436,-0.9495418117304345,-0.2595455578464127,-1.2430855805598948,-0.7272388670465919,-0.6094951913302463,-0.8350505664638834,-1.0524225158529987,-0.8315473835016178,0.6071258092141169,0.19598125660146462,0.148595275288872,-0.21214915421372812,-0.5620757298742594,-0.7100644216212247,-0.4875221586760151,0.011443570134601554,0.35649669686879376,0.5940810911874731,1.0024392784128504,0.9948120886982772,-0.8169396625063203,1.578182867986068,-1.9025928560021699
2025-11-21,-1.1056108358268837,-0.7111835036768207,-0.8827436048865753,-0.36643102155549506,-1.2836831358428284,-0.8329243729874916,-0.7114761104521693,-0.9329806689623606,-1.1080873027831804,-0.9160080658891003,1.3113517066290075,1.4437137332602217,1.3797221245692814,0.7914681180950137,-0.021826009081236452,-0.9213246293316841,-1.5513132248305699,-1.2171436014659869,-0.5406086104826616,0.3197428326593323,0.9792042179793959,0.9948120886982772,-0.9689501074784536,1.2935788983393282,-1.78026171974001
2025-12-01,-1.1345596074003477,-0.7072075414305514,-0.7150058854786652,-0.3984966606682197,-1.2952824373522398,-0.8751985753638515,-0.6774824707448616,-0.7835084072541586,-1.1489081465319781,-0.8864468270534814,-1.2987553893452304,-0.9069251290165439,-0.3845266192655911,0.1404731306515055,0.5675373226929702,1.0411715107154786,1.068972138118544,0.5017765668720562,-0.15150269404106662,-0.8215043228177334,0.560973130177215,0.572275456767071,-0.7599357456417706,1.3291543945451705,-1.6507346342859581
2025-12-11,-1.1635083789738114,-0.703231579184282,-0.5472681660707535,-0.43056229978094446,-1.3068817388616483,-0.9174727777402113,-0.6434888310375539,-0.6340361455459566,-1.1897289902807797,-0.8568855882178624,-0.1585801268639786,-0.11038162829242666,0.17057968331173645,0.1838727964810727,0.08731534865472775,0.07382213856758525,0.021977773008534787,-0.01610322743491836,-0.05963046377013433,-0.12468514615625582,0.14274204237503374,0.149738824835865,-0.5509213838050874,1.3647298907510135,-1.5212075488319066
2025-12-21,-1.1924571505472754,-0.6992556169380129,-0.3795304466628433,-0.46262793889366916,-1.3184810403710596,-0.9597469801165711,-0.6094951913302463,-0.48456388383775456,-1.2305498340295773,-0.8273243493822436,-0.49951488672356853,-0.9737679402661201,-0.7692537596657191,-0.6461458125094002,-0.4420202363646987,0.07382213856758525,0.6994447151385406,0.8874317328453349,0.6915601249157229,0.25390165061257847,-0.27548904542714747,-0.27279780709534107,-0.34190702196840433,1.4003053869568558,-1.3916804633778548
2026-01-01,-1.1345596074003477,-0.6316642587514348,-0.10936881009435026,-0.4127480558294307,-1.1415916923525637,-0.8751985753638515,-0.6240638940619466,-0.3866337813392774,-1.2342608198249234,-0.7977631105466247,1.0486642687044054,0.062295634102312064,-0.04926439691690815,-0.6786955618815758,-1.1841814689692554,-1.3160476490012267,-0.7058792722551078,0.2979302648576087,0.93475132269172,1.2909002678489505,0.14274204237503366,0.149738824835865,-0.360908327589921,0.8666729438692187,-0.967119461056241
2026-01-11,-1.0766620642534235,-0.564072900564857,0.16079282647414436,-0.3628681727651923,-0.9647023443340647,-0.7906501706111317,-0.6386325967936521,-0.28870367884080017,-1.2379718056202693,-0.7682018717110058,2.049112170587464,1.4437137332602217,1.390714328580714,0.27067212814020714,-0.8949568709689503,-1.9164713972309537,-2.100005458952393,-1.0077879399376355,0.16734798748746282,1.285413502678388,0.5609731301772147,0.572275456767071,-0.3799096332114376,0.33304050078158154,-0.5425584587346272
2026-01-21,-1.0187645211064957,-0.4964815423782792,0.4309544630426374,-0.31298828970095377,-0.7878129963155688,-0.706101765858412,-0.6532012995253524,-0.190773576342323,-1.2416827914156152,-0.7386406328753871,0.6965513199969602,1.543977950134586,1.9183401211294608,1.6431865600002704,0.9222467353348539,-0.14299754829314948,-1.422538516822387,-1.7240046767451536,-1.3404374387237183,-0.5745998901424068,0.9792042179793959,0.9948120886982772,-0.39891093883295425,-0.20059194230605573,-0.1179974564130132
2026-02-01,-0.859546277452446,-0.41298633520662414,0.8436189408780282,0.11811641392567854,-0.4398339510332826,-0.49895817421424865,-0.5852140201107372,-0.05160974647606594,-1.0487115300576568,-0.5950574728166668,0.36679474898522557,-0.18836490808359896,0.07164984720884639,-0.2989484858728625,-0.6166464087422415,-0.6655885884190229,-0.2971595468378316,0.24834602923247284,0.5564539039290579,0.6489487428931011,1.118614580580123,1.1100493519522423,-0.27540245229309607,-0.37846942333526806,0.11227291772752312
2026-02-11,-0.7003280337984001,-0.3294911280349692,1.2562834187134206,0.5492211175523107,-0.09185490575099339,-0.29181458257008536,-0.5172267406961271,0.0875540833901911,-0.8557402686996943,-0.45147431275794647,0.27178014377845466,-0.929206066099736,-0.8736796977743252,-1.2483161758946453,-1.3533505734599998,-0.893527233580308,0.22913708589126386,1.1573903490266302,1.4211337182437136,1.2305458509727596,1.2580249431808501,1.2252866152062079,-0.1518939657532379,-0.5563469043644805,0.3425432918680595
2026-02-21,-0.5411097901443505,-0.24599592086331418,1.6689478965488116,0.9803258211789433,0.25612413953129276,-0.08467099092592197,-0.4492394612815118,0.22671791325644813,-0.6627690073417359,-0.3078911526992262,1.0151297021608392,-0.48915755870669225,-0.5933784954828035,-1.3405404657824755,-1.7790018686302604,-1.60514056481554,-0.4147364541496508,0.9480346874982788,1.6156866764645113,1.790195898370167,1.397435305781577,1.3405238784601727,-0.028385479213379725,-0.7342243853936928,0.5728136660085958
2026-03-01,-0.2197784256789089,-0.020047666353896747,1.7995755010434675,1.112151226420145,0.5548061533985897,0.021014515014977704,-0.33754607367178524,0.28341428838714544,-0.3955780300768661,-0.21076136795362127,1.2331043846940195,0.4466417987873756,0.5388185176947161,-0.27182369472938306,-1.0040982287049143,-1.427237232006732,-1.1090000973242025,-0.13179977722690203,0.637517636521057,1.186651729608257,1.304495064047759,1.2636990362908627,0.14262627138027004,-0.48519591195279554,0.5008541740896783
2026-03-11,-0.09819358507036116,0.05754039690901527,1.9302031055381237,1.2439766316613468,0.8534881672658836,0.12670002095587735,-0.22585268606206382,0.3401106635178428,-0.1283870528120002,-0.11363158320801636,0.3276710880177316,0.05115516556071601,0.43988868159182604,0.059098757221066965,-0.3328788786287345,-0.532161088812417,-0.4371320555423783,-0.04915938451834226,0.23760322240052856,0.39655754504721163,1.211554822313941,1.1868741941215524,0.3136380219739198,-0.23616743851189817,0.42889468217076065
2026-03-21,0.023391255538182724,0.1351284601719273,2.06083071003278,1.3758020369025483,1.1521701811331806,0.23238552689677702,-0.11415929845233726,0.3968070386485401,0.13880392445286963,-0.016501798462411475,-0.08033280492899073,0.034444462748321955,0.39591986554609715,0.3249217104271661,0.14734309540950807,0.03490578451565851,-0.11799473569601192,-0.148327855768614,-0.14069419636213334,-0.13017191132681863,1.118614580580123,1.1100493519522423,0.4846497725675696,0.012861034928999118,0.35693519025184306
2026-04-01,0.14497609614673046,0.21271652343483946,2.8878561280995982,2.2330234558493895,2.1242744997753396,0.7059773769473686,0.15348858316151753,0.6941316656326384,0.8258664374196705,0.3465584776860672,0.33735885168587293,0.3200118063645672,0.665961677426949,0.34842986275151505,-0.05747885260831829,-0.37167745734113783,-0.5375390017864399,-0.330871300995966,-0.08016660936010694,0.15367674016363095,1.1982776449233954,1.1758992166687938,0.9243942740940976,0.10129155406923619,0.6073542221296764
